solid OpenSCAD_Model
  facet normal -1 0 0
    outer loop
      vertex -8.6 -9 0
      vertex -8.6 40.8 22.6
      vertex -8.6 40.8 0
    endloop
  endfacet
  facet normal -1 -0 0
    outer loop
      vertex -8.6 40.8 22.6
      vertex -8.6 -9 0
      vertex -8.6 -9 22.6
    endloop
  endfacet
  facet normal 0 0 1
    outer loop
      vertex 63.7 40.8 22.6
      vertex 61.7 38.8 22.6
      vertex 63.7 -9 22.6
    endloop
  endfacet
  facet normal 0 0 1
    outer loop
      vertex 63.7 40.8 22.6
      vertex -6.6 38.8 22.6
      vertex 61.7 38.8 22.6
    endloop
  endfacet
  facet normal 0 0 1
    outer loop
      vertex -6.6 38.8 22.6
      vertex -8.6 40.8 22.6
      vertex -6.6 -7 22.6
    endloop
  endfacet
  facet normal -0 0 1
    outer loop
      vertex -8.6 40.8 22.6
      vertex -6.6 38.8 22.6
      vertex 63.7 40.8 22.6
    endloop
  endfacet
  facet normal -0 0 1
    outer loop
      vertex 61.7 -7 22.6
      vertex 63.7 -9 22.6
      vertex 61.7 38.8 22.6
    endloop
  endfacet
  facet normal -0 0 1
    outer loop
      vertex -6.6 -7 22.6
      vertex 63.7 -9 22.6
      vertex 61.7 -7 22.6
    endloop
  endfacet
  facet normal 0 0 1
    outer loop
      vertex -6.6 -7 22.6
      vertex -8.6 -9 22.6
      vertex 63.7 -9 22.6
    endloop
  endfacet
  facet normal 0 0 1
    outer loop
      vertex -8.6 -9 22.6
      vertex -6.6 -7 22.6
      vertex -8.6 40.8 22.6
    endloop
  endfacet
  facet normal 1 -0 0
    outer loop
      vertex 63.7 -9 22.6
      vertex 63.7 40.8 0
      vertex 63.7 40.8 22.6
    endloop
  endfacet
  facet normal 1 0 0
    outer loop
      vertex 63.7 40.8 0
      vertex 63.7 -9 22.6
      vertex 63.7 -9 0
    endloop
  endfacet
  facet normal 0 1 0
    outer loop
      vertex 63.7 40.8 22.6
      vertex 24.55 40.8 21.5
      vertex -8.6 40.8 22.6
    endloop
  endfacet
  facet normal 0 1 0
    outer loop
      vertex 63.7 40.8 22.6
      vertex 24.55 40.8 15.5
      vertex 24.55 40.8 21.5
    endloop
  endfacet
  facet normal 0 1 0
    outer loop
      vertex -8.6 40.8 0
      vertex 24.55 40.8 15.5
      vertex 63.7 40.8 0
    endloop
  endfacet
  facet normal 0 1 -0
    outer loop
      vertex 63.7 40.8 0
      vertex 24.55 40.8 15.5
      vertex 63.7 40.8 22.6
    endloop
  endfacet
  facet normal 0 1 -0
    outer loop
      vertex 9.55 40.8 21.5
      vertex -8.6 40.8 22.6
      vertex 24.55 40.8 21.5
    endloop
  endfacet
  facet normal 0 1 -0
    outer loop
      vertex 9.55 40.8 15.5
      vertex -8.6 40.8 22.6
      vertex 9.55 40.8 21.5
    endloop
  endfacet
  facet normal 0 1 0
    outer loop
      vertex 9.55 40.8 15.5
      vertex -8.6 40.8 0
      vertex -8.6 40.8 22.6
    endloop
  endfacet
  facet normal 0 1 0
    outer loop
      vertex 24.55 40.8 15.5
      vertex -8.6 40.8 0
      vertex 9.55 40.8 15.5
    endloop
  endfacet
  facet normal 0 0 -1
    outer loop
      vertex -8.6 -9 0
      vertex 63.7 40.8 0
      vertex 63.7 -9 0
    endloop
  endfacet
  facet normal -0 0 -1
    outer loop
      vertex 63.7 40.8 0
      vertex -8.6 -9 0
      vertex -8.6 40.8 0
    endloop
  endfacet
  facet normal 0 -1 0
    outer loop
      vertex -8.6 -9 0
      vertex 63.7 -9 22.6
      vertex -8.6 -9 22.6
    endloop
  endfacet
  facet normal 0 -1 -0
    outer loop
      vertex 63.7 -9 22.6
      vertex -8.6 -9 0
      vertex 63.7 -9 0
    endloop
  endfacet
  facet normal 1 -0 0
    outer loop
      vertex -6.6 -7 22.6
      vertex -6.6 38.8 2
      vertex -6.6 38.8 22.6
    endloop
  endfacet
  facet normal 1 0 0
    outer loop
      vertex -6.6 38.8 2
      vertex -6.6 -7 22.6
      vertex -6.6 -7 2
    endloop
  endfacet
  facet normal -1 0 0
    outer loop
      vertex 61.7 -7 2
      vertex 61.7 38.8 22.6
      vertex 61.7 38.8 2
    endloop
  endfacet
  facet normal -1 -0 0
    outer loop
      vertex 61.7 38.8 22.6
      vertex 61.7 -7 2
      vertex 61.7 -7 22.6
    endloop
  endfacet
  facet normal 0 -1 0
    outer loop
      vertex 24.55 38.8 21.5
      vertex -6.6 38.8 22.6
      vertex 9.55 38.8 21.5
    endloop
  endfacet
  facet normal 0 -1 0
    outer loop
      vertex -6.6 38.8 22.6
      vertex 9.55 38.8 15.5
      vertex 9.55 38.8 21.5
    endloop
  endfacet
  facet normal 0 -1 -0
    outer loop
      vertex 9.55 38.8 15.5
      vertex -6.6 38.8 2
      vertex 24.55 38.8 15.5
    endloop
  endfacet
  facet normal 0 -1 0
    outer loop
      vertex -6.6 38.8 2
      vertex 9.55 38.8 15.5
      vertex -6.6 38.8 22.6
    endloop
  endfacet
  facet normal 0 -1 0
    outer loop
      vertex -6.6 38.8 22.6
      vertex 24.55 38.8 21.5
      vertex 61.7 38.8 22.6
    endloop
  endfacet
  facet normal 0 -1 0
    outer loop
      vertex 24.55 38.8 15.5
      vertex 61.7 38.8 22.6
      vertex 24.55 38.8 21.5
    endloop
  endfacet
  facet normal 0 -1 0
    outer loop
      vertex 61.7 38.8 2
      vertex 24.55 38.8 15.5
      vertex -6.6 38.8 2
    endloop
  endfacet
  facet normal 0 -1 0
    outer loop
      vertex 24.55 38.8 15.5
      vertex 61.7 38.8 2
      vertex 61.7 38.8 22.6
    endloop
  endfacet
  facet normal 0 0 1
    outer loop
      vertex -5.22628 33.0199 2
      vertex 0.401923 4.5 2
      vertex -4.9 32.8019 2
    endloop
  endfacet
  facet normal 0 0 1
    outer loop
      vertex 0.401923 4.5 2
      vertex -4.9 -1.00192 2
      vertex -4.6 -0.853981 2
    endloop
  endfacet
  facet normal 0 0 1
    outer loop
      vertex -5.22628 -1.21994 2
      vertex 0.401923 4.5 2
      vertex -5.22628 33.0199 2
    endloop
  endfacet
  facet normal 0 0 1
    outer loop
      vertex 0.401923 4.5 2
      vertex -5.22628 -1.21994 2
      vertex -4.9 -1.00192 2
    endloop
  endfacet
  facet normal 0 0 1
    outer loop
      vertex -5.52132 33.2787 2
      vertex -5.22628 -1.21994 2
      vertex -5.22628 33.0199 2
    endloop
  endfacet
  facet normal 0 0 1
    outer loop
      vertex -5.52132 33.2787 2
      vertex -5.52132 -1.47868 2
      vertex -5.22628 -1.21994 2
    endloop
  endfacet
  facet normal 0 0 1
    outer loop
      vertex -5.78006 33.5737 2
      vertex -5.52132 -1.47868 2
      vertex -5.52132 33.2787 2
    endloop
  endfacet
  facet normal 0 0 1
    outer loop
      vertex -5.78006 33.5737 2
      vertex -5.78006 -1.77372 2
      vertex -5.52132 -1.47868 2
    endloop
  endfacet
  facet normal 0 0 1
    outer loop
      vertex -5.99808 33.9 2
      vertex -5.78006 -1.77372 2
      vertex -5.78006 33.5737 2
    endloop
  endfacet
  facet normal 0 0 1
    outer loop
      vertex -5.99808 33.9 2
      vertex -5.99808 -2.1 2
      vertex -5.78006 -1.77372 2
    endloop
  endfacet
  facet normal 0 0 1
    outer loop
      vertex -6.17164 34.2519 2
      vertex -5.99808 -2.1 2
      vertex -5.99808 33.9 2
    endloop
  endfacet
  facet normal 0 0 1
    outer loop
      vertex -6.17164 34.2519 2
      vertex -6.17164 -2.45195 2
      vertex -5.99808 -2.1 2
    endloop
  endfacet
  facet normal 0 0 1
    outer loop
      vertex -6.29778 34.6235 2
      vertex -6.17164 -2.45195 2
      vertex -6.17164 34.2519 2
    endloop
  endfacet
  facet normal 0 0 1
    outer loop
      vertex -6.29778 34.6235 2
      vertex -6.29778 -2.82354 2
      vertex -6.17164 -2.45195 2
    endloop
  endfacet
  facet normal 0 0 1
    outer loop
      vertex -6.37433 35.0084 2
      vertex -6.29778 -2.82354 2
      vertex -6.29778 34.6235 2
    endloop
  endfacet
  facet normal 0 0 1
    outer loop
      vertex -6.37433 35.0084 2
      vertex -6.37433 -3.20842 2
      vertex -6.29778 -2.82354 2
    endloop
  endfacet
  facet normal 0 0 1
    outer loop
      vertex -6.4 35.4 2
      vertex -6.37433 -3.20842 2
      vertex -6.37433 35.0084 2
    endloop
  endfacet
  facet normal 0 0 1
    outer loop
      vertex -6.37433 -3.20842 2
      vertex -6.4 35.4 2
      vertex -6.4 -3.6 2
    endloop
  endfacet
  facet normal 0 0 1
    outer loop
      vertex -3.79158 32.4257 2
      vertex 0.228361 29.8519 2
      vertex -3.4 32.4 2
    endloop
  endfacet
  facet normal 0 0 1
    outer loop
      vertex 0.228361 29.8519 2
      vertex -3.79158 32.4257 2
      vertex 0.401923 29.5 2
    endloop
  endfacet
  facet normal 0 0 1
    outer loop
      vertex -4.17646 32.5022 2
      vertex 0.401923 29.5 2
      vertex -3.79158 32.4257 2
    endloop
  endfacet
  facet normal 0 0 1
    outer loop
      vertex 0.401923 29.5 2
      vertex -4.17646 32.5022 2
      vertex 0.61994 29.1737 2
    endloop
  endfacet
  facet normal 0 0 1
    outer loop
      vertex -4.54805 32.6284 2
      vertex 0.61994 29.1737 2
      vertex -4.17646 32.5022 2
    endloop
  endfacet
  facet normal 0 0 1
    outer loop
      vertex 0.61994 29.1737 2
      vertex -4.54805 32.6284 2
      vertex 0.61994 4.82628 2
    endloop
  endfacet
  facet normal 0 0 1
    outer loop
      vertex -4.9 32.8019 2
      vertex 0.61994 4.82628 2
      vertex -4.54805 32.6284 2
    endloop
  endfacet
  facet normal 0 0 1
    outer loop
      vertex 0.61994 4.82628 2
      vertex -4.9 32.8019 2
      vertex 0.401923 4.5 2
    endloop
  endfacet
  facet normal 0 0 1
    outer loop
      vertex 0.401923 4.5 2
      vertex -4.6 -0.853981 2
      vertex 0.228361 4.14805 2
    endloop
  endfacet
  facet normal 0 0 1
    outer loop
      vertex 0.228361 4.14805 2
      vertex -4.6 -0.853981 2
      vertex 0.102222 3.77646 2
    endloop
  endfacet
  facet normal 0 0 1
    outer loop
      vertex 0.102222 3.77646 2
      vertex -4.6 -0.853981 2
      vertex 0.0256653 3.39158 2
    endloop
  endfacet
  facet normal 0 0 1
    outer loop
      vertex 0.0256653 3.39158 2
      vertex -4.6 -0.853981 2
      vertex 0 3 2
    endloop
  endfacet
  facet normal 0 0 1
    outer loop
      vertex 0 3 2
      vertex -4.6 -0.853981 2
      vertex -0.75261 -5 2
    endloop
  endfacet
  facet normal 0 0 1
    outer loop
      vertex -0.75261 -5 2
      vertex -4.6 -0.853981 2
      vertex -4.6 -5 2
    endloop
  endfacet
  facet normal 0 0 1
    outer loop
      vertex 54.6522 29.3735 2
      vertex 5.77164 29.8519 2
      vertex 54.7784 29.002 2
    endloop
  endfacet
  facet normal 0 0 1
    outer loop
      vertex 54.7784 5.69805 2
      vertex 5.97433 3.39158 2
      vertex 6 3 2
    endloop
  endfacet
  facet normal 0 0 1
    outer loop
      vertex 54.7784 29.002 2
      vertex 5.77164 29.8519 2
      vertex 54.7784 5.69805 2
    endloop
  endfacet
  facet normal 0 0 1
    outer loop
      vertex 54.7784 5.69805 2
      vertex 5.89778 3.77646 2
      vertex 5.97433 3.39158 2
    endloop
  endfacet
  facet normal -0 0 1
    outer loop
      vertex 5.59808 29.5 2
      vertex 54.7784 5.69805 2
      vertex 5.77164 29.8519 2
    endloop
  endfacet
  facet normal 0 0 1
    outer loop
      vertex 54.7784 5.69805 2
      vertex 5.77164 4.14805 2
      vertex 5.89778 3.77646 2
    endloop
  endfacet
  facet normal 0 0 1
    outer loop
      vertex 5.59808 4.5 2
      vertex 54.7784 5.69805 2
      vertex 5.59808 29.5 2
    endloop
  endfacet
  facet normal 0 0 1
    outer loop
      vertex 54.7784 5.69805 2
      vertex 5.59808 4.5 2
      vertex 5.77164 4.14805 2
    endloop
  endfacet
  facet normal -0 0 1
    outer loop
      vertex 5.38006 29.1737 2
      vertex 5.59808 4.5 2
      vertex 5.59808 29.5 2
    endloop
  endfacet
  facet normal 0 0 1
    outer loop
      vertex 5.38006 29.1737 2
      vertex 5.38006 4.82628 2
      vertex 5.59808 4.5 2
    endloop
  endfacet
  facet normal -0 0 1
    outer loop
      vertex 5.12132 28.8787 2
      vertex 5.38006 4.82628 2
      vertex 5.38006 29.1737 2
    endloop
  endfacet
  facet normal 0 0 1
    outer loop
      vertex 5.12132 28.8787 2
      vertex 5.12132 5.12132 2
      vertex 5.38006 4.82628 2
    endloop
  endfacet
  facet normal -0 0 1
    outer loop
      vertex 4.82628 28.6199 2
      vertex 5.12132 5.12132 2
      vertex 5.12132 28.8787 2
    endloop
  endfacet
  facet normal 0 0 1
    outer loop
      vertex 4.82628 28.6199 2
      vertex 4.82628 5.38006 2
      vertex 5.12132 5.12132 2
    endloop
  endfacet
  facet normal -0 0 1
    outer loop
      vertex 4.5 28.4019 2
      vertex 4.82628 5.38006 2
      vertex 4.82628 28.6199 2
    endloop
  endfacet
  facet normal 0 0 1
    outer loop
      vertex 4.5 28.4019 2
      vertex 4.5 5.59808 2
      vertex 4.82628 5.38006 2
    endloop
  endfacet
  facet normal -0 0 1
    outer loop
      vertex 4.14805 28.2284 2
      vertex 4.5 5.59808 2
      vertex 4.5 28.4019 2
    endloop
  endfacet
  facet normal 0 0 1
    outer loop
      vertex 4.14805 28.2284 2
      vertex 4.14805 5.77164 2
      vertex 4.5 5.59808 2
    endloop
  endfacet
  facet normal -0 0 1
    outer loop
      vertex 3.77646 28.1022 2
      vertex 4.14805 5.77164 2
      vertex 4.14805 28.2284 2
    endloop
  endfacet
  facet normal 0 0 1
    outer loop
      vertex 3.77646 28.1022 2
      vertex 3.77646 5.89778 2
      vertex 4.14805 5.77164 2
    endloop
  endfacet
  facet normal -0 0 1
    outer loop
      vertex 3.39158 28.0257 2
      vertex 3.77646 5.89778 2
      vertex 3.77646 28.1022 2
    endloop
  endfacet
  facet normal 0 0 1
    outer loop
      vertex 3.39158 28.0257 2
      vertex 3.39158 5.97433 2
      vertex 3.77646 5.89778 2
    endloop
  endfacet
  facet normal -0 0 1
    outer loop
      vertex 3 28 2
      vertex 3.39158 5.97433 2
      vertex 3.39158 28.0257 2
    endloop
  endfacet
  facet normal 0 0 1
    outer loop
      vertex 3 28 2
      vertex 3 6 2
      vertex 3.39158 5.97433 2
    endloop
  endfacet
  facet normal 0 0 1
    outer loop
      vertex 2.60842 28.0257 2
      vertex 3 6 2
      vertex 3 28 2
    endloop
  endfacet
  facet normal 0 0 1
    outer loop
      vertex 2.60842 28.0257 2
      vertex 2.60842 5.97433 2
      vertex 3 6 2
    endloop
  endfacet
  facet normal 0 0 1
    outer loop
      vertex 2.22354 28.1022 2
      vertex 2.60842 5.97433 2
      vertex 2.60842 28.0257 2
    endloop
  endfacet
  facet normal 0 0 1
    outer loop
      vertex 2.22354 28.1022 2
      vertex 2.22354 5.89778 2
      vertex 2.60842 5.97433 2
    endloop
  endfacet
  facet normal 0 0 1
    outer loop
      vertex 1.85195 28.2284 2
      vertex 2.22354 5.89778 2
      vertex 2.22354 28.1022 2
    endloop
  endfacet
  facet normal 0 0 1
    outer loop
      vertex 1.85195 28.2284 2
      vertex 1.85195 5.77164 2
      vertex 2.22354 5.89778 2
    endloop
  endfacet
  facet normal 0 0 1
    outer loop
      vertex 1.5 28.4019 2
      vertex 1.85195 5.77164 2
      vertex 1.85195 28.2284 2
    endloop
  endfacet
  facet normal 0 0 1
    outer loop
      vertex 1.5 28.4019 2
      vertex 1.5 5.59808 2
      vertex 1.85195 5.77164 2
    endloop
  endfacet
  facet normal 0 0 1
    outer loop
      vertex 1.17372 28.6199 2
      vertex 1.5 5.59808 2
      vertex 1.5 28.4019 2
    endloop
  endfacet
  facet normal 0 0 1
    outer loop
      vertex 1.17372 28.6199 2
      vertex 1.17372 5.38006 2
      vertex 1.5 5.59808 2
    endloop
  endfacet
  facet normal 0 0 1
    outer loop
      vertex 0.878679 28.8787 2
      vertex 1.17372 5.38006 2
      vertex 1.17372 28.6199 2
    endloop
  endfacet
  facet normal 0 0 1
    outer loop
      vertex 0.878679 28.8787 2
      vertex 0.878679 5.12132 2
      vertex 1.17372 5.38006 2
    endloop
  endfacet
  facet normal 0 0 1
    outer loop
      vertex 0.61994 29.1737 2
      vertex 0.878679 5.12132 2
      vertex 0.878679 28.8787 2
    endloop
  endfacet
  facet normal 0 0 1
    outer loop
      vertex 0.61994 29.1737 2
      vertex 0.61994 4.82628 2
      vertex 0.878679 5.12132 2
    endloop
  endfacet
  facet normal -0 0 1
    outer loop
      vertex -3.4 32.4 2
      vertex 0.102222 30.2235 2
      vertex -3.00842 32.4257 2
    endloop
  endfacet
  facet normal 0 0 1
    outer loop
      vertex 0.102222 30.2235 2
      vertex -3.4 32.4 2
      vertex 0.228361 29.8519 2
    endloop
  endfacet
  facet normal -0 0 1
    outer loop
      vertex -3.00842 32.4257 2
      vertex 0.0256653 30.6084 2
      vertex -2.62354 32.5022 2
    endloop
  endfacet
  facet normal 0 0 1
    outer loop
      vertex 0.0256653 30.6084 2
      vertex -3.00842 32.4257 2
      vertex 0.102222 30.2235 2
    endloop
  endfacet
  facet normal 0 0 1
    outer loop
      vertex 0.0256653 31.3916 2
      vertex -2.25195 32.6284 2
      vertex 0 31 2
    endloop
  endfacet
  facet normal -0 0 1
    outer loop
      vertex -2.62354 32.5022 2
      vertex 0 31 2
      vertex -2.25195 32.6284 2
    endloop
  endfacet
  facet normal -0 0 1
    outer loop
      vertex -1.9 32.8019 2
      vertex 0.102222 31.7765 2
      vertex -1.57372 33.0199 2
    endloop
  endfacet
  facet normal 0 0 1
    outer loop
      vertex 0.102222 31.7765 2
      vertex -1.9 32.8019 2
      vertex 0.0256653 31.3916 2
    endloop
  endfacet
  facet normal -0 0 1
    outer loop
      vertex -1.57372 33.0199 2
      vertex 0.228361 32.148 2
      vertex -1.27868 33.2787 2
    endloop
  endfacet
  facet normal 0 0 1
    outer loop
      vertex 0.228361 32.148 2
      vertex -1.57372 33.0199 2
      vertex 0.102222 31.7765 2
    endloop
  endfacet
  facet normal 0 0 1
    outer loop
      vertex 56.4737 33.0199 2
      vertex 56.402 32.9216 2
      vertex 56.5471 32.9709 2
    endloop
  endfacet
  facet normal 0 0 1
    outer loop
      vertex 56.1787 33.2787 2
      vertex 56.402 32.9216 2
      vertex 56.4737 33.0199 2
    endloop
  endfacet
  facet normal 0 0 1
    outer loop
      vertex 56.1787 33.2787 2
      vertex 56.05 32.7481 2
      vertex 56.402 32.9216 2
    endloop
  endfacet
  facet normal 0 0 1
    outer loop
      vertex 55.9199 33.5737 2
      vertex 56.05 32.7481 2
      vertex 56.1787 33.2787 2
    endloop
  endfacet
  facet normal 0 0 1
    outer loop
      vertex 55.9199 33.5737 2
      vertex 55.7237 32.5301 2
      vertex 56.05 32.7481 2
    endloop
  endfacet
  facet normal 0 0 1
    outer loop
      vertex 55.7019 33.9 2
      vertex 55.7237 32.5301 2
      vertex 55.9199 33.5737 2
    endloop
  endfacet
  facet normal 0 0 1
    outer loop
      vertex 55.4287 32.2713 2
      vertex 55.7019 33.9 2
      vertex 55.5284 34.2519 2
    endloop
  endfacet
  facet normal 0 0 1
    outer loop
      vertex 55.7019 33.9 2
      vertex 55.4287 32.2713 2
      vertex 55.7237 32.5301 2
    endloop
  endfacet
  facet normal 0 0 1
    outer loop
      vertex 55.1699 31.9763 2
      vertex 55.5284 34.2519 2
      vertex 55.4022 34.6235 2
    endloop
  endfacet
  facet normal 0 0 1
    outer loop
      vertex 54.9519 31.65 2
      vertex 55.4022 34.6235 2
      vertex 55.3257 35.0084 2
    endloop
  endfacet
  facet normal 0 0 1
    outer loop
      vertex 54.7784 31.298 2
      vertex 55.3257 35.0084 2
      vertex 55.3 35.4 2
    endloop
  endfacet
  facet normal 0 0 1
    outer loop
      vertex 55.5284 34.2519 2
      vertex 55.1699 31.9763 2
      vertex 55.4287 32.2713 2
    endloop
  endfacet
  facet normal 0 0 1
    outer loop
      vertex 60.5243 4.94158 2
      vertex 61.2743 35.0084 2
      vertex 60.5243 29.7584 2
    endloop
  endfacet
  facet normal 0 0 1
    outer loop
      vertex 61.2743 35.0084 2
      vertex 60.5243 4.94158 2
      vertex 60.55 4.55 2
    endloop
  endfacet
  facet normal -0 0 1
    outer loop
      vertex 60.4478 29.3735 2
      vertex 60.5243 4.94158 2
      vertex 60.5243 29.7584 2
    endloop
  endfacet
  facet normal 0 0 1
    outer loop
      vertex 60.4478 29.3735 2
      vertex 60.4478 5.32646 2
      vertex 60.5243 4.94158 2
    endloop
  endfacet
  facet normal -0 0 1
    outer loop
      vertex 60.3216 29.002 2
      vertex 60.4478 5.32646 2
      vertex 60.4478 29.3735 2
    endloop
  endfacet
  facet normal 0 0 1
    outer loop
      vertex 60.3216 29.002 2
      vertex 60.3216 5.69805 2
      vertex 60.4478 5.32646 2
    endloop
  endfacet
  facet normal -0 0 1
    outer loop
      vertex 60.1481 28.65 2
      vertex 60.3216 5.69805 2
      vertex 60.3216 29.002 2
    endloop
  endfacet
  facet normal 0 0 1
    outer loop
      vertex 60.1481 28.65 2
      vertex 60.1481 6.05 2
      vertex 60.3216 5.69805 2
    endloop
  endfacet
  facet normal -0 0 1
    outer loop
      vertex 59.9301 28.3237 2
      vertex 60.1481 6.05 2
      vertex 60.1481 28.65 2
    endloop
  endfacet
  facet normal 0 0 1
    outer loop
      vertex 59.9301 28.3237 2
      vertex 59.9301 6.37628 2
      vertex 60.1481 6.05 2
    endloop
  endfacet
  facet normal -0 0 1
    outer loop
      vertex 59.6713 28.0287 2
      vertex 59.9301 6.37628 2
      vertex 59.9301 28.3237 2
    endloop
  endfacet
  facet normal 0 0 1
    outer loop
      vertex 59.6713 28.0287 2
      vertex 59.6713 6.67132 2
      vertex 59.9301 6.37628 2
    endloop
  endfacet
  facet normal -0 0 1
    outer loop
      vertex 59.3763 27.7699 2
      vertex 59.6713 6.67132 2
      vertex 59.6713 28.0287 2
    endloop
  endfacet
  facet normal 0 0 1
    outer loop
      vertex 59.3763 27.7699 2
      vertex 59.3763 6.93006 2
      vertex 59.6713 6.67132 2
    endloop
  endfacet
  facet normal -0 0 1
    outer loop
      vertex 59.05 27.5519 2
      vertex 59.3763 6.93006 2
      vertex 59.3763 27.7699 2
    endloop
  endfacet
  facet normal 0 0 1
    outer loop
      vertex 59.05 27.5519 2
      vertex 59.05 7.14808 2
      vertex 59.3763 6.93006 2
    endloop
  endfacet
  facet normal -0 0 1
    outer loop
      vertex 58.698 27.3784 2
      vertex 59.05 7.14808 2
      vertex 59.05 27.5519 2
    endloop
  endfacet
  facet normal 0 0 1
    outer loop
      vertex 58.698 27.3784 2
      vertex 58.698 7.32164 2
      vertex 59.05 7.14808 2
    endloop
  endfacet
  facet normal -0 0 1
    outer loop
      vertex 58.3265 27.2522 2
      vertex 58.698 7.32164 2
      vertex 58.698 27.3784 2
    endloop
  endfacet
  facet normal 0 0 1
    outer loop
      vertex 58.3265 27.2522 2
      vertex 58.3265 7.44778 2
      vertex 58.698 7.32164 2
    endloop
  endfacet
  facet normal -0 0 1
    outer loop
      vertex 57.9416 27.1757 2
      vertex 58.3265 7.44778 2
      vertex 58.3265 27.2522 2
    endloop
  endfacet
  facet normal 0 0 1
    outer loop
      vertex 57.9416 27.1757 2
      vertex 57.9416 7.52433 2
      vertex 58.3265 7.44778 2
    endloop
  endfacet
  facet normal -0 0 1
    outer loop
      vertex 57.55 27.15 2
      vertex 57.9416 7.52433 2
      vertex 57.9416 27.1757 2
    endloop
  endfacet
  facet normal 0 0 1
    outer loop
      vertex 57.55 27.15 2
      vertex 57.55 7.55 2
      vertex 57.9416 7.52433 2
    endloop
  endfacet
  facet normal 0 0 1
    outer loop
      vertex 57.1584 27.1757 2
      vertex 57.55 7.55 2
      vertex 57.55 27.15 2
    endloop
  endfacet
  facet normal 0 0 1
    outer loop
      vertex 57.1584 27.1757 2
      vertex 57.1584 7.52433 2
      vertex 57.55 7.55 2
    endloop
  endfacet
  facet normal 0 0 1
    outer loop
      vertex 56.7735 27.2522 2
      vertex 57.1584 7.52433 2
      vertex 57.1584 27.1757 2
    endloop
  endfacet
  facet normal 0 0 1
    outer loop
      vertex 56.7735 27.2522 2
      vertex 56.7735 7.44778 2
      vertex 57.1584 7.52433 2
    endloop
  endfacet
  facet normal 0 0 1
    outer loop
      vertex 56.402 27.3784 2
      vertex 56.7735 7.44778 2
      vertex 56.7735 27.2522 2
    endloop
  endfacet
  facet normal 0 0 1
    outer loop
      vertex 56.402 27.3784 2
      vertex 56.402 7.32164 2
      vertex 56.7735 7.44778 2
    endloop
  endfacet
  facet normal 0 0 1
    outer loop
      vertex 56.05 27.5519 2
      vertex 56.402 7.32164 2
      vertex 56.402 27.3784 2
    endloop
  endfacet
  facet normal 0 0 1
    outer loop
      vertex 56.05 27.5519 2
      vertex 56.05 7.14808 2
      vertex 56.402 7.32164 2
    endloop
  endfacet
  facet normal 0 0 1
    outer loop
      vertex 55.7237 27.7699 2
      vertex 56.05 7.14808 2
      vertex 56.05 27.5519 2
    endloop
  endfacet
  facet normal 0 0 1
    outer loop
      vertex 55.7237 27.7699 2
      vertex 55.7237 6.93006 2
      vertex 56.05 7.14808 2
    endloop
  endfacet
  facet normal 0 0 1
    outer loop
      vertex 55.4287 28.0287 2
      vertex 55.7237 6.93006 2
      vertex 55.7237 27.7699 2
    endloop
  endfacet
  facet normal 0 0 1
    outer loop
      vertex 55.4287 28.0287 2
      vertex 55.4287 6.67132 2
      vertex 55.7237 6.93006 2
    endloop
  endfacet
  facet normal 0 0 1
    outer loop
      vertex 55.1699 28.3237 2
      vertex 55.4287 6.67132 2
      vertex 55.4287 28.0287 2
    endloop
  endfacet
  facet normal 0 0 1
    outer loop
      vertex 55.1699 28.3237 2
      vertex 55.1699 6.37628 2
      vertex 55.4287 6.67132 2
    endloop
  endfacet
  facet normal 0 0 1
    outer loop
      vertex 54.9519 28.65 2
      vertex 55.1699 6.37628 2
      vertex 55.1699 28.3237 2
    endloop
  endfacet
  facet normal 0 0 1
    outer loop
      vertex 54.9519 28.65 2
      vertex 54.9519 6.05 2
      vertex 55.1699 6.37628 2
    endloop
  endfacet
  facet normal 0 0 1
    outer loop
      vertex 54.7784 29.002 2
      vertex 54.9519 6.05 2
      vertex 54.9519 28.65 2
    endloop
  endfacet
  facet normal 0 0 1
    outer loop
      vertex 54.7784 29.002 2
      vertex 54.7784 5.69805 2
      vertex 54.9519 6.05 2
    endloop
  endfacet
  facet normal -0 0 1
    outer loop
      vertex 5.89778 30.2235 2
      vertex 54.5757 29.7584 2
      vertex 5.97433 30.6084 2
    endloop
  endfacet
  facet normal 0 0 1
    outer loop
      vertex 54.5757 29.7584 2
      vertex 5.89778 30.2235 2
      vertex 54.6522 29.3735 2
    endloop
  endfacet
  facet normal 0 0 1
    outer loop
      vertex 54.55 30.15 2
      vertex 5.97433 30.6084 2
      vertex 54.5757 29.7584 2
    endloop
  endfacet
  facet normal -0 0 1
    outer loop
      vertex 5.77164 29.8519 2
      vertex 54.6522 29.3735 2
      vertex 5.89778 30.2235 2
    endloop
  endfacet
  facet normal -0 0 1
    outer loop
      vertex 5.97433 30.6084 2
      vertex 54.55 30.15 2
      vertex 6 31 2
    endloop
  endfacet
  facet normal 0 0 1
    outer loop
      vertex 54.7784 5.69805 2
      vertex 6 3 2
      vertex 54.6522 5.32646 2
    endloop
  endfacet
  facet normal -0 0 1
    outer loop
      vertex 61.2743 -3.20842 2
      vertex 61.7 -7 2
      vertex 61.2743 35.0084 2
    endloop
  endfacet
  facet normal 0 0 1
    outer loop
      vertex 61.7 -7 2
      vertex 61.2743 -3.20842 2
      vertex 61.3 -3.6 2
    endloop
  endfacet
  facet normal 0 0 1
    outer loop
      vertex 60.5243 29.7584 2
      vertex 61.1978 34.6235 2
      vertex 60.55 30.15 2
    endloop
  endfacet
  facet normal 0 0 1
    outer loop
      vertex 61.2743 35.0084 2
      vertex 60.55 4.55 2
      vertex 61.2743 -3.20842 2
    endloop
  endfacet
  facet normal 0 0 1
    outer loop
      vertex 60.55 30.15 2
      vertex 61.1978 34.6235 2
      vertex 61.0716 34.2519 2
    endloop
  endfacet
  facet normal 0 0 1
    outer loop
      vertex 61.2743 -3.20842 2
      vertex 60.55 4.55 2
      vertex 61.1978 -2.82354 2
    endloop
  endfacet
  facet normal 0 0 1
    outer loop
      vertex 60.5243 30.5416 2
      vertex 61.0716 34.2519 2
      vertex 60.8981 33.9 2
    endloop
  endfacet
  facet normal -0 0 1
    outer loop
      vertex 60.5243 4.15842 2
      vertex 61.1978 -2.82354 2
      vertex 60.55 4.55 2
    endloop
  endfacet
  facet normal 0 0 1
    outer loop
      vertex 60.4478 30.9265 2
      vertex 60.8981 33.9 2
      vertex 60.6801 33.5737 2
    endloop
  endfacet
  facet normal 0 0 1
    outer loop
      vertex 61.1978 -2.82354 2
      vertex 60.5243 4.15842 2
      vertex 61.0716 -2.45195 2
    endloop
  endfacet
  facet normal -0 0 1
    outer loop
      vertex 61.1978 34.6235 2
      vertex 60.5243 29.7584 2
      vertex 61.2743 35.0084 2
    endloop
  endfacet
  facet normal 0 0 1
    outer loop
      vertex 61.0716 34.2519 2
      vertex 60.5243 30.5416 2
      vertex 60.55 30.15 2
    endloop
  endfacet
  facet normal 0 0 1
    outer loop
      vertex 60.8981 33.9 2
      vertex 60.4478 30.9265 2
      vertex 60.5243 30.5416 2
    endloop
  endfacet
  facet normal 0 0 1
    outer loop
      vertex 60.3216 31.298 2
      vertex 60.6801 33.5737 2
      vertex 60.4213 33.2787 2
    endloop
  endfacet
  facet normal 0 0 1
    outer loop
      vertex 60.6801 33.5737 2
      vertex 60.3216 31.298 2
      vertex 60.4478 30.9265 2
    endloop
  endfacet
  facet normal 0 0 1
    outer loop
      vertex 60.4213 33.2787 2
      vertex 60.1481 31.65 2
      vertex 60.3216 31.298 2
    endloop
  endfacet
  facet normal -0 0 1
    outer loop
      vertex 60.1263 33.0199 2
      vertex 60.1481 31.65 2
      vertex 60.4213 33.2787 2
    endloop
  endfacet
  facet normal 0 0 1
    outer loop
      vertex 60.1263 33.0199 2
      vertex 59.9301 31.9763 2
      vertex 60.1481 31.65 2
    endloop
  endfacet
  facet normal -0 0 1
    outer loop
      vertex 59.8 32.8019 2
      vertex 59.9301 31.9763 2
      vertex 60.1263 33.0199 2
    endloop
  endfacet
  facet normal 0 0 1
    outer loop
      vertex 59.8 32.8019 2
      vertex 59.6713 32.2713 2
      vertex 59.9301 31.9763 2
    endloop
  endfacet
  facet normal -0 0 1
    outer loop
      vertex 59.448 32.6284 2
      vertex 59.6713 32.2713 2
      vertex 59.8 32.8019 2
    endloop
  endfacet
  facet normal 0 0 1
    outer loop
      vertex 59.448 32.6284 2
      vertex 59.3763 32.5301 2
      vertex 59.6713 32.2713 2
    endloop
  endfacet
  facet normal 0 -0 1
    outer loop
      vertex 59.3763 32.5301 2
      vertex 59.448 32.6284 2
      vertex 59.3029 32.5791 2
    endloop
  endfacet
  facet normal 0 0 1
    outer loop
      vertex 61.2743 35.0084 2
      vertex 61.7 38.8 2
      vertex 61.3 35.4 2
    endloop
  endfacet
  facet normal 0 0 1
    outer loop
      vertex 61.7 38.8 2
      vertex 61.2743 35.7916 2
      vertex 61.3 35.4 2
    endloop
  endfacet
  facet normal 0 0 1
    outer loop
      vertex 61.7 38.8 2
      vertex 61.1978 36.1765 2
      vertex 61.2743 35.7916 2
    endloop
  endfacet
  facet normal 0 0 1
    outer loop
      vertex 61.7 38.8 2
      vertex 61.0716 36.548 2
      vertex 61.1978 36.1765 2
    endloop
  endfacet
  facet normal 0 0 1
    outer loop
      vertex 61.7 38.8 2
      vertex 60.8981 36.9 2
      vertex 61.0716 36.548 2
    endloop
  endfacet
  facet normal 0 0 1
    outer loop
      vertex 61.7 38.8 2
      vertex 60.6801 37.2263 2
      vertex 60.8981 36.9 2
    endloop
  endfacet
  facet normal 0 0 1
    outer loop
      vertex 61.7 38.8 2
      vertex 60.4213 37.5213 2
      vertex 60.6801 37.2263 2
    endloop
  endfacet
  facet normal 0 0 1
    outer loop
      vertex 61.7 38.8 2
      vertex 60.1263 37.7801 2
      vertex 60.4213 37.5213 2
    endloop
  endfacet
  facet normal 0 0 1
    outer loop
      vertex 61.7 38.8 2
      vertex 59.8 37.9981 2
      vertex 60.1263 37.7801 2
    endloop
  endfacet
  facet normal 0 0 1
    outer loop
      vertex 61.7 38.8 2
      vertex 59.448 38.1716 2
      vertex 59.8 37.9981 2
    endloop
  endfacet
  facet normal 0 0 1
    outer loop
      vertex 61.7 38.8 2
      vertex 59.0765 38.2978 2
      vertex 59.448 38.1716 2
    endloop
  endfacet
  facet normal 0 0 1
    outer loop
      vertex 61.7 38.8 2
      vertex 58.6916 38.3743 2
      vertex 59.0765 38.2978 2
    endloop
  endfacet
  facet normal 0 0 1
    outer loop
      vertex 61.7 38.8 2
      vertex 58.3 38.4 2
      vertex 58.6916 38.3743 2
    endloop
  endfacet
  facet normal 0 0 1
    outer loop
      vertex 61.7 38.8 2
      vertex 57.9084 38.3743 2
      vertex 58.3 38.4 2
    endloop
  endfacet
  facet normal 0 0 1
    outer loop
      vertex 55.4022 34.6235 2
      vertex 54.9519 31.65 2
      vertex 55.1699 31.9763 2
    endloop
  endfacet
  facet normal 0 0 1
    outer loop
      vertex 5.89778 31.7765 2
      vertex 55.3 35.4 2
      vertex 55.3257 35.7916 2
    endloop
  endfacet
  facet normal 0 0 1
    outer loop
      vertex 55.3257 35.0084 2
      vertex 54.7784 31.298 2
      vertex 54.9519 31.65 2
    endloop
  endfacet
  facet normal 0 0 1
    outer loop
      vertex 55.3 35.4 2
      vertex 54.6522 30.9265 2
      vertex 54.7784 31.298 2
    endloop
  endfacet
  facet normal 0 0 1
    outer loop
      vertex 55.3 35.4 2
      vertex 5.89778 31.7765 2
      vertex 54.6522 30.9265 2
    endloop
  endfacet
  facet normal 0 0 1
    outer loop
      vertex 54.6522 5.32646 2
      vertex 6 3 2
      vertex 54.5757 4.94158 2
    endloop
  endfacet
  facet normal 0 0 1
    outer loop
      vertex 54.5757 30.5416 2
      vertex 6 31 2
      vertex 54.55 30.15 2
    endloop
  endfacet
  facet normal 0 0 1
    outer loop
      vertex 54.6522 30.9265 2
      vertex 5.97433 31.3916 2
      vertex 54.5757 30.5416 2
    endloop
  endfacet
  facet normal 0 0 1
    outer loop
      vertex 5.77164 32.148 2
      vertex 55.3257 35.7916 2
      vertex 55.4022 36.1765 2
    endloop
  endfacet
  facet normal 0 0 1
    outer loop
      vertex 5.59808 32.5 2
      vertex 55.4022 36.1765 2
      vertex 55.5284 36.548 2
    endloop
  endfacet
  facet normal 0 0 1
    outer loop
      vertex 5.38006 32.8263 2
      vertex 55.5284 36.548 2
      vertex 55.7019 36.9 2
    endloop
  endfacet
  facet normal 0 0 1
    outer loop
      vertex 5.12132 33.1213 2
      vertex 55.7019 36.9 2
      vertex 55.9199 37.2263 2
    endloop
  endfacet
  facet normal 0 0 1
    outer loop
      vertex 4.82628 33.3801 2
      vertex 55.9199 37.2263 2
      vertex 56.1787 37.5213 2
    endloop
  endfacet
  facet normal 0 0 1
    outer loop
      vertex 4.5 33.5981 2
      vertex 56.1787 37.5213 2
      vertex 56.4737 37.7801 2
    endloop
  endfacet
  facet normal 0 0 1
    outer loop
      vertex -1.57372 37.7801 2
      vertex 56.4737 37.7801 2
      vertex 56.8 37.9981 2
    endloop
  endfacet
  facet normal 0 0 1
    outer loop
      vertex -1.9 37.9981 2
      vertex 56.8 37.9981 2
      vertex 57.152 38.1716 2
    endloop
  endfacet
  facet normal 0 0 1
    outer loop
      vertex -2.25195 38.1716 2
      vertex 57.152 38.1716 2
      vertex 57.5235 38.2978 2
    endloop
  endfacet
  facet normal 0 0 1
    outer loop
      vertex -2.62354 38.2978 2
      vertex 57.5235 38.2978 2
      vertex 57.9084 38.3743 2
    endloop
  endfacet
  facet normal 0 0 1
    outer loop
      vertex 54.5757 30.5416 2
      vertex 5.97433 31.3916 2
      vertex 6 31 2
    endloop
  endfacet
  facet normal 0 0 1
    outer loop
      vertex 54.6522 30.9265 2
      vertex 5.89778 31.7765 2
      vertex 5.97433 31.3916 2
    endloop
  endfacet
  facet normal 0 0 1
    outer loop
      vertex 55.3257 35.7916 2
      vertex 5.77164 32.148 2
      vertex 5.89778 31.7765 2
    endloop
  endfacet
  facet normal 0 0 1
    outer loop
      vertex 55.4022 36.1765 2
      vertex 5.59808 32.5 2
      vertex 5.77164 32.148 2
    endloop
  endfacet
  facet normal 0 0 1
    outer loop
      vertex 55.5284 36.548 2
      vertex 5.38006 32.8263 2
      vertex 5.59808 32.5 2
    endloop
  endfacet
  facet normal 0 0 1
    outer loop
      vertex -3.00842 38.3743 2
      vertex 57.9084 38.3743 2
      vertex 61.7 38.8 2
    endloop
  endfacet
  facet normal 0 0 1
    outer loop
      vertex 55.7019 36.9 2
      vertex 5.12132 33.1213 2
      vertex 5.38006 32.8263 2
    endloop
  endfacet
  facet normal 0 0 1
    outer loop
      vertex 55.9199 37.2263 2
      vertex 4.82628 33.3801 2
      vertex 5.12132 33.1213 2
    endloop
  endfacet
  facet normal 0 0 1
    outer loop
      vertex 56.1787 37.5213 2
      vertex 4.5 33.5981 2
      vertex 4.82628 33.3801 2
    endloop
  endfacet
  facet normal 0 0 1
    outer loop
      vertex 56.4737 37.7801 2
      vertex -1.57372 37.7801 2
      vertex 4.5 33.5981 2
    endloop
  endfacet
  facet normal -0 -0 1
    outer loop
      vertex -1.27868 37.5213 2
      vertex 4.5 33.5981 2
      vertex -1.57372 37.7801 2
    endloop
  endfacet
  facet normal 0 0 1
    outer loop
      vertex 4.5 33.5981 2
      vertex -1.27868 37.5213 2
      vertex 4.14805 33.7716 2
    endloop
  endfacet
  facet normal 0 0 1
    outer loop
      vertex 4.14805 33.7716 2
      vertex -1.01994 37.2263 2
      vertex 3.77646 33.8978 2
    endloop
  endfacet
  facet normal -0 -0 1
    outer loop
      vertex -0.801924 36.9 2
      vertex 3.77646 33.8978 2
      vertex -1.01994 37.2263 2
    endloop
  endfacet
  facet normal 0 0 1
    outer loop
      vertex 0.61994 32.8263 2
      vertex -1.01994 33.5737 2
      vertex 0.401923 32.5 2
    endloop
  endfacet
  facet normal -0 0 1
    outer loop
      vertex -1.01994 33.5737 2
      vertex 0.61994 32.8263 2
      vertex -0.801924 33.9 2
    endloop
  endfacet
  facet normal 0 0 1
    outer loop
      vertex 0.878679 33.1213 2
      vertex -0.801924 33.9 2
      vertex 0.61994 32.8263 2
    endloop
  endfacet
  facet normal -0 0 1
    outer loop
      vertex -0.801924 33.9 2
      vertex 0.878679 33.1213 2
      vertex -0.628362 34.2519 2
    endloop
  endfacet
  facet normal 0 0 1
    outer loop
      vertex 1.17372 33.3801 2
      vertex -0.628362 34.2519 2
      vertex 0.878679 33.1213 2
    endloop
  endfacet
  facet normal -0 0 1
    outer loop
      vertex -0.628362 34.2519 2
      vertex 1.17372 33.3801 2
      vertex -0.502223 34.6235 2
    endloop
  endfacet
  facet normal 0 0 1
    outer loop
      vertex 1.5 33.5981 2
      vertex -0.502223 34.6235 2
      vertex 1.17372 33.3801 2
    endloop
  endfacet
  facet normal -0 0 1
    outer loop
      vertex -0.502223 34.6235 2
      vertex 1.5 33.5981 2
      vertex -0.425666 35.0084 2
    endloop
  endfacet
  facet normal 0 0 1
    outer loop
      vertex 1.85195 33.7716 2
      vertex -0.425666 35.0084 2
      vertex 1.5 33.5981 2
    endloop
  endfacet
  facet normal -0 0 1
    outer loop
      vertex -0.425666 35.0084 2
      vertex 1.85195 33.7716 2
      vertex -0.4 35.4 2
    endloop
  endfacet
  facet normal 0 0 1
    outer loop
      vertex 2.22354 33.8978 2
      vertex -0.4 35.4 2
      vertex 1.85195 33.7716 2
    endloop
  endfacet
  facet normal 0 0 1
    outer loop
      vertex -0.425666 35.7916 2
      vertex 2.22354 33.8978 2
      vertex 2.60842 33.9743 2
    endloop
  endfacet
  facet normal 0 0 1
    outer loop
      vertex 3.77646 33.8978 2
      vertex -0.801924 36.9 2
      vertex 3.39158 33.9743 2
    endloop
  endfacet
  facet normal 0 0 1
    outer loop
      vertex 2.22354 33.8978 2
      vertex -0.425666 35.7916 2
      vertex -0.4 35.4 2
    endloop
  endfacet
  facet normal 0 0 1
    outer loop
      vertex 2.60842 33.9743 2
      vertex -0.502223 36.1765 2
      vertex -0.425666 35.7916 2
    endloop
  endfacet
  facet normal 0 0 1
    outer loop
      vertex 3 34 2
      vertex -0.502223 36.1765 2
      vertex 2.60842 33.9743 2
    endloop
  endfacet
  facet normal -0 -0 1
    outer loop
      vertex -0.502223 36.1765 2
      vertex 3 34 2
      vertex -0.628362 36.548 2
    endloop
  endfacet
  facet normal 0 0 1
    outer loop
      vertex 3.39158 33.9743 2
      vertex -0.628362 36.548 2
      vertex 3 34 2
    endloop
  endfacet
  facet normal -0 -0 1
    outer loop
      vertex -0.628362 36.548 2
      vertex 3.39158 33.9743 2
      vertex -0.801924 36.9 2
    endloop
  endfacet
  facet normal -0 -0 1
    outer loop
      vertex -1.01994 37.2263 2
      vertex 4.14805 33.7716 2
      vertex -1.27868 37.5213 2
    endloop
  endfacet
  facet normal 0 0 1
    outer loop
      vertex 56.8 37.9981 2
      vertex -1.9 37.9981 2
      vertex -1.57372 37.7801 2
    endloop
  endfacet
  facet normal 0 0 1
    outer loop
      vertex 57.152 38.1716 2
      vertex -2.25195 38.1716 2
      vertex -1.9 37.9981 2
    endloop
  endfacet
  facet normal 0 0 1
    outer loop
      vertex 57.5235 38.2978 2
      vertex -2.62354 38.2978 2
      vertex -2.25195 38.1716 2
    endloop
  endfacet
  facet normal 0 0 1
    outer loop
      vertex 57.9084 38.3743 2
      vertex -3.00842 38.3743 2
      vertex -2.62354 38.2978 2
    endloop
  endfacet
  facet normal -0 0 1
    outer loop
      vertex -6.6 38.8 2
      vertex -3.00842 38.3743 2
      vertex 61.7 38.8 2
    endloop
  endfacet
  facet normal 0 0 1
    outer loop
      vertex -6.4 35.4 2
      vertex -6.6 38.8 2
      vertex -6.4 -3.6 2
    endloop
  endfacet
  facet normal 0 0 1
    outer loop
      vertex -6.37433 35.7916 2
      vertex -6.6 38.8 2
      vertex -6.4 35.4 2
    endloop
  endfacet
  facet normal 0 0 1
    outer loop
      vertex -6.29778 36.1765 2
      vertex -6.6 38.8 2
      vertex -6.37433 35.7916 2
    endloop
  endfacet
  facet normal 0 0 1
    outer loop
      vertex -6.17164 36.548 2
      vertex -6.6 38.8 2
      vertex -6.29778 36.1765 2
    endloop
  endfacet
  facet normal 0 0 1
    outer loop
      vertex -5.99808 36.9 2
      vertex -6.6 38.8 2
      vertex -6.17164 36.548 2
    endloop
  endfacet
  facet normal 0 0 1
    outer loop
      vertex -5.78006 37.2263 2
      vertex -6.6 38.8 2
      vertex -5.99808 36.9 2
    endloop
  endfacet
  facet normal 0 0 1
    outer loop
      vertex -5.52132 37.5213 2
      vertex -6.6 38.8 2
      vertex -5.78006 37.2263 2
    endloop
  endfacet
  facet normal 0 0 1
    outer loop
      vertex -5.22628 37.7801 2
      vertex -6.6 38.8 2
      vertex -5.52132 37.5213 2
    endloop
  endfacet
  facet normal 0 0 1
    outer loop
      vertex -4.9 37.9981 2
      vertex -6.6 38.8 2
      vertex -5.22628 37.7801 2
    endloop
  endfacet
  facet normal 0 0 1
    outer loop
      vertex -4.54805 38.1716 2
      vertex -6.6 38.8 2
      vertex -4.9 37.9981 2
    endloop
  endfacet
  facet normal 0 0 1
    outer loop
      vertex -4.17646 38.2978 2
      vertex -6.6 38.8 2
      vertex -4.54805 38.1716 2
    endloop
  endfacet
  facet normal 0 0 1
    outer loop
      vertex -3.79158 38.3743 2
      vertex -6.6 38.8 2
      vertex -4.17646 38.2978 2
    endloop
  endfacet
  facet normal 0 0 1
    outer loop
      vertex -3.4 38.4 2
      vertex -6.6 38.8 2
      vertex -3.79158 38.3743 2
    endloop
  endfacet
  facet normal 0 0 1
    outer loop
      vertex -3.00842 38.3743 2
      vertex -6.6 38.8 2
      vertex -3.4 38.4 2
    endloop
  endfacet
  facet normal 0 0 1
    outer loop
      vertex 61.7 38.8 2
      vertex 61.2743 35.0084 2
      vertex 61.7 -7 2
    endloop
  endfacet
  facet normal -0 0 1
    outer loop
      vertex 61.2743 -3.99158 2
      vertex 61.7 -7 2
      vertex 61.3 -3.6 2
    endloop
  endfacet
  facet normal -0 0 1
    outer loop
      vertex 61.1978 -4.37646 2
      vertex 61.7 -7 2
      vertex 61.2743 -3.99158 2
    endloop
  endfacet
  facet normal -0 0 1
    outer loop
      vertex 61.0716 -4.74805 2
      vertex 61.7 -7 2
      vertex 61.1978 -4.37646 2
    endloop
  endfacet
  facet normal -0 0 1
    outer loop
      vertex 60.8981 -5.1 2
      vertex 61.7 -7 2
      vertex 61.0716 -4.74805 2
    endloop
  endfacet
  facet normal -0 0 1
    outer loop
      vertex 60.6801 -5.42628 2
      vertex 61.7 -7 2
      vertex 60.8981 -5.1 2
    endloop
  endfacet
  facet normal -0 0 1
    outer loop
      vertex 60.4213 -5.72132 2
      vertex 61.7 -7 2
      vertex 60.6801 -5.42628 2
    endloop
  endfacet
  facet normal -0 0 1
    outer loop
      vertex 60.1263 -5.98006 2
      vertex 61.7 -7 2
      vertex 60.4213 -5.72132 2
    endloop
  endfacet
  facet normal -0 0 1
    outer loop
      vertex 59.8 -6.19808 2
      vertex 61.7 -7 2
      vertex 60.1263 -5.98006 2
    endloop
  endfacet
  facet normal -0 0 1
    outer loop
      vertex 59.448 -6.37164 2
      vertex 61.7 -7 2
      vertex 59.8 -6.19808 2
    endloop
  endfacet
  facet normal -0 0 1
    outer loop
      vertex 59.0765 -6.49778 2
      vertex 61.7 -7 2
      vertex 59.448 -6.37164 2
    endloop
  endfacet
  facet normal -0 0 1
    outer loop
      vertex 58.6916 -6.57433 2
      vertex 61.7 -7 2
      vertex 59.0765 -6.49778 2
    endloop
  endfacet
  facet normal -0 0 1
    outer loop
      vertex 58.3 -6.6 2
      vertex 61.7 -7 2
      vertex 58.6916 -6.57433 2
    endloop
  endfacet
  facet normal 0 0 1
    outer loop
      vertex 57.9084 -6.57433 2
      vertex 61.7 -7 2
      vertex 58.3 -6.6 2
    endloop
  endfacet
  facet normal 0 0 1
    outer loop
      vertex 55.1699 2.72372 2
      vertex 55.6526 -5 2
      vertex 55.4287 2.42868 2
    endloop
  endfacet
  facet normal 0 0 1
    outer loop
      vertex 54.9519 3.05 2
      vertex 55.6526 -5 2
      vertex 55.1699 2.72372 2
    endloop
  endfacet
  facet normal 0 0 1
    outer loop
      vertex 54.7784 3.40195 2
      vertex 55.6526 -5 2
      vertex 54.9519 3.05 2
    endloop
  endfacet
  facet normal 0 0 1
    outer loop
      vertex 54.6522 3.77354 2
      vertex 55.6526 -5 2
      vertex 54.7784 3.40195 2
    endloop
  endfacet
  facet normal 0 0 1
    outer loop
      vertex 5.97433 2.60842 2
      vertex 54.6522 3.77354 2
      vertex 54.5757 4.15842 2
    endloop
  endfacet
  facet normal 0 0 1
    outer loop
      vertex 54.5757 4.94158 2
      vertex 6 3 2
      vertex 54.55 4.55 2
    endloop
  endfacet
  facet normal 0 0 1
    outer loop
      vertex 54.55 4.55 2
      vertex 6 3 2
      vertex 54.5757 4.15842 2
    endloop
  endfacet
  facet normal 0 0 1
    outer loop
      vertex 5.97433 2.60842 2
      vertex 54.5757 4.15842 2
      vertex 6 3 2
    endloop
  endfacet
  facet normal 0 0 1
    outer loop
      vertex 54.6522 3.77354 2
      vertex 5.97433 2.60842 2
      vertex 5.89778 2.22354 2
    endloop
  endfacet
  facet normal 0 0 1
    outer loop
      vertex 54.6522 3.77354 2
      vertex 5.89778 2.22354 2
      vertex 55.6526 -5 2
    endloop
  endfacet
  facet normal -0 0 1
    outer loop
      vertex 5.77164 1.85195 2
      vertex 55.6526 -5 2
      vertex 5.89778 2.22354 2
    endloop
  endfacet
  facet normal -0 0 1
    outer loop
      vertex 5.59808 1.5 2
      vertex 55.6526 -5 2
      vertex 5.77164 1.85195 2
    endloop
  endfacet
  facet normal -0 0 1
    outer loop
      vertex 5.38006 1.17372 2
      vertex 55.6526 -5 2
      vertex 5.59808 1.5 2
    endloop
  endfacet
  facet normal 0 0 1
    outer loop
      vertex 55.6526 -5 2
      vertex 5.38006 1.17372 2
      vertex 55.7019 -5.1 2
    endloop
  endfacet
  facet normal -0 0 1
    outer loop
      vertex 5.12132 0.878679 2
      vertex 55.7019 -5.1 2
      vertex 5.38006 1.17372 2
    endloop
  endfacet
  facet normal 0 0 1
    outer loop
      vertex 55.7019 -5.1 2
      vertex 5.12132 0.878679 2
      vertex 55.9199 -5.42628 2
    endloop
  endfacet
  facet normal -0 0 1
    outer loop
      vertex 4.82628 0.61994 2
      vertex 55.9199 -5.42628 2
      vertex 5.12132 0.878679 2
    endloop
  endfacet
  facet normal 0 0 1
    outer loop
      vertex -1.01994 -5.42628 2
      vertex 55.9199 -5.42628 2
      vertex 4.82628 0.61994 2
    endloop
  endfacet
  facet normal 0 0 1
    outer loop
      vertex 55.9199 -5.42628 2
      vertex -1.01994 -5.42628 2
      vertex 56.1787 -5.72132 2
    endloop
  endfacet
  facet normal 0 0 1
    outer loop
      vertex -1.27868 -5.72132 2
      vertex 56.1787 -5.72132 2
      vertex -1.01994 -5.42628 2
    endloop
  endfacet
  facet normal 0 0 1
    outer loop
      vertex 56.1787 -5.72132 2
      vertex -1.27868 -5.72132 2
      vertex 56.4737 -5.98006 2
    endloop
  endfacet
  facet normal 0 0 1
    outer loop
      vertex -1.57372 -5.98006 2
      vertex 56.4737 -5.98006 2
      vertex -1.27868 -5.72132 2
    endloop
  endfacet
  facet normal 0 0 1
    outer loop
      vertex 56.4737 -5.98006 2
      vertex -1.57372 -5.98006 2
      vertex 56.8 -6.19808 2
    endloop
  endfacet
  facet normal 0 0 1
    outer loop
      vertex -0.801924 -5.1 2
      vertex 4.82628 0.61994 2
      vertex 4.5 0.401923 2
    endloop
  endfacet
  facet normal 0 0 1
    outer loop
      vertex -0.75261 -5 2
      vertex 4.5 0.401923 2
      vertex 4.14805 0.228361 2
    endloop
  endfacet
  facet normal 0 0 1
    outer loop
      vertex -0.75261 -5 2
      vertex 4.14805 0.228361 2
      vertex 3.77646 0.102222 2
    endloop
  endfacet
  facet normal 0 0 1
    outer loop
      vertex -0.75261 -5 2
      vertex 3.77646 0.102222 2
      vertex 3.39158 0.0256653 2
    endloop
  endfacet
  facet normal 0 0 1
    outer loop
      vertex -0.75261 -5 2
      vertex 3.39158 0.0256653 2
      vertex 3 0 2
    endloop
  endfacet
  facet normal 0 0 1
    outer loop
      vertex -0.75261 -5 2
      vertex 3 0 2
      vertex 2.60842 0.0256653 2
    endloop
  endfacet
  facet normal -0 0 1
    outer loop
      vertex -1.27868 33.2787 2
      vertex 0.401923 32.5 2
      vertex -1.01994 33.5737 2
    endloop
  endfacet
  facet normal 0 0 1
    outer loop
      vertex 0.401923 32.5 2
      vertex -1.27868 33.2787 2
      vertex 0.228361 32.148 2
    endloop
  endfacet
  facet normal -0 0 1
    outer loop
      vertex -2.25195 32.6284 2
      vertex 0.0256653 31.3916 2
      vertex -1.9 32.8019 2
    endloop
  endfacet
  facet normal 0 0 1
    outer loop
      vertex 0 31 2
      vertex -2.62354 32.5022 2
      vertex 0.0256653 30.6084 2
    endloop
  endfacet
  facet normal 0 0 1
    outer loop
      vertex -0.75261 -5 2
      vertex 0.0256653 2.60842 2
      vertex 0 3 2
    endloop
  endfacet
  facet normal 0 0 1
    outer loop
      vertex -0.75261 -5 2
      vertex 0.102222 2.22354 2
      vertex 0.0256653 2.60842 2
    endloop
  endfacet
  facet normal 0 0 1
    outer loop
      vertex -0.75261 -5 2
      vertex 0.228361 1.85195 2
      vertex 0.102222 2.22354 2
    endloop
  endfacet
  facet normal 0 0 1
    outer loop
      vertex -0.75261 -5 2
      vertex 0.401923 1.5 2
      vertex 0.228361 1.85195 2
    endloop
  endfacet
  facet normal 0 0 1
    outer loop
      vertex -0.75261 -5 2
      vertex 0.61994 1.17372 2
      vertex 0.401923 1.5 2
    endloop
  endfacet
  facet normal 0 0 1
    outer loop
      vertex -0.75261 -5 2
      vertex 0.878679 0.878679 2
      vertex 0.61994 1.17372 2
    endloop
  endfacet
  facet normal 0 0 1
    outer loop
      vertex -0.75261 -5 2
      vertex 1.17372 0.61994 2
      vertex 0.878679 0.878679 2
    endloop
  endfacet
  facet normal 0 0 1
    outer loop
      vertex -0.75261 -5 2
      vertex 1.5 0.401923 2
      vertex 1.17372 0.61994 2
    endloop
  endfacet
  facet normal 0 0 1
    outer loop
      vertex -0.75261 -5 2
      vertex 1.85195 0.228361 2
      vertex 1.5 0.401923 2
    endloop
  endfacet
  facet normal 0 0 1
    outer loop
      vertex -0.75261 -5 2
      vertex 2.22354 0.102222 2
      vertex 1.85195 0.228361 2
    endloop
  endfacet
  facet normal 0 0 1
    outer loop
      vertex -0.75261 -5 2
      vertex 2.60842 0.0256653 2
      vertex 2.22354 0.102222 2
    endloop
  endfacet
  facet normal 0 0 1
    outer loop
      vertex 4.5 0.401923 2
      vertex -0.75261 -5 2
      vertex -0.801924 -5.1 2
    endloop
  endfacet
  facet normal 0 0 1
    outer loop
      vertex 4.82628 0.61994 2
      vertex -0.801924 -5.1 2
      vertex -1.01994 -5.42628 2
    endloop
  endfacet
  facet normal 0 0 1
    outer loop
      vertex -1.9 -6.19808 2
      vertex 56.8 -6.19808 2
      vertex -1.57372 -5.98006 2
    endloop
  endfacet
  facet normal 0 0 1
    outer loop
      vertex 56.8 -6.19808 2
      vertex -1.9 -6.19808 2
      vertex 57.152 -6.37164 2
    endloop
  endfacet
  facet normal 0 0 1
    outer loop
      vertex -2.25195 -6.37164 2
      vertex 57.152 -6.37164 2
      vertex -1.9 -6.19808 2
    endloop
  endfacet
  facet normal 0 0 1
    outer loop
      vertex 57.152 -6.37164 2
      vertex -2.25195 -6.37164 2
      vertex 57.5235 -6.49778 2
    endloop
  endfacet
  facet normal 0 0 1
    outer loop
      vertex -2.62354 -6.49778 2
      vertex 57.5235 -6.49778 2
      vertex -2.25195 -6.37164 2
    endloop
  endfacet
  facet normal 0 0 1
    outer loop
      vertex 57.5235 -6.49778 2
      vertex -2.62354 -6.49778 2
      vertex 57.9084 -6.57433 2
    endloop
  endfacet
  facet normal 0 0 1
    outer loop
      vertex -3.00842 -6.57433 2
      vertex 57.9084 -6.57433 2
      vertex -2.62354 -6.49778 2
    endloop
  endfacet
  facet normal 0 0 1
    outer loop
      vertex 57.9084 -6.57433 2
      vertex -3.00842 -6.57433 2
      vertex 61.7 -7 2
    endloop
  endfacet
  facet normal 0 0 1
    outer loop
      vertex -6.6 -7 2
      vertex -3.00842 -6.57433 2
      vertex -3.4 -6.6 2
    endloop
  endfacet
  facet normal 0 0 1
    outer loop
      vertex -3.00842 -6.57433 2
      vertex -6.6 -7 2
      vertex 61.7 -7 2
    endloop
  endfacet
  facet normal 0 0 1
    outer loop
      vertex -3.79158 -6.57433 2
      vertex -6.6 -7 2
      vertex -3.4 -6.6 2
    endloop
  endfacet
  facet normal 0 0 1
    outer loop
      vertex -4.17646 -6.49778 2
      vertex -6.6 -7 2
      vertex -3.79158 -6.57433 2
    endloop
  endfacet
  facet normal 0 0 1
    outer loop
      vertex -4.54805 -6.37164 2
      vertex -6.6 -7 2
      vertex -4.17646 -6.49778 2
    endloop
  endfacet
  facet normal 0 0 1
    outer loop
      vertex -4.9 -6.19808 2
      vertex -6.6 -7 2
      vertex -4.54805 -6.37164 2
    endloop
  endfacet
  facet normal 0 0 1
    outer loop
      vertex -5.22628 -5.98006 2
      vertex -6.6 -7 2
      vertex -4.9 -6.19808 2
    endloop
  endfacet
  facet normal 0 0 1
    outer loop
      vertex -5.52132 -5.72132 2
      vertex -6.6 -7 2
      vertex -5.22628 -5.98006 2
    endloop
  endfacet
  facet normal 0 0 1
    outer loop
      vertex -5.78006 -5.42628 2
      vertex -6.6 -7 2
      vertex -5.52132 -5.72132 2
    endloop
  endfacet
  facet normal 0 0 1
    outer loop
      vertex -5.99808 -5.1 2
      vertex -6.6 -7 2
      vertex -5.78006 -5.42628 2
    endloop
  endfacet
  facet normal 0 0 1
    outer loop
      vertex -6.17164 -4.74805 2
      vertex -6.6 -7 2
      vertex -5.99808 -5.1 2
    endloop
  endfacet
  facet normal 0 0 1
    outer loop
      vertex -6.29778 -4.37646 2
      vertex -6.6 -7 2
      vertex -6.17164 -4.74805 2
    endloop
  endfacet
  facet normal 0 0 1
    outer loop
      vertex -6.37433 -3.99158 2
      vertex -6.6 -7 2
      vertex -6.29778 -4.37646 2
    endloop
  endfacet
  facet normal 0 0 1
    outer loop
      vertex -6.4 -3.6 2
      vertex -6.6 -7 2
      vertex -6.37433 -3.99158 2
    endloop
  endfacet
  facet normal 0 0 1
    outer loop
      vertex -6.6 -7 2
      vertex -6.4 -3.6 2
      vertex -6.6 38.8 2
    endloop
  endfacet
  facet normal -0 0 1
    outer loop
      vertex 60.4478 3.77354 2
      vertex 61.0716 -2.45195 2
      vertex 60.5243 4.15842 2
    endloop
  endfacet
  facet normal 0 0 1
    outer loop
      vertex 61.0716 -2.45195 2
      vertex 60.4478 3.77354 2
      vertex 60.8981 -2.1 2
    endloop
  endfacet
  facet normal -0 0 1
    outer loop
      vertex 60.3216 3.40195 2
      vertex 60.8981 -2.1 2
      vertex 60.4478 3.77354 2
    endloop
  endfacet
  facet normal 0 0 1
    outer loop
      vertex 60.8981 -2.1 2
      vertex 60.3216 3.40195 2
      vertex 60.6801 -1.77372 2
    endloop
  endfacet
  facet normal -0 0 1
    outer loop
      vertex 60.1481 3.05 2
      vertex 60.6801 -1.77372 2
      vertex 60.3216 3.40195 2
    endloop
  endfacet
  facet normal 0 0 1
    outer loop
      vertex 60.6801 -1.77372 2
      vertex 60.1481 3.05 2
      vertex 60.4213 -1.47868 2
    endloop
  endfacet
  facet normal -0 0 1
    outer loop
      vertex 59.9301 2.72372 2
      vertex 60.4213 -1.47868 2
      vertex 60.1481 3.05 2
    endloop
  endfacet
  facet normal 0 0 1
    outer loop
      vertex 60.4213 -1.47868 2
      vertex 59.9301 2.72372 2
      vertex 60.1263 -1.21994 2
    endloop
  endfacet
  facet normal -0 0 1
    outer loop
      vertex 59.6713 2.42868 2
      vertex 60.1263 -1.21994 2
      vertex 59.9301 2.72372 2
    endloop
  endfacet
  facet normal 0 0 1
    outer loop
      vertex 60.1263 -1.21994 2
      vertex 59.6713 2.42868 2
      vertex 59.8 -1.00192 2
    endloop
  endfacet
  facet normal -0 0 1
    outer loop
      vertex 59.3763 2.16994 2
      vertex 59.8 -1.00192 2
      vertex 59.6713 2.42868 2
    endloop
  endfacet
  facet normal 0 0 1
    outer loop
      vertex 59.8 -1.00192 2
      vertex 59.3763 2.16994 2
      vertex 59.7 -0.95261 2
    endloop
  endfacet
  facet normal -0 0 1
    outer loop
      vertex 59.05 1.95192 2
      vertex 59.7 -0.95261 2
      vertex 59.3763 2.16994 2
    endloop
  endfacet
  facet normal -0 0 1
    outer loop
      vertex 58.698 1.77836 2
      vertex 59.7 -0.95261 2
      vertex 59.05 1.95192 2
    endloop
  endfacet
  facet normal -0 0 1
    outer loop
      vertex 58.3265 1.65222 2
      vertex 59.7 -0.95261 2
      vertex 58.698 1.77836 2
    endloop
  endfacet
  facet normal -0 0 1
    outer loop
      vertex 57.9416 1.57567 2
      vertex 59.7 -0.95261 2
      vertex 58.3265 1.65222 2
    endloop
  endfacet
  facet normal -0 0 1
    outer loop
      vertex 57.55 1.55 2
      vertex 59.7 -0.95261 2
      vertex 57.9416 1.57567 2
    endloop
  endfacet
  facet normal 0 0 1
    outer loop
      vertex 57.1584 1.57567 2
      vertex 59.7 -0.95261 2
      vertex 57.55 1.55 2
    endloop
  endfacet
  facet normal 0 0 1
    outer loop
      vertex 59.7 -0.95261 2
      vertex 57.1584 1.57567 2
      vertex 55.6526 -5 2
    endloop
  endfacet
  facet normal 0 0 1
    outer loop
      vertex 55.6526 -5 2
      vertex 57.1584 1.57567 2
      vertex 56.7735 1.65222 2
    endloop
  endfacet
  facet normal 0 0 1
    outer loop
      vertex 55.6526 -5 2
      vertex 56.7735 1.65222 2
      vertex 56.402 1.77836 2
    endloop
  endfacet
  facet normal 0 0 1
    outer loop
      vertex 55.6526 -5 2
      vertex 56.402 1.77836 2
      vertex 56.05 1.95192 2
    endloop
  endfacet
  facet normal 0 0 1
    outer loop
      vertex 55.6526 -5 2
      vertex 56.05 1.95192 2
      vertex 55.7237 2.16994 2
    endloop
  endfacet
  facet normal 0 0 1
    outer loop
      vertex 59.7 -0.95261 2
      vertex 55.6526 -5 2
      vertex 59.7 -5 2
    endloop
  endfacet
  facet normal 0 -0 1
    outer loop
      vertex 55.6526 -5 2
      vertex 55.7237 2.16994 2
      vertex 55.4287 2.42868 2
    endloop
  endfacet
  facet normal 0 1 -0
    outer loop
      vertex 61.7 -7 2
      vertex -6.6 -7 22.6
      vertex 61.7 -7 22.6
    endloop
  endfacet
  facet normal 0 1 0
    outer loop
      vertex -6.6 -7 22.6
      vertex 61.7 -7 2
      vertex -6.6 -7 2
    endloop
  endfacet
  facet normal 1 -0 0
    outer loop
      vertex 9.55 38.8 21.5
      vertex 9.55 40.8 15.5
      vertex 9.55 40.8 21.5
    endloop
  endfacet
  facet normal 1 0 0
    outer loop
      vertex 9.55 40.8 15.5
      vertex 9.55 38.8 21.5
      vertex 9.55 38.8 15.5
    endloop
  endfacet
  facet normal 0 0 -1
    outer loop
      vertex 9.55 38.8 21.5
      vertex 24.55 40.8 21.5
      vertex 24.55 38.8 21.5
    endloop
  endfacet
  facet normal -0 0 -1
    outer loop
      vertex 24.55 40.8 21.5
      vertex 9.55 38.8 21.5
      vertex 9.55 40.8 21.5
    endloop
  endfacet
  facet normal -1 0 0
    outer loop
      vertex 24.55 38.8 15.5
      vertex 24.55 40.8 21.5
      vertex 24.55 40.8 15.5
    endloop
  endfacet
  facet normal -1 -0 0
    outer loop
      vertex 24.55 40.8 21.5
      vertex 24.55 38.8 15.5
      vertex 24.55 38.8 21.5
    endloop
  endfacet
  facet normal -0 0 1
    outer loop
      vertex 9.55 40.8 15.5
      vertex 24.55 38.8 15.5
      vertex 24.55 40.8 15.5
    endloop
  endfacet
  facet normal 0 0 1
    outer loop
      vertex 24.55 38.8 15.5
      vertex 9.55 40.8 15.5
      vertex 9.55 38.8 15.5
    endloop
  endfacet
  facet normal 0.659392 0.751799 -0
    outer loop
      vertex 59.6713 6.67132 2
      vertex 59.3763 6.93006 6
      vertex 59.6713 6.67132 6
    endloop
  endfacet
  facet normal 0.659392 0.751799 0
    outer loop
      vertex 59.3763 6.93006 6
      vertex 59.6713 6.67132 2
      vertex 59.3763 6.93006 2
    endloop
  endfacet
  facet normal -0.321514 -0.946905 0
    outer loop
      vertex 56.402 1.77836 2
      vertex 56.7735 1.65222 6
      vertex 56.402 1.77836 6
    endloop
  endfacet
  facet normal -0.321514 -0.946905 -0
    outer loop
      vertex 56.7735 1.65222 6
      vertex 56.402 1.77836 2
      vertex 56.7735 1.65222 2
    endloop
  endfacet
  facet normal -0.321514 0.946905 0
    outer loop
      vertex 56.7735 7.44778 2
      vertex 56.402 7.32164 6
      vertex 56.7735 7.44778 6
    endloop
  endfacet
  facet normal -0.321514 0.946905 0
    outer loop
      vertex 56.402 7.32164 6
      vertex 56.7735 7.44778 2
      vertex 56.402 7.32164 2
    endloop
  endfacet
  facet normal -0.896936 0.44216 0
    outer loop
      vertex 54.7784 5.69805 2
      vertex 54.9519 6.05 6
      vertex 54.9519 6.05 2
    endloop
  endfacet
  facet normal -0.896936 0.44216 0
    outer loop
      vertex 54.9519 6.05 6
      vertex 54.7784 5.69805 2
      vertex 54.7784 5.69805 6
    endloop
  endfacet
  facet normal 0.896936 0.44216 0
    outer loop
      vertex 60.3216 5.69805 6
      vertex 60.1481 6.05 2
      vertex 60.1481 6.05 6
    endloop
  endfacet
  facet normal 0.896936 0.44216 0
    outer loop
      vertex 60.1481 6.05 2
      vertex 60.3216 5.69805 6
      vertex 60.3216 5.69805 2
    endloop
  endfacet
  facet normal 0.980813 0.19495 0
    outer loop
      vertex 60.5243 4.94158 6
      vertex 60.4478 5.32646 2
      vertex 60.4478 5.32646 6
    endloop
  endfacet
  facet normal 0.980813 0.19495 0
    outer loop
      vertex 60.4478 5.32646 2
      vertex 60.5243 4.94158 6
      vertex 60.5243 4.94158 2
    endloop
  endfacet
  facet normal 0.831485 0.555547 0
    outer loop
      vertex 60.1481 6.05 6
      vertex 59.9301 6.37628 2
      vertex 59.9301 6.37628 6
    endloop
  endfacet
  facet normal 0.831485 0.555547 0
    outer loop
      vertex 59.9301 6.37628 2
      vertex 60.1481 6.05 6
      vertex 60.1481 6.05 2
    endloop
  endfacet
  facet normal 0.751768 0.659428 0
    outer loop
      vertex 59.9301 6.37628 6
      vertex 59.6713 6.67132 2
      vertex 59.6713 6.67132 6
    endloop
  endfacet
  facet normal 0.751768 0.659428 0
    outer loop
      vertex 59.6713 6.67132 2
      vertex 59.9301 6.37628 6
      vertex 59.9301 6.37628 2
    endloop
  endfacet
  facet normal 0.442233 0.8969 -0
    outer loop
      vertex 59.05 7.14808 2
      vertex 58.698 7.32164 6
      vertex 59.05 7.14808 6
    endloop
  endfacet
  facet normal 0.442233 0.8969 0
    outer loop
      vertex 58.698 7.32164 6
      vertex 59.05 7.14808 2
      vertex 58.698 7.32164 2
    endloop
  endfacet
  facet normal 0.195062 0.980791 -0
    outer loop
      vertex 58.3265 7.44778 2
      vertex 57.9416 7.52433 6
      vertex 58.3265 7.44778 6
    endloop
  endfacet
  facet normal 0.195062 0.980791 0
    outer loop
      vertex 57.9416 7.52433 6
      vertex 58.3265 7.44778 2
      vertex 57.9416 7.52433 2
    endloop
  endfacet
  facet normal -0.980813 0.19495 0
    outer loop
      vertex 54.5757 4.94158 2
      vertex 54.6522 5.32646 6
      vertex 54.6522 5.32646 2
    endloop
  endfacet
  facet normal -0.980813 0.19495 0
    outer loop
      vertex 54.6522 5.32646 6
      vertex 54.5757 4.94158 2
      vertex 54.5757 4.94158 6
    endloop
  endfacet
  facet normal -0.751768 0.659428 0
    outer loop
      vertex 55.1699 6.37628 2
      vertex 55.4287 6.67132 6
      vertex 55.4287 6.67132 2
    endloop
  endfacet
  facet normal -0.751768 0.659428 0
    outer loop
      vertex 55.4287 6.67132 6
      vertex 55.1699 6.37628 2
      vertex 55.1699 6.37628 6
    endloop
  endfacet
  facet normal -0.442233 0.8969 0
    outer loop
      vertex 56.402 7.32164 2
      vertex 56.05 7.14808 6
      vertex 56.402 7.32164 6
    endloop
  endfacet
  facet normal -0.442233 0.8969 0
    outer loop
      vertex 56.05 7.14808 6
      vertex 56.402 7.32164 2
      vertex 56.05 7.14808 2
    endloop
  endfacet
  facet normal -0.195062 0.980791 0
    outer loop
      vertex 57.1584 7.52433 2
      vertex 56.7735 7.44778 6
      vertex 57.1584 7.52433 6
    endloop
  endfacet
  facet normal -0.195062 0.980791 0
    outer loop
      vertex 56.7735 7.44778 6
      vertex 57.1584 7.52433 2
      vertex 56.7735 7.44778 2
    endloop
  endfacet
  facet normal 0.997853 -0.0654906 0
    outer loop
      vertex 60.5243 4.15842 6
      vertex 60.55 4.55 2
      vertex 60.55 4.55 6
    endloop
  endfacet
  facet normal 0.997853 -0.0654906 0
    outer loop
      vertex 60.55 4.55 2
      vertex 60.5243 4.15842 6
      vertex 60.5243 4.15842 2
    endloop
  endfacet
  facet normal 0.321514 -0.946905 0
    outer loop
      vertex 58.3265 1.65222 2
      vertex 58.698 1.77836 6
      vertex 58.3265 1.65222 6
    endloop
  endfacet
  facet normal 0.321514 -0.946905 0
    outer loop
      vertex 58.698 1.77836 6
      vertex 58.3265 1.65222 2
      vertex 58.698 1.77836 2
    endloop
  endfacet
  facet normal 0.442233 -0.8969 0
    outer loop
      vertex 58.698 1.77836 2
      vertex 59.05 1.95192 6
      vertex 58.698 1.77836 6
    endloop
  endfacet
  facet normal 0.442233 -0.8969 0
    outer loop
      vertex 59.05 1.95192 6
      vertex 58.698 1.77836 2
      vertex 59.05 1.95192 2
    endloop
  endfacet
  facet normal 0.751768 -0.659428 0
    outer loop
      vertex 59.6713 2.42868 6
      vertex 59.9301 2.72372 2
      vertex 59.9301 2.72372 6
    endloop
  endfacet
  facet normal 0.751768 -0.659428 0
    outer loop
      vertex 59.9301 2.72372 2
      vertex 59.6713 2.42868 6
      vertex 59.6713 2.42868 2
    endloop
  endfacet
  facet normal -0.195062 -0.980791 0
    outer loop
      vertex 56.7735 1.65222 2
      vertex 57.1584 1.57567 6
      vertex 56.7735 1.65222 6
    endloop
  endfacet
  facet normal -0.195062 -0.980791 -0
    outer loop
      vertex 57.1584 1.57567 6
      vertex 56.7735 1.65222 2
      vertex 57.1584 1.57567 2
    endloop
  endfacet
  facet normal -0.659392 -0.751799 0
    outer loop
      vertex 55.4287 2.42868 2
      vertex 55.7237 2.16994 6
      vertex 55.4287 2.42868 6
    endloop
  endfacet
  facet normal -0.659392 -0.751799 -0
    outer loop
      vertex 55.7237 2.16994 6
      vertex 55.4287 2.42868 2
      vertex 55.7237 2.16994 2
    endloop
  endfacet
  facet normal -0.896936 -0.44216 0
    outer loop
      vertex 54.9519 3.05 2
      vertex 54.7784 3.40195 6
      vertex 54.7784 3.40195 2
    endloop
  endfacet
  facet normal -0.896936 -0.44216 0
    outer loop
      vertex 54.7784 3.40195 6
      vertex 54.9519 3.05 2
      vertex 54.9519 3.05 6
    endloop
  endfacet
  facet normal 0.946882 0.321582 0
    outer loop
      vertex 60.4478 5.32646 6
      vertex 60.3216 5.69805 2
      vertex 60.3216 5.69805 6
    endloop
  endfacet
  facet normal 0.946882 0.321582 0
    outer loop
      vertex 60.3216 5.69805 2
      vertex 60.4478 5.32646 6
      vertex 60.4478 5.32646 2
    endloop
  endfacet
  facet normal 0.555558 0.831477 -0
    outer loop
      vertex 59.3763 6.93006 2
      vertex 59.05 7.14808 6
      vertex 59.3763 6.93006 6
    endloop
  endfacet
  facet normal 0.555558 0.831477 0
    outer loop
      vertex 59.05 7.14808 6
      vertex 59.3763 6.93006 2
      vertex 59.05 7.14808 2
    endloop
  endfacet
  facet normal 0.0654112 0.997858 -0
    outer loop
      vertex 57.9416 7.52433 2
      vertex 57.55 7.55 6
      vertex 57.9416 7.52433 6
    endloop
  endfacet
  facet normal 0.0654112 0.997858 0
    outer loop
      vertex 57.55 7.55 6
      vertex 57.9416 7.52433 2
      vertex 57.55 7.55 2
    endloop
  endfacet
  facet normal 0.321514 0.946905 -0
    outer loop
      vertex 58.698 7.32164 2
      vertex 58.3265 7.44778 6
      vertex 58.698 7.32164 6
    endloop
  endfacet
  facet normal 0.321514 0.946905 0
    outer loop
      vertex 58.3265 7.44778 6
      vertex 58.698 7.32164 2
      vertex 58.3265 7.44778 2
    endloop
  endfacet
  facet normal -0.997853 0.0654906 0
    outer loop
      vertex 54.55 4.55 2
      vertex 54.5757 4.94158 6
      vertex 54.5757 4.94158 2
    endloop
  endfacet
  facet normal -0.997853 0.0654906 0
    outer loop
      vertex 54.5757 4.94158 6
      vertex 54.55 4.55 2
      vertex 54.55 4.55 6
    endloop
  endfacet
  facet normal 0 0 1
    outer loop
      vertex 58.8 4.55 6
      vertex 60.55 4.55 6
      vertex 60.5243 4.94158 6
    endloop
  endfacet
  facet normal 0 0 1
    outer loop
      vertex 58.7893 4.71316 6
      vertex 60.5243 4.94158 6
      vertex 60.4478 5.32646 6
    endloop
  endfacet
  facet normal 0 0 1
    outer loop
      vertex 60.55 4.55 6
      vertex 58.8 4.55 6
      vertex 60.5243 4.15842 6
    endloop
  endfacet
  facet normal 0 0 1
    outer loop
      vertex 58.7574 4.87352 6
      vertex 60.4478 5.32646 6
      vertex 60.3216 5.69805 6
    endloop
  endfacet
  facet normal -0 0 1
    outer loop
      vertex 58.7893 4.38684 6
      vertex 60.5243 4.15842 6
      vertex 58.8 4.55 6
    endloop
  endfacet
  facet normal 0 0 1
    outer loop
      vertex 58.7048 5.02835 6
      vertex 60.3216 5.69805 6
      vertex 60.1481 6.05 6
    endloop
  endfacet
  facet normal 0 0 1
    outer loop
      vertex 60.5243 4.15842 6
      vertex 58.7893 4.38684 6
      vertex 60.4478 3.77354 6
    endloop
  endfacet
  facet normal 0 0 1
    outer loop
      vertex 58.6325 5.175 6
      vertex 60.1481 6.05 6
      vertex 59.9301 6.37628 6
    endloop
  endfacet
  facet normal -0 0 1
    outer loop
      vertex 58.7574 4.22648 6
      vertex 60.4478 3.77354 6
      vertex 58.7893 4.38684 6
    endloop
  endfacet
  facet normal 0 0 1
    outer loop
      vertex 58.5417 5.31095 6
      vertex 59.9301 6.37628 6
      vertex 59.6713 6.67132 6
    endloop
  endfacet
  facet normal 0 0 1
    outer loop
      vertex 60.4478 3.77354 6
      vertex 58.7574 4.22648 6
      vertex 60.3216 3.40195 6
    endloop
  endfacet
  facet normal 0 0 1
    outer loop
      vertex 58.4339 5.43388 6
      vertex 59.6713 6.67132 6
      vertex 59.3763 6.93006 6
    endloop
  endfacet
  facet normal -0 0 1
    outer loop
      vertex 58.7048 4.07165 6
      vertex 60.3216 3.40195 6
      vertex 58.7574 4.22648 6
    endloop
  endfacet
  facet normal 0 0 1
    outer loop
      vertex 58.311 5.54169 6
      vertex 59.3763 6.93006 6
      vertex 59.05 7.14808 6
    endloop
  endfacet
  facet normal 0 0 1
    outer loop
      vertex 60.3216 3.40195 6
      vertex 58.7048 4.07165 6
      vertex 60.1481 3.05 6
    endloop
  endfacet
  facet normal -0 0 1
    outer loop
      vertex 58.6325 3.925 6
      vertex 60.1481 3.05 6
      vertex 58.7048 4.07165 6
    endloop
  endfacet
  facet normal 0 0 1
    outer loop
      vertex 60.5243 4.94158 6
      vertex 58.7893 4.71316 6
      vertex 58.8 4.55 6
    endloop
  endfacet
  facet normal 0 0 1
    outer loop
      vertex 60.4478 5.32646 6
      vertex 58.7574 4.87352 6
      vertex 58.7893 4.71316 6
    endloop
  endfacet
  facet normal 0 0 1
    outer loop
      vertex 60.3216 5.69805 6
      vertex 58.7048 5.02835 6
      vertex 58.7574 4.87352 6
    endloop
  endfacet
  facet normal 0 0 1
    outer loop
      vertex 58.175 5.63253 6
      vertex 59.05 7.14808 6
      vertex 58.698 7.32164 6
    endloop
  endfacet
  facet normal 0 0 1
    outer loop
      vertex 60.1481 6.05 6
      vertex 58.6325 5.175 6
      vertex 58.7048 5.02835 6
    endloop
  endfacet
  facet normal 0 0 1
    outer loop
      vertex 59.9301 6.37628 6
      vertex 58.5417 5.31095 6
      vertex 58.6325 5.175 6
    endloop
  endfacet
  facet normal 0 0 1
    outer loop
      vertex 59.6713 6.67132 6
      vertex 58.4339 5.43388 6
      vertex 58.5417 5.31095 6
    endloop
  endfacet
  facet normal 0 0 1
    outer loop
      vertex 58.0284 5.70485 6
      vertex 58.698 7.32164 6
      vertex 58.3265 7.44778 6
    endloop
  endfacet
  facet normal 0 0 1
    outer loop
      vertex 59.3763 6.93006 6
      vertex 58.311 5.54169 6
      vertex 58.4339 5.43388 6
    endloop
  endfacet
  facet normal 0 0 1
    outer loop
      vertex 59.05 7.14808 6
      vertex 58.175 5.63253 6
      vertex 58.311 5.54169 6
    endloop
  endfacet
  facet normal 0 0 1
    outer loop
      vertex 58.698 7.32164 6
      vertex 58.0284 5.70485 6
      vertex 58.175 5.63253 6
    endloop
  endfacet
  facet normal 0 0 1
    outer loop
      vertex 57.8735 5.75741 6
      vertex 58.3265 7.44778 6
      vertex 57.9416 7.52433 6
    endloop
  endfacet
  facet normal 0 0 1
    outer loop
      vertex 58.3265 7.44778 6
      vertex 57.8735 5.75741 6
      vertex 58.0284 5.70485 6
    endloop
  endfacet
  facet normal 0 0 1
    outer loop
      vertex 57.9416 7.52433 6
      vertex 57.7132 5.78931 6
      vertex 57.8735 5.75741 6
    endloop
  endfacet
  facet normal 0 0 1
    outer loop
      vertex 57.55 7.55 6
      vertex 57.7132 5.78931 6
      vertex 57.9416 7.52433 6
    endloop
  endfacet
  facet normal 0 0 1
    outer loop
      vertex 57.55 7.55 6
      vertex 57.55 5.8 6
      vertex 57.7132 5.78931 6
    endloop
  endfacet
  facet normal 0 0 1
    outer loop
      vertex 57.55 7.55 6
      vertex 57.3868 5.78931 6
      vertex 57.55 5.8 6
    endloop
  endfacet
  facet normal -0 0 1
    outer loop
      vertex 57.1584 7.52433 6
      vertex 57.3868 5.78931 6
      vertex 57.55 7.55 6
    endloop
  endfacet
  facet normal 0 0 1
    outer loop
      vertex 57.3868 5.78931 6
      vertex 57.1584 7.52433 6
      vertex 57.2265 5.75741 6
    endloop
  endfacet
  facet normal -0 0 1
    outer loop
      vertex 56.7735 7.44778 6
      vertex 57.2265 5.75741 6
      vertex 57.1584 7.52433 6
    endloop
  endfacet
  facet normal 0 0 1
    outer loop
      vertex 57.2265 5.75741 6
      vertex 56.7735 7.44778 6
      vertex 57.0716 5.70485 6
    endloop
  endfacet
  facet normal -0 0 1
    outer loop
      vertex 56.402 7.32164 6
      vertex 57.0716 5.70485 6
      vertex 56.7735 7.44778 6
    endloop
  endfacet
  facet normal 0 0 1
    outer loop
      vertex 57.0716 5.70485 6
      vertex 56.402 7.32164 6
      vertex 56.925 5.63253 6
    endloop
  endfacet
  facet normal -0 0 1
    outer loop
      vertex 56.05 7.14808 6
      vertex 56.925 5.63253 6
      vertex 56.402 7.32164 6
    endloop
  endfacet
  facet normal 0 0 1
    outer loop
      vertex 56.925 5.63253 6
      vertex 56.05 7.14808 6
      vertex 56.789 5.54169 6
    endloop
  endfacet
  facet normal -0 0 1
    outer loop
      vertex 55.7237 6.93006 6
      vertex 56.789 5.54169 6
      vertex 56.05 7.14808 6
    endloop
  endfacet
  facet normal 0 0 1
    outer loop
      vertex 56.789 5.54169 6
      vertex 55.7237 6.93006 6
      vertex 56.6661 5.43388 6
    endloop
  endfacet
  facet normal -0 0 1
    outer loop
      vertex 55.4287 6.67132 6
      vertex 56.6661 5.43388 6
      vertex 55.7237 6.93006 6
    endloop
  endfacet
  facet normal 0 0 1
    outer loop
      vertex 56.6661 5.43388 6
      vertex 55.4287 6.67132 6
      vertex 56.5583 5.31095 6
    endloop
  endfacet
  facet normal -0 0 1
    outer loop
      vertex 55.1699 6.37628 6
      vertex 56.5583 5.31095 6
      vertex 55.4287 6.67132 6
    endloop
  endfacet
  facet normal 0 0 1
    outer loop
      vertex 56.5583 5.31095 6
      vertex 55.1699 6.37628 6
      vertex 56.4675 5.175 6
    endloop
  endfacet
  facet normal -0 0 1
    outer loop
      vertex 54.9519 6.05 6
      vertex 56.4675 5.175 6
      vertex 55.1699 6.37628 6
    endloop
  endfacet
  facet normal 0 0 1
    outer loop
      vertex 60.1481 3.05 6
      vertex 58.6325 3.925 6
      vertex 59.9301 2.72372 6
    endloop
  endfacet
  facet normal -0 0 1
    outer loop
      vertex 58.5417 3.78905 6
      vertex 59.9301 2.72372 6
      vertex 58.6325 3.925 6
    endloop
  endfacet
  facet normal 0 0 1
    outer loop
      vertex 59.9301 2.72372 6
      vertex 58.5417 3.78905 6
      vertex 59.6713 2.42868 6
    endloop
  endfacet
  facet normal -0 0 1
    outer loop
      vertex 58.4339 3.66612 6
      vertex 59.6713 2.42868 6
      vertex 58.5417 3.78905 6
    endloop
  endfacet
  facet normal 0 0 1
    outer loop
      vertex 59.6713 2.42868 6
      vertex 58.4339 3.66612 6
      vertex 59.3763 2.16994 6
    endloop
  endfacet
  facet normal -0 0 1
    outer loop
      vertex 58.311 3.55831 6
      vertex 59.3763 2.16994 6
      vertex 58.4339 3.66612 6
    endloop
  endfacet
  facet normal 0 0 1
    outer loop
      vertex 59.3763 2.16994 6
      vertex 58.311 3.55831 6
      vertex 59.05 1.95192 6
    endloop
  endfacet
  facet normal -0 0 1
    outer loop
      vertex 58.175 3.46747 6
      vertex 59.05 1.95192 6
      vertex 58.311 3.55831 6
    endloop
  endfacet
  facet normal 0 0 1
    outer loop
      vertex 59.05 1.95192 6
      vertex 58.175 3.46747 6
      vertex 58.698 1.77836 6
    endloop
  endfacet
  facet normal -0 0 1
    outer loop
      vertex 58.0284 3.39515 6
      vertex 58.698 1.77836 6
      vertex 58.175 3.46747 6
    endloop
  endfacet
  facet normal 0 0 1
    outer loop
      vertex 58.698 1.77836 6
      vertex 58.0284 3.39515 6
      vertex 58.3265 1.65222 6
    endloop
  endfacet
  facet normal -0 0 1
    outer loop
      vertex 57.8735 3.34259 6
      vertex 58.3265 1.65222 6
      vertex 58.0284 3.39515 6
    endloop
  endfacet
  facet normal 0 0 1
    outer loop
      vertex 58.3265 1.65222 6
      vertex 57.8735 3.34259 6
      vertex 57.9416 1.57567 6
    endloop
  endfacet
  facet normal -0 0 1
    outer loop
      vertex 57.7132 3.31069 6
      vertex 57.9416 1.57567 6
      vertex 57.8735 3.34259 6
    endloop
  endfacet
  facet normal -0 0 1
    outer loop
      vertex 57.55 3.3 6
      vertex 57.9416 1.57567 6
      vertex 57.7132 3.31069 6
    endloop
  endfacet
  facet normal 0 0 1
    outer loop
      vertex 57.55 3.3 6
      vertex 57.55 1.55 6
      vertex 57.9416 1.57567 6
    endloop
  endfacet
  facet normal 0 0 1
    outer loop
      vertex 57.3868 3.31069 6
      vertex 57.55 1.55 6
      vertex 57.55 3.3 6
    endloop
  endfacet
  facet normal 0 0 1
    outer loop
      vertex 57.1584 1.57567 6
      vertex 57.3868 3.31069 6
      vertex 57.2265 3.34259 6
    endloop
  endfacet
  facet normal 0 0 1
    outer loop
      vertex 57.3868 3.31069 6
      vertex 57.1584 1.57567 6
      vertex 57.55 1.55 6
    endloop
  endfacet
  facet normal 0 0 1
    outer loop
      vertex 56.7735 1.65222 6
      vertex 57.2265 3.34259 6
      vertex 57.0716 3.39515 6
    endloop
  endfacet
  facet normal 0 0 1
    outer loop
      vertex 56.402 1.77836 6
      vertex 57.0716 3.39515 6
      vertex 56.925 3.46747 6
    endloop
  endfacet
  facet normal 0 0 1
    outer loop
      vertex 56.05 1.95192 6
      vertex 56.925 3.46747 6
      vertex 56.789 3.55831 6
    endloop
  endfacet
  facet normal 0 0 1
    outer loop
      vertex 57.2265 3.34259 6
      vertex 56.7735 1.65222 6
      vertex 57.1584 1.57567 6
    endloop
  endfacet
  facet normal 0 0 1
    outer loop
      vertex 55.7237 2.16994 6
      vertex 56.789 3.55831 6
      vertex 56.6661 3.66612 6
    endloop
  endfacet
  facet normal 0 0 1
    outer loop
      vertex 55.4287 2.42868 6
      vertex 56.6661 3.66612 6
      vertex 56.5583 3.78905 6
    endloop
  endfacet
  facet normal 0 0 1
    outer loop
      vertex 55.1699 2.72372 6
      vertex 56.5583 3.78905 6
      vertex 56.4675 3.925 6
    endloop
  endfacet
  facet normal 0 0 1
    outer loop
      vertex 57.0716 3.39515 6
      vertex 56.402 1.77836 6
      vertex 56.7735 1.65222 6
    endloop
  endfacet
  facet normal 0 0 1
    outer loop
      vertex 54.9519 3.05 6
      vertex 56.4675 3.925 6
      vertex 56.3951 4.07165 6
    endloop
  endfacet
  facet normal 0 0 1
    outer loop
      vertex 54.7784 3.40195 6
      vertex 56.3951 4.07165 6
      vertex 56.3426 4.22648 6
    endloop
  endfacet
  facet normal 0 0 1
    outer loop
      vertex 54.6522 3.77354 6
      vertex 56.3426 4.22648 6
      vertex 56.3107 4.38684 6
    endloop
  endfacet
  facet normal 0 0 1
    outer loop
      vertex 54.5757 4.15842 6
      vertex 56.3107 4.38684 6
      vertex 56.3 4.55 6
    endloop
  endfacet
  facet normal 0 0 1
    outer loop
      vertex 56.4675 5.175 6
      vertex 54.9519 6.05 6
      vertex 56.3951 5.02835 6
    endloop
  endfacet
  facet normal 0 0 1
    outer loop
      vertex 56.925 3.46747 6
      vertex 56.05 1.95192 6
      vertex 56.402 1.77836 6
    endloop
  endfacet
  facet normal -0 0 1
    outer loop
      vertex 54.7784 5.69805 6
      vertex 56.3951 5.02835 6
      vertex 54.9519 6.05 6
    endloop
  endfacet
  facet normal 0 0 1
    outer loop
      vertex 56.789 3.55831 6
      vertex 55.7237 2.16994 6
      vertex 56.05 1.95192 6
    endloop
  endfacet
  facet normal 0 0 1
    outer loop
      vertex 56.3951 5.02835 6
      vertex 54.7784 5.69805 6
      vertex 56.3426 4.87352 6
    endloop
  endfacet
  facet normal 0 0 1
    outer loop
      vertex 56.6661 3.66612 6
      vertex 55.4287 2.42868 6
      vertex 55.7237 2.16994 6
    endloop
  endfacet
  facet normal -0 0 1
    outer loop
      vertex 54.6522 5.32646 6
      vertex 56.3426 4.87352 6
      vertex 54.7784 5.69805 6
    endloop
  endfacet
  facet normal 0 0 1
    outer loop
      vertex 56.5583 3.78905 6
      vertex 55.1699 2.72372 6
      vertex 55.4287 2.42868 6
    endloop
  endfacet
  facet normal 0 0 1
    outer loop
      vertex 56.3426 4.87352 6
      vertex 54.6522 5.32646 6
      vertex 56.3107 4.71316 6
    endloop
  endfacet
  facet normal 0 0 1
    outer loop
      vertex 56.4675 3.925 6
      vertex 54.9519 3.05 6
      vertex 55.1699 2.72372 6
    endloop
  endfacet
  facet normal -0 0 1
    outer loop
      vertex 54.5757 4.94158 6
      vertex 56.3107 4.71316 6
      vertex 54.6522 5.32646 6
    endloop
  endfacet
  facet normal 0 0 1
    outer loop
      vertex 56.3951 4.07165 6
      vertex 54.7784 3.40195 6
      vertex 54.9519 3.05 6
    endloop
  endfacet
  facet normal 0 0 1
    outer loop
      vertex 56.3107 4.71316 6
      vertex 54.5757 4.94158 6
      vertex 56.3 4.55 6
    endloop
  endfacet
  facet normal 0 0 1
    outer loop
      vertex 56.3426 4.22648 6
      vertex 54.6522 3.77354 6
      vertex 54.7784 3.40195 6
    endloop
  endfacet
  facet normal 0 0 1
    outer loop
      vertex 54.55 4.55 6
      vertex 56.3 4.55 6
      vertex 54.5757 4.94158 6
    endloop
  endfacet
  facet normal 0 0 1
    outer loop
      vertex 56.3107 4.38684 6
      vertex 54.5757 4.15842 6
      vertex 54.6522 3.77354 6
    endloop
  endfacet
  facet normal 0 0 1
    outer loop
      vertex 56.3 4.55 6
      vertex 54.55 4.55 6
      vertex 54.5757 4.15842 6
    endloop
  endfacet
  facet normal -0.946882 0.321582 0
    outer loop
      vertex 54.6522 5.32646 2
      vertex 54.7784 5.69805 6
      vertex 54.7784 5.69805 2
    endloop
  endfacet
  facet normal -0.946882 0.321582 0
    outer loop
      vertex 54.7784 5.69805 6
      vertex 54.6522 5.32646 2
      vertex 54.6522 5.32646 6
    endloop
  endfacet
  facet normal -0.831485 0.555547 0
    outer loop
      vertex 54.9519 6.05 2
      vertex 55.1699 6.37628 6
      vertex 55.1699 6.37628 2
    endloop
  endfacet
  facet normal -0.831485 0.555547 0
    outer loop
      vertex 55.1699 6.37628 6
      vertex 54.9519 6.05 2
      vertex 54.9519 6.05 6
    endloop
  endfacet
  facet normal -0.0654112 0.997858 0
    outer loop
      vertex 57.55 7.55 2
      vertex 57.1584 7.52433 6
      vertex 57.55 7.55 6
    endloop
  endfacet
  facet normal -0.0654112 0.997858 0
    outer loop
      vertex 57.1584 7.52433 6
      vertex 57.55 7.55 2
      vertex 57.1584 7.52433 2
    endloop
  endfacet
  facet normal -0.555558 0.831477 0
    outer loop
      vertex 56.05 7.14808 2
      vertex 55.7237 6.93006 6
      vertex 56.05 7.14808 6
    endloop
  endfacet
  facet normal -0.555558 0.831477 0
    outer loop
      vertex 55.7237 6.93006 6
      vertex 56.05 7.14808 2
      vertex 55.7237 6.93006 2
    endloop
  endfacet
  facet normal -0.659392 0.751799 0
    outer loop
      vertex 55.7237 6.93006 2
      vertex 55.4287 6.67132 6
      vertex 55.7237 6.93006 6
    endloop
  endfacet
  facet normal -0.659392 0.751799 0
    outer loop
      vertex 55.4287 6.67132 6
      vertex 55.7237 6.93006 2
      vertex 55.4287 6.67132 2
    endloop
  endfacet
  facet normal 0.997853 0.0654906 0
    outer loop
      vertex 60.55 4.55 6
      vertex 60.5243 4.94158 2
      vertex 60.5243 4.94158 6
    endloop
  endfacet
  facet normal 0.997853 0.0654906 0
    outer loop
      vertex 60.5243 4.94158 2
      vertex 60.55 4.55 6
      vertex 60.55 4.55 2
    endloop
  endfacet
  facet normal 0.0654112 -0.997858 0
    outer loop
      vertex 57.55 1.55 2
      vertex 57.9416 1.57567 6
      vertex 57.55 1.55 6
    endloop
  endfacet
  facet normal 0.0654112 -0.997858 0
    outer loop
      vertex 57.9416 1.57567 6
      vertex 57.55 1.55 2
      vertex 57.9416 1.57567 2
    endloop
  endfacet
  facet normal 0.946882 -0.321582 0
    outer loop
      vertex 60.3216 3.40195 6
      vertex 60.4478 3.77354 2
      vertex 60.4478 3.77354 6
    endloop
  endfacet
  facet normal 0.946882 -0.321582 0
    outer loop
      vertex 60.4478 3.77354 2
      vertex 60.3216 3.40195 6
      vertex 60.3216 3.40195 2
    endloop
  endfacet
  facet normal 0.555558 -0.831477 0
    outer loop
      vertex 59.05 1.95192 2
      vertex 59.3763 2.16994 6
      vertex 59.05 1.95192 6
    endloop
  endfacet
  facet normal 0.555558 -0.831477 0
    outer loop
      vertex 59.3763 2.16994 6
      vertex 59.05 1.95192 2
      vertex 59.3763 2.16994 2
    endloop
  endfacet
  facet normal 0.896936 -0.44216 0
    outer loop
      vertex 60.1481 3.05 6
      vertex 60.3216 3.40195 2
      vertex 60.3216 3.40195 6
    endloop
  endfacet
  facet normal 0.896936 -0.44216 0
    outer loop
      vertex 60.3216 3.40195 2
      vertex 60.1481 3.05 6
      vertex 60.1481 3.05 2
    endloop
  endfacet
  facet normal -0.0654112 -0.997858 0
    outer loop
      vertex 57.1584 1.57567 2
      vertex 57.55 1.55 6
      vertex 57.1584 1.57567 6
    endloop
  endfacet
  facet normal -0.0654112 -0.997858 -0
    outer loop
      vertex 57.55 1.55 6
      vertex 57.1584 1.57567 2
      vertex 57.55 1.55 2
    endloop
  endfacet
  facet normal -0.442233 -0.8969 0
    outer loop
      vertex 56.05 1.95192 2
      vertex 56.402 1.77836 6
      vertex 56.05 1.95192 6
    endloop
  endfacet
  facet normal -0.442233 -0.8969 -0
    outer loop
      vertex 56.402 1.77836 6
      vertex 56.05 1.95192 2
      vertex 56.402 1.77836 2
    endloop
  endfacet
  facet normal -0.946882 -0.321582 0
    outer loop
      vertex 54.7784 3.40195 2
      vertex 54.6522 3.77354 6
      vertex 54.6522 3.77354 2
    endloop
  endfacet
  facet normal -0.946882 -0.321582 0
    outer loop
      vertex 54.6522 3.77354 6
      vertex 54.7784 3.40195 2
      vertex 54.7784 3.40195 6
    endloop
  endfacet
  facet normal -0.997853 -0.0654906 0
    outer loop
      vertex 54.5757 4.15842 2
      vertex 54.55 4.55 6
      vertex 54.55 4.55 2
    endloop
  endfacet
  facet normal -0.997853 -0.0654906 0
    outer loop
      vertex 54.55 4.55 6
      vertex 54.5757 4.15842 2
      vertex 54.5757 4.15842 6
    endloop
  endfacet
  facet normal -0.831485 -0.555547 0
    outer loop
      vertex 55.1699 2.72372 2
      vertex 54.9519 3.05 6
      vertex 54.9519 3.05 2
    endloop
  endfacet
  facet normal -0.831485 -0.555547 0
    outer loop
      vertex 54.9519 3.05 6
      vertex 55.1699 2.72372 2
      vertex 55.1699 2.72372 6
    endloop
  endfacet
  facet normal -0.751768 -0.659428 0
    outer loop
      vertex 55.4287 2.42868 2
      vertex 55.1699 2.72372 6
      vertex 55.1699 2.72372 2
    endloop
  endfacet
  facet normal -0.751768 -0.659428 0
    outer loop
      vertex 55.1699 2.72372 6
      vertex 55.4287 2.42868 2
      vertex 55.4287 2.42868 6
    endloop
  endfacet
  facet normal 0.980813 -0.19495 0
    outer loop
      vertex 60.4478 3.77354 6
      vertex 60.5243 4.15842 2
      vertex 60.5243 4.15842 6
    endloop
  endfacet
  facet normal 0.980813 -0.19495 0
    outer loop
      vertex 60.5243 4.15842 2
      vertex 60.4478 3.77354 6
      vertex 60.4478 3.77354 2
    endloop
  endfacet
  facet normal 0.195062 -0.980791 0
    outer loop
      vertex 57.9416 1.57567 2
      vertex 58.3265 1.65222 6
      vertex 57.9416 1.57567 6
    endloop
  endfacet
  facet normal 0.195062 -0.980791 0
    outer loop
      vertex 58.3265 1.65222 6
      vertex 57.9416 1.57567 2
      vertex 58.3265 1.65222 2
    endloop
  endfacet
  facet normal 0.659392 -0.751799 0
    outer loop
      vertex 59.3763 2.16994 2
      vertex 59.6713 2.42868 6
      vertex 59.3763 2.16994 6
    endloop
  endfacet
  facet normal 0.659392 -0.751799 0
    outer loop
      vertex 59.6713 2.42868 6
      vertex 59.3763 2.16994 2
      vertex 59.6713 2.42868 2
    endloop
  endfacet
  facet normal 0.831485 -0.555547 0
    outer loop
      vertex 59.9301 2.72372 6
      vertex 60.1481 3.05 2
      vertex 60.1481 3.05 6
    endloop
  endfacet
  facet normal 0.831485 -0.555547 0
    outer loop
      vertex 60.1481 3.05 2
      vertex 59.9301 2.72372 6
      vertex 59.9301 2.72372 2
    endloop
  endfacet
  facet normal -0.555558 -0.831477 0
    outer loop
      vertex 55.7237 2.16994 2
      vertex 56.05 1.95192 6
      vertex 55.7237 2.16994 6
    endloop
  endfacet
  facet normal -0.555558 -0.831477 -0
    outer loop
      vertex 56.05 1.95192 6
      vertex 55.7237 2.16994 2
      vertex 56.05 1.95192 2
    endloop
  endfacet
  facet normal -0.980813 -0.19495 0
    outer loop
      vertex 54.6522 3.77354 2
      vertex 54.5757 4.15842 6
      vertex 54.5757 4.15842 2
    endloop
  endfacet
  facet normal -0.980813 -0.19495 0
    outer loop
      vertex 54.5757 4.15842 6
      vertex 54.6522 3.77354 2
      vertex 54.6522 3.77354 6
    endloop
  endfacet
  facet normal -0.659448 -0.75175 0
    outer loop
      vertex 58.311 5.54169 3
      vertex 58.4339 5.43388 6
      vertex 58.311 5.54169 6
    endloop
  endfacet
  facet normal -0.659448 -0.75175 -0
    outer loop
      vertex 58.4339 5.43388 6
      vertex 58.311 5.54169 3
      vertex 58.4339 5.43388 3
    endloop
  endfacet
  facet normal 0.947038 -0.321123 0
    outer loop
      vertex 56.3426 4.87352 6
      vertex 56.3951 5.02835 3
      vertex 56.3951 5.02835 6
    endloop
  endfacet
  facet normal 0.947038 -0.321123 0
    outer loop
      vertex 56.3951 5.02835 3
      vertex 56.3426 4.87352 6
      vertex 56.3426 4.87352 3
    endloop
  endfacet
  facet normal -0.980782 0.195105 0
    outer loop
      vertex 58.7574 4.22648 3
      vertex 58.7893 4.38684 6
      vertex 58.7893 4.38684 3
    endloop
  endfacet
  facet normal -0.980782 0.195105 0
    outer loop
      vertex 58.7893 4.38684 6
      vertex 58.7574 4.22648 3
      vertex 58.7574 4.22648 6
    endloop
  endfacet
  facet normal 0.321322 0.94697 -0
    outer loop
      vertex 57.2265 3.34259 3
      vertex 57.0716 3.39515 6
      vertex 57.2265 3.34259 6
    endloop
  endfacet
  facet normal 0.321322 0.94697 0
    outer loop
      vertex 57.0716 3.39515 6
      vertex 57.2265 3.34259 3
      vertex 57.0716 3.39515 3
    endloop
  endfacet
  facet normal 0.321322 -0.94697 0
    outer loop
      vertex 57.0716 5.70485 3
      vertex 57.2265 5.75741 6
      vertex 57.0716 5.70485 6
    endloop
  endfacet
  facet normal 0.321322 -0.94697 0
    outer loop
      vertex 57.2265 5.75741 6
      vertex 57.0716 5.70485 3
      vertex 57.2265 5.75741 3
    endloop
  endfacet
  facet normal 0.896678 -0.442683 0
    outer loop
      vertex 56.3951 5.02835 6
      vertex 56.4675 5.175 3
      vertex 56.4675 5.175 6
    endloop
  endfacet
  facet normal 0.896678 -0.442683 0
    outer loop
      vertex 56.4675 5.175 3
      vertex 56.3951 5.02835 6
      vertex 56.3951 5.02835 3
    endloop
  endfacet
  facet normal -0.946851 -0.321671 0
    outer loop
      vertex 58.7574 4.87352 3
      vertex 58.7048 5.02835 6
      vertex 58.7048 5.02835 3
    endloop
  endfacet
  facet normal -0.946851 -0.321671 0
    outer loop
      vertex 58.7048 5.02835 6
      vertex 58.7574 4.87352 3
      vertex 58.7574 4.87352 6
    endloop
  endfacet
  facet normal -0.896921 -0.442191 0
    outer loop
      vertex 58.7048 5.02835 3
      vertex 58.6325 5.175 6
      vertex 58.6325 5.175 3
    endloop
  endfacet
  facet normal -0.896921 -0.442191 0
    outer loop
      vertex 58.6325 5.175 6
      vertex 58.7048 5.02835 3
      vertex 58.7048 5.02835 6
    endloop
  endfacet
  facet normal -0.442411 -0.896812 0
    outer loop
      vertex 58.0284 5.70485 3
      vertex 58.175 5.63253 6
      vertex 58.0284 5.70485 6
    endloop
  endfacet
  facet normal -0.442411 -0.896812 -0
    outer loop
      vertex 58.175 5.63253 6
      vertex 58.0284 5.70485 3
      vertex 58.175 5.63253 3
    endloop
  endfacet
  facet normal -0.195175 -0.980768 0
    outer loop
      vertex 57.7132 5.78931 3
      vertex 57.8735 5.75741 6
      vertex 57.7132 5.78931 6
    endloop
  endfacet
  facet normal -0.195175 -0.980768 -0
    outer loop
      vertex 57.8735 5.75741 6
      vertex 57.7132 5.78931 3
      vertex 57.8735 5.75741 3
    endloop
  endfacet
  facet normal 0.980782 -0.195105 0
    outer loop
      vertex 56.3107 4.71316 6
      vertex 56.3426 4.87352 3
      vertex 56.3426 4.87352 6
    endloop
  endfacet
  facet normal 0.980782 -0.195105 0
    outer loop
      vertex 56.3426 4.87352 3
      vertex 56.3107 4.71316 6
      vertex 56.3107 4.71316 3
    endloop
  endfacet
  facet normal 0.75186 -0.659323 0
    outer loop
      vertex 56.5583 5.31095 6
      vertex 56.6661 5.43388 3
      vertex 56.6661 5.43388 6
    endloop
  endfacet
  facet normal 0.75186 -0.659323 0
    outer loop
      vertex 56.6661 5.43388 3
      vertex 56.5583 5.31095 6
      vertex 56.5583 5.31095 3
    endloop
  endfacet
  facet normal 0.442411 -0.896812 0
    outer loop
      vertex 56.925 5.63253 3
      vertex 57.0716 5.70485 6
      vertex 56.925 5.63253 6
    endloop
  endfacet
  facet normal 0.442411 -0.896812 0
    outer loop
      vertex 57.0716 5.70485 6
      vertex 56.925 5.63253 3
      vertex 57.0716 5.70485 3
    endloop
  endfacet
  facet normal 0.195175 -0.980768 0
    outer loop
      vertex 57.2265 5.75741 3
      vertex 57.3868 5.78931 6
      vertex 57.2265 5.75741 6
    endloop
  endfacet
  facet normal 0.195175 -0.980768 0
    outer loop
      vertex 57.3868 5.78931 6
      vertex 57.2265 5.75741 3
      vertex 57.3868 5.78931 3
    endloop
  endfacet
  facet normal -0.997857 -0.0654392 0
    outer loop
      vertex 58.8 4.55 3
      vertex 58.7893 4.71316 6
      vertex 58.7893 4.71316 3
    endloop
  endfacet
  facet normal -0.997857 -0.0654392 0
    outer loop
      vertex 58.7893 4.71316 6
      vertex 58.8 4.55 3
      vertex 58.8 4.55 6
    endloop
  endfacet
  facet normal -0.946851 0.321671 0
    outer loop
      vertex 58.7048 4.07165 3
      vertex 58.7574 4.22648 6
      vertex 58.7574 4.22648 3
    endloop
  endfacet
  facet normal -0.946851 0.321671 0
    outer loop
      vertex 58.7574 4.22648 6
      vertex 58.7048 4.07165 3
      vertex 58.7048 4.07165 6
    endloop
  endfacet
  facet normal -0.321322 0.94697 0
    outer loop
      vertex 58.0284 3.39515 3
      vertex 57.8735 3.34259 6
      vertex 58.0284 3.39515 6
    endloop
  endfacet
  facet normal -0.321322 0.94697 0
    outer loop
      vertex 57.8735 3.34259 6
      vertex 58.0284 3.39515 3
      vertex 57.8735 3.34259 3
    endloop
  endfacet
  facet normal -0.442411 0.896812 0
    outer loop
      vertex 58.175 3.46747 3
      vertex 58.0284 3.39515 6
      vertex 58.175 3.46747 6
    endloop
  endfacet
  facet normal -0.442411 0.896812 0
    outer loop
      vertex 58.0284 3.39515 6
      vertex 58.175 3.46747 3
      vertex 58.0284 3.39515 3
    endloop
  endfacet
  facet normal 0.195175 0.980768 -0
    outer loop
      vertex 57.3868 3.31069 3
      vertex 57.2265 3.34259 6
      vertex 57.3868 3.31069 6
    endloop
  endfacet
  facet normal 0.195175 0.980768 0
    outer loop
      vertex 57.2265 3.34259 6
      vertex 57.3868 3.31069 3
      vertex 57.2265 3.34259 3
    endloop
  endfacet
  facet normal 0.659448 0.75175 -0
    outer loop
      vertex 56.789 3.55831 3
      vertex 56.6661 3.66612 6
      vertex 56.789 3.55831 6
    endloop
  endfacet
  facet normal 0.659448 0.75175 0
    outer loop
      vertex 56.6661 3.66612 6
      vertex 56.789 3.55831 3
      vertex 56.6661 3.66612 3
    endloop
  endfacet
  facet normal 0.896678 0.442683 0
    outer loop
      vertex 56.4675 3.925 6
      vertex 56.3951 4.07165 3
      vertex 56.3951 4.07165 6
    endloop
  endfacet
  facet normal 0.896678 0.442683 0
    outer loop
      vertex 56.3951 4.07165 3
      vertex 56.4675 3.925 6
      vertex 56.4675 3.925 3
    endloop
  endfacet
  facet normal 0 0 1
    outer loop
      vertex 58.7893 4.71316 3
      vertex 58.7893 4.38684 3
      vertex 58.8 4.55 3
    endloop
  endfacet
  facet normal 0 0 1
    outer loop
      vertex 58.7574 4.87352 3
      vertex 58.7893 4.38684 3
      vertex 58.7893 4.71316 3
    endloop
  endfacet
  facet normal 0 0 1
    outer loop
      vertex 58.7574 4.87352 3
      vertex 58.7574 4.22648 3
      vertex 58.7893 4.38684 3
    endloop
  endfacet
  facet normal 0 0 1
    outer loop
      vertex 58.7048 5.02835 3
      vertex 58.7574 4.22648 3
      vertex 58.7574 4.87352 3
    endloop
  endfacet
  facet normal 0 0 1
    outer loop
      vertex 58.7048 5.02835 3
      vertex 58.7048 4.07165 3
      vertex 58.7574 4.22648 3
    endloop
  endfacet
  facet normal 0 0 1
    outer loop
      vertex 58.6325 5.175 3
      vertex 58.7048 4.07165 3
      vertex 58.7048 5.02835 3
    endloop
  endfacet
  facet normal 0 0 1
    outer loop
      vertex 58.6325 5.175 3
      vertex 58.6325 3.925 3
      vertex 58.7048 4.07165 3
    endloop
  endfacet
  facet normal 0 0 1
    outer loop
      vertex 58.5417 5.31095 3
      vertex 58.6325 3.925 3
      vertex 58.6325 5.175 3
    endloop
  endfacet
  facet normal 0 0 1
    outer loop
      vertex 58.5417 5.31095 3
      vertex 58.5417 3.78905 3
      vertex 58.6325 3.925 3
    endloop
  endfacet
  facet normal 0 0 1
    outer loop
      vertex 58.4339 5.43388 3
      vertex 58.5417 3.78905 3
      vertex 58.5417 5.31095 3
    endloop
  endfacet
  facet normal 0 0 1
    outer loop
      vertex 58.4339 5.43388 3
      vertex 58.4339 3.66612 3
      vertex 58.5417 3.78905 3
    endloop
  endfacet
  facet normal 0 0 1
    outer loop
      vertex 58.311 5.54169 3
      vertex 58.4339 3.66612 3
      vertex 58.4339 5.43388 3
    endloop
  endfacet
  facet normal 0 0 1
    outer loop
      vertex 58.311 5.54169 3
      vertex 58.311 3.55831 3
      vertex 58.4339 3.66612 3
    endloop
  endfacet
  facet normal 0 0 1
    outer loop
      vertex 58.175 5.63253 3
      vertex 58.311 3.55831 3
      vertex 58.311 5.54169 3
    endloop
  endfacet
  facet normal 0 0 1
    outer loop
      vertex 58.175 5.63253 3
      vertex 58.175 3.46747 3
      vertex 58.311 3.55831 3
    endloop
  endfacet
  facet normal 0 0 1
    outer loop
      vertex 58.0284 5.70485 3
      vertex 58.175 3.46747 3
      vertex 58.175 5.63253 3
    endloop
  endfacet
  facet normal 0 0 1
    outer loop
      vertex 58.0284 5.70485 3
      vertex 58.0284 3.39515 3
      vertex 58.175 3.46747 3
    endloop
  endfacet
  facet normal 0 0 1
    outer loop
      vertex 57.8735 5.75741 3
      vertex 58.0284 3.39515 3
      vertex 58.0284 5.70485 3
    endloop
  endfacet
  facet normal 0 0 1
    outer loop
      vertex 57.8735 5.75741 3
      vertex 57.8735 3.34259 3
      vertex 58.0284 3.39515 3
    endloop
  endfacet
  facet normal 0 0 1
    outer loop
      vertex 57.7132 5.78931 3
      vertex 57.8735 3.34259 3
      vertex 57.8735 5.75741 3
    endloop
  endfacet
  facet normal 0 0 1
    outer loop
      vertex 57.7132 5.78931 3
      vertex 57.7132 3.31069 3
      vertex 57.8735 3.34259 3
    endloop
  endfacet
  facet normal 0 0 1
    outer loop
      vertex 57.55 5.8 3
      vertex 57.7132 3.31069 3
      vertex 57.7132 5.78931 3
    endloop
  endfacet
  facet normal 0 0 1
    outer loop
      vertex 57.55 5.8 3
      vertex 57.55 3.3 3
      vertex 57.7132 3.31069 3
    endloop
  endfacet
  facet normal -0 0 1
    outer loop
      vertex 57.3868 5.78931 3
      vertex 57.55 3.3 3
      vertex 57.55 5.8 3
    endloop
  endfacet
  facet normal 0 0 1
    outer loop
      vertex 57.3868 5.78931 3
      vertex 57.3868 3.31069 3
      vertex 57.55 3.3 3
    endloop
  endfacet
  facet normal -0 0 1
    outer loop
      vertex 57.2265 5.75741 3
      vertex 57.3868 3.31069 3
      vertex 57.3868 5.78931 3
    endloop
  endfacet
  facet normal 0 0 1
    outer loop
      vertex 57.2265 5.75741 3
      vertex 57.2265 3.34259 3
      vertex 57.3868 3.31069 3
    endloop
  endfacet
  facet normal -0 0 1
    outer loop
      vertex 57.0716 5.70485 3
      vertex 57.2265 3.34259 3
      vertex 57.2265 5.75741 3
    endloop
  endfacet
  facet normal 0 0 1
    outer loop
      vertex 57.0716 5.70485 3
      vertex 57.0716 3.39515 3
      vertex 57.2265 3.34259 3
    endloop
  endfacet
  facet normal -0 0 1
    outer loop
      vertex 56.925 5.63253 3
      vertex 57.0716 3.39515 3
      vertex 57.0716 5.70485 3
    endloop
  endfacet
  facet normal 0 0 1
    outer loop
      vertex 56.925 5.63253 3
      vertex 56.925 3.46747 3
      vertex 57.0716 3.39515 3
    endloop
  endfacet
  facet normal -0 0 1
    outer loop
      vertex 56.789 5.54169 3
      vertex 56.925 3.46747 3
      vertex 56.925 5.63253 3
    endloop
  endfacet
  facet normal 0 0 1
    outer loop
      vertex 56.789 5.54169 3
      vertex 56.789 3.55831 3
      vertex 56.925 3.46747 3
    endloop
  endfacet
  facet normal -0 0 1
    outer loop
      vertex 56.6661 5.43388 3
      vertex 56.789 3.55831 3
      vertex 56.789 5.54169 3
    endloop
  endfacet
  facet normal 0 0 1
    outer loop
      vertex 56.6661 5.43388 3
      vertex 56.6661 3.66612 3
      vertex 56.789 3.55831 3
    endloop
  endfacet
  facet normal -0 0 1
    outer loop
      vertex 56.5583 5.31095 3
      vertex 56.6661 3.66612 3
      vertex 56.6661 5.43388 3
    endloop
  endfacet
  facet normal 0 0 1
    outer loop
      vertex 56.5583 5.31095 3
      vertex 56.5583 3.78905 3
      vertex 56.6661 3.66612 3
    endloop
  endfacet
  facet normal -0 0 1
    outer loop
      vertex 56.4675 5.175 3
      vertex 56.5583 3.78905 3
      vertex 56.5583 5.31095 3
    endloop
  endfacet
  facet normal 0 0 1
    outer loop
      vertex 56.4675 5.175 3
      vertex 56.4675 3.925 3
      vertex 56.5583 3.78905 3
    endloop
  endfacet
  facet normal -0 0 1
    outer loop
      vertex 56.3951 5.02835 3
      vertex 56.4675 3.925 3
      vertex 56.4675 5.175 3
    endloop
  endfacet
  facet normal 0 0 1
    outer loop
      vertex 56.3951 5.02835 3
      vertex 56.3951 4.07165 3
      vertex 56.4675 3.925 3
    endloop
  endfacet
  facet normal -0 0 1
    outer loop
      vertex 56.3426 4.87352 3
      vertex 56.3951 4.07165 3
      vertex 56.3951 5.02835 3
    endloop
  endfacet
  facet normal 0 0 1
    outer loop
      vertex 56.3426 4.87352 3
      vertex 56.3426 4.22648 3
      vertex 56.3951 4.07165 3
    endloop
  endfacet
  facet normal -0 0 1
    outer loop
      vertex 56.3107 4.71316 3
      vertex 56.3426 4.22648 3
      vertex 56.3426 4.87352 3
    endloop
  endfacet
  facet normal 0 0 1
    outer loop
      vertex 56.3107 4.71316 3
      vertex 56.3107 4.38684 3
      vertex 56.3426 4.22648 3
    endloop
  endfacet
  facet normal 0 -0 1
    outer loop
      vertex 56.3107 4.38684 3
      vertex 56.3107 4.71316 3
      vertex 56.3 4.55 3
    endloop
  endfacet
  facet normal -0.980782 -0.195105 0
    outer loop
      vertex 58.7893 4.71316 3
      vertex 58.7574 4.87352 6
      vertex 58.7574 4.87352 3
    endloop
  endfacet
  facet normal -0.980782 -0.195105 0
    outer loop
      vertex 58.7574 4.87352 6
      vertex 58.7893 4.71316 3
      vertex 58.7893 4.71316 6
    endloop
  endfacet
  facet normal -0.831579 -0.555406 0
    outer loop
      vertex 58.6325 5.175 3
      vertex 58.5417 5.31095 6
      vertex 58.5417 5.31095 3
    endloop
  endfacet
  facet normal -0.831579 -0.555406 0
    outer loop
      vertex 58.5417 5.31095 6
      vertex 58.6325 5.175 3
      vertex 58.6325 5.175 6
    endloop
  endfacet
  facet normal -0.75186 -0.659323 0
    outer loop
      vertex 58.5417 5.31095 3
      vertex 58.4339 5.43388 6
      vertex 58.4339 5.43388 3
    endloop
  endfacet
  facet normal -0.75186 -0.659323 0
    outer loop
      vertex 58.4339 5.43388 6
      vertex 58.5417 5.31095 3
      vertex 58.5417 5.31095 6
    endloop
  endfacet
  facet normal -0.555434 -0.831561 0
    outer loop
      vertex 58.175 5.63253 3
      vertex 58.311 5.54169 6
      vertex 58.175 5.63253 6
    endloop
  endfacet
  facet normal -0.555434 -0.831561 -0
    outer loop
      vertex 58.311 5.54169 6
      vertex 58.175 5.63253 3
      vertex 58.311 5.54169 3
    endloop
  endfacet
  facet normal -0.0653624 -0.997862 0
    outer loop
      vertex 57.55 5.8 3
      vertex 57.7132 5.78931 6
      vertex 57.55 5.8 6
    endloop
  endfacet
  facet normal -0.0653624 -0.997862 -0
    outer loop
      vertex 57.7132 5.78931 6
      vertex 57.55 5.8 3
      vertex 57.7132 5.78931 3
    endloop
  endfacet
  facet normal -0.321322 -0.94697 0
    outer loop
      vertex 57.8735 5.75741 3
      vertex 58.0284 5.70485 6
      vertex 57.8735 5.75741 6
    endloop
  endfacet
  facet normal -0.321322 -0.94697 -0
    outer loop
      vertex 58.0284 5.70485 6
      vertex 57.8735 5.75741 3
      vertex 58.0284 5.70485 3
    endloop
  endfacet
  facet normal 0.997857 -0.0654392 0
    outer loop
      vertex 56.3 4.55 6
      vertex 56.3107 4.71316 3
      vertex 56.3107 4.71316 6
    endloop
  endfacet
  facet normal 0.997857 -0.0654392 0
    outer loop
      vertex 56.3107 4.71316 3
      vertex 56.3 4.55 6
      vertex 56.3 4.55 3
    endloop
  endfacet
  facet normal 0.831579 -0.555406 0
    outer loop
      vertex 56.4675 5.175 6
      vertex 56.5583 5.31095 3
      vertex 56.5583 5.31095 6
    endloop
  endfacet
  facet normal 0.831579 -0.555406 0
    outer loop
      vertex 56.5583 5.31095 3
      vertex 56.4675 5.175 6
      vertex 56.4675 5.175 3
    endloop
  endfacet
  facet normal 0.0653624 -0.997862 0
    outer loop
      vertex 57.3868 5.78931 3
      vertex 57.55 5.8 6
      vertex 57.3868 5.78931 6
    endloop
  endfacet
  facet normal 0.0653624 -0.997862 0
    outer loop
      vertex 57.55 5.8 6
      vertex 57.3868 5.78931 3
      vertex 57.55 5.8 3
    endloop
  endfacet
  facet normal 0.555434 -0.831561 0
    outer loop
      vertex 56.789 5.54169 3
      vertex 56.925 5.63253 6
      vertex 56.789 5.54169 6
    endloop
  endfacet
  facet normal 0.555434 -0.831561 0
    outer loop
      vertex 56.925 5.63253 6
      vertex 56.789 5.54169 3
      vertex 56.925 5.63253 3
    endloop
  endfacet
  facet normal 0.659448 -0.75175 0
    outer loop
      vertex 56.6661 5.43388 3
      vertex 56.789 5.54169 6
      vertex 56.6661 5.43388 6
    endloop
  endfacet
  facet normal 0.659448 -0.75175 0
    outer loop
      vertex 56.789 5.54169 6
      vertex 56.6661 5.43388 3
      vertex 56.789 5.54169 3
    endloop
  endfacet
  facet normal -0.0653624 0.997862 0
    outer loop
      vertex 57.7132 3.31069 3
      vertex 57.55 3.3 6
      vertex 57.7132 3.31069 6
    endloop
  endfacet
  facet normal -0.0653624 0.997862 0
    outer loop
      vertex 57.55 3.3 6
      vertex 57.7132 3.31069 3
      vertex 57.55 3.3 3
    endloop
  endfacet
  facet normal -0.75186 0.659323 0
    outer loop
      vertex 58.4339 3.66612 3
      vertex 58.5417 3.78905 6
      vertex 58.5417 3.78905 3
    endloop
  endfacet
  facet normal -0.75186 0.659323 0
    outer loop
      vertex 58.5417 3.78905 6
      vertex 58.4339 3.66612 3
      vertex 58.4339 3.66612 6
    endloop
  endfacet
  facet normal -0.896921 0.442191 0
    outer loop
      vertex 58.6325 3.925 3
      vertex 58.7048 4.07165 6
      vertex 58.7048 4.07165 3
    endloop
  endfacet
  facet normal -0.896921 0.442191 0
    outer loop
      vertex 58.7048 4.07165 6
      vertex 58.6325 3.925 3
      vertex 58.6325 3.925 6
    endloop
  endfacet
  facet normal -0.555434 0.831561 0
    outer loop
      vertex 58.311 3.55831 3
      vertex 58.175 3.46747 6
      vertex 58.311 3.55831 6
    endloop
  endfacet
  facet normal -0.555434 0.831561 0
    outer loop
      vertex 58.175 3.46747 6
      vertex 58.311 3.55831 3
      vertex 58.175 3.46747 3
    endloop
  endfacet
  facet normal 0.0653624 0.997862 -0
    outer loop
      vertex 57.55 3.3 3
      vertex 57.3868 3.31069 6
      vertex 57.55 3.3 6
    endloop
  endfacet
  facet normal 0.0653624 0.997862 0
    outer loop
      vertex 57.3868 3.31069 6
      vertex 57.55 3.3 3
      vertex 57.3868 3.31069 3
    endloop
  endfacet
  facet normal 0.442411 0.896812 -0
    outer loop
      vertex 57.0716 3.39515 3
      vertex 56.925 3.46747 6
      vertex 57.0716 3.39515 6
    endloop
  endfacet
  facet normal 0.442411 0.896812 0
    outer loop
      vertex 56.925 3.46747 6
      vertex 57.0716 3.39515 3
      vertex 56.925 3.46747 3
    endloop
  endfacet
  facet normal 0.947038 0.321123 0
    outer loop
      vertex 56.3951 4.07165 6
      vertex 56.3426 4.22648 3
      vertex 56.3426 4.22648 6
    endloop
  endfacet
  facet normal 0.947038 0.321123 0
    outer loop
      vertex 56.3426 4.22648 3
      vertex 56.3951 4.07165 6
      vertex 56.3951 4.07165 3
    endloop
  endfacet
  facet normal 0.997857 0.0654392 0
    outer loop
      vertex 56.3107 4.38684 6
      vertex 56.3 4.55 3
      vertex 56.3 4.55 6
    endloop
  endfacet
  facet normal 0.997857 0.0654392 0
    outer loop
      vertex 56.3 4.55 3
      vertex 56.3107 4.38684 6
      vertex 56.3107 4.38684 3
    endloop
  endfacet
  facet normal 0.831579 0.555406 0
    outer loop
      vertex 56.5583 3.78905 6
      vertex 56.4675 3.925 3
      vertex 56.4675 3.925 6
    endloop
  endfacet
  facet normal 0.831579 0.555406 0
    outer loop
      vertex 56.4675 3.925 3
      vertex 56.5583 3.78905 6
      vertex 56.5583 3.78905 3
    endloop
  endfacet
  facet normal -0.997857 0.0654392 0
    outer loop
      vertex 58.7893 4.38684 3
      vertex 58.8 4.55 6
      vertex 58.8 4.55 3
    endloop
  endfacet
  facet normal -0.997857 0.0654392 0
    outer loop
      vertex 58.8 4.55 6
      vertex 58.7893 4.38684 3
      vertex 58.7893 4.38684 6
    endloop
  endfacet
  facet normal -0.195175 0.980768 0
    outer loop
      vertex 57.8735 3.34259 3
      vertex 57.7132 3.31069 6
      vertex 57.8735 3.34259 6
    endloop
  endfacet
  facet normal -0.195175 0.980768 0
    outer loop
      vertex 57.7132 3.31069 6
      vertex 57.8735 3.34259 3
      vertex 57.7132 3.31069 3
    endloop
  endfacet
  facet normal -0.659448 0.75175 0
    outer loop
      vertex 58.4339 3.66612 3
      vertex 58.311 3.55831 6
      vertex 58.4339 3.66612 6
    endloop
  endfacet
  facet normal -0.659448 0.75175 0
    outer loop
      vertex 58.311 3.55831 6
      vertex 58.4339 3.66612 3
      vertex 58.311 3.55831 3
    endloop
  endfacet
  facet normal 0.555434 0.831561 -0
    outer loop
      vertex 56.925 3.46747 3
      vertex 56.789 3.55831 6
      vertex 56.925 3.46747 6
    endloop
  endfacet
  facet normal 0.555434 0.831561 0
    outer loop
      vertex 56.789 3.55831 6
      vertex 56.925 3.46747 3
      vertex 56.789 3.55831 3
    endloop
  endfacet
  facet normal 0.980782 0.195105 0
    outer loop
      vertex 56.3426 4.22648 6
      vertex 56.3107 4.38684 3
      vertex 56.3107 4.38684 6
    endloop
  endfacet
  facet normal 0.980782 0.195105 0
    outer loop
      vertex 56.3107 4.38684 3
      vertex 56.3426 4.22648 6
      vertex 56.3426 4.22648 3
    endloop
  endfacet
  facet normal 0.75186 0.659323 0
    outer loop
      vertex 56.6661 3.66612 6
      vertex 56.5583 3.78905 3
      vertex 56.5583 3.78905 6
    endloop
  endfacet
  facet normal 0.75186 0.659323 0
    outer loop
      vertex 56.5583 3.78905 3
      vertex 56.6661 3.66612 6
      vertex 56.6661 3.66612 3
    endloop
  endfacet
  facet normal -0.831579 0.555406 0
    outer loop
      vertex 58.5417 3.78905 3
      vertex 58.6325 3.925 6
      vertex 58.6325 3.925 3
    endloop
  endfacet
  facet normal -0.831579 0.555406 0
    outer loop
      vertex 58.6325 3.925 6
      vertex 58.5417 3.78905 3
      vertex 58.5417 3.78905 6
    endloop
  endfacet
  facet normal 0.659478 0.751724 -0
    outer loop
      vertex 59.6713 32.2713 2
      vertex 59.3763 32.5301 6
      vertex 59.6713 32.2713 6
    endloop
  endfacet
  facet normal 0.659478 0.751724 0
    outer loop
      vertex 59.3763 32.5301 6
      vertex 59.6713 32.2713 2
      vertex 59.3763 32.5301 2
    endloop
  endfacet
  facet normal -0.321651 -0.946858 0
    outer loop
      vertex 56.402 27.3784 2
      vertex 56.7735 27.2522 6
      vertex 56.402 27.3784 6
    endloop
  endfacet
  facet normal -0.321651 -0.946858 -0
    outer loop
      vertex 56.7735 27.2522 6
      vertex 56.402 27.3784 2
      vertex 56.7735 27.2522 2
    endloop
  endfacet
  facet normal -0.321704 0.94684 0
    outer loop
      vertex 56.5471 32.9709 2
      vertex 56.402 32.9216 6
      vertex 56.5471 32.9709 6
    endloop
  endfacet
  facet normal -0.321704 0.94684 0
    outer loop
      vertex 56.402 32.9216 6
      vertex 56.5471 32.9709 2
      vertex 56.402 32.9216 2
    endloop
  endfacet
  facet normal -0.896961 0.44211 0
    outer loop
      vertex 54.7784 31.298 2
      vertex 54.9519 31.65 6
      vertex 54.9519 31.65 2
    endloop
  endfacet
  facet normal -0.896961 0.44211 0
    outer loop
      vertex 54.9519 31.65 6
      vertex 54.7784 31.298 2
      vertex 54.7784 31.298 6
    endloop
  endfacet
  facet normal 0.896961 0.44211 0
    outer loop
      vertex 60.3216 31.298 6
      vertex 60.1481 31.65 2
      vertex 60.1481 31.65 6
    endloop
  endfacet
  facet normal 0.896961 0.44211 0
    outer loop
      vertex 60.1481 31.65 2
      vertex 60.3216 31.298 6
      vertex 60.3216 31.298 2
    endloop
  endfacet
  facet normal 0.980815 0.19494 0
    outer loop
      vertex 60.5243 30.5416 6
      vertex 60.4478 30.9265 2
      vertex 60.4478 30.9265 6
    endloop
  endfacet
  facet normal 0.980815 0.19494 0
    outer loop
      vertex 60.4478 30.9265 2
      vertex 60.5243 30.5416 6
      vertex 60.5243 30.5416 2
    endloop
  endfacet
  facet normal 0.831501 0.555523 0
    outer loop
      vertex 60.1481 31.65 6
      vertex 59.9301 31.9763 2
      vertex 59.9301 31.9763 6
    endloop
  endfacet
  facet normal 0.831501 0.555523 0
    outer loop
      vertex 59.9301 31.9763 2
      vertex 60.1481 31.65 6
      vertex 60.1481 31.65 2
    endloop
  endfacet
  facet normal 0.751724 0.659478 0
    outer loop
      vertex 59.9301 31.9763 6
      vertex 59.6713 32.2713 2
      vertex 59.6713 32.2713 6
    endloop
  endfacet
  facet normal 0.751724 0.659478 0
    outer loop
      vertex 59.6713 32.2713 2
      vertex 59.9301 31.9763 6
      vertex 59.9301 31.9763 2
    endloop
  endfacet
  facet normal -0.980815 0.19494 0
    outer loop
      vertex 54.5757 30.5416 2
      vertex 54.6522 30.9265 6
      vertex 54.6522 30.9265 2
    endloop
  endfacet
  facet normal -0.980815 0.19494 0
    outer loop
      vertex 54.6522 30.9265 6
      vertex 54.5757 30.5416 2
      vertex 54.5757 30.5416 6
    endloop
  endfacet
  facet normal -0.751724 0.659478 0
    outer loop
      vertex 55.1699 31.9763 2
      vertex 55.4287 32.2713 6
      vertex 55.4287 32.2713 2
    endloop
  endfacet
  facet normal -0.751724 0.659478 0
    outer loop
      vertex 55.4287 32.2713 6
      vertex 55.1699 31.9763 2
      vertex 55.1699 31.9763 6
    endloop
  endfacet
  facet normal -0.44211 0.896961 0
    outer loop
      vertex 56.402 32.9216 2
      vertex 56.05 32.7481 6
      vertex 56.402 32.9216 6
    endloop
  endfacet
  facet normal -0.44211 0.896961 0
    outer loop
      vertex 56.05 32.7481 6
      vertex 56.402 32.9216 2
      vertex 56.05 32.7481 2
    endloop
  endfacet
  facet normal 0.997853 -0.0654873 0
    outer loop
      vertex 60.5243 29.7584 6
      vertex 60.55 30.15 2
      vertex 60.55 30.15 6
    endloop
  endfacet
  facet normal 0.997853 -0.0654873 0
    outer loop
      vertex 60.55 30.15 2
      vertex 60.5243 29.7584 6
      vertex 60.5243 29.7584 2
    endloop
  endfacet
  facet normal 0.321651 -0.946858 0
    outer loop
      vertex 58.3265 27.2522 2
      vertex 58.698 27.3784 6
      vertex 58.3265 27.2522 6
    endloop
  endfacet
  facet normal 0.321651 -0.946858 0
    outer loop
      vertex 58.698 27.3784 6
      vertex 58.3265 27.2522 2
      vertex 58.698 27.3784 2
    endloop
  endfacet
  facet normal 0.44211 -0.896961 0
    outer loop
      vertex 58.698 27.3784 2
      vertex 59.05 27.5519 6
      vertex 58.698 27.3784 6
    endloop
  endfacet
  facet normal 0.44211 -0.896961 0
    outer loop
      vertex 59.05 27.5519 6
      vertex 58.698 27.3784 2
      vertex 59.05 27.5519 2
    endloop
  endfacet
  facet normal 0.751724 -0.659478 0
    outer loop
      vertex 59.6713 28.0287 6
      vertex 59.9301 28.3237 2
      vertex 59.9301 28.3237 6
    endloop
  endfacet
  facet normal 0.751724 -0.659478 0
    outer loop
      vertex 59.9301 28.3237 2
      vertex 59.6713 28.0287 6
      vertex 59.6713 28.0287 2
    endloop
  endfacet
  facet normal -0.19494 -0.980815 0
    outer loop
      vertex 56.7735 27.2522 2
      vertex 57.1584 27.1757 6
      vertex 56.7735 27.2522 6
    endloop
  endfacet
  facet normal -0.19494 -0.980815 -0
    outer loop
      vertex 57.1584 27.1757 6
      vertex 56.7735 27.2522 2
      vertex 57.1584 27.1757 2
    endloop
  endfacet
  facet normal -0.659478 -0.751724 0
    outer loop
      vertex 55.4287 28.0287 2
      vertex 55.7237 27.7699 6
      vertex 55.4287 28.0287 6
    endloop
  endfacet
  facet normal -0.659478 -0.751724 -0
    outer loop
      vertex 55.7237 27.7699 6
      vertex 55.4287 28.0287 2
      vertex 55.7237 27.7699 2
    endloop
  endfacet
  facet normal -0.896961 -0.44211 0
    outer loop
      vertex 54.9519 28.65 2
      vertex 54.7784 29.002 6
      vertex 54.7784 29.002 2
    endloop
  endfacet
  facet normal -0.896961 -0.44211 0
    outer loop
      vertex 54.7784 29.002 6
      vertex 54.9519 28.65 2
      vertex 54.9519 28.65 6
    endloop
  endfacet
  facet normal 0.946858 0.321651 0
    outer loop
      vertex 60.4478 30.9265 6
      vertex 60.3216 31.298 2
      vertex 60.3216 31.298 6
    endloop
  endfacet
  facet normal 0.946858 0.321651 0
    outer loop
      vertex 60.3216 31.298 2
      vertex 60.4478 30.9265 6
      vertex 60.4478 30.9265 2
    endloop
  endfacet
  facet normal 0.555223 0.831701 -0
    outer loop
      vertex 59.3763 32.5301 2
      vertex 59.3029 32.5791 6
      vertex 59.3763 32.5301 6
    endloop
  endfacet
  facet normal 0.555223 0.831701 0
    outer loop
      vertex 59.3029 32.5791 6
      vertex 59.3763 32.5301 2
      vertex 59.3029 32.5791 2
    endloop
  endfacet
  facet normal -0.997853 0.0654873 0
    outer loop
      vertex 54.55 30.15 2
      vertex 54.5757 30.5416 6
      vertex 54.5757 30.5416 2
    endloop
  endfacet
  facet normal -0.997853 0.0654873 0
    outer loop
      vertex 54.5757 30.5416 6
      vertex 54.55 30.15 2
      vertex 54.55 30.15 6
    endloop
  endfacet
  facet normal 0 0 1
    outer loop
      vertex 58.8 30.15 6
      vertex 60.55 30.15 6
      vertex 60.5243 30.5416 6
    endloop
  endfacet
  facet normal 0 0 1
    outer loop
      vertex 58.7893 30.3132 6
      vertex 60.5243 30.5416 6
      vertex 60.4478 30.9265 6
    endloop
  endfacet
  facet normal 0 0 1
    outer loop
      vertex 60.55 30.15 6
      vertex 58.8 30.15 6
      vertex 60.5243 29.7584 6
    endloop
  endfacet
  facet normal 0 0 1
    outer loop
      vertex 58.7574 30.4735 6
      vertex 60.4478 30.9265 6
      vertex 60.3216 31.298 6
    endloop
  endfacet
  facet normal -0 0 1
    outer loop
      vertex 58.7893 29.9868 6
      vertex 60.5243 29.7584 6
      vertex 58.8 30.15 6
    endloop
  endfacet
  facet normal 0 0 1
    outer loop
      vertex 58.7048 30.6284 6
      vertex 60.3216 31.298 6
      vertex 60.1481 31.65 6
    endloop
  endfacet
  facet normal 0 0 1
    outer loop
      vertex 60.5243 29.7584 6
      vertex 58.7893 29.9868 6
      vertex 60.4478 29.3735 6
    endloop
  endfacet
  facet normal 0 0 1
    outer loop
      vertex 58.6325 30.775 6
      vertex 60.1481 31.65 6
      vertex 59.9301 31.9763 6
    endloop
  endfacet
  facet normal -0 0 1
    outer loop
      vertex 58.7574 29.8265 6
      vertex 60.4478 29.3735 6
      vertex 58.7893 29.9868 6
    endloop
  endfacet
  facet normal 0 0 1
    outer loop
      vertex 58.5417 30.911 6
      vertex 59.9301 31.9763 6
      vertex 59.6713 32.2713 6
    endloop
  endfacet
  facet normal 0 0 1
    outer loop
      vertex 60.4478 29.3735 6
      vertex 58.7574 29.8265 6
      vertex 60.3216 29.002 6
    endloop
  endfacet
  facet normal -0 0 1
    outer loop
      vertex 59.0765 32.5022 6
      vertex 59.6713 32.2713 6
      vertex 59.3763 32.5301 6
    endloop
  endfacet
  facet normal -0 0 1
    outer loop
      vertex 58.7048 29.6716 6
      vertex 60.3216 29.002 6
      vertex 58.7574 29.8265 6
    endloop
  endfacet
  facet normal 0 0 1
    outer loop
      vertex 59.0765 32.5022 6
      vertex 59.3763 32.5301 6
      vertex 59.3029 32.5791 6
    endloop
  endfacet
  facet normal 0 0 1
    outer loop
      vertex 58.4339 31.0339 6
      vertex 59.6713 32.2713 6
      vertex 59.0765 32.5022 6
    endloop
  endfacet
  facet normal 0 0 1
    outer loop
      vertex 60.3216 29.002 6
      vertex 58.7048 29.6716 6
      vertex 60.1481 28.65 6
    endloop
  endfacet
  facet normal -0 0 1
    outer loop
      vertex 58.6325 29.525 6
      vertex 60.1481 28.65 6
      vertex 58.7048 29.6716 6
    endloop
  endfacet
  facet normal 0 0 1
    outer loop
      vertex 60.5243 30.5416 6
      vertex 58.7893 30.3132 6
      vertex 58.8 30.15 6
    endloop
  endfacet
  facet normal 0 0 1
    outer loop
      vertex 60.4478 30.9265 6
      vertex 58.7574 30.4735 6
      vertex 58.7893 30.3132 6
    endloop
  endfacet
  facet normal 0 0 1
    outer loop
      vertex 60.3216 31.298 6
      vertex 58.7048 30.6284 6
      vertex 58.7574 30.4735 6
    endloop
  endfacet
  facet normal 0 0 1
    outer loop
      vertex 58.4339 31.0339 6
      vertex 59.0765 32.5022 6
      vertex 58.6916 32.4257 6
    endloop
  endfacet
  facet normal 0 0 1
    outer loop
      vertex 60.1481 31.65 6
      vertex 58.6325 30.775 6
      vertex 58.7048 30.6284 6
    endloop
  endfacet
  facet normal 0 0 1
    outer loop
      vertex 59.9301 31.9763 6
      vertex 58.5417 30.911 6
      vertex 58.6325 30.775 6
    endloop
  endfacet
  facet normal 0 0 1
    outer loop
      vertex 59.6713 32.2713 6
      vertex 58.4339 31.0339 6
      vertex 58.5417 30.911 6
    endloop
  endfacet
  facet normal 0 0 1
    outer loop
      vertex 58.6916 32.4257 6
      vertex 58.311 31.1417 6
      vertex 58.4339 31.0339 6
    endloop
  endfacet
  facet normal 0 0 1
    outer loop
      vertex 58.175 31.2325 6
      vertex 58.6916 32.4257 6
      vertex 58.3 32.4 6
    endloop
  endfacet
  facet normal 0 0 1
    outer loop
      vertex 58.6916 32.4257 6
      vertex 58.175 31.2325 6
      vertex 58.311 31.1417 6
    endloop
  endfacet
  facet normal 0 0 1
    outer loop
      vertex 58.3 32.4 6
      vertex 58.0284 31.3048 6
      vertex 58.175 31.2325 6
    endloop
  endfacet
  facet normal 0 0 1
    outer loop
      vertex 57.8735 31.3574 6
      vertex 58.3 32.4 6
      vertex 57.9084 32.4257 6
    endloop
  endfacet
  facet normal 0 0 1
    outer loop
      vertex 58.3 32.4 6
      vertex 57.8735 31.3574 6
      vertex 58.0284 31.3048 6
    endloop
  endfacet
  facet normal 0 0 1
    outer loop
      vertex 57.9084 32.4257 6
      vertex 57.7132 31.3893 6
      vertex 57.8735 31.3574 6
    endloop
  endfacet
  facet normal 0 0 1
    outer loop
      vertex 57.9084 32.4257 6
      vertex 57.55 31.4 6
      vertex 57.7132 31.3893 6
    endloop
  endfacet
  facet normal 0 0 1
    outer loop
      vertex 57.5235 32.5022 6
      vertex 57.55 31.4 6
      vertex 57.9084 32.4257 6
    endloop
  endfacet
  facet normal 0 0 1
    outer loop
      vertex 57.5235 32.5022 6
      vertex 57.3868 31.3893 6
      vertex 57.55 31.4 6
    endloop
  endfacet
  facet normal 0 0 1
    outer loop
      vertex 57.5235 32.5022 6
      vertex 57.2265 31.3574 6
      vertex 57.3868 31.3893 6
    endloop
  endfacet
  facet normal 0 0 1
    outer loop
      vertex 57.152 32.6284 6
      vertex 57.2265 31.3574 6
      vertex 57.5235 32.5022 6
    endloop
  endfacet
  facet normal 0 0 1
    outer loop
      vertex 57.152 32.6284 6
      vertex 57.0716 31.3048 6
      vertex 57.2265 31.3574 6
    endloop
  endfacet
  facet normal 0 0 1
    outer loop
      vertex 57.152 32.6284 6
      vertex 56.925 31.2325 6
      vertex 57.0716 31.3048 6
    endloop
  endfacet
  facet normal 0 0 1
    outer loop
      vertex 56.8 32.8019 6
      vertex 56.925 31.2325 6
      vertex 57.152 32.6284 6
    endloop
  endfacet
  facet normal -0 0 1
    outer loop
      vertex 56.05 32.7481 6
      vertex 56.925 31.2325 6
      vertex 56.8 32.8019 6
    endloop
  endfacet
  facet normal 0 0 1
    outer loop
      vertex 56.925 31.2325 6
      vertex 56.05 32.7481 6
      vertex 56.789 31.1417 6
    endloop
  endfacet
  facet normal -0 0 1
    outer loop
      vertex 55.7237 32.5301 6
      vertex 56.789 31.1417 6
      vertex 56.05 32.7481 6
    endloop
  endfacet
  facet normal -0 0 1
    outer loop
      vertex 56.402 32.9216 6
      vertex 56.8 32.8019 6
      vertex 56.5471 32.9709 6
    endloop
  endfacet
  facet normal 0 0 1
    outer loop
      vertex 56.05 32.7481 6
      vertex 56.8 32.8019 6
      vertex 56.402 32.9216 6
    endloop
  endfacet
  facet normal 0 0 1
    outer loop
      vertex 56.789 31.1417 6
      vertex 55.7237 32.5301 6
      vertex 56.6661 31.0339 6
    endloop
  endfacet
  facet normal -0 0 1
    outer loop
      vertex 55.4287 32.2713 6
      vertex 56.6661 31.0339 6
      vertex 55.7237 32.5301 6
    endloop
  endfacet
  facet normal 0 0 1
    outer loop
      vertex 56.6661 31.0339 6
      vertex 55.4287 32.2713 6
      vertex 56.5583 30.911 6
    endloop
  endfacet
  facet normal -0 0 1
    outer loop
      vertex 55.1699 31.9763 6
      vertex 56.5583 30.911 6
      vertex 55.4287 32.2713 6
    endloop
  endfacet
  facet normal 0 0 1
    outer loop
      vertex 56.5583 30.911 6
      vertex 55.1699 31.9763 6
      vertex 56.4675 30.775 6
    endloop
  endfacet
  facet normal -0 0 1
    outer loop
      vertex 54.9519 31.65 6
      vertex 56.4675 30.775 6
      vertex 55.1699 31.9763 6
    endloop
  endfacet
  facet normal 0 0 1
    outer loop
      vertex 60.1481 28.65 6
      vertex 58.6325 29.525 6
      vertex 59.9301 28.3237 6
    endloop
  endfacet
  facet normal -0 0 1
    outer loop
      vertex 58.5417 29.389 6
      vertex 59.9301 28.3237 6
      vertex 58.6325 29.525 6
    endloop
  endfacet
  facet normal 0 0 1
    outer loop
      vertex 59.9301 28.3237 6
      vertex 58.5417 29.389 6
      vertex 59.6713 28.0287 6
    endloop
  endfacet
  facet normal -0 0 1
    outer loop
      vertex 58.4339 29.2661 6
      vertex 59.6713 28.0287 6
      vertex 58.5417 29.389 6
    endloop
  endfacet
  facet normal 0 0 1
    outer loop
      vertex 59.6713 28.0287 6
      vertex 58.4339 29.2661 6
      vertex 59.3763 27.7699 6
    endloop
  endfacet
  facet normal -0 0 1
    outer loop
      vertex 58.311 29.1583 6
      vertex 59.3763 27.7699 6
      vertex 58.4339 29.2661 6
    endloop
  endfacet
  facet normal 0 0 1
    outer loop
      vertex 59.3763 27.7699 6
      vertex 58.311 29.1583 6
      vertex 59.05 27.5519 6
    endloop
  endfacet
  facet normal -0 0 1
    outer loop
      vertex 58.175 29.0675 6
      vertex 59.05 27.5519 6
      vertex 58.311 29.1583 6
    endloop
  endfacet
  facet normal 0 0 1
    outer loop
      vertex 59.05 27.5519 6
      vertex 58.175 29.0675 6
      vertex 58.698 27.3784 6
    endloop
  endfacet
  facet normal -0 0 1
    outer loop
      vertex 58.0284 28.9952 6
      vertex 58.698 27.3784 6
      vertex 58.175 29.0675 6
    endloop
  endfacet
  facet normal 0 0 1
    outer loop
      vertex 58.698 27.3784 6
      vertex 58.0284 28.9952 6
      vertex 58.3265 27.2522 6
    endloop
  endfacet
  facet normal -0 0 1
    outer loop
      vertex 57.8735 28.9426 6
      vertex 58.3265 27.2522 6
      vertex 58.0284 28.9952 6
    endloop
  endfacet
  facet normal 0 0 1
    outer loop
      vertex 58.3265 27.2522 6
      vertex 57.8735 28.9426 6
      vertex 57.9416 27.1757 6
    endloop
  endfacet
  facet normal -0 0 1
    outer loop
      vertex 57.7132 28.9107 6
      vertex 57.9416 27.1757 6
      vertex 57.8735 28.9426 6
    endloop
  endfacet
  facet normal -0 0 1
    outer loop
      vertex 57.55 28.9 6
      vertex 57.9416 27.1757 6
      vertex 57.7132 28.9107 6
    endloop
  endfacet
  facet normal 0 0 1
    outer loop
      vertex 57.55 28.9 6
      vertex 57.55 27.15 6
      vertex 57.9416 27.1757 6
    endloop
  endfacet
  facet normal 0 0 1
    outer loop
      vertex 57.3868 28.9107 6
      vertex 57.55 27.15 6
      vertex 57.55 28.9 6
    endloop
  endfacet
  facet normal 0 0 1
    outer loop
      vertex 57.1584 27.1757 6
      vertex 57.3868 28.9107 6
      vertex 57.2265 28.9426 6
    endloop
  endfacet
  facet normal 0 0 1
    outer loop
      vertex 57.3868 28.9107 6
      vertex 57.1584 27.1757 6
      vertex 57.55 27.15 6
    endloop
  endfacet
  facet normal 0 0 1
    outer loop
      vertex 56.7735 27.2522 6
      vertex 57.2265 28.9426 6
      vertex 57.0716 28.9952 6
    endloop
  endfacet
  facet normal 0 0 1
    outer loop
      vertex 56.402 27.3784 6
      vertex 57.0716 28.9952 6
      vertex 56.925 29.0675 6
    endloop
  endfacet
  facet normal 0 0 1
    outer loop
      vertex 56.05 27.5519 6
      vertex 56.925 29.0675 6
      vertex 56.789 29.1583 6
    endloop
  endfacet
  facet normal 0 0 1
    outer loop
      vertex 57.2265 28.9426 6
      vertex 56.7735 27.2522 6
      vertex 57.1584 27.1757 6
    endloop
  endfacet
  facet normal 0 0 1
    outer loop
      vertex 55.7237 27.7699 6
      vertex 56.789 29.1583 6
      vertex 56.6661 29.2661 6
    endloop
  endfacet
  facet normal 0 0 1
    outer loop
      vertex 55.4287 28.0287 6
      vertex 56.6661 29.2661 6
      vertex 56.5583 29.389 6
    endloop
  endfacet
  facet normal 0 0 1
    outer loop
      vertex 55.1699 28.3237 6
      vertex 56.5583 29.389 6
      vertex 56.4675 29.525 6
    endloop
  endfacet
  facet normal 0 0 1
    outer loop
      vertex 57.0716 28.9952 6
      vertex 56.402 27.3784 6
      vertex 56.7735 27.2522 6
    endloop
  endfacet
  facet normal 0 0 1
    outer loop
      vertex 54.9519 28.65 6
      vertex 56.4675 29.525 6
      vertex 56.3951 29.6716 6
    endloop
  endfacet
  facet normal 0 0 1
    outer loop
      vertex 54.7784 29.002 6
      vertex 56.3951 29.6716 6
      vertex 56.3426 29.8265 6
    endloop
  endfacet
  facet normal 0 0 1
    outer loop
      vertex 54.6522 29.3735 6
      vertex 56.3426 29.8265 6
      vertex 56.3107 29.9868 6
    endloop
  endfacet
  facet normal 0 0 1
    outer loop
      vertex 54.5757 29.7584 6
      vertex 56.3107 29.9868 6
      vertex 56.3 30.15 6
    endloop
  endfacet
  facet normal 0 0 1
    outer loop
      vertex 56.4675 30.775 6
      vertex 54.9519 31.65 6
      vertex 56.3951 30.6284 6
    endloop
  endfacet
  facet normal 0 0 1
    outer loop
      vertex 56.925 29.0675 6
      vertex 56.05 27.5519 6
      vertex 56.402 27.3784 6
    endloop
  endfacet
  facet normal -0 0 1
    outer loop
      vertex 54.7784 31.298 6
      vertex 56.3951 30.6284 6
      vertex 54.9519 31.65 6
    endloop
  endfacet
  facet normal 0 0 1
    outer loop
      vertex 56.789 29.1583 6
      vertex 55.7237 27.7699 6
      vertex 56.05 27.5519 6
    endloop
  endfacet
  facet normal 0 0 1
    outer loop
      vertex 56.3951 30.6284 6
      vertex 54.7784 31.298 6
      vertex 56.3426 30.4735 6
    endloop
  endfacet
  facet normal 0 0 1
    outer loop
      vertex 56.6661 29.2661 6
      vertex 55.4287 28.0287 6
      vertex 55.7237 27.7699 6
    endloop
  endfacet
  facet normal -0 0 1
    outer loop
      vertex 54.6522 30.9265 6
      vertex 56.3426 30.4735 6
      vertex 54.7784 31.298 6
    endloop
  endfacet
  facet normal 0 0 1
    outer loop
      vertex 56.5583 29.389 6
      vertex 55.1699 28.3237 6
      vertex 55.4287 28.0287 6
    endloop
  endfacet
  facet normal 0 0 1
    outer loop
      vertex 56.3426 30.4735 6
      vertex 54.6522 30.9265 6
      vertex 56.3107 30.3132 6
    endloop
  endfacet
  facet normal 0 0 1
    outer loop
      vertex 56.4675 29.525 6
      vertex 54.9519 28.65 6
      vertex 55.1699 28.3237 6
    endloop
  endfacet
  facet normal -0 0 1
    outer loop
      vertex 54.5757 30.5416 6
      vertex 56.3107 30.3132 6
      vertex 54.6522 30.9265 6
    endloop
  endfacet
  facet normal 0 0 1
    outer loop
      vertex 56.3951 29.6716 6
      vertex 54.7784 29.002 6
      vertex 54.9519 28.65 6
    endloop
  endfacet
  facet normal 0 0 1
    outer loop
      vertex 56.3107 30.3132 6
      vertex 54.5757 30.5416 6
      vertex 56.3 30.15 6
    endloop
  endfacet
  facet normal 0 0 1
    outer loop
      vertex 56.3426 29.8265 6
      vertex 54.6522 29.3735 6
      vertex 54.7784 29.002 6
    endloop
  endfacet
  facet normal 0 0 1
    outer loop
      vertex 54.55 30.15 6
      vertex 56.3 30.15 6
      vertex 54.5757 30.5416 6
    endloop
  endfacet
  facet normal 0 0 1
    outer loop
      vertex 56.3107 29.9868 6
      vertex 54.5757 29.7584 6
      vertex 54.6522 29.3735 6
    endloop
  endfacet
  facet normal 0 0 1
    outer loop
      vertex 56.3 30.15 6
      vertex 54.55 30.15 6
      vertex 54.5757 29.7584 6
    endloop
  endfacet
  facet normal -0.946858 0.321651 0
    outer loop
      vertex 54.6522 30.9265 2
      vertex 54.7784 31.298 6
      vertex 54.7784 31.298 2
    endloop
  endfacet
  facet normal -0.946858 0.321651 0
    outer loop
      vertex 54.7784 31.298 6
      vertex 54.6522 30.9265 2
      vertex 54.6522 30.9265 6
    endloop
  endfacet
  facet normal -0.831501 0.555523 0
    outer loop
      vertex 54.9519 31.65 2
      vertex 55.1699 31.9763 6
      vertex 55.1699 31.9763 2
    endloop
  endfacet
  facet normal -0.831501 0.555523 0
    outer loop
      vertex 55.1699 31.9763 6
      vertex 54.9519 31.65 2
      vertex 54.9519 31.65 6
    endloop
  endfacet
  facet normal -0.555523 0.831501 0
    outer loop
      vertex 56.05 32.7481 2
      vertex 55.7237 32.5301 6
      vertex 56.05 32.7481 6
    endloop
  endfacet
  facet normal -0.555523 0.831501 0
    outer loop
      vertex 55.7237 32.5301 6
      vertex 56.05 32.7481 2
      vertex 55.7237 32.5301 2
    endloop
  endfacet
  facet normal -0.659478 0.751724 0
    outer loop
      vertex 55.7237 32.5301 2
      vertex 55.4287 32.2713 6
      vertex 55.7237 32.5301 6
    endloop
  endfacet
  facet normal -0.659478 0.751724 0
    outer loop
      vertex 55.4287 32.2713 6
      vertex 55.7237 32.5301 2
      vertex 55.4287 32.2713 2
    endloop
  endfacet
  facet normal 0.997853 0.0654873 0
    outer loop
      vertex 60.55 30.15 6
      vertex 60.5243 30.5416 2
      vertex 60.5243 30.5416 6
    endloop
  endfacet
  facet normal 0.997853 0.0654873 0
    outer loop
      vertex 60.5243 30.5416 2
      vertex 60.55 30.15 6
      vertex 60.55 30.15 2
    endloop
  endfacet
  facet normal 0.0654873 -0.997853 0
    outer loop
      vertex 57.55 27.15 2
      vertex 57.9416 27.1757 6
      vertex 57.55 27.15 6
    endloop
  endfacet
  facet normal 0.0654873 -0.997853 0
    outer loop
      vertex 57.9416 27.1757 6
      vertex 57.55 27.15 2
      vertex 57.9416 27.1757 2
    endloop
  endfacet
  facet normal 0.946858 -0.321651 0
    outer loop
      vertex 60.3216 29.002 6
      vertex 60.4478 29.3735 2
      vertex 60.4478 29.3735 6
    endloop
  endfacet
  facet normal 0.946858 -0.321651 0
    outer loop
      vertex 60.4478 29.3735 2
      vertex 60.3216 29.002 6
      vertex 60.3216 29.002 2
    endloop
  endfacet
  facet normal 0.555523 -0.831501 0
    outer loop
      vertex 59.05 27.5519 2
      vertex 59.3763 27.7699 6
      vertex 59.05 27.5519 6
    endloop
  endfacet
  facet normal 0.555523 -0.831501 0
    outer loop
      vertex 59.3763 27.7699 6
      vertex 59.05 27.5519 2
      vertex 59.3763 27.7699 2
    endloop
  endfacet
  facet normal 0.896961 -0.44211 0
    outer loop
      vertex 60.1481 28.65 6
      vertex 60.3216 29.002 2
      vertex 60.3216 29.002 6
    endloop
  endfacet
  facet normal 0.896961 -0.44211 0
    outer loop
      vertex 60.3216 29.002 2
      vertex 60.1481 28.65 6
      vertex 60.1481 28.65 2
    endloop
  endfacet
  facet normal -0.0654873 -0.997853 0
    outer loop
      vertex 57.1584 27.1757 2
      vertex 57.55 27.15 6
      vertex 57.1584 27.1757 6
    endloop
  endfacet
  facet normal -0.0654873 -0.997853 -0
    outer loop
      vertex 57.55 27.15 6
      vertex 57.1584 27.1757 2
      vertex 57.55 27.15 2
    endloop
  endfacet
  facet normal -0.44211 -0.896961 0
    outer loop
      vertex 56.05 27.5519 2
      vertex 56.402 27.3784 6
      vertex 56.05 27.5519 6
    endloop
  endfacet
  facet normal -0.44211 -0.896961 -0
    outer loop
      vertex 56.402 27.3784 6
      vertex 56.05 27.5519 2
      vertex 56.402 27.3784 2
    endloop
  endfacet
  facet normal -0.946858 -0.321651 0
    outer loop
      vertex 54.7784 29.002 2
      vertex 54.6522 29.3735 6
      vertex 54.6522 29.3735 2
    endloop
  endfacet
  facet normal -0.946858 -0.321651 0
    outer loop
      vertex 54.6522 29.3735 6
      vertex 54.7784 29.002 2
      vertex 54.7784 29.002 6
    endloop
  endfacet
  facet normal -0.997853 -0.0654873 0
    outer loop
      vertex 54.5757 29.7584 2
      vertex 54.55 30.15 6
      vertex 54.55 30.15 2
    endloop
  endfacet
  facet normal -0.997853 -0.0654873 0
    outer loop
      vertex 54.55 30.15 6
      vertex 54.5757 29.7584 2
      vertex 54.5757 29.7584 6
    endloop
  endfacet
  facet normal -0.831501 -0.555523 0
    outer loop
      vertex 55.1699 28.3237 2
      vertex 54.9519 28.65 6
      vertex 54.9519 28.65 2
    endloop
  endfacet
  facet normal -0.831501 -0.555523 0
    outer loop
      vertex 54.9519 28.65 6
      vertex 55.1699 28.3237 2
      vertex 55.1699 28.3237 6
    endloop
  endfacet
  facet normal -0.751724 -0.659478 0
    outer loop
      vertex 55.4287 28.0287 2
      vertex 55.1699 28.3237 6
      vertex 55.1699 28.3237 2
    endloop
  endfacet
  facet normal -0.751724 -0.659478 0
    outer loop
      vertex 55.1699 28.3237 6
      vertex 55.4287 28.0287 2
      vertex 55.4287 28.0287 6
    endloop
  endfacet
  facet normal 0.980815 -0.19494 0
    outer loop
      vertex 60.4478 29.3735 6
      vertex 60.5243 29.7584 2
      vertex 60.5243 29.7584 6
    endloop
  endfacet
  facet normal 0.980815 -0.19494 0
    outer loop
      vertex 60.5243 29.7584 2
      vertex 60.4478 29.3735 6
      vertex 60.4478 29.3735 2
    endloop
  endfacet
  facet normal 0.19494 -0.980815 0
    outer loop
      vertex 57.9416 27.1757 2
      vertex 58.3265 27.2522 6
      vertex 57.9416 27.1757 6
    endloop
  endfacet
  facet normal 0.19494 -0.980815 0
    outer loop
      vertex 58.3265 27.2522 6
      vertex 57.9416 27.1757 2
      vertex 58.3265 27.2522 2
    endloop
  endfacet
  facet normal 0.659478 -0.751724 0
    outer loop
      vertex 59.3763 27.7699 2
      vertex 59.6713 28.0287 6
      vertex 59.3763 27.7699 6
    endloop
  endfacet
  facet normal 0.659478 -0.751724 0
    outer loop
      vertex 59.6713 28.0287 6
      vertex 59.3763 27.7699 2
      vertex 59.6713 28.0287 2
    endloop
  endfacet
  facet normal 0.831501 -0.555523 0
    outer loop
      vertex 59.9301 28.3237 6
      vertex 60.1481 28.65 2
      vertex 60.1481 28.65 6
    endloop
  endfacet
  facet normal 0.831501 -0.555523 0
    outer loop
      vertex 60.1481 28.65 2
      vertex 59.9301 28.3237 6
      vertex 59.9301 28.3237 2
    endloop
  endfacet
  facet normal -0.555523 -0.831501 0
    outer loop
      vertex 55.7237 27.7699 2
      vertex 56.05 27.5519 6
      vertex 55.7237 27.7699 6
    endloop
  endfacet
  facet normal -0.555523 -0.831501 -0
    outer loop
      vertex 56.05 27.5519 6
      vertex 55.7237 27.7699 2
      vertex 56.05 27.5519 2
    endloop
  endfacet
  facet normal -0.980815 -0.19494 0
    outer loop
      vertex 54.6522 29.3735 2
      vertex 54.5757 29.7584 6
      vertex 54.5757 29.7584 2
    endloop
  endfacet
  facet normal -0.980815 -0.19494 0
    outer loop
      vertex 54.5757 29.7584 6
      vertex 54.6522 29.3735 2
      vertex 54.6522 29.3735 6
    endloop
  endfacet
  facet normal -0.659414 -0.75178 0
    outer loop
      vertex 58.311 31.1417 3
      vertex 58.4339 31.0339 6
      vertex 58.311 31.1417 6
    endloop
  endfacet
  facet normal -0.659414 -0.75178 -0
    outer loop
      vertex 58.4339 31.0339 6
      vertex 58.311 31.1417 3
      vertex 58.4339 31.0339 3
    endloop
  endfacet
  facet normal 0.947082 -0.320993 0
    outer loop
      vertex 56.3426 30.4735 6
      vertex 56.3951 30.6284 3
      vertex 56.3951 30.6284 6
    endloop
  endfacet
  facet normal 0.947082 -0.320993 0
    outer loop
      vertex 56.3951 30.6284 3
      vertex 56.3426 30.4735 6
      vertex 56.3426 30.4735 3
    endloop
  endfacet
  facet normal -0.980768 0.195175 0
    outer loop
      vertex 58.7574 29.8265 3
      vertex 58.7893 29.9868 6
      vertex 58.7893 29.9868 3
    endloop
  endfacet
  facet normal -0.980768 0.195175 0
    outer loop
      vertex 58.7893 29.9868 6
      vertex 58.7574 29.8265 3
      vertex 58.7574 29.8265 6
    endloop
  endfacet
  facet normal 0.321541 0.946896 -0
    outer loop
      vertex 57.2265 28.9426 3
      vertex 57.0716 28.9952 6
      vertex 57.2265 28.9426 6
    endloop
  endfacet
  facet normal 0.321541 0.946896 0
    outer loop
      vertex 57.0716 28.9952 6
      vertex 57.2265 28.9426 3
      vertex 57.0716 28.9952 3
    endloop
  endfacet
  facet normal 0.321541 -0.946896 0
    outer loop
      vertex 57.0716 31.3048 3
      vertex 57.2265 31.3574 6
      vertex 57.0716 31.3048 6
    endloop
  endfacet
  facet normal 0.321541 -0.946896 0
    outer loop
      vertex 57.2265 31.3574 6
      vertex 57.0716 31.3048 3
      vertex 57.2265 31.3574 3
    endloop
  endfacet
  facet normal 0.896618 -0.442805 0
    outer loop
      vertex 56.3951 30.6284 6
      vertex 56.4675 30.775 3
      vertex 56.4675 30.775 6
    endloop
  endfacet
  facet normal 0.896618 -0.442805 0
    outer loop
      vertex 56.4675 30.775 3
      vertex 56.3951 30.6284 6
      vertex 56.3951 30.6284 3
    endloop
  endfacet
  facet normal -0.946896 -0.321541 0
    outer loop
      vertex 58.7574 30.4735 3
      vertex 58.7048 30.6284 6
      vertex 58.7048 30.6284 3
    endloop
  endfacet
  facet normal -0.946896 -0.321541 0
    outer loop
      vertex 58.7048 30.6284 6
      vertex 58.7574 30.4735 3
      vertex 58.7574 30.4735 6
    endloop
  endfacet
  facet normal -0.896861 -0.442313 0
    outer loop
      vertex 58.7048 30.6284 3
      vertex 58.6325 30.775 6
      vertex 58.6325 30.775 3
    endloop
  endfacet
  facet normal -0.896861 -0.442313 0
    outer loop
      vertex 58.6325 30.775 6
      vertex 58.7048 30.6284 3
      vertex 58.7048 30.6284 6
    endloop
  endfacet
  facet normal -0.442313 -0.896861 0
    outer loop
      vertex 58.0284 31.3048 3
      vertex 58.175 31.2325 6
      vertex 58.0284 31.3048 6
    endloop
  endfacet
  facet normal -0.442313 -0.896861 -0
    outer loop
      vertex 58.175 31.2325 6
      vertex 58.0284 31.3048 3
      vertex 58.175 31.2325 3
    endloop
  endfacet
  facet normal -0.195175 -0.980768 0
    outer loop
      vertex 57.7132 31.3893 3
      vertex 57.8735 31.3574 6
      vertex 57.7132 31.3893 6
    endloop
  endfacet
  facet normal -0.195175 -0.980768 -0
    outer loop
      vertex 57.8735 31.3574 6
      vertex 57.7132 31.3893 3
      vertex 57.8735 31.3574 3
    endloop
  endfacet
  facet normal 0.980768 -0.195175 0
    outer loop
      vertex 56.3107 30.3132 6
      vertex 56.3426 30.4735 3
      vertex 56.3426 30.4735 6
    endloop
  endfacet
  facet normal 0.980768 -0.195175 0
    outer loop
      vertex 56.3426 30.4735 3
      vertex 56.3107 30.3132 6
      vertex 56.3107 30.3132 3
    endloop
  endfacet
  facet normal 0.75178 -0.659414 0
    outer loop
      vertex 56.5583 30.911 6
      vertex 56.6661 31.0339 3
      vertex 56.6661 31.0339 6
    endloop
  endfacet
  facet normal 0.75178 -0.659414 0
    outer loop
      vertex 56.6661 31.0339 3
      vertex 56.5583 30.911 6
      vertex 56.5583 30.911 3
    endloop
  endfacet
  facet normal 0.442313 -0.896861 0
    outer loop
      vertex 56.925 31.2325 3
      vertex 57.0716 31.3048 6
      vertex 56.925 31.2325 6
    endloop
  endfacet
  facet normal 0.442313 -0.896861 0
    outer loop
      vertex 57.0716 31.3048 6
      vertex 56.925 31.2325 3
      vertex 57.0716 31.3048 3
    endloop
  endfacet
  facet normal 0.195175 -0.980768 0
    outer loop
      vertex 57.2265 31.3574 3
      vertex 57.3868 31.3893 6
      vertex 57.2265 31.3574 6
    endloop
  endfacet
  facet normal 0.195175 -0.980768 0
    outer loop
      vertex 57.3868 31.3893 6
      vertex 57.2265 31.3574 3
      vertex 57.3868 31.3893 3
    endloop
  endfacet
  facet normal -0.997858 -0.0654233 0
    outer loop
      vertex 58.8 30.15 3
      vertex 58.7893 30.3132 6
      vertex 58.7893 30.3132 3
    endloop
  endfacet
  facet normal -0.997858 -0.0654233 0
    outer loop
      vertex 58.7893 30.3132 6
      vertex 58.8 30.15 3
      vertex 58.8 30.15 6
    endloop
  endfacet
  facet normal -0.946896 0.321541 0
    outer loop
      vertex 58.7048 29.6716 3
      vertex 58.7574 29.8265 6
      vertex 58.7574 29.8265 3
    endloop
  endfacet
  facet normal -0.946896 0.321541 0
    outer loop
      vertex 58.7574 29.8265 6
      vertex 58.7048 29.6716 3
      vertex 58.7048 29.6716 6
    endloop
  endfacet
  facet normal -0.321541 0.946896 0
    outer loop
      vertex 58.0284 28.9952 3
      vertex 57.8735 28.9426 6
      vertex 58.0284 28.9952 6
    endloop
  endfacet
  facet normal -0.321541 0.946896 0
    outer loop
      vertex 57.8735 28.9426 6
      vertex 58.0284 28.9952 3
      vertex 57.8735 28.9426 3
    endloop
  endfacet
  facet normal -0.442313 0.896861 0
    outer loop
      vertex 58.175 29.0675 3
      vertex 58.0284 28.9952 6
      vertex 58.175 29.0675 6
    endloop
  endfacet
  facet normal -0.442313 0.896861 0
    outer loop
      vertex 58.0284 28.9952 6
      vertex 58.175 29.0675 3
      vertex 58.0284 28.9952 3
    endloop
  endfacet
  facet normal 0.195175 0.980768 -0
    outer loop
      vertex 57.3868 28.9107 3
      vertex 57.2265 28.9426 6
      vertex 57.3868 28.9107 6
    endloop
  endfacet
  facet normal 0.195175 0.980768 0
    outer loop
      vertex 57.2265 28.9426 6
      vertex 57.3868 28.9107 3
      vertex 57.2265 28.9426 3
    endloop
  endfacet
  facet normal 0.659414 0.75178 -0
    outer loop
      vertex 56.789 29.1583 3
      vertex 56.6661 29.2661 6
      vertex 56.789 29.1583 6
    endloop
  endfacet
  facet normal 0.659414 0.75178 0
    outer loop
      vertex 56.6661 29.2661 6
      vertex 56.789 29.1583 3
      vertex 56.6661 29.2661 3
    endloop
  endfacet
  facet normal 0.896618 0.442805 0
    outer loop
      vertex 56.4675 29.525 6
      vertex 56.3951 29.6716 3
      vertex 56.3951 29.6716 6
    endloop
  endfacet
  facet normal 0.896618 0.442805 0
    outer loop
      vertex 56.3951 29.6716 3
      vertex 56.4675 29.525 6
      vertex 56.4675 29.525 3
    endloop
  endfacet
  facet normal 0 0 1
    outer loop
      vertex 58.7893 30.3132 3
      vertex 58.7893 29.9868 3
      vertex 58.8 30.15 3
    endloop
  endfacet
  facet normal 0 0 1
    outer loop
      vertex 58.7574 30.4735 3
      vertex 58.7893 29.9868 3
      vertex 58.7893 30.3132 3
    endloop
  endfacet
  facet normal 0 0 1
    outer loop
      vertex 58.7574 30.4735 3
      vertex 58.7574 29.8265 3
      vertex 58.7893 29.9868 3
    endloop
  endfacet
  facet normal 0 0 1
    outer loop
      vertex 58.7048 30.6284 3
      vertex 58.7574 29.8265 3
      vertex 58.7574 30.4735 3
    endloop
  endfacet
  facet normal 0 0 1
    outer loop
      vertex 58.7048 30.6284 3
      vertex 58.7048 29.6716 3
      vertex 58.7574 29.8265 3
    endloop
  endfacet
  facet normal 0 0 1
    outer loop
      vertex 58.6325 30.775 3
      vertex 58.7048 29.6716 3
      vertex 58.7048 30.6284 3
    endloop
  endfacet
  facet normal 0 0 1
    outer loop
      vertex 58.6325 30.775 3
      vertex 58.6325 29.525 3
      vertex 58.7048 29.6716 3
    endloop
  endfacet
  facet normal 0 0 1
    outer loop
      vertex 58.5417 30.911 3
      vertex 58.6325 29.525 3
      vertex 58.6325 30.775 3
    endloop
  endfacet
  facet normal 0 0 1
    outer loop
      vertex 58.5417 30.911 3
      vertex 58.5417 29.389 3
      vertex 58.6325 29.525 3
    endloop
  endfacet
  facet normal 0 0 1
    outer loop
      vertex 58.4339 31.0339 3
      vertex 58.5417 29.389 3
      vertex 58.5417 30.911 3
    endloop
  endfacet
  facet normal 0 0 1
    outer loop
      vertex 58.4339 31.0339 3
      vertex 58.4339 29.2661 3
      vertex 58.5417 29.389 3
    endloop
  endfacet
  facet normal 0 0 1
    outer loop
      vertex 58.311 31.1417 3
      vertex 58.4339 29.2661 3
      vertex 58.4339 31.0339 3
    endloop
  endfacet
  facet normal 0 0 1
    outer loop
      vertex 58.311 31.1417 3
      vertex 58.311 29.1583 3
      vertex 58.4339 29.2661 3
    endloop
  endfacet
  facet normal 0 0 1
    outer loop
      vertex 58.175 31.2325 3
      vertex 58.311 29.1583 3
      vertex 58.311 31.1417 3
    endloop
  endfacet
  facet normal 0 0 1
    outer loop
      vertex 58.175 31.2325 3
      vertex 58.175 29.0675 3
      vertex 58.311 29.1583 3
    endloop
  endfacet
  facet normal 0 0 1
    outer loop
      vertex 58.0284 31.3048 3
      vertex 58.175 29.0675 3
      vertex 58.175 31.2325 3
    endloop
  endfacet
  facet normal 0 0 1
    outer loop
      vertex 58.0284 31.3048 3
      vertex 58.0284 28.9952 3
      vertex 58.175 29.0675 3
    endloop
  endfacet
  facet normal 0 0 1
    outer loop
      vertex 57.8735 31.3574 3
      vertex 58.0284 28.9952 3
      vertex 58.0284 31.3048 3
    endloop
  endfacet
  facet normal 0 0 1
    outer loop
      vertex 57.8735 31.3574 3
      vertex 57.8735 28.9426 3
      vertex 58.0284 28.9952 3
    endloop
  endfacet
  facet normal 0 0 1
    outer loop
      vertex 57.7132 31.3893 3
      vertex 57.8735 28.9426 3
      vertex 57.8735 31.3574 3
    endloop
  endfacet
  facet normal 0 0 1
    outer loop
      vertex 57.7132 31.3893 3
      vertex 57.7132 28.9107 3
      vertex 57.8735 28.9426 3
    endloop
  endfacet
  facet normal 0 0 1
    outer loop
      vertex 57.55 31.4 3
      vertex 57.7132 28.9107 3
      vertex 57.7132 31.3893 3
    endloop
  endfacet
  facet normal 0 0 1
    outer loop
      vertex 57.55 31.4 3
      vertex 57.55 28.9 3
      vertex 57.7132 28.9107 3
    endloop
  endfacet
  facet normal -0 0 1
    outer loop
      vertex 57.3868 31.3893 3
      vertex 57.55 28.9 3
      vertex 57.55 31.4 3
    endloop
  endfacet
  facet normal 0 0 1
    outer loop
      vertex 57.3868 31.3893 3
      vertex 57.3868 28.9107 3
      vertex 57.55 28.9 3
    endloop
  endfacet
  facet normal -0 0 1
    outer loop
      vertex 57.2265 31.3574 3
      vertex 57.3868 28.9107 3
      vertex 57.3868 31.3893 3
    endloop
  endfacet
  facet normal 0 0 1
    outer loop
      vertex 57.2265 31.3574 3
      vertex 57.2265 28.9426 3
      vertex 57.3868 28.9107 3
    endloop
  endfacet
  facet normal -0 0 1
    outer loop
      vertex 57.0716 31.3048 3
      vertex 57.2265 28.9426 3
      vertex 57.2265 31.3574 3
    endloop
  endfacet
  facet normal 0 0 1
    outer loop
      vertex 57.0716 31.3048 3
      vertex 57.0716 28.9952 3
      vertex 57.2265 28.9426 3
    endloop
  endfacet
  facet normal -0 0 1
    outer loop
      vertex 56.925 31.2325 3
      vertex 57.0716 28.9952 3
      vertex 57.0716 31.3048 3
    endloop
  endfacet
  facet normal 0 0 1
    outer loop
      vertex 56.925 31.2325 3
      vertex 56.925 29.0675 3
      vertex 57.0716 28.9952 3
    endloop
  endfacet
  facet normal -0 0 1
    outer loop
      vertex 56.789 31.1417 3
      vertex 56.925 29.0675 3
      vertex 56.925 31.2325 3
    endloop
  endfacet
  facet normal 0 0 1
    outer loop
      vertex 56.789 31.1417 3
      vertex 56.789 29.1583 3
      vertex 56.925 29.0675 3
    endloop
  endfacet
  facet normal -0 0 1
    outer loop
      vertex 56.6661 31.0339 3
      vertex 56.789 29.1583 3
      vertex 56.789 31.1417 3
    endloop
  endfacet
  facet normal 0 0 1
    outer loop
      vertex 56.6661 31.0339 3
      vertex 56.6661 29.2661 3
      vertex 56.789 29.1583 3
    endloop
  endfacet
  facet normal -0 0 1
    outer loop
      vertex 56.5583 30.911 3
      vertex 56.6661 29.2661 3
      vertex 56.6661 31.0339 3
    endloop
  endfacet
  facet normal 0 0 1
    outer loop
      vertex 56.5583 30.911 3
      vertex 56.5583 29.389 3
      vertex 56.6661 29.2661 3
    endloop
  endfacet
  facet normal -0 0 1
    outer loop
      vertex 56.4675 30.775 3
      vertex 56.5583 29.389 3
      vertex 56.5583 30.911 3
    endloop
  endfacet
  facet normal 0 0 1
    outer loop
      vertex 56.4675 30.775 3
      vertex 56.4675 29.525 3
      vertex 56.5583 29.389 3
    endloop
  endfacet
  facet normal -0 0 1
    outer loop
      vertex 56.3951 30.6284 3
      vertex 56.4675 29.525 3
      vertex 56.4675 30.775 3
    endloop
  endfacet
  facet normal 0 0 1
    outer loop
      vertex 56.3951 30.6284 3
      vertex 56.3951 29.6716 3
      vertex 56.4675 29.525 3
    endloop
  endfacet
  facet normal -0 0 1
    outer loop
      vertex 56.3426 30.4735 3
      vertex 56.3951 29.6716 3
      vertex 56.3951 30.6284 3
    endloop
  endfacet
  facet normal 0 0 1
    outer loop
      vertex 56.3426 30.4735 3
      vertex 56.3426 29.8265 3
      vertex 56.3951 29.6716 3
    endloop
  endfacet
  facet normal -0 0 1
    outer loop
      vertex 56.3107 30.3132 3
      vertex 56.3426 29.8265 3
      vertex 56.3426 30.4735 3
    endloop
  endfacet
  facet normal 0 0 1
    outer loop
      vertex 56.3107 30.3132 3
      vertex 56.3107 29.9868 3
      vertex 56.3426 29.8265 3
    endloop
  endfacet
  facet normal 0 -0 1
    outer loop
      vertex 56.3107 29.9868 3
      vertex 56.3107 30.3132 3
      vertex 56.3 30.15 3
    endloop
  endfacet
  facet normal -0.980768 -0.195175 0
    outer loop
      vertex 58.7893 30.3132 3
      vertex 58.7574 30.4735 6
      vertex 58.7574 30.4735 3
    endloop
  endfacet
  facet normal -0.980768 -0.195175 0
    outer loop
      vertex 58.7574 30.4735 6
      vertex 58.7893 30.3132 3
      vertex 58.7893 30.3132 6
    endloop
  endfacet
  facet normal -0.831674 -0.555265 0
    outer loop
      vertex 58.6325 30.775 3
      vertex 58.5417 30.911 6
      vertex 58.5417 30.911 3
    endloop
  endfacet
  facet normal -0.831674 -0.555265 0
    outer loop
      vertex 58.5417 30.911 6
      vertex 58.6325 30.775 3
      vertex 58.6325 30.775 6
    endloop
  endfacet
  facet normal -0.75178 -0.659414 0
    outer loop
      vertex 58.5417 30.911 3
      vertex 58.4339 31.0339 6
      vertex 58.4339 31.0339 3
    endloop
  endfacet
  facet normal -0.75178 -0.659414 0
    outer loop
      vertex 58.4339 31.0339 6
      vertex 58.5417 30.911 3
      vertex 58.5417 30.911 6
    endloop
  endfacet
  facet normal -0.555265 -0.831674 0
    outer loop
      vertex 58.175 31.2325 3
      vertex 58.311 31.1417 6
      vertex 58.175 31.2325 6
    endloop
  endfacet
  facet normal -0.555265 -0.831674 -0
    outer loop
      vertex 58.311 31.1417 6
      vertex 58.175 31.2325 3
      vertex 58.311 31.1417 3
    endloop
  endfacet
  facet normal -0.0654233 -0.997858 0
    outer loop
      vertex 57.55 31.4 3
      vertex 57.7132 31.3893 6
      vertex 57.55 31.4 6
    endloop
  endfacet
  facet normal -0.0654233 -0.997858 -0
    outer loop
      vertex 57.7132 31.3893 6
      vertex 57.55 31.4 3
      vertex 57.7132 31.3893 3
    endloop
  endfacet
  facet normal -0.321541 -0.946896 0
    outer loop
      vertex 57.8735 31.3574 3
      vertex 58.0284 31.3048 6
      vertex 57.8735 31.3574 6
    endloop
  endfacet
  facet normal -0.321541 -0.946896 -0
    outer loop
      vertex 58.0284 31.3048 6
      vertex 57.8735 31.3574 3
      vertex 58.0284 31.3048 3
    endloop
  endfacet
  facet normal 0.997858 -0.0654233 0
    outer loop
      vertex 56.3 30.15 6
      vertex 56.3107 30.3132 3
      vertex 56.3107 30.3132 6
    endloop
  endfacet
  facet normal 0.997858 -0.0654233 0
    outer loop
      vertex 56.3107 30.3132 3
      vertex 56.3 30.15 6
      vertex 56.3 30.15 3
    endloop
  endfacet
  facet normal 0.831674 -0.555265 0
    outer loop
      vertex 56.4675 30.775 6
      vertex 56.5583 30.911 3
      vertex 56.5583 30.911 6
    endloop
  endfacet
  facet normal 0.831674 -0.555265 0
    outer loop
      vertex 56.5583 30.911 3
      vertex 56.4675 30.775 6
      vertex 56.4675 30.775 3
    endloop
  endfacet
  facet normal 0.0654233 -0.997858 0
    outer loop
      vertex 57.3868 31.3893 3
      vertex 57.55 31.4 6
      vertex 57.3868 31.3893 6
    endloop
  endfacet
  facet normal 0.0654233 -0.997858 0
    outer loop
      vertex 57.55 31.4 6
      vertex 57.3868 31.3893 3
      vertex 57.55 31.4 3
    endloop
  endfacet
  facet normal 0.555265 -0.831674 0
    outer loop
      vertex 56.789 31.1417 3
      vertex 56.925 31.2325 6
      vertex 56.789 31.1417 6
    endloop
  endfacet
  facet normal 0.555265 -0.831674 0
    outer loop
      vertex 56.925 31.2325 6
      vertex 56.789 31.1417 3
      vertex 56.925 31.2325 3
    endloop
  endfacet
  facet normal 0.659414 -0.75178 0
    outer loop
      vertex 56.6661 31.0339 3
      vertex 56.789 31.1417 6
      vertex 56.6661 31.0339 6
    endloop
  endfacet
  facet normal 0.659414 -0.75178 0
    outer loop
      vertex 56.789 31.1417 6
      vertex 56.6661 31.0339 3
      vertex 56.789 31.1417 3
    endloop
  endfacet
  facet normal -0.0654233 0.997858 0
    outer loop
      vertex 57.7132 28.9107 3
      vertex 57.55 28.9 6
      vertex 57.7132 28.9107 6
    endloop
  endfacet
  facet normal -0.0654233 0.997858 0
    outer loop
      vertex 57.55 28.9 6
      vertex 57.7132 28.9107 3
      vertex 57.55 28.9 3
    endloop
  endfacet
  facet normal -0.75178 0.659414 0
    outer loop
      vertex 58.4339 29.2661 3
      vertex 58.5417 29.389 6
      vertex 58.5417 29.389 3
    endloop
  endfacet
  facet normal -0.75178 0.659414 0
    outer loop
      vertex 58.5417 29.389 6
      vertex 58.4339 29.2661 3
      vertex 58.4339 29.2661 6
    endloop
  endfacet
  facet normal -0.896861 0.442313 0
    outer loop
      vertex 58.6325 29.525 3
      vertex 58.7048 29.6716 6
      vertex 58.7048 29.6716 3
    endloop
  endfacet
  facet normal -0.896861 0.442313 0
    outer loop
      vertex 58.7048 29.6716 6
      vertex 58.6325 29.525 3
      vertex 58.6325 29.525 6
    endloop
  endfacet
  facet normal -0.555265 0.831674 0
    outer loop
      vertex 58.311 29.1583 3
      vertex 58.175 29.0675 6
      vertex 58.311 29.1583 6
    endloop
  endfacet
  facet normal -0.555265 0.831674 0
    outer loop
      vertex 58.175 29.0675 6
      vertex 58.311 29.1583 3
      vertex 58.175 29.0675 3
    endloop
  endfacet
  facet normal 0.0654233 0.997858 -0
    outer loop
      vertex 57.55 28.9 3
      vertex 57.3868 28.9107 6
      vertex 57.55 28.9 6
    endloop
  endfacet
  facet normal 0.0654233 0.997858 0
    outer loop
      vertex 57.3868 28.9107 6
      vertex 57.55 28.9 3
      vertex 57.3868 28.9107 3
    endloop
  endfacet
  facet normal 0.442313 0.896861 -0
    outer loop
      vertex 57.0716 28.9952 3
      vertex 56.925 29.0675 6
      vertex 57.0716 28.9952 6
    endloop
  endfacet
  facet normal 0.442313 0.896861 0
    outer loop
      vertex 56.925 29.0675 6
      vertex 57.0716 28.9952 3
      vertex 56.925 29.0675 3
    endloop
  endfacet
  facet normal 0.947082 0.320993 0
    outer loop
      vertex 56.3951 29.6716 6
      vertex 56.3426 29.8265 3
      vertex 56.3426 29.8265 6
    endloop
  endfacet
  facet normal 0.947082 0.320993 0
    outer loop
      vertex 56.3426 29.8265 3
      vertex 56.3951 29.6716 6
      vertex 56.3951 29.6716 3
    endloop
  endfacet
  facet normal 0.997858 0.0654233 0
    outer loop
      vertex 56.3107 29.9868 6
      vertex 56.3 30.15 3
      vertex 56.3 30.15 6
    endloop
  endfacet
  facet normal 0.997858 0.0654233 0
    outer loop
      vertex 56.3 30.15 3
      vertex 56.3107 29.9868 6
      vertex 56.3107 29.9868 3
    endloop
  endfacet
  facet normal 0.831674 0.555265 0
    outer loop
      vertex 56.5583 29.389 6
      vertex 56.4675 29.525 3
      vertex 56.4675 29.525 6
    endloop
  endfacet
  facet normal 0.831674 0.555265 0
    outer loop
      vertex 56.4675 29.525 3
      vertex 56.5583 29.389 6
      vertex 56.5583 29.389 3
    endloop
  endfacet
  facet normal -0.997858 0.0654233 0
    outer loop
      vertex 58.7893 29.9868 3
      vertex 58.8 30.15 6
      vertex 58.8 30.15 3
    endloop
  endfacet
  facet normal -0.997858 0.0654233 0
    outer loop
      vertex 58.8 30.15 6
      vertex 58.7893 29.9868 3
      vertex 58.7893 29.9868 6
    endloop
  endfacet
  facet normal -0.195175 0.980768 0
    outer loop
      vertex 57.8735 28.9426 3
      vertex 57.7132 28.9107 6
      vertex 57.8735 28.9426 6
    endloop
  endfacet
  facet normal -0.195175 0.980768 0
    outer loop
      vertex 57.7132 28.9107 6
      vertex 57.8735 28.9426 3
      vertex 57.7132 28.9107 3
    endloop
  endfacet
  facet normal -0.659414 0.75178 0
    outer loop
      vertex 58.4339 29.2661 3
      vertex 58.311 29.1583 6
      vertex 58.4339 29.2661 6
    endloop
  endfacet
  facet normal -0.659414 0.75178 0
    outer loop
      vertex 58.311 29.1583 6
      vertex 58.4339 29.2661 3
      vertex 58.311 29.1583 3
    endloop
  endfacet
  facet normal 0.555265 0.831674 -0
    outer loop
      vertex 56.925 29.0675 3
      vertex 56.789 29.1583 6
      vertex 56.925 29.0675 6
    endloop
  endfacet
  facet normal 0.555265 0.831674 0
    outer loop
      vertex 56.789 29.1583 6
      vertex 56.925 29.0675 3
      vertex 56.789 29.1583 3
    endloop
  endfacet
  facet normal 0.980768 0.195175 0
    outer loop
      vertex 56.3426 29.8265 6
      vertex 56.3107 29.9868 3
      vertex 56.3107 29.9868 6
    endloop
  endfacet
  facet normal 0.980768 0.195175 0
    outer loop
      vertex 56.3107 29.9868 3
      vertex 56.3426 29.8265 6
      vertex 56.3426 29.8265 3
    endloop
  endfacet
  facet normal 0.75178 0.659414 0
    outer loop
      vertex 56.6661 29.2661 6
      vertex 56.5583 29.389 3
      vertex 56.5583 29.389 6
    endloop
  endfacet
  facet normal 0.75178 0.659414 0
    outer loop
      vertex 56.5583 29.389 3
      vertex 56.6661 29.2661 6
      vertex 56.6661 29.2661 3
    endloop
  endfacet
  facet normal -0.831674 0.555265 0
    outer loop
      vertex 58.5417 29.389 3
      vertex 58.6325 29.525 6
      vertex 58.6325 29.525 3
    endloop
  endfacet
  facet normal -0.831674 0.555265 0
    outer loop
      vertex 58.6325 29.525 6
      vertex 58.5417 29.389 3
      vertex 58.5417 29.389 6
    endloop
  endfacet
  facet normal 0.555582 0.831462 -0
    outer loop
      vertex 4.82628 5.38006 2
      vertex 4.5 5.59808 6
      vertex 4.82628 5.38006 6
    endloop
  endfacet
  facet normal 0.555582 0.831462 0
    outer loop
      vertex 4.5 5.59808 6
      vertex 4.82628 5.38006 2
      vertex 4.5 5.59808 2
    endloop
  endfacet
  facet normal -0.980786 0.195089 0
    outer loop
      vertex 0.0256653 3.39158 2
      vertex 0.102222 3.77646 6
      vertex 0.102222 3.77646 2
    endloop
  endfacet
  facet normal -0.980786 0.195089 0
    outer loop
      vertex 0.102222 3.77646 6
      vertex 0.0256653 3.39158 2
      vertex 0.0256653 3.39158 6
    endloop
  endfacet
  facet normal 0.980789 -0.195072 0
    outer loop
      vertex 5.89778 2.22354 6
      vertex 5.97433 2.60842 2
      vertex 5.97433 2.60842 6
    endloop
  endfacet
  facet normal 0.980789 -0.195072 0
    outer loop
      vertex 5.97433 2.60842 2
      vertex 5.89778 2.22354 6
      vertex 5.89778 2.22354 2
    endloop
  endfacet
  facet normal -0.195089 -0.980786 0
    outer loop
      vertex 2.22354 0.102222 2
      vertex 2.60842 0.0256653 6
      vertex 2.22354 0.102222 6
    endloop
  endfacet
  facet normal -0.195089 -0.980786 -0
    outer loop
      vertex 2.60842 0.0256653 6
      vertex 2.22354 0.102222 2
      vertex 2.60842 0.0256653 2
    endloop
  endfacet
  facet normal -0.442283 0.896875 0
    outer loop
      vertex 1.85195 5.77164 2
      vertex 1.5 5.59808 6
      vertex 1.85195 5.77164 6
    endloop
  endfacet
  facet normal -0.442283 0.896875 0
    outer loop
      vertex 1.5 5.59808 6
      vertex 1.85195 5.77164 2
      vertex 1.5 5.59808 2
    endloop
  endfacet
  facet normal -0.946929 0.321442 0
    outer loop
      vertex 0.102222 3.77646 2
      vertex 0.228361 4.14805 6
      vertex 0.228361 4.14805 2
    endloop
  endfacet
  facet normal -0.946929 0.321442 0
    outer loop
      vertex 0.228361 4.14805 6
      vertex 0.102222 3.77646 2
      vertex 0.102222 3.77646 6
    endloop
  endfacet
  facet normal -0.321442 -0.946929 0
    outer loop
      vertex 1.85195 0.228361 2
      vertex 2.22354 0.102222 6
      vertex 1.85195 0.228361 6
    endloop
  endfacet
  facet normal -0.321442 -0.946929 -0
    outer loop
      vertex 2.22354 0.102222 6
      vertex 1.85195 0.228361 2
      vertex 2.22354 0.102222 2
    endloop
  endfacet
  facet normal 0.896875 0.442283 0
    outer loop
      vertex 5.77164 4.14805 6
      vertex 5.59808 4.5 2
      vertex 5.59808 4.5 6
    endloop
  endfacet
  facet normal 0.896875 0.442283 0
    outer loop
      vertex 5.59808 4.5 2
      vertex 5.77164 4.14805 6
      vertex 5.77164 4.14805 2
    endloop
  endfacet
  facet normal 0.980789 0.195072 0
    outer loop
      vertex 5.97433 3.39158 6
      vertex 5.89778 3.77646 2
      vertex 5.89778 3.77646 6
    endloop
  endfacet
  facet normal 0.980789 0.195072 0
    outer loop
      vertex 5.89778 3.77646 2
      vertex 5.97433 3.39158 6
      vertex 5.97433 3.39158 2
    endloop
  endfacet
  facet normal 0.831462 0.555582 0
    outer loop
      vertex 5.59808 4.5 6
      vertex 5.38006 4.82628 2
      vertex 5.38006 4.82628 6
    endloop
  endfacet
  facet normal 0.831462 0.555582 0
    outer loop
      vertex 5.38006 4.82628 2
      vertex 5.59808 4.5 6
      vertex 5.59808 4.5 2
    endloop
  endfacet
  facet normal 0.659341 0.751844 -0
    outer loop
      vertex 5.12132 5.12132 2
      vertex 4.82628 5.38006 6
      vertex 5.12132 5.12132 6
    endloop
  endfacet
  facet normal 0.659341 0.751844 0
    outer loop
      vertex 4.82628 5.38006 6
      vertex 5.12132 5.12132 2
      vertex 4.82628 5.38006 2
    endloop
  endfacet
  facet normal 0.321444 0.946928 -0
    outer loop
      vertex 4.14805 5.77164 2
      vertex 3.77646 5.89778 6
      vertex 4.14805 5.77164 6
    endloop
  endfacet
  facet normal 0.321444 0.946928 0
    outer loop
      vertex 3.77646 5.89778 6
      vertex 4.14805 5.77164 2
      vertex 3.77646 5.89778 2
    endloop
  endfacet
  facet normal -0.0654145 0.997858 0
    outer loop
      vertex 3 6 2
      vertex 2.60842 5.97433 6
      vertex 3 6 6
    endloop
  endfacet
  facet normal -0.0654145 0.997858 0
    outer loop
      vertex 2.60842 5.97433 6
      vertex 3 6 2
      vertex 2.60842 5.97433 2
    endloop
  endfacet
  facet normal -0.831465 0.555577 0
    outer loop
      vertex 0.401923 4.5 2
      vertex 0.61994 4.82628 6
      vertex 0.61994 4.82628 2
    endloop
  endfacet
  facet normal -0.831465 0.555577 0
    outer loop
      vertex 0.61994 4.82628 6
      vertex 0.401923 4.5 2
      vertex 0.401923 4.5 6
    endloop
  endfacet
  facet normal -0.195072 0.980789 0
    outer loop
      vertex 2.60842 5.97433 2
      vertex 2.22354 5.89778 6
      vertex 2.60842 5.97433 6
    endloop
  endfacet
  facet normal -0.195072 0.980789 0
    outer loop
      vertex 2.22354 5.89778 6
      vertex 2.60842 5.97433 2
      vertex 2.22354 5.89778 2
    endloop
  endfacet
  facet normal -0.751845 0.65934 0
    outer loop
      vertex 0.61994 4.82628 2
      vertex 0.878679 5.12132 6
      vertex 0.878679 5.12132 2
    endloop
  endfacet
  facet normal -0.751845 0.65934 0
    outer loop
      vertex 0.878679 5.12132 6
      vertex 0.61994 4.82628 2
      vertex 0.61994 4.82628 6
    endloop
  endfacet
  facet normal 0.997858 0.0654145 0
    outer loop
      vertex 6 3 6
      vertex 5.97433 3.39158 2
      vertex 5.97433 3.39158 6
    endloop
  endfacet
  facet normal 0.997858 0.0654145 0
    outer loop
      vertex 5.97433 3.39158 2
      vertex 6 3 6
      vertex 6 3 2
    endloop
  endfacet
  facet normal 0.195089 -0.980786 0
    outer loop
      vertex 3.39158 0.0256653 2
      vertex 3.77646 0.102222 6
      vertex 3.39158 0.0256653 6
    endloop
  endfacet
  facet normal 0.195089 -0.980786 0
    outer loop
      vertex 3.77646 0.102222 6
      vertex 3.39158 0.0256653 2
      vertex 3.77646 0.102222 2
    endloop
  endfacet
  facet normal 0.946928 -0.321444 0
    outer loop
      vertex 5.77164 1.85195 6
      vertex 5.89778 2.22354 2
      vertex 5.89778 2.22354 6
    endloop
  endfacet
  facet normal 0.946928 -0.321444 0
    outer loop
      vertex 5.89778 2.22354 2
      vertex 5.77164 1.85195 6
      vertex 5.77164 1.85195 2
    endloop
  endfacet
  facet normal -0.0654026 -0.997859 0
    outer loop
      vertex 2.60842 0.0256653 2
      vertex 3 0 6
      vertex 2.60842 0.0256653 6
    endloop
  endfacet
  facet normal -0.0654026 -0.997859 -0
    outer loop
      vertex 3 0 6
      vertex 2.60842 0.0256653 2
      vertex 3 0 2
    endloop
  endfacet
  facet normal -0.555577 -0.831465 0
    outer loop
      vertex 1.17372 0.61994 2
      vertex 1.5 0.401923 6
      vertex 1.17372 0.61994 6
    endloop
  endfacet
  facet normal -0.555577 -0.831465 -0
    outer loop
      vertex 1.5 0.401923 6
      vertex 1.17372 0.61994 2
      vertex 1.5 0.401923 2
    endloop
  endfacet
  facet normal -0.980786 -0.195089 0
    outer loop
      vertex 0.102222 2.22354 2
      vertex 0.0256653 2.60842 6
      vertex 0.0256653 2.60842 2
    endloop
  endfacet
  facet normal -0.980786 -0.195089 0
    outer loop
      vertex 0.0256653 2.60842 6
      vertex 0.102222 2.22354 2
      vertex 0.102222 2.22354 6
    endloop
  endfacet
  facet normal 0.946928 0.321444 0
    outer loop
      vertex 5.89778 3.77646 6
      vertex 5.77164 4.14805 2
      vertex 5.77164 4.14805 6
    endloop
  endfacet
  facet normal 0.946928 0.321444 0
    outer loop
      vertex 5.77164 4.14805 2
      vertex 5.89778 3.77646 6
      vertex 5.89778 3.77646 2
    endloop
  endfacet
  facet normal 0.751844 0.659341 0
    outer loop
      vertex 5.38006 4.82628 6
      vertex 5.12132 5.12132 2
      vertex 5.12132 5.12132 6
    endloop
  endfacet
  facet normal 0.751844 0.659341 0
    outer loop
      vertex 5.12132 5.12132 2
      vertex 5.38006 4.82628 6
      vertex 5.38006 4.82628 2
    endloop
  endfacet
  facet normal 0.442283 0.896875 -0
    outer loop
      vertex 4.5 5.59808 2
      vertex 4.14805 5.77164 6
      vertex 4.5 5.59808 6
    endloop
  endfacet
  facet normal 0.442283 0.896875 0
    outer loop
      vertex 4.14805 5.77164 6
      vertex 4.5 5.59808 2
      vertex 4.14805 5.77164 2
    endloop
  endfacet
  facet normal 0.195072 0.980789 -0
    outer loop
      vertex 3.77646 5.89778 2
      vertex 3.39158 5.97433 6
      vertex 3.77646 5.89778 6
    endloop
  endfacet
  facet normal 0.195072 0.980789 0
    outer loop
      vertex 3.39158 5.97433 6
      vertex 3.77646 5.89778 2
      vertex 3.39158 5.97433 2
    endloop
  endfacet
  facet normal 0.0654145 0.997858 -0
    outer loop
      vertex 3.39158 5.97433 2
      vertex 3 6 6
      vertex 3.39158 5.97433 6
    endloop
  endfacet
  facet normal 0.0654145 0.997858 0
    outer loop
      vertex 3 6 6
      vertex 3.39158 5.97433 2
      vertex 3 6 2
    endloop
  endfacet
  facet normal -0.997859 -0.0654026 0
    outer loop
      vertex 0.0256653 2.60842 2
      vertex 0 3 6
      vertex 0 3 2
    endloop
  endfacet
  facet normal -0.997859 -0.0654026 0
    outer loop
      vertex 0 3 6
      vertex 0.0256653 2.60842 2
      vertex 0.0256653 2.60842 6
    endloop
  endfacet
  facet normal -0.896873 0.442288 0
    outer loop
      vertex 0.228361 4.14805 2
      vertex 0.401923 4.5 6
      vertex 0.401923 4.5 2
    endloop
  endfacet
  facet normal -0.896873 0.442288 0
    outer loop
      vertex 0.401923 4.5 6
      vertex 0.228361 4.14805 2
      vertex 0.228361 4.14805 6
    endloop
  endfacet
  facet normal -0.321444 0.946928 0
    outer loop
      vertex 2.22354 5.89778 2
      vertex 1.85195 5.77164 6
      vertex 2.22354 5.89778 6
    endloop
  endfacet
  facet normal -0.321444 0.946928 0
    outer loop
      vertex 1.85195 5.77164 6
      vertex 2.22354 5.89778 2
      vertex 1.85195 5.77164 2
    endloop
  endfacet
  facet normal -0.65934 0.751845 0
    outer loop
      vertex 1.17372 5.38006 2
      vertex 0.878679 5.12132 6
      vertex 1.17372 5.38006 6
    endloop
  endfacet
  facet normal -0.65934 0.751845 0
    outer loop
      vertex 0.878679 5.12132 6
      vertex 1.17372 5.38006 2
      vertex 0.878679 5.12132 2
    endloop
  endfacet
  facet normal -0.555582 0.831462 0
    outer loop
      vertex 1.5 5.59808 2
      vertex 1.17372 5.38006 6
      vertex 1.5 5.59808 6
    endloop
  endfacet
  facet normal -0.555582 0.831462 0
    outer loop
      vertex 1.17372 5.38006 6
      vertex 1.5 5.59808 2
      vertex 1.17372 5.38006 2
    endloop
  endfacet
  facet normal 0.997858 -0.0654145 0
    outer loop
      vertex 5.97433 2.60842 6
      vertex 6 3 2
      vertex 6 3 6
    endloop
  endfacet
  facet normal 0.997858 -0.0654145 0
    outer loop
      vertex 6 3 2
      vertex 5.97433 2.60842 6
      vertex 5.97433 2.60842 2
    endloop
  endfacet
  facet normal 0.831462 -0.555582 0
    outer loop
      vertex 5.38006 1.17372 6
      vertex 5.59808 1.5 2
      vertex 5.59808 1.5 6
    endloop
  endfacet
  facet normal 0.831462 -0.555582 0
    outer loop
      vertex 5.59808 1.5 2
      vertex 5.38006 1.17372 6
      vertex 5.38006 1.17372 2
    endloop
  endfacet
  facet normal 0.896875 -0.442283 0
    outer loop
      vertex 5.59808 1.5 6
      vertex 5.77164 1.85195 2
      vertex 5.77164 1.85195 6
    endloop
  endfacet
  facet normal 0.896875 -0.442283 0
    outer loop
      vertex 5.77164 1.85195 2
      vertex 5.59808 1.5 6
      vertex 5.59808 1.5 2
    endloop
  endfacet
  facet normal 0.321442 -0.946929 0
    outer loop
      vertex 3.77646 0.102222 2
      vertex 4.14805 0.228361 6
      vertex 3.77646 0.102222 6
    endloop
  endfacet
  facet normal 0.321442 -0.946929 0
    outer loop
      vertex 4.14805 0.228361 6
      vertex 3.77646 0.102222 2
      vertex 4.14805 0.228361 2
    endloop
  endfacet
  facet normal 0.751845 -0.65934 0
    outer loop
      vertex 5.12132 0.878679 6
      vertex 5.38006 1.17372 2
      vertex 5.38006 1.17372 6
    endloop
  endfacet
  facet normal 0.751845 -0.65934 0
    outer loop
      vertex 5.38006 1.17372 2
      vertex 5.12132 0.878679 6
      vertex 5.12132 0.878679 2
    endloop
  endfacet
  facet normal 0.555577 -0.831465 0
    outer loop
      vertex 4.5 0.401923 2
      vertex 4.82628 0.61994 6
      vertex 4.5 0.401923 6
    endloop
  endfacet
  facet normal 0.555577 -0.831465 0
    outer loop
      vertex 4.82628 0.61994 6
      vertex 4.5 0.401923 2
      vertex 4.82628 0.61994 2
    endloop
  endfacet
  facet normal 0.0654026 -0.997859 0
    outer loop
      vertex 3 0 2
      vertex 3.39158 0.0256653 6
      vertex 3 0 6
    endloop
  endfacet
  facet normal 0.0654026 -0.997859 0
    outer loop
      vertex 3.39158 0.0256653 6
      vertex 3 0 2
      vertex 3.39158 0.0256653 2
    endloop
  endfacet
  facet normal -0.442288 -0.896873 0
    outer loop
      vertex 1.5 0.401923 2
      vertex 1.85195 0.228361 6
      vertex 1.5 0.401923 6
    endloop
  endfacet
  facet normal -0.442288 -0.896873 -0
    outer loop
      vertex 1.85195 0.228361 6
      vertex 1.5 0.401923 2
      vertex 1.85195 0.228361 2
    endloop
  endfacet
  facet normal -0.946929 -0.321442 0
    outer loop
      vertex 0.228361 1.85195 2
      vertex 0.102222 2.22354 6
      vertex 0.102222 2.22354 2
    endloop
  endfacet
  facet normal -0.946929 -0.321442 0
    outer loop
      vertex 0.102222 2.22354 6
      vertex 0.228361 1.85195 2
      vertex 0.228361 1.85195 6
    endloop
  endfacet
  facet normal -0.659339 -0.751846 0
    outer loop
      vertex 0.878679 0.878679 2
      vertex 1.17372 0.61994 6
      vertex 0.878679 0.878679 6
    endloop
  endfacet
  facet normal -0.659339 -0.751846 -0
    outer loop
      vertex 1.17372 0.61994 6
      vertex 0.878679 0.878679 2
      vertex 1.17372 0.61994 2
    endloop
  endfacet
  facet normal -0.831465 -0.555577 0
    outer loop
      vertex 0.61994 1.17372 2
      vertex 0.401923 1.5 6
      vertex 0.401923 1.5 2
    endloop
  endfacet
  facet normal -0.831465 -0.555577 0
    outer loop
      vertex 0.401923 1.5 6
      vertex 0.61994 1.17372 2
      vertex 0.61994 1.17372 6
    endloop
  endfacet
  facet normal 0 0 1
    outer loop
      vertex 5.97433 3.39158 6
      vertex 5.97433 2.60842 6
      vertex 6 3 6
    endloop
  endfacet
  facet normal 0 0 1
    outer loop
      vertex 5.89778 3.77646 6
      vertex 5.97433 2.60842 6
      vertex 5.97433 3.39158 6
    endloop
  endfacet
  facet normal 0 0 1
    outer loop
      vertex 5.89778 3.77646 6
      vertex 5.89778 2.22354 6
      vertex 5.97433 2.60842 6
    endloop
  endfacet
  facet normal 0 0 1
    outer loop
      vertex 5.77164 4.14805 6
      vertex 5.89778 2.22354 6
      vertex 5.89778 3.77646 6
    endloop
  endfacet
  facet normal 0 0 1
    outer loop
      vertex 5.77164 4.14805 6
      vertex 5.77164 1.85195 6
      vertex 5.89778 2.22354 6
    endloop
  endfacet
  facet normal 0 0 1
    outer loop
      vertex 5.59808 4.5 6
      vertex 5.77164 1.85195 6
      vertex 5.77164 4.14805 6
    endloop
  endfacet
  facet normal 0 0 1
    outer loop
      vertex 5.59808 4.5 6
      vertex 5.59808 1.5 6
      vertex 5.77164 1.85195 6
    endloop
  endfacet
  facet normal 0 0 1
    outer loop
      vertex 5.38006 4.82628 6
      vertex 5.59808 1.5 6
      vertex 5.59808 4.5 6
    endloop
  endfacet
  facet normal 0 0 1
    outer loop
      vertex 5.38006 4.82628 6
      vertex 5.38006 1.17372 6
      vertex 5.59808 1.5 6
    endloop
  endfacet
  facet normal 0 0 1
    outer loop
      vertex 5.12132 5.12132 6
      vertex 5.38006 1.17372 6
      vertex 5.38006 4.82628 6
    endloop
  endfacet
  facet normal 0 0 1
    outer loop
      vertex 5.12132 5.12132 6
      vertex 5.12132 0.878679 6
      vertex 5.38006 1.17372 6
    endloop
  endfacet
  facet normal 0 0 1
    outer loop
      vertex 4.82628 5.38006 6
      vertex 5.12132 0.878679 6
      vertex 5.12132 5.12132 6
    endloop
  endfacet
  facet normal 0 0 1
    outer loop
      vertex 4.82628 5.38006 6
      vertex 4.82628 0.61994 6
      vertex 5.12132 0.878679 6
    endloop
  endfacet
  facet normal 0 0 1
    outer loop
      vertex 4.5 5.59808 6
      vertex 4.82628 0.61994 6
      vertex 4.82628 5.38006 6
    endloop
  endfacet
  facet normal 0 0 1
    outer loop
      vertex 4.5 5.59808 6
      vertex 4.5 0.401923 6
      vertex 4.82628 0.61994 6
    endloop
  endfacet
  facet normal 0 0 1
    outer loop
      vertex 4.14805 5.77164 6
      vertex 4.5 0.401923 6
      vertex 4.5 5.59808 6
    endloop
  endfacet
  facet normal 0 0 1
    outer loop
      vertex 4.14805 5.77164 6
      vertex 4.14805 0.228361 6
      vertex 4.5 0.401923 6
    endloop
  endfacet
  facet normal 0 0 1
    outer loop
      vertex 3.77646 5.89778 6
      vertex 4.14805 0.228361 6
      vertex 4.14805 5.77164 6
    endloop
  endfacet
  facet normal 0 0 1
    outer loop
      vertex 3.77646 5.89778 6
      vertex 3.77646 0.102222 6
      vertex 4.14805 0.228361 6
    endloop
  endfacet
  facet normal 0 0 1
    outer loop
      vertex 3.39158 5.97433 6
      vertex 3.77646 0.102222 6
      vertex 3.77646 5.89778 6
    endloop
  endfacet
  facet normal 0 0 1
    outer loop
      vertex 3.39158 5.97433 6
      vertex 3.39158 0.0256653 6
      vertex 3.77646 0.102222 6
    endloop
  endfacet
  facet normal 0 0 1
    outer loop
      vertex 3 6 6
      vertex 3.39158 0.0256653 6
      vertex 3.39158 5.97433 6
    endloop
  endfacet
  facet normal 0 0 1
    outer loop
      vertex 3 6 6
      vertex 3 0 6
      vertex 3.39158 0.0256653 6
    endloop
  endfacet
  facet normal -0 0 1
    outer loop
      vertex 2.60842 5.97433 6
      vertex 3 0 6
      vertex 3 6 6
    endloop
  endfacet
  facet normal 0 0 1
    outer loop
      vertex 2.60842 5.97433 6
      vertex 2.60842 0.0256653 6
      vertex 3 0 6
    endloop
  endfacet
  facet normal -0 0 1
    outer loop
      vertex 2.22354 5.89778 6
      vertex 2.60842 0.0256653 6
      vertex 2.60842 5.97433 6
    endloop
  endfacet
  facet normal 0 0 1
    outer loop
      vertex 2.22354 5.89778 6
      vertex 2.22354 0.102222 6
      vertex 2.60842 0.0256653 6
    endloop
  endfacet
  facet normal -0 0 1
    outer loop
      vertex 1.85195 5.77164 6
      vertex 2.22354 0.102222 6
      vertex 2.22354 5.89778 6
    endloop
  endfacet
  facet normal 0 0 1
    outer loop
      vertex 1.85195 5.77164 6
      vertex 1.85195 0.228361 6
      vertex 2.22354 0.102222 6
    endloop
  endfacet
  facet normal -0 0 1
    outer loop
      vertex 1.5 5.59808 6
      vertex 1.85195 0.228361 6
      vertex 1.85195 5.77164 6
    endloop
  endfacet
  facet normal 0 0 1
    outer loop
      vertex 1.5 5.59808 6
      vertex 1.5 0.401923 6
      vertex 1.85195 0.228361 6
    endloop
  endfacet
  facet normal -0 0 1
    outer loop
      vertex 1.17372 5.38006 6
      vertex 1.5 0.401923 6
      vertex 1.5 5.59808 6
    endloop
  endfacet
  facet normal 0 0 1
    outer loop
      vertex 1.17372 5.38006 6
      vertex 1.17372 0.61994 6
      vertex 1.5 0.401923 6
    endloop
  endfacet
  facet normal -0 0 1
    outer loop
      vertex 0.878679 5.12132 6
      vertex 1.17372 0.61994 6
      vertex 1.17372 5.38006 6
    endloop
  endfacet
  facet normal 0 0 1
    outer loop
      vertex 0.878679 5.12132 6
      vertex 0.878679 0.878679 6
      vertex 1.17372 0.61994 6
    endloop
  endfacet
  facet normal -0 0 1
    outer loop
      vertex 0.61994 4.82628 6
      vertex 0.878679 0.878679 6
      vertex 0.878679 5.12132 6
    endloop
  endfacet
  facet normal 0 0 1
    outer loop
      vertex 0.61994 4.82628 6
      vertex 0.61994 1.17372 6
      vertex 0.878679 0.878679 6
    endloop
  endfacet
  facet normal -0 0 1
    outer loop
      vertex 0.401923 4.5 6
      vertex 0.61994 1.17372 6
      vertex 0.61994 4.82628 6
    endloop
  endfacet
  facet normal 0 0 1
    outer loop
      vertex 0.401923 4.5 6
      vertex 0.401923 1.5 6
      vertex 0.61994 1.17372 6
    endloop
  endfacet
  facet normal -0 0 1
    outer loop
      vertex 0.228361 4.14805 6
      vertex 0.401923 1.5 6
      vertex 0.401923 4.5 6
    endloop
  endfacet
  facet normal 0 0 1
    outer loop
      vertex 0.228361 4.14805 6
      vertex 0.228361 1.85195 6
      vertex 0.401923 1.5 6
    endloop
  endfacet
  facet normal -0 0 1
    outer loop
      vertex 0.102222 3.77646 6
      vertex 0.228361 1.85195 6
      vertex 0.228361 4.14805 6
    endloop
  endfacet
  facet normal 0 0 1
    outer loop
      vertex 0.102222 3.77646 6
      vertex 0.102222 2.22354 6
      vertex 0.228361 1.85195 6
    endloop
  endfacet
  facet normal -0 0 1
    outer loop
      vertex 0.0256653 3.39158 6
      vertex 0.102222 2.22354 6
      vertex 0.102222 3.77646 6
    endloop
  endfacet
  facet normal 0 0 1
    outer loop
      vertex 0.0256653 3.39158 6
      vertex 0.0256653 2.60842 6
      vertex 0.102222 2.22354 6
    endloop
  endfacet
  facet normal 0 -0 1
    outer loop
      vertex 0.0256653 2.60842 6
      vertex 0.0256653 3.39158 6
      vertex 0 3 6
    endloop
  endfacet
  facet normal -0.997859 0.0654026 0
    outer loop
      vertex 0 3 2
      vertex 0.0256653 3.39158 6
      vertex 0.0256653 3.39158 2
    endloop
  endfacet
  facet normal -0.997859 0.0654026 0
    outer loop
      vertex 0.0256653 3.39158 6
      vertex 0 3 2
      vertex 0 3 6
    endloop
  endfacet
  facet normal 0.442288 -0.896873 0
    outer loop
      vertex 4.14805 0.228361 2
      vertex 4.5 0.401923 6
      vertex 4.14805 0.228361 6
    endloop
  endfacet
  facet normal 0.442288 -0.896873 0
    outer loop
      vertex 4.5 0.401923 6
      vertex 4.14805 0.228361 2
      vertex 4.5 0.401923 2
    endloop
  endfacet
  facet normal 0.65934 -0.751845 0
    outer loop
      vertex 4.82628 0.61994 2
      vertex 5.12132 0.878679 6
      vertex 4.82628 0.61994 6
    endloop
  endfacet
  facet normal 0.65934 -0.751845 0
    outer loop
      vertex 5.12132 0.878679 6
      vertex 4.82628 0.61994 2
      vertex 5.12132 0.878679 2
    endloop
  endfacet
  facet normal -0.896873 -0.442288 0
    outer loop
      vertex 0.401923 1.5 2
      vertex 0.228361 1.85195 6
      vertex 0.228361 1.85195 2
    endloop
  endfacet
  facet normal -0.896873 -0.442288 0
    outer loop
      vertex 0.228361 1.85195 6
      vertex 0.401923 1.5 2
      vertex 0.401923 1.5 6
    endloop
  endfacet
  facet normal -0.751846 -0.659339 0
    outer loop
      vertex 0.878679 0.878679 2
      vertex 0.61994 1.17372 6
      vertex 0.61994 1.17372 2
    endloop
  endfacet
  facet normal -0.751846 -0.659339 0
    outer loop
      vertex 0.61994 1.17372 6
      vertex 0.878679 0.878679 2
      vertex 0.878679 0.878679 6
    endloop
  endfacet
  facet normal 0.555547 0.831485 -0
    outer loop
      vertex 4.82628 33.3801 2
      vertex 4.5 33.5981 6
      vertex 4.82628 33.3801 6
    endloop
  endfacet
  facet normal 0.555547 0.831485 0
    outer loop
      vertex 4.5 33.5981 6
      vertex 4.82628 33.3801 2
      vertex 4.5 33.5981 2
    endloop
  endfacet
  facet normal 0.980791 -0.195062 0
    outer loop
      vertex 5.89778 30.2235 6
      vertex 5.97433 30.6084 2
      vertex 5.97433 30.6084 6
    endloop
  endfacet
  facet normal 0.980791 -0.195062 0
    outer loop
      vertex 5.97433 30.6084 2
      vertex 5.89778 30.2235 6
      vertex 5.89778 30.2235 2
    endloop
  endfacet
  facet normal -0.19495 -0.980813 0
    outer loop
      vertex 2.22354 28.1022 2
      vertex 2.60842 28.0257 6
      vertex 2.22354 28.1022 6
    endloop
  endfacet
  facet normal -0.19495 -0.980813 -0
    outer loop
      vertex 2.60842 28.0257 6
      vertex 2.22354 28.1022 2
      vertex 2.60842 28.0257 2
    endloop
  endfacet
  facet normal -0.44216 0.896936 0
    outer loop
      vertex 1.85195 33.7716 2
      vertex 1.5 33.5981 6
      vertex 1.85195 33.7716 6
    endloop
  endfacet
  facet normal -0.44216 0.896936 0
    outer loop
      vertex 1.5 33.5981 6
      vertex 1.85195 33.7716 2
      vertex 1.5 33.5981 2
    endloop
  endfacet
  facet normal -0.946905 0.321512 0
    outer loop
      vertex 0.102222 31.7765 2
      vertex 0.228361 32.148 6
      vertex 0.228361 32.148 2
    endloop
  endfacet
  facet normal -0.946905 0.321512 0
    outer loop
      vertex 0.228361 32.148 6
      vertex 0.102222 31.7765 2
      vertex 0.102222 31.7765 6
    endloop
  endfacet
  facet normal -0.321582 -0.946882 0
    outer loop
      vertex 1.85195 28.2284 2
      vertex 2.22354 28.1022 6
      vertex 1.85195 28.2284 6
    endloop
  endfacet
  facet normal -0.321582 -0.946882 -0
    outer loop
      vertex 2.22354 28.1022 6
      vertex 1.85195 28.2284 2
      vertex 2.22354 28.1022 2
    endloop
  endfacet
  facet normal 0.8969 0.442233 0
    outer loop
      vertex 5.77164 32.148 6
      vertex 5.59808 32.5 2
      vertex 5.59808 32.5 6
    endloop
  endfacet
  facet normal 0.8969 0.442233 0
    outer loop
      vertex 5.59808 32.5 2
      vertex 5.77164 32.148 6
      vertex 5.77164 32.148 2
    endloop
  endfacet
  facet normal 0.980791 0.195062 0
    outer loop
      vertex 5.97433 31.3916 6
      vertex 5.89778 31.7765 2
      vertex 5.89778 31.7765 6
    endloop
  endfacet
  facet normal 0.980791 0.195062 0
    outer loop
      vertex 5.89778 31.7765 2
      vertex 5.97433 31.3916 6
      vertex 5.97433 31.3916 2
    endloop
  endfacet
  facet normal 0.831477 0.555558 0
    outer loop
      vertex 5.59808 32.5 6
      vertex 5.38006 32.8263 2
      vertex 5.38006 32.8263 6
    endloop
  endfacet
  facet normal 0.831477 0.555558 0
    outer loop
      vertex 5.38006 32.8263 2
      vertex 5.59808 32.5 6
      vertex 5.59808 32.5 2
    endloop
  endfacet
  facet normal 0.659428 0.751768 -0
    outer loop
      vertex 5.12132 33.1213 2
      vertex 4.82628 33.3801 6
      vertex 5.12132 33.1213 6
    endloop
  endfacet
  facet normal 0.659428 0.751768 0
    outer loop
      vertex 4.82628 33.3801 6
      vertex 5.12132 33.1213 2
      vertex 4.82628 33.3801 2
    endloop
  endfacet
  facet normal 0.321582 0.946882 -0
    outer loop
      vertex 4.14805 33.7716 2
      vertex 3.77646 33.8978 6
      vertex 4.14805 33.7716 6
    endloop
  endfacet
  facet normal 0.321582 0.946882 0
    outer loop
      vertex 3.77646 33.8978 6
      vertex 4.14805 33.7716 2
      vertex 3.77646 33.8978 2
    endloop
  endfacet
  facet normal -0.0654906 0.997853 0
    outer loop
      vertex 3 34 2
      vertex 2.60842 33.9743 6
      vertex 3 34 6
    endloop
  endfacet
  facet normal -0.0654906 0.997853 0
    outer loop
      vertex 2.60842 33.9743 6
      vertex 3 34 2
      vertex 2.60842 33.9743 2
    endloop
  endfacet
  facet normal -0.997859 0.0653993 0
    outer loop
      vertex 0 31 2
      vertex 0.0256653 31.3916 6
      vertex 0.0256653 31.3916 2
    endloop
  endfacet
  facet normal -0.997859 0.0653993 0
    outer loop
      vertex 0.0256653 31.3916 6
      vertex 0 31 2
      vertex 0 31 6
    endloop
  endfacet
  facet normal -0.831481 0.555553 0
    outer loop
      vertex 0.401923 32.5 2
      vertex 0.61994 32.8263 6
      vertex 0.61994 32.8263 2
    endloop
  endfacet
  facet normal -0.831481 0.555553 0
    outer loop
      vertex 0.61994 32.8263 6
      vertex 0.401923 32.5 2
      vertex 0.401923 32.5 6
    endloop
  endfacet
  facet normal -0.19495 0.980813 0
    outer loop
      vertex 2.60842 33.9743 2
      vertex 2.22354 33.8978 6
      vertex 2.60842 33.9743 6
    endloop
  endfacet
  facet normal -0.19495 0.980813 0
    outer loop
      vertex 2.22354 33.8978 6
      vertex 2.60842 33.9743 2
      vertex 2.22354 33.8978 2
    endloop
  endfacet
  facet normal -0.751801 0.65939 0
    outer loop
      vertex 0.61994 32.8263 2
      vertex 0.878679 33.1213 6
      vertex 0.878679 33.1213 2
    endloop
  endfacet
  facet normal -0.751801 0.65939 0
    outer loop
      vertex 0.878679 33.1213 6
      vertex 0.61994 32.8263 2
      vertex 0.61994 32.8263 6
    endloop
  endfacet
  facet normal 0.997858 0.0654112 0
    outer loop
      vertex 6 31 6
      vertex 5.97433 31.3916 2
      vertex 5.97433 31.3916 6
    endloop
  endfacet
  facet normal 0.997858 0.0654112 0
    outer loop
      vertex 5.97433 31.3916 2
      vertex 6 31 6
      vertex 6 31 2
    endloop
  endfacet
  facet normal 0.19495 -0.980813 0
    outer loop
      vertex 3.39158 28.0257 2
      vertex 3.77646 28.1022 6
      vertex 3.39158 28.0257 6
    endloop
  endfacet
  facet normal 0.19495 -0.980813 0
    outer loop
      vertex 3.77646 28.1022 6
      vertex 3.39158 28.0257 2
      vertex 3.77646 28.1022 2
    endloop
  endfacet
  facet normal 0.946931 -0.321437 0
    outer loop
      vertex 5.77164 29.8519 6
      vertex 5.89778 30.2235 2
      vertex 5.89778 30.2235 6
    endloop
  endfacet
  facet normal 0.946931 -0.321437 0
    outer loop
      vertex 5.89778 30.2235 2
      vertex 5.77164 29.8519 6
      vertex 5.77164 29.8519 2
    endloop
  endfacet
  facet normal -0.0654906 -0.997853 0
    outer loop
      vertex 2.60842 28.0257 2
      vertex 3 28 6
      vertex 2.60842 28.0257 6
    endloop
  endfacet
  facet normal -0.0654906 -0.997853 -0
    outer loop
      vertex 3 28 6
      vertex 2.60842 28.0257 2
      vertex 3 28 2
    endloop
  endfacet
  facet normal -0.555547 -0.831485 0
    outer loop
      vertex 1.17372 28.6199 2
      vertex 1.5 28.4019 6
      vertex 1.17372 28.6199 6
    endloop
  endfacet
  facet normal -0.555547 -0.831485 -0
    outer loop
      vertex 1.5 28.4019 6
      vertex 1.17372 28.6199 2
      vertex 1.5 28.4019 2
    endloop
  endfacet
  facet normal -0.980788 -0.195079 0
    outer loop
      vertex 0.102222 30.2235 2
      vertex 0.0256653 30.6084 6
      vertex 0.0256653 30.6084 2
    endloop
  endfacet
  facet normal -0.980788 -0.195079 0
    outer loop
      vertex 0.0256653 30.6084 6
      vertex 0.102222 30.2235 2
      vertex 0.102222 30.2235 6
    endloop
  endfacet
  facet normal 0.946905 0.321514 0
    outer loop
      vertex 5.89778 31.7765 6
      vertex 5.77164 32.148 2
      vertex 5.77164 32.148 6
    endloop
  endfacet
  facet normal 0.946905 0.321514 0
    outer loop
      vertex 5.77164 32.148 2
      vertex 5.89778 31.7765 6
      vertex 5.89778 31.7765 2
    endloop
  endfacet
  facet normal 0.751799 0.659392 0
    outer loop
      vertex 5.38006 32.8263 6
      vertex 5.12132 33.1213 2
      vertex 5.12132 33.1213 6
    endloop
  endfacet
  facet normal 0.751799 0.659392 0
    outer loop
      vertex 5.12132 33.1213 2
      vertex 5.38006 32.8263 6
      vertex 5.38006 32.8263 2
    endloop
  endfacet
  facet normal 0.44216 0.896936 -0
    outer loop
      vertex 4.5 33.5981 2
      vertex 4.14805 33.7716 6
      vertex 4.5 33.5981 6
    endloop
  endfacet
  facet normal 0.44216 0.896936 0
    outer loop
      vertex 4.14805 33.7716 6
      vertex 4.5 33.5981 2
      vertex 4.14805 33.7716 2
    endloop
  endfacet
  facet normal 0.19495 0.980813 -0
    outer loop
      vertex 3.77646 33.8978 2
      vertex 3.39158 33.9743 6
      vertex 3.77646 33.8978 6
    endloop
  endfacet
  facet normal 0.19495 0.980813 0
    outer loop
      vertex 3.39158 33.9743 6
      vertex 3.77646 33.8978 2
      vertex 3.39158 33.9743 2
    endloop
  endfacet
  facet normal 0.0654906 0.997853 -0
    outer loop
      vertex 3.39158 33.9743 2
      vertex 3 34 6
      vertex 3.39158 33.9743 6
    endloop
  endfacet
  facet normal 0.0654906 0.997853 0
    outer loop
      vertex 3 34 6
      vertex 3.39158 33.9743 2
      vertex 3 34 2
    endloop
  endfacet
  facet normal -0.997859 -0.0653993 0
    outer loop
      vertex 0.0256653 30.6084 2
      vertex 0 31 6
      vertex 0 31 2
    endloop
  endfacet
  facet normal -0.997859 -0.0653993 0
    outer loop
      vertex 0 31 6
      vertex 0.0256653 30.6084 2
      vertex 0.0256653 30.6084 6
    endloop
  endfacet
  facet normal -0.980788 0.195079 0
    outer loop
      vertex 0.0256653 31.3916 2
      vertex 0.102222 31.7765 6
      vertex 0.102222 31.7765 2
    endloop
  endfacet
  facet normal -0.980788 0.195079 0
    outer loop
      vertex 0.102222 31.7765 6
      vertex 0.0256653 31.3916 2
      vertex 0.0256653 31.3916 6
    endloop
  endfacet
  facet normal -0.896898 0.442237 0
    outer loop
      vertex 0.228361 32.148 2
      vertex 0.401923 32.5 6
      vertex 0.401923 32.5 2
    endloop
  endfacet
  facet normal -0.896898 0.442237 0
    outer loop
      vertex 0.401923 32.5 6
      vertex 0.228361 32.148 2
      vertex 0.228361 32.148 6
    endloop
  endfacet
  facet normal -0.321582 0.946882 0
    outer loop
      vertex 2.22354 33.8978 2
      vertex 1.85195 33.7716 6
      vertex 2.22354 33.8978 6
    endloop
  endfacet
  facet normal -0.321582 0.946882 0
    outer loop
      vertex 1.85195 33.7716 6
      vertex 2.22354 33.8978 2
      vertex 1.85195 33.7716 2
    endloop
  endfacet
  facet normal -0.659426 0.751769 0
    outer loop
      vertex 1.17372 33.3801 2
      vertex 0.878679 33.1213 6
      vertex 1.17372 33.3801 6
    endloop
  endfacet
  facet normal -0.659426 0.751769 0
    outer loop
      vertex 0.878679 33.1213 6
      vertex 1.17372 33.3801 2
      vertex 0.878679 33.1213 2
    endloop
  endfacet
  facet normal -0.555547 0.831485 0
    outer loop
      vertex 1.5 33.5981 2
      vertex 1.17372 33.3801 6
      vertex 1.5 33.5981 6
    endloop
  endfacet
  facet normal -0.555547 0.831485 0
    outer loop
      vertex 1.17372 33.3801 6
      vertex 1.5 33.5981 2
      vertex 1.17372 33.3801 2
    endloop
  endfacet
  facet normal 0.997858 -0.0654112 0
    outer loop
      vertex 5.97433 30.6084 6
      vertex 6 31 2
      vertex 6 31 6
    endloop
  endfacet
  facet normal 0.997858 -0.0654112 0
    outer loop
      vertex 6 31 2
      vertex 5.97433 30.6084 6
      vertex 5.97433 30.6084 2
    endloop
  endfacet
  facet normal 0.831477 -0.555558 0
    outer loop
      vertex 5.38006 29.1737 6
      vertex 5.59808 29.5 2
      vertex 5.59808 29.5 6
    endloop
  endfacet
  facet normal 0.831477 -0.555558 0
    outer loop
      vertex 5.59808 29.5 2
      vertex 5.38006 29.1737 6
      vertex 5.38006 29.1737 2
    endloop
  endfacet
  facet normal 0.89685 -0.442334 0
    outer loop
      vertex 5.59808 29.5 6
      vertex 5.77164 29.8519 2
      vertex 5.77164 29.8519 6
    endloop
  endfacet
  facet normal 0.89685 -0.442334 0
    outer loop
      vertex 5.77164 29.8519 2
      vertex 5.59808 29.5 6
      vertex 5.59808 29.5 2
    endloop
  endfacet
  facet normal 0.321582 -0.946882 0
    outer loop
      vertex 3.77646 28.1022 2
      vertex 4.14805 28.2284 6
      vertex 3.77646 28.1022 6
    endloop
  endfacet
  facet normal 0.321582 -0.946882 0
    outer loop
      vertex 4.14805 28.2284 6
      vertex 3.77646 28.1022 2
      vertex 4.14805 28.2284 2
    endloop
  endfacet
  facet normal 0.751799 -0.659392 0
    outer loop
      vertex 5.12132 28.8787 6
      vertex 5.38006 29.1737 2
      vertex 5.38006 29.1737 6
    endloop
  endfacet
  facet normal 0.751799 -0.659392 0
    outer loop
      vertex 5.38006 29.1737 2
      vertex 5.12132 28.8787 6
      vertex 5.12132 28.8787 2
    endloop
  endfacet
  facet normal 0.555547 -0.831485 0
    outer loop
      vertex 4.5 28.4019 2
      vertex 4.82628 28.6199 6
      vertex 4.5 28.4019 6
    endloop
  endfacet
  facet normal 0.555547 -0.831485 0
    outer loop
      vertex 4.82628 28.6199 6
      vertex 4.5 28.4019 2
      vertex 4.82628 28.6199 2
    endloop
  endfacet
  facet normal 0.0654906 -0.997853 0
    outer loop
      vertex 3 28 2
      vertex 3.39158 28.0257 6
      vertex 3 28 6
    endloop
  endfacet
  facet normal 0.0654906 -0.997853 0
    outer loop
      vertex 3.39158 28.0257 6
      vertex 3 28 2
      vertex 3.39158 28.0257 2
    endloop
  endfacet
  facet normal -0.44216 -0.896936 0
    outer loop
      vertex 1.5 28.4019 2
      vertex 1.85195 28.2284 6
      vertex 1.5 28.4019 6
    endloop
  endfacet
  facet normal -0.44216 -0.896936 -0
    outer loop
      vertex 1.85195 28.2284 6
      vertex 1.5 28.4019 2
      vertex 1.85195 28.2284 2
    endloop
  endfacet
  facet normal -0.946932 -0.321434 0
    outer loop
      vertex 0.228361 29.8519 2
      vertex 0.102222 30.2235 6
      vertex 0.102222 30.2235 2
    endloop
  endfacet
  facet normal -0.946932 -0.321434 0
    outer loop
      vertex 0.102222 30.2235 6
      vertex 0.228361 29.8519 2
      vertex 0.228361 29.8519 6
    endloop
  endfacet
  facet normal -0.659426 -0.751769 0
    outer loop
      vertex 0.878679 28.8787 2
      vertex 1.17372 28.6199 6
      vertex 0.878679 28.8787 6
    endloop
  endfacet
  facet normal -0.659426 -0.751769 -0
    outer loop
      vertex 1.17372 28.6199 6
      vertex 0.878679 28.8787 2
      vertex 1.17372 28.6199 2
    endloop
  endfacet
  facet normal -0.831481 -0.555553 0
    outer loop
      vertex 0.61994 29.1737 2
      vertex 0.401923 29.5 6
      vertex 0.401923 29.5 2
    endloop
  endfacet
  facet normal -0.831481 -0.555553 0
    outer loop
      vertex 0.401923 29.5 6
      vertex 0.61994 29.1737 2
      vertex 0.61994 29.1737 6
    endloop
  endfacet
  facet normal 0 0 1
    outer loop
      vertex 5.97433 31.3916 6
      vertex 5.97433 30.6084 6
      vertex 6 31 6
    endloop
  endfacet
  facet normal 0 0 1
    outer loop
      vertex 5.89778 31.7765 6
      vertex 5.97433 30.6084 6
      vertex 5.97433 31.3916 6
    endloop
  endfacet
  facet normal 0 0 1
    outer loop
      vertex 5.89778 31.7765 6
      vertex 5.89778 30.2235 6
      vertex 5.97433 30.6084 6
    endloop
  endfacet
  facet normal 0 0 1
    outer loop
      vertex 5.77164 32.148 6
      vertex 5.89778 30.2235 6
      vertex 5.89778 31.7765 6
    endloop
  endfacet
  facet normal 0 0 1
    outer loop
      vertex 5.77164 32.148 6
      vertex 5.77164 29.8519 6
      vertex 5.89778 30.2235 6
    endloop
  endfacet
  facet normal 0 0 1
    outer loop
      vertex 5.59808 32.5 6
      vertex 5.77164 29.8519 6
      vertex 5.77164 32.148 6
    endloop
  endfacet
  facet normal 0 0 1
    outer loop
      vertex 5.59808 32.5 6
      vertex 5.59808 29.5 6
      vertex 5.77164 29.8519 6
    endloop
  endfacet
  facet normal 0 0 1
    outer loop
      vertex 5.38006 32.8263 6
      vertex 5.59808 29.5 6
      vertex 5.59808 32.5 6
    endloop
  endfacet
  facet normal 0 0 1
    outer loop
      vertex 5.38006 32.8263 6
      vertex 5.38006 29.1737 6
      vertex 5.59808 29.5 6
    endloop
  endfacet
  facet normal 0 0 1
    outer loop
      vertex 5.12132 33.1213 6
      vertex 5.38006 29.1737 6
      vertex 5.38006 32.8263 6
    endloop
  endfacet
  facet normal 0 0 1
    outer loop
      vertex 5.12132 33.1213 6
      vertex 5.12132 28.8787 6
      vertex 5.38006 29.1737 6
    endloop
  endfacet
  facet normal 0 0 1
    outer loop
      vertex 4.82628 33.3801 6
      vertex 5.12132 28.8787 6
      vertex 5.12132 33.1213 6
    endloop
  endfacet
  facet normal 0 0 1
    outer loop
      vertex 4.82628 33.3801 6
      vertex 4.82628 28.6199 6
      vertex 5.12132 28.8787 6
    endloop
  endfacet
  facet normal 0 0 1
    outer loop
      vertex 4.5 33.5981 6
      vertex 4.82628 28.6199 6
      vertex 4.82628 33.3801 6
    endloop
  endfacet
  facet normal 0 0 1
    outer loop
      vertex 4.5 33.5981 6
      vertex 4.5 28.4019 6
      vertex 4.82628 28.6199 6
    endloop
  endfacet
  facet normal 0 0 1
    outer loop
      vertex 4.14805 33.7716 6
      vertex 4.5 28.4019 6
      vertex 4.5 33.5981 6
    endloop
  endfacet
  facet normal 0 0 1
    outer loop
      vertex 4.14805 33.7716 6
      vertex 4.14805 28.2284 6
      vertex 4.5 28.4019 6
    endloop
  endfacet
  facet normal 0 0 1
    outer loop
      vertex 3.77646 33.8978 6
      vertex 4.14805 28.2284 6
      vertex 4.14805 33.7716 6
    endloop
  endfacet
  facet normal 0 0 1
    outer loop
      vertex 3.77646 33.8978 6
      vertex 3.77646 28.1022 6
      vertex 4.14805 28.2284 6
    endloop
  endfacet
  facet normal 0 0 1
    outer loop
      vertex 3.39158 33.9743 6
      vertex 3.77646 28.1022 6
      vertex 3.77646 33.8978 6
    endloop
  endfacet
  facet normal 0 0 1
    outer loop
      vertex 3.39158 33.9743 6
      vertex 3.39158 28.0257 6
      vertex 3.77646 28.1022 6
    endloop
  endfacet
  facet normal 0 0 1
    outer loop
      vertex 3 34 6
      vertex 3.39158 28.0257 6
      vertex 3.39158 33.9743 6
    endloop
  endfacet
  facet normal 0 0 1
    outer loop
      vertex 3 34 6
      vertex 3 28 6
      vertex 3.39158 28.0257 6
    endloop
  endfacet
  facet normal -0 0 1
    outer loop
      vertex 2.60842 33.9743 6
      vertex 3 28 6
      vertex 3 34 6
    endloop
  endfacet
  facet normal 0 0 1
    outer loop
      vertex 2.60842 33.9743 6
      vertex 2.60842 28.0257 6
      vertex 3 28 6
    endloop
  endfacet
  facet normal -0 0 1
    outer loop
      vertex 2.22354 33.8978 6
      vertex 2.60842 28.0257 6
      vertex 2.60842 33.9743 6
    endloop
  endfacet
  facet normal 0 0 1
    outer loop
      vertex 2.22354 33.8978 6
      vertex 2.22354 28.1022 6
      vertex 2.60842 28.0257 6
    endloop
  endfacet
  facet normal -0 0 1
    outer loop
      vertex 1.85195 33.7716 6
      vertex 2.22354 28.1022 6
      vertex 2.22354 33.8978 6
    endloop
  endfacet
  facet normal 0 0 1
    outer loop
      vertex 1.85195 33.7716 6
      vertex 1.85195 28.2284 6
      vertex 2.22354 28.1022 6
    endloop
  endfacet
  facet normal -0 0 1
    outer loop
      vertex 1.5 33.5981 6
      vertex 1.85195 28.2284 6
      vertex 1.85195 33.7716 6
    endloop
  endfacet
  facet normal 0 0 1
    outer loop
      vertex 1.5 33.5981 6
      vertex 1.5 28.4019 6
      vertex 1.85195 28.2284 6
    endloop
  endfacet
  facet normal -0 0 1
    outer loop
      vertex 1.17372 33.3801 6
      vertex 1.5 28.4019 6
      vertex 1.5 33.5981 6
    endloop
  endfacet
  facet normal 0 0 1
    outer loop
      vertex 1.17372 33.3801 6
      vertex 1.17372 28.6199 6
      vertex 1.5 28.4019 6
    endloop
  endfacet
  facet normal -0 0 1
    outer loop
      vertex 0.878679 33.1213 6
      vertex 1.17372 28.6199 6
      vertex 1.17372 33.3801 6
    endloop
  endfacet
  facet normal 0 0 1
    outer loop
      vertex 0.878679 33.1213 6
      vertex 0.878679 28.8787 6
      vertex 1.17372 28.6199 6
    endloop
  endfacet
  facet normal -0 0 1
    outer loop
      vertex 0.61994 32.8263 6
      vertex 0.878679 28.8787 6
      vertex 0.878679 33.1213 6
    endloop
  endfacet
  facet normal 0 0 1
    outer loop
      vertex 0.61994 32.8263 6
      vertex 0.61994 29.1737 6
      vertex 0.878679 28.8787 6
    endloop
  endfacet
  facet normal -0 0 1
    outer loop
      vertex 0.401923 32.5 6
      vertex 0.61994 29.1737 6
      vertex 0.61994 32.8263 6
    endloop
  endfacet
  facet normal 0 0 1
    outer loop
      vertex 0.401923 32.5 6
      vertex 0.401923 29.5 6
      vertex 0.61994 29.1737 6
    endloop
  endfacet
  facet normal -0 0 1
    outer loop
      vertex 0.228361 32.148 6
      vertex 0.401923 29.5 6
      vertex 0.401923 32.5 6
    endloop
  endfacet
  facet normal 0 0 1
    outer loop
      vertex 0.228361 32.148 6
      vertex 0.228361 29.8519 6
      vertex 0.401923 29.5 6
    endloop
  endfacet
  facet normal -0 0 1
    outer loop
      vertex 0.102222 31.7765 6
      vertex 0.228361 29.8519 6
      vertex 0.228361 32.148 6
    endloop
  endfacet
  facet normal 0 0 1
    outer loop
      vertex 0.102222 31.7765 6
      vertex 0.102222 30.2235 6
      vertex 0.228361 29.8519 6
    endloop
  endfacet
  facet normal -0 0 1
    outer loop
      vertex 0.0256653 31.3916 6
      vertex 0.102222 30.2235 6
      vertex 0.102222 31.7765 6
    endloop
  endfacet
  facet normal 0 0 1
    outer loop
      vertex 0.0256653 31.3916 6
      vertex 0.0256653 30.6084 6
      vertex 0.102222 30.2235 6
    endloop
  endfacet
  facet normal 0 -0 1
    outer loop
      vertex 0.0256653 30.6084 6
      vertex 0.0256653 31.3916 6
      vertex 0 31 6
    endloop
  endfacet
  facet normal 0.44216 -0.896936 0
    outer loop
      vertex 4.14805 28.2284 2
      vertex 4.5 28.4019 6
      vertex 4.14805 28.2284 6
    endloop
  endfacet
  facet normal 0.44216 -0.896936 0
    outer loop
      vertex 4.5 28.4019 6
      vertex 4.14805 28.2284 2
      vertex 4.5 28.4019 2
    endloop
  endfacet
  facet normal 0.659428 -0.751768 0
    outer loop
      vertex 4.82628 28.6199 2
      vertex 5.12132 28.8787 6
      vertex 4.82628 28.6199 6
    endloop
  endfacet
  facet normal 0.659428 -0.751768 0
    outer loop
      vertex 5.12132 28.8787 6
      vertex 4.82628 28.6199 2
      vertex 5.12132 28.8787 2
    endloop
  endfacet
  facet normal -0.896848 -0.442338 0
    outer loop
      vertex 0.401923 29.5 2
      vertex 0.228361 29.8519 6
      vertex 0.228361 29.8519 2
    endloop
  endfacet
  facet normal -0.896848 -0.442338 0
    outer loop
      vertex 0.228361 29.8519 6
      vertex 0.401923 29.5 2
      vertex 0.401923 29.5 6
    endloop
  endfacet
  facet normal -0.751801 -0.65939 0
    outer loop
      vertex 0.878679 28.8787 2
      vertex 0.61994 29.1737 6
      vertex 0.61994 29.1737 2
    endloop
  endfacet
  facet normal -0.751801 -0.65939 0
    outer loop
      vertex 0.61994 29.1737 6
      vertex 0.878679 28.8787 2
      vertex 0.878679 28.8787 6
    endloop
  endfacet
  facet normal 0.997859 0.0654044 0
    outer loop
      vertex -0.4 -3.6 22.6
      vertex -0.425666 -3.20842 6
      vertex -0.425666 -3.20842 22.6
    endloop
  endfacet
  facet normal 0.997859 0.0654044 0
    outer loop
      vertex -0.425666 -3.20842 6
      vertex -0.4 -3.6 22.6
      vertex -0.4 -3.6 6
    endloop
  endfacet
  facet normal -0.997858 0.0654145 0
    outer loop
      vertex -6.4 -3.6 2
      vertex -6.37433 -3.20842 22.6
      vertex -6.37433 -3.20842 2
    endloop
  endfacet
  facet normal -0.997858 0.0654145 0
    outer loop
      vertex -6.37433 -3.20842 22.6
      vertex -6.4 -3.6 2
      vertex -6.4 -3.6 22.6
    endloop
  endfacet
  facet normal 0.0654044 0.997859 -0
    outer loop
      vertex -3.00842 -0.625666 6
      vertex -3.4 -0.6 22.6
      vertex -3.00842 -0.625666 22.6
    endloop
  endfacet
  facet normal 0.0654044 0.997859 0
    outer loop
      vertex -3.4 -0.6 22.6
      vertex -3.00842 -0.625666 6
      vertex -3.4 -0.6 6
    endloop
  endfacet
  facet normal 0.751844 0.659341 0
    outer loop
      vertex -1.01994 -1.77372 22.6
      vertex -1.27868 -1.47868 6
      vertex -1.27868 -1.47868 22.6
    endloop
  endfacet
  facet normal 0.751844 0.659341 0
    outer loop
      vertex -1.27868 -1.47868 6
      vertex -1.01994 -1.77372 22.6
      vertex -1.01994 -1.77372 6
    endloop
  endfacet
  facet normal -0.659341 0.751844 0
    outer loop
      vertex -5.22628 -1.21994 2
      vertex -5.52132 -1.47868 22.6
      vertex -5.22628 -1.21994 22.6
    endloop
  endfacet
  facet normal -0.659341 0.751844 0
    outer loop
      vertex -5.52132 -1.47868 22.6
      vertex -5.22628 -1.21994 2
      vertex -5.52132 -1.47868 2
    endloop
  endfacet
  facet normal -0.321442 0.946929 0
    outer loop
      vertex -4.17646 -0.702223 6
      vertex -4.54805 -0.828362 22.6
      vertex -4.17646 -0.702223 22.6
    endloop
  endfacet
  facet normal -0.321442 0.946929 0
    outer loop
      vertex -4.54805 -0.828362 22.6
      vertex -4.17646 -0.702223 6
      vertex -4.54805 -0.828362 6
    endloop
  endfacet
  facet normal 0.896873 0.442288 0
    outer loop
      vertex -0.628362 -2.45195 22.6
      vertex -0.801924 -2.1 6
      vertex -0.801924 -2.1 22.6
    endloop
  endfacet
  facet normal 0.896873 0.442288 0
    outer loop
      vertex -0.801924 -2.1 6
      vertex -0.628362 -2.45195 22.6
      vertex -0.628362 -2.45195 6
    endloop
  endfacet
  facet normal 0.980785 0.195089 0
    outer loop
      vertex -0.425666 -3.20842 22.6
      vertex -0.502223 -2.82354 6
      vertex -0.502223 -2.82354 22.6
    endloop
  endfacet
  facet normal 0.980785 0.195089 0
    outer loop
      vertex -0.502223 -2.82354 6
      vertex -0.425666 -3.20842 22.6
      vertex -0.425666 -3.20842 6
    endloop
  endfacet
  facet normal 0.831466 0.555575 0
    outer loop
      vertex -0.801924 -2.1 22.6
      vertex -1.01994 -1.77372 6
      vertex -1.01994 -1.77372 22.6
    endloop
  endfacet
  facet normal 0.831466 0.555575 0
    outer loop
      vertex -1.01994 -1.77372 6
      vertex -0.801924 -2.1 22.6
      vertex -0.801924 -2.1 6
    endloop
  endfacet
  facet normal 0.442279 0.896877 -0
    outer loop
      vertex -1.9 -1.00192 6
      vertex -2.25195 -0.828362 22.6
      vertex -1.9 -1.00192 22.6
    endloop
  endfacet
  facet normal 0.442279 0.896877 0
    outer loop
      vertex -2.25195 -0.828362 22.6
      vertex -1.9 -1.00192 6
      vertex -2.25195 -0.828362 6
    endloop
  endfacet
  facet normal 0.321442 0.946929 -0
    outer loop
      vertex -2.25195 -0.828362 6
      vertex -2.62354 -0.702223 22.6
      vertex -2.25195 -0.828362 22.6
    endloop
  endfacet
  facet normal 0.321442 0.946929 0
    outer loop
      vertex -2.62354 -0.702223 22.6
      vertex -2.25195 -0.828362 6
      vertex -2.62354 -0.702223 6
    endloop
  endfacet
  facet normal 0.555582 0.831462 -0
    outer loop
      vertex -1.57372 -1.21994 6
      vertex -1.9 -1.00192 22.6
      vertex -1.57372 -1.21994 22.6
    endloop
  endfacet
  facet normal 0.555582 0.831462 0
    outer loop
      vertex -1.9 -1.00192 22.6
      vertex -1.57372 -1.21994 6
      vertex -1.9 -1.00192 6
    endloop
  endfacet
  facet normal -0.896875 0.442283 0
    outer loop
      vertex -6.17164 -2.45195 2
      vertex -5.99808 -2.1 22.6
      vertex -5.99808 -2.1 2
    endloop
  endfacet
  facet normal -0.896875 0.442283 0
    outer loop
      vertex -5.99808 -2.1 22.6
      vertex -6.17164 -2.45195 2
      vertex -6.17164 -2.45195 22.6
    endloop
  endfacet
  facet normal -0.946928 0.321444 0
    outer loop
      vertex -6.29778 -2.82354 2
      vertex -6.17164 -2.45195 22.6
      vertex -6.17164 -2.45195 2
    endloop
  endfacet
  facet normal -0.946928 0.321444 0
    outer loop
      vertex -6.17164 -2.45195 22.6
      vertex -6.29778 -2.82354 2
      vertex -6.29778 -2.82354 22.6
    endloop
  endfacet
  facet normal -0.44229 0.896872 0
    outer loop
      vertex -4.6 -0.853981 6
      vertex -4.54805 -0.828362 22.6
      vertex -4.54805 -0.828362 6
    endloop
  endfacet
  facet normal -0.442279 0.896877 -4.12872e-08
    outer loop
      vertex -4.54805 -0.828362 22.6
      vertex -4.6 -0.853981 6
      vertex -4.9 -1.00192 22.6
    endloop
  endfacet
  facet normal -0.442278 0.896878 0
    outer loop
      vertex -4.9 -1.00192 2
      vertex -4.6 -0.853981 6
      vertex -4.6 -0.853981 2
    endloop
  endfacet
  facet normal -0.442278 0.896878 0
    outer loop
      vertex -4.6 -0.853981 6
      vertex -4.9 -1.00192 2
      vertex -4.9 -1.00192 22.6
    endloop
  endfacet
  facet normal -0.195089 0.980785 0
    outer loop
      vertex -3.79158 -0.625666 6
      vertex -4.17646 -0.702223 22.6
      vertex -3.79158 -0.625666 22.6
    endloop
  endfacet
  facet normal -0.195089 0.980785 0
    outer loop
      vertex -4.17646 -0.702223 22.6
      vertex -3.79158 -0.625666 6
      vertex -4.17646 -0.702223 6
    endloop
  endfacet
  facet normal 0.442283 -0.896875 0
    outer loop
      vertex -2.25195 -6.37164 2
      vertex -1.9 -6.19808 22.6
      vertex -2.25195 -6.37164 22.6
    endloop
  endfacet
  facet normal 0.442283 -0.896875 0
    outer loop
      vertex -1.9 -6.19808 22.6
      vertex -2.25195 -6.37164 2
      vertex -1.9 -6.19808 2
    endloop
  endfacet
  facet normal -0.321444 -0.946928 0
    outer loop
      vertex -4.54805 -6.37164 2
      vertex -4.17646 -6.49778 22.6
      vertex -4.54805 -6.37164 22.6
    endloop
  endfacet
  facet normal -0.321444 -0.946928 -0
    outer loop
      vertex -4.17646 -6.49778 22.6
      vertex -4.54805 -6.37164 2
      vertex -4.17646 -6.49778 2
    endloop
  endfacet
  facet normal -0.896875 -0.442283 0
    outer loop
      vertex -5.99808 -5.1 2
      vertex -6.17164 -4.74805 22.6
      vertex -6.17164 -4.74805 2
    endloop
  endfacet
  facet normal -0.896875 -0.442283 0
    outer loop
      vertex -6.17164 -4.74805 22.6
      vertex -5.99808 -5.1 2
      vertex -5.99808 -5.1 22.6
    endloop
  endfacet
  facet normal 0.946929 0.321442 0
    outer loop
      vertex -0.502223 -2.82354 22.6
      vertex -0.628362 -2.45195 6
      vertex -0.628362 -2.45195 22.6
    endloop
  endfacet
  facet normal 0.946929 0.321442 0
    outer loop
      vertex -0.628362 -2.45195 6
      vertex -0.502223 -2.82354 22.6
      vertex -0.502223 -2.82354 6
    endloop
  endfacet
  facet normal 0.195089 0.980785 -0
    outer loop
      vertex -2.62354 -0.702223 6
      vertex -3.00842 -0.625666 22.6
      vertex -2.62354 -0.702223 22.6
    endloop
  endfacet
  facet normal 0.195089 0.980785 0
    outer loop
      vertex -3.00842 -0.625666 22.6
      vertex -2.62354 -0.702223 6
      vertex -3.00842 -0.625666 6
    endloop
  endfacet
  facet normal 0.659341 0.751844 -0
    outer loop
      vertex -1.27868 -1.47868 6
      vertex -1.57372 -1.21994 22.6
      vertex -1.27868 -1.47868 22.6
    endloop
  endfacet
  facet normal 0.659341 0.751844 0
    outer loop
      vertex -1.57372 -1.21994 22.6
      vertex -1.27868 -1.47868 6
      vertex -1.57372 -1.21994 6
    endloop
  endfacet
  facet normal -0.831462 0.555582 0
    outer loop
      vertex -5.99808 -2.1 2
      vertex -5.78006 -1.77372 22.6
      vertex -5.78006 -1.77372 2
    endloop
  endfacet
  facet normal -0.831462 0.555582 0
    outer loop
      vertex -5.78006 -1.77372 22.6
      vertex -5.99808 -2.1 2
      vertex -5.99808 -2.1 22.6
    endloop
  endfacet
  facet normal -0.751844 0.659341 0
    outer loop
      vertex -5.78006 -1.77372 2
      vertex -5.52132 -1.47868 22.6
      vertex -5.52132 -1.47868 2
    endloop
  endfacet
  facet normal -0.751844 0.659341 0
    outer loop
      vertex -5.52132 -1.47868 22.6
      vertex -5.78006 -1.77372 2
      vertex -5.78006 -1.77372 22.6
    endloop
  endfacet
  facet normal -0.980789 0.195072 0
    outer loop
      vertex -6.37433 -3.20842 2
      vertex -6.29778 -2.82354 22.6
      vertex -6.29778 -2.82354 2
    endloop
  endfacet
  facet normal -0.980789 0.195072 0
    outer loop
      vertex -6.29778 -2.82354 22.6
      vertex -6.37433 -3.20842 2
      vertex -6.37433 -3.20842 22.6
    endloop
  endfacet
  facet normal 0 0 1
    outer loop
      vertex -2.15 -3.6 22.6
      vertex -0.4 -3.6 22.6
      vertex -0.425666 -3.20842 22.6
    endloop
  endfacet
  facet normal 0 0 1
    outer loop
      vertex -2.16069 -3.43684 22.6
      vertex -0.425666 -3.20842 22.6
      vertex -0.502223 -2.82354 22.6
    endloop
  endfacet
  facet normal 0 0 1
    outer loop
      vertex -0.4 -3.6 22.6
      vertex -2.15 -3.6 22.6
      vertex -0.425666 -3.99158 22.6
    endloop
  endfacet
  facet normal 0 0 1
    outer loop
      vertex -2.19259 -3.27648 22.6
      vertex -0.502223 -2.82354 22.6
      vertex -0.628362 -2.45195 22.6
    endloop
  endfacet
  facet normal -0 0 1
    outer loop
      vertex -2.16069 -3.76316 22.6
      vertex -0.425666 -3.99158 22.6
      vertex -2.15 -3.6 22.6
    endloop
  endfacet
  facet normal 0 0 1
    outer loop
      vertex -2.24515 -3.12165 22.6
      vertex -0.628362 -2.45195 22.6
      vertex -0.801924 -2.1 22.6
    endloop
  endfacet
  facet normal 0 0 1
    outer loop
      vertex -0.425666 -3.99158 22.6
      vertex -2.16069 -3.76316 22.6
      vertex -0.502223 -4.37646 22.6
    endloop
  endfacet
  facet normal 0 0 1
    outer loop
      vertex -2.31747 -2.975 22.6
      vertex -0.801924 -2.1 22.6
      vertex -1.01994 -1.77372 22.6
    endloop
  endfacet
  facet normal -0 0 1
    outer loop
      vertex -2.19259 -3.92352 22.6
      vertex -0.502223 -4.37646 22.6
      vertex -2.16069 -3.76316 22.6
    endloop
  endfacet
  facet normal 0 0 1
    outer loop
      vertex -2.40831 -2.83905 22.6
      vertex -1.01994 -1.77372 22.6
      vertex -1.27868 -1.47868 22.6
    endloop
  endfacet
  facet normal 0 0 1
    outer loop
      vertex -0.502223 -4.37646 22.6
      vertex -2.19259 -3.92352 22.6
      vertex -0.628362 -4.74805 22.6
    endloop
  endfacet
  facet normal 0 0 1
    outer loop
      vertex -2.51612 -2.71612 22.6
      vertex -1.27868 -1.47868 22.6
      vertex -1.57372 -1.21994 22.6
    endloop
  endfacet
  facet normal -0 0 1
    outer loop
      vertex -2.24515 -4.07835 22.6
      vertex -0.628362 -4.74805 22.6
      vertex -2.19259 -3.92352 22.6
    endloop
  endfacet
  facet normal 0 0 1
    outer loop
      vertex -2.63905 -2.60831 22.6
      vertex -1.57372 -1.21994 22.6
      vertex -1.9 -1.00192 22.6
    endloop
  endfacet
  facet normal 0 0 1
    outer loop
      vertex -0.628362 -4.74805 22.6
      vertex -2.24515 -4.07835 22.6
      vertex -0.801924 -5.1 22.6
    endloop
  endfacet
  facet normal -0 0 1
    outer loop
      vertex -2.31747 -4.225 22.6
      vertex -0.801924 -5.1 22.6
      vertex -2.24515 -4.07835 22.6
    endloop
  endfacet
  facet normal 0 0 1
    outer loop
      vertex -0.425666 -3.20842 22.6
      vertex -2.16069 -3.43684 22.6
      vertex -2.15 -3.6 22.6
    endloop
  endfacet
  facet normal 0 0 1
    outer loop
      vertex -0.502223 -2.82354 22.6
      vertex -2.19259 -3.27648 22.6
      vertex -2.16069 -3.43684 22.6
    endloop
  endfacet
  facet normal 0 0 1
    outer loop
      vertex -0.628362 -2.45195 22.6
      vertex -2.24515 -3.12165 22.6
      vertex -2.19259 -3.27648 22.6
    endloop
  endfacet
  facet normal 0 0 1
    outer loop
      vertex -2.775 -2.51747 22.6
      vertex -1.9 -1.00192 22.6
      vertex -2.25195 -0.828362 22.6
    endloop
  endfacet
  facet normal 0 0 1
    outer loop
      vertex -0.801924 -2.1 22.6
      vertex -2.31747 -2.975 22.6
      vertex -2.24515 -3.12165 22.6
    endloop
  endfacet
  facet normal 0 0 1
    outer loop
      vertex -1.01994 -1.77372 22.6
      vertex -2.40831 -2.83905 22.6
      vertex -2.31747 -2.975 22.6
    endloop
  endfacet
  facet normal 0 0 1
    outer loop
      vertex -1.27868 -1.47868 22.6
      vertex -2.51612 -2.71612 22.6
      vertex -2.40831 -2.83905 22.6
    endloop
  endfacet
  facet normal 0 0 1
    outer loop
      vertex -2.92165 -2.44515 22.6
      vertex -2.25195 -0.828362 22.6
      vertex -2.62354 -0.702223 22.6
    endloop
  endfacet
  facet normal 0 0 1
    outer loop
      vertex -1.57372 -1.21994 22.6
      vertex -2.63905 -2.60831 22.6
      vertex -2.51612 -2.71612 22.6
    endloop
  endfacet
  facet normal 0 0 1
    outer loop
      vertex -1.9 -1.00192 22.6
      vertex -2.775 -2.51747 22.6
      vertex -2.63905 -2.60831 22.6
    endloop
  endfacet
  facet normal 0 0 1
    outer loop
      vertex -2.25195 -0.828362 22.6
      vertex -2.92165 -2.44515 22.6
      vertex -2.775 -2.51747 22.6
    endloop
  endfacet
  facet normal 0 0 1
    outer loop
      vertex -3.07648 -2.39259 22.6
      vertex -2.62354 -0.702223 22.6
      vertex -3.00842 -0.625666 22.6
    endloop
  endfacet
  facet normal 0 0 1
    outer loop
      vertex -2.62354 -0.702223 22.6
      vertex -3.07648 -2.39259 22.6
      vertex -2.92165 -2.44515 22.6
    endloop
  endfacet
  facet normal 0 0 1
    outer loop
      vertex -3.00842 -0.625666 22.6
      vertex -3.23684 -2.36069 22.6
      vertex -3.07648 -2.39259 22.6
    endloop
  endfacet
  facet normal 0 0 1
    outer loop
      vertex -3.4 -0.6 22.6
      vertex -3.23684 -2.36069 22.6
      vertex -3.00842 -0.625666 22.6
    endloop
  endfacet
  facet normal 0 0 1
    outer loop
      vertex -3.4 -0.6 22.6
      vertex -3.4 -2.35 22.6
      vertex -3.23684 -2.36069 22.6
    endloop
  endfacet
  facet normal 0 0 1
    outer loop
      vertex -3.4 -0.6 22.6
      vertex -3.56316 -2.36069 22.6
      vertex -3.4 -2.35 22.6
    endloop
  endfacet
  facet normal -0 0 1
    outer loop
      vertex -3.79158 -0.625666 22.6
      vertex -3.56316 -2.36069 22.6
      vertex -3.4 -0.6 22.6
    endloop
  endfacet
  facet normal 0 0 1
    outer loop
      vertex -3.56316 -2.36069 22.6
      vertex -3.79158 -0.625666 22.6
      vertex -3.72352 -2.39259 22.6
    endloop
  endfacet
  facet normal -0 0 1
    outer loop
      vertex -4.17646 -0.702223 22.6
      vertex -3.72352 -2.39259 22.6
      vertex -3.79158 -0.625666 22.6
    endloop
  endfacet
  facet normal 0 0 1
    outer loop
      vertex -3.72352 -2.39259 22.6
      vertex -4.17646 -0.702223 22.6
      vertex -3.87835 -2.44515 22.6
    endloop
  endfacet
  facet normal -0 0 1
    outer loop
      vertex -4.54805 -0.828362 22.6
      vertex -3.87835 -2.44515 22.6
      vertex -4.17646 -0.702223 22.6
    endloop
  endfacet
  facet normal 0 0 1
    outer loop
      vertex -3.87835 -2.44515 22.6
      vertex -4.54805 -0.828362 22.6
      vertex -4.025 -2.51747 22.6
    endloop
  endfacet
  facet normal -0 0 1
    outer loop
      vertex -4.9 -1.00192 22.6
      vertex -4.025 -2.51747 22.6
      vertex -4.54805 -0.828362 22.6
    endloop
  endfacet
  facet normal 0 0 1
    outer loop
      vertex -4.025 -2.51747 22.6
      vertex -4.9 -1.00192 22.6
      vertex -4.16095 -2.60831 22.6
    endloop
  endfacet
  facet normal -0 0 1
    outer loop
      vertex -5.22628 -1.21994 22.6
      vertex -4.16095 -2.60831 22.6
      vertex -4.9 -1.00192 22.6
    endloop
  endfacet
  facet normal 0 0 1
    outer loop
      vertex -4.16095 -2.60831 22.6
      vertex -5.22628 -1.21994 22.6
      vertex -4.28388 -2.71612 22.6
    endloop
  endfacet
  facet normal -0 0 1
    outer loop
      vertex -5.52132 -1.47868 22.6
      vertex -4.28388 -2.71612 22.6
      vertex -5.22628 -1.21994 22.6
    endloop
  endfacet
  facet normal 0 0 1
    outer loop
      vertex -4.28388 -2.71612 22.6
      vertex -5.52132 -1.47868 22.6
      vertex -4.39169 -2.83905 22.6
    endloop
  endfacet
  facet normal -0 0 1
    outer loop
      vertex -5.78006 -1.77372 22.6
      vertex -4.39169 -2.83905 22.6
      vertex -5.52132 -1.47868 22.6
    endloop
  endfacet
  facet normal 0 0 1
    outer loop
      vertex -4.39169 -2.83905 22.6
      vertex -5.78006 -1.77372 22.6
      vertex -4.48253 -2.975 22.6
    endloop
  endfacet
  facet normal -0 0 1
    outer loop
      vertex -5.99808 -2.1 22.6
      vertex -4.48253 -2.975 22.6
      vertex -5.78006 -1.77372 22.6
    endloop
  endfacet
  facet normal 0 0 1
    outer loop
      vertex -0.801924 -5.1 22.6
      vertex -2.31747 -4.225 22.6
      vertex -1.01994 -5.42628 22.6
    endloop
  endfacet
  facet normal -0 0 1
    outer loop
      vertex -2.40831 -4.36095 22.6
      vertex -1.01994 -5.42628 22.6
      vertex -2.31747 -4.225 22.6
    endloop
  endfacet
  facet normal 0 0 1
    outer loop
      vertex -1.01994 -5.42628 22.6
      vertex -2.40831 -4.36095 22.6
      vertex -1.27868 -5.72132 22.6
    endloop
  endfacet
  facet normal -0 0 1
    outer loop
      vertex -2.51612 -4.48388 22.6
      vertex -1.27868 -5.72132 22.6
      vertex -2.40831 -4.36095 22.6
    endloop
  endfacet
  facet normal 0 0 1
    outer loop
      vertex -1.27868 -5.72132 22.6
      vertex -2.51612 -4.48388 22.6
      vertex -1.57372 -5.98006 22.6
    endloop
  endfacet
  facet normal -0 0 1
    outer loop
      vertex -2.63905 -4.59169 22.6
      vertex -1.57372 -5.98006 22.6
      vertex -2.51612 -4.48388 22.6
    endloop
  endfacet
  facet normal 0 0 1
    outer loop
      vertex -1.57372 -5.98006 22.6
      vertex -2.63905 -4.59169 22.6
      vertex -1.9 -6.19808 22.6
    endloop
  endfacet
  facet normal -0 0 1
    outer loop
      vertex -2.775 -4.68253 22.6
      vertex -1.9 -6.19808 22.6
      vertex -2.63905 -4.59169 22.6
    endloop
  endfacet
  facet normal 0 0 1
    outer loop
      vertex -1.9 -6.19808 22.6
      vertex -2.775 -4.68253 22.6
      vertex -2.25195 -6.37164 22.6
    endloop
  endfacet
  facet normal -0 0 1
    outer loop
      vertex -2.92165 -4.75485 22.6
      vertex -2.25195 -6.37164 22.6
      vertex -2.775 -4.68253 22.6
    endloop
  endfacet
  facet normal 0 0 1
    outer loop
      vertex -2.25195 -6.37164 22.6
      vertex -2.92165 -4.75485 22.6
      vertex -2.62354 -6.49778 22.6
    endloop
  endfacet
  facet normal -0 0 1
    outer loop
      vertex -3.07648 -4.80741 22.6
      vertex -2.62354 -6.49778 22.6
      vertex -2.92165 -4.75485 22.6
    endloop
  endfacet
  facet normal 0 0 1
    outer loop
      vertex -2.62354 -6.49778 22.6
      vertex -3.07648 -4.80741 22.6
      vertex -3.00842 -6.57433 22.6
    endloop
  endfacet
  facet normal -0 0 1
    outer loop
      vertex -3.23684 -4.83931 22.6
      vertex -3.00842 -6.57433 22.6
      vertex -3.07648 -4.80741 22.6
    endloop
  endfacet
  facet normal -0 0 1
    outer loop
      vertex -3.4 -4.85 22.6
      vertex -3.00842 -6.57433 22.6
      vertex -3.23684 -4.83931 22.6
    endloop
  endfacet
  facet normal 0 0 1
    outer loop
      vertex -3.4 -4.85 22.6
      vertex -3.4 -6.6 22.6
      vertex -3.00842 -6.57433 22.6
    endloop
  endfacet
  facet normal 0 0 1
    outer loop
      vertex -3.56316 -4.83931 22.6
      vertex -3.4 -6.6 22.6
      vertex -3.4 -4.85 22.6
    endloop
  endfacet
  facet normal 0 0 1
    outer loop
      vertex -3.79158 -6.57433 22.6
      vertex -3.56316 -4.83931 22.6
      vertex -3.72352 -4.80741 22.6
    endloop
  endfacet
  facet normal 0 0 1
    outer loop
      vertex -3.56316 -4.83931 22.6
      vertex -3.79158 -6.57433 22.6
      vertex -3.4 -6.6 22.6
    endloop
  endfacet
  facet normal 0 0 1
    outer loop
      vertex -4.17646 -6.49778 22.6
      vertex -3.72352 -4.80741 22.6
      vertex -3.87835 -4.75485 22.6
    endloop
  endfacet
  facet normal 0 0 1
    outer loop
      vertex -4.54805 -6.37164 22.6
      vertex -3.87835 -4.75485 22.6
      vertex -4.025 -4.68253 22.6
    endloop
  endfacet
  facet normal 0 0 1
    outer loop
      vertex -4.9 -6.19808 22.6
      vertex -4.025 -4.68253 22.6
      vertex -4.16095 -4.59169 22.6
    endloop
  endfacet
  facet normal 0 0 1
    outer loop
      vertex -3.72352 -4.80741 22.6
      vertex -4.17646 -6.49778 22.6
      vertex -3.79158 -6.57433 22.6
    endloop
  endfacet
  facet normal 0 0 1
    outer loop
      vertex -5.22628 -5.98006 22.6
      vertex -4.16095 -4.59169 22.6
      vertex -4.28388 -4.48388 22.6
    endloop
  endfacet
  facet normal 0 0 1
    outer loop
      vertex -5.52132 -5.72132 22.6
      vertex -4.28388 -4.48388 22.6
      vertex -4.39169 -4.36095 22.6
    endloop
  endfacet
  facet normal 0 0 1
    outer loop
      vertex -5.78006 -5.42628 22.6
      vertex -4.39169 -4.36095 22.6
      vertex -4.48253 -4.225 22.6
    endloop
  endfacet
  facet normal 0 0 1
    outer loop
      vertex -3.87835 -4.75485 22.6
      vertex -4.54805 -6.37164 22.6
      vertex -4.17646 -6.49778 22.6
    endloop
  endfacet
  facet normal 0 0 1
    outer loop
      vertex -5.99808 -5.1 22.6
      vertex -4.48253 -4.225 22.6
      vertex -4.55485 -4.07835 22.6
    endloop
  endfacet
  facet normal 0 0 1
    outer loop
      vertex -6.17164 -4.74805 22.6
      vertex -4.55485 -4.07835 22.6
      vertex -4.60741 -3.92352 22.6
    endloop
  endfacet
  facet normal 0 0 1
    outer loop
      vertex -6.29778 -4.37646 22.6
      vertex -4.60741 -3.92352 22.6
      vertex -4.63931 -3.76316 22.6
    endloop
  endfacet
  facet normal 0 0 1
    outer loop
      vertex -6.37433 -3.99158 22.6
      vertex -4.63931 -3.76316 22.6
      vertex -4.65 -3.6 22.6
    endloop
  endfacet
  facet normal 0 0 1
    outer loop
      vertex -4.48253 -2.975 22.6
      vertex -5.99808 -2.1 22.6
      vertex -4.55485 -3.12165 22.6
    endloop
  endfacet
  facet normal 0 0 1
    outer loop
      vertex -4.025 -4.68253 22.6
      vertex -4.9 -6.19808 22.6
      vertex -4.54805 -6.37164 22.6
    endloop
  endfacet
  facet normal -0 0 1
    outer loop
      vertex -6.17164 -2.45195 22.6
      vertex -4.55485 -3.12165 22.6
      vertex -5.99808 -2.1 22.6
    endloop
  endfacet
  facet normal 0 0 1
    outer loop
      vertex -4.16095 -4.59169 22.6
      vertex -5.22628 -5.98006 22.6
      vertex -4.9 -6.19808 22.6
    endloop
  endfacet
  facet normal 0 0 1
    outer loop
      vertex -4.55485 -3.12165 22.6
      vertex -6.17164 -2.45195 22.6
      vertex -4.60741 -3.27648 22.6
    endloop
  endfacet
  facet normal 0 0 1
    outer loop
      vertex -4.28388 -4.48388 22.6
      vertex -5.52132 -5.72132 22.6
      vertex -5.22628 -5.98006 22.6
    endloop
  endfacet
  facet normal -0 0 1
    outer loop
      vertex -6.29778 -2.82354 22.6
      vertex -4.60741 -3.27648 22.6
      vertex -6.17164 -2.45195 22.6
    endloop
  endfacet
  facet normal 0 0 1
    outer loop
      vertex -4.39169 -4.36095 22.6
      vertex -5.78006 -5.42628 22.6
      vertex -5.52132 -5.72132 22.6
    endloop
  endfacet
  facet normal 0 0 1
    outer loop
      vertex -4.60741 -3.27648 22.6
      vertex -6.29778 -2.82354 22.6
      vertex -4.63931 -3.43684 22.6
    endloop
  endfacet
  facet normal 0 0 1
    outer loop
      vertex -4.48253 -4.225 22.6
      vertex -5.99808 -5.1 22.6
      vertex -5.78006 -5.42628 22.6
    endloop
  endfacet
  facet normal -0 0 1
    outer loop
      vertex -6.37433 -3.20842 22.6
      vertex -4.63931 -3.43684 22.6
      vertex -6.29778 -2.82354 22.6
    endloop
  endfacet
  facet normal 0 0 1
    outer loop
      vertex -4.55485 -4.07835 22.6
      vertex -6.17164 -4.74805 22.6
      vertex -5.99808 -5.1 22.6
    endloop
  endfacet
  facet normal 0 0 1
    outer loop
      vertex -4.63931 -3.43684 22.6
      vertex -6.37433 -3.20842 22.6
      vertex -4.65 -3.6 22.6
    endloop
  endfacet
  facet normal 0 0 1
    outer loop
      vertex -4.60741 -3.92352 22.6
      vertex -6.29778 -4.37646 22.6
      vertex -6.17164 -4.74805 22.6
    endloop
  endfacet
  facet normal 0 0 1
    outer loop
      vertex -6.4 -3.6 22.6
      vertex -4.65 -3.6 22.6
      vertex -6.37433 -3.20842 22.6
    endloop
  endfacet
  facet normal 0 0 1
    outer loop
      vertex -4.63931 -3.76316 22.6
      vertex -6.37433 -3.99158 22.6
      vertex -6.29778 -4.37646 22.6
    endloop
  endfacet
  facet normal 0 0 1
    outer loop
      vertex -4.65 -3.6 22.6
      vertex -6.4 -3.6 22.6
      vertex -6.37433 -3.99158 22.6
    endloop
  endfacet
  facet normal -0.555582 0.831462 0
    outer loop
      vertex -4.9 -1.00192 2
      vertex -5.22628 -1.21994 22.6
      vertex -4.9 -1.00192 22.6
    endloop
  endfacet
  facet normal -0.555582 0.831462 0
    outer loop
      vertex -5.22628 -1.21994 22.6
      vertex -4.9 -1.00192 2
      vertex -5.22628 -1.21994 2
    endloop
  endfacet
  facet normal -0.0654044 0.997859 0
    outer loop
      vertex -3.4 -0.6 6
      vertex -3.79158 -0.625666 22.6
      vertex -3.4 -0.6 22.6
    endloop
  endfacet
  facet normal -0.0654044 0.997859 0
    outer loop
      vertex -3.79158 -0.625666 22.6
      vertex -3.4 -0.6 6
      vertex -3.79158 -0.625666 6
    endloop
  endfacet
  facet normal 0.997859 -0.0654044 0
    outer loop
      vertex -0.425666 -3.99158 22.6
      vertex -0.4 -3.6 6
      vertex -0.4 -3.6 22.6
    endloop
  endfacet
  facet normal 0.997859 -0.0654044 0
    outer loop
      vertex -0.4 -3.6 6
      vertex -0.425666 -3.99158 22.6
      vertex -0.425666 -3.99158 6
    endloop
  endfacet
  facet normal 0.0654145 -0.997858 0
    outer loop
      vertex -3.4 -6.6 2
      vertex -3.00842 -6.57433 22.6
      vertex -3.4 -6.6 22.6
    endloop
  endfacet
  facet normal 0.0654145 -0.997858 0
    outer loop
      vertex -3.00842 -6.57433 22.6
      vertex -3.4 -6.6 2
      vertex -3.00842 -6.57433 2
    endloop
  endfacet
  facet normal 0.321444 -0.946928 0
    outer loop
      vertex -2.62354 -6.49778 2
      vertex -2.25195 -6.37164 22.6
      vertex -2.62354 -6.49778 22.6
    endloop
  endfacet
  facet normal 0.321444 -0.946928 0
    outer loop
      vertex -2.25195 -6.37164 22.6
      vertex -2.62354 -6.49778 2
      vertex -2.25195 -6.37164 2
    endloop
  endfacet
  facet normal 0.555582 -0.831462 0
    outer loop
      vertex -1.9 -6.19808 2
      vertex -1.57372 -5.98006 22.6
      vertex -1.9 -6.19808 22.6
    endloop
  endfacet
  facet normal 0.555582 -0.831462 0
    outer loop
      vertex -1.57372 -5.98006 22.6
      vertex -1.9 -6.19808 2
      vertex -1.57372 -5.98006 2
    endloop
  endfacet
  facet normal 0.751844 -0.659341 0
    outer loop
      vertex -1.27868 -5.72132 22.6
      vertex -1.01994 -5.42628 2
      vertex -1.01994 -5.42628 22.6
    endloop
  endfacet
  facet normal 0.751844 -0.659341 0
    outer loop
      vertex -1.01994 -5.42628 2
      vertex -1.27868 -5.72132 22.6
      vertex -1.27868 -5.72132 2
    endloop
  endfacet
  facet normal 0.896873 -0.442289 0
    outer loop
      vertex -0.628362 -4.74805 22.6
      vertex -0.75261 -5 6
      vertex -0.628362 -4.74805 6
    endloop
  endfacet
  facet normal 0.896873 -0.442288 -2.11386e-08
    outer loop
      vertex -0.801924 -5.1 22.6
      vertex -0.75261 -5 6
      vertex -0.628362 -4.74805 22.6
    endloop
  endfacet
  facet normal 0.896875 -0.442285 0
    outer loop
      vertex -0.801924 -5.1 2
      vertex -0.75261 -5 6
      vertex -0.801924 -5.1 22.6
    endloop
  endfacet
  facet normal 0.896875 -0.442285 0
    outer loop
      vertex -0.75261 -5 6
      vertex -0.801924 -5.1 2
      vertex -0.75261 -5 2
    endloop
  endfacet
  facet normal -0.659341 -0.751844 0
    outer loop
      vertex -5.52132 -5.72132 2
      vertex -5.22628 -5.98006 22.6
      vertex -5.52132 -5.72132 22.6
    endloop
  endfacet
  facet normal -0.659341 -0.751844 -0
    outer loop
      vertex -5.22628 -5.98006 22.6
      vertex -5.52132 -5.72132 2
      vertex -5.22628 -5.98006 2
    endloop
  endfacet
  facet normal -0.442283 -0.896875 0
    outer loop
      vertex -4.9 -6.19808 2
      vertex -4.54805 -6.37164 22.6
      vertex -4.9 -6.19808 22.6
    endloop
  endfacet
  facet normal -0.442283 -0.896875 -0
    outer loop
      vertex -4.54805 -6.37164 22.6
      vertex -4.9 -6.19808 2
      vertex -4.54805 -6.37164 2
    endloop
  endfacet
  facet normal -0.195072 -0.980789 0
    outer loop
      vertex -4.17646 -6.49778 2
      vertex -3.79158 -6.57433 22.6
      vertex -4.17646 -6.49778 22.6
    endloop
  endfacet
  facet normal -0.195072 -0.980789 -0
    outer loop
      vertex -3.79158 -6.57433 22.6
      vertex -4.17646 -6.49778 2
      vertex -3.79158 -6.57433 2
    endloop
  endfacet
  facet normal -0.831462 -0.555582 0
    outer loop
      vertex -5.78006 -5.42628 2
      vertex -5.99808 -5.1 22.6
      vertex -5.99808 -5.1 2
    endloop
  endfacet
  facet normal -0.831462 -0.555582 0
    outer loop
      vertex -5.99808 -5.1 22.6
      vertex -5.78006 -5.42628 2
      vertex -5.78006 -5.42628 22.6
    endloop
  endfacet
  facet normal -0.946928 -0.321444 0
    outer loop
      vertex -6.17164 -4.74805 2
      vertex -6.29778 -4.37646 22.6
      vertex -6.29778 -4.37646 2
    endloop
  endfacet
  facet normal -0.946928 -0.321444 0
    outer loop
      vertex -6.29778 -4.37646 22.6
      vertex -6.17164 -4.74805 2
      vertex -6.17164 -4.74805 22.6
    endloop
  endfacet
  facet normal -0.997858 -0.0654145 0
    outer loop
      vertex -6.37433 -3.99158 2
      vertex -6.4 -3.6 22.6
      vertex -6.4 -3.6 2
    endloop
  endfacet
  facet normal -0.997858 -0.0654145 0
    outer loop
      vertex -6.4 -3.6 22.6
      vertex -6.37433 -3.99158 2
      vertex -6.37433 -3.99158 22.6
    endloop
  endfacet
  facet normal 0.195072 -0.980789 0
    outer loop
      vertex -3.00842 -6.57433 2
      vertex -2.62354 -6.49778 22.6
      vertex -3.00842 -6.57433 22.6
    endloop
  endfacet
  facet normal 0.195072 -0.980789 0
    outer loop
      vertex -2.62354 -6.49778 22.6
      vertex -3.00842 -6.57433 2
      vertex -2.62354 -6.49778 2
    endloop
  endfacet
  facet normal 0.659341 -0.751844 0
    outer loop
      vertex -1.57372 -5.98006 2
      vertex -1.27868 -5.72132 22.6
      vertex -1.57372 -5.98006 22.6
    endloop
  endfacet
  facet normal 0.659341 -0.751844 0
    outer loop
      vertex -1.27868 -5.72132 22.6
      vertex -1.57372 -5.98006 2
      vertex -1.27868 -5.72132 2
    endloop
  endfacet
  facet normal 0.831466 -0.555575 0
    outer loop
      vertex -1.01994 -5.42628 22.6
      vertex -0.801924 -5.1 2
      vertex -0.801924 -5.1 22.6
    endloop
  endfacet
  facet normal 0.831466 -0.555575 0
    outer loop
      vertex -0.801924 -5.1 2
      vertex -1.01994 -5.42628 22.6
      vertex -1.01994 -5.42628 2
    endloop
  endfacet
  facet normal 0.980785 -0.195089 0
    outer loop
      vertex -0.502223 -4.37646 22.6
      vertex -0.425666 -3.99158 6
      vertex -0.425666 -3.99158 22.6
    endloop
  endfacet
  facet normal 0.980785 -0.195089 0
    outer loop
      vertex -0.425666 -3.99158 6
      vertex -0.502223 -4.37646 22.6
      vertex -0.502223 -4.37646 6
    endloop
  endfacet
  facet normal 0.946929 -0.321442 0
    outer loop
      vertex -0.628362 -4.74805 22.6
      vertex -0.502223 -4.37646 6
      vertex -0.502223 -4.37646 22.6
    endloop
  endfacet
  facet normal 0.946929 -0.321442 0
    outer loop
      vertex -0.502223 -4.37646 6
      vertex -0.628362 -4.74805 22.6
      vertex -0.628362 -4.74805 6
    endloop
  endfacet
  facet normal -0.555582 -0.831462 0
    outer loop
      vertex -5.22628 -5.98006 2
      vertex -4.9 -6.19808 22.6
      vertex -5.22628 -5.98006 22.6
    endloop
  endfacet
  facet normal -0.555582 -0.831462 -0
    outer loop
      vertex -4.9 -6.19808 22.6
      vertex -5.22628 -5.98006 2
      vertex -4.9 -6.19808 2
    endloop
  endfacet
  facet normal -0.0654145 -0.997858 0
    outer loop
      vertex -3.79158 -6.57433 2
      vertex -3.4 -6.6 22.6
      vertex -3.79158 -6.57433 22.6
    endloop
  endfacet
  facet normal -0.0654145 -0.997858 -0
    outer loop
      vertex -3.4 -6.6 22.6
      vertex -3.79158 -6.57433 2
      vertex -3.4 -6.6 2
    endloop
  endfacet
  facet normal -0.751844 -0.659341 0
    outer loop
      vertex -5.52132 -5.72132 2
      vertex -5.78006 -5.42628 22.6
      vertex -5.78006 -5.42628 2
    endloop
  endfacet
  facet normal -0.751844 -0.659341 0
    outer loop
      vertex -5.78006 -5.42628 22.6
      vertex -5.52132 -5.72132 2
      vertex -5.52132 -5.72132 22.6
    endloop
  endfacet
  facet normal -0.980789 -0.195072 0
    outer loop
      vertex -6.29778 -4.37646 2
      vertex -6.37433 -3.99158 22.6
      vertex -6.37433 -3.99158 2
    endloop
  endfacet
  facet normal -0.980789 -0.195072 0
    outer loop
      vertex -6.37433 -3.99158 22.6
      vertex -6.29778 -4.37646 2
      vertex -6.29778 -4.37646 22.6
    endloop
  endfacet
  facet normal -0.997861 -0.0653783 0
    outer loop
      vertex -2.15 -3.6 6
      vertex -2.16069 -3.43684 22.6
      vertex -2.16069 -3.43684 6
    endloop
  endfacet
  facet normal -0.997861 -0.0653783 0
    outer loop
      vertex -2.16069 -3.43684 22.6
      vertex -2.15 -3.6 6
      vertex -2.15 -3.6 22.6
    endloop
  endfacet
  facet normal 0.997861 -0.0653783 0
    outer loop
      vertex -4.65 -3.6 22.6
      vertex -4.63931 -3.43684 3
      vertex -4.63931 -3.43684 22.6
    endloop
  endfacet
  facet normal 0.997861 -0.0653783 0
    outer loop
      vertex -4.63931 -3.43684 3
      vertex -4.65 -3.6 22.6
      vertex -4.65 -3.6 3
    endloop
  endfacet
  facet normal -0.0653783 -0.997861 0
    outer loop
      vertex -3.4 -2.35 6
      vertex -3.23684 -2.36069 22.6
      vertex -3.4 -2.35 22.6
    endloop
  endfacet
  facet normal -0.0653783 -0.997861 -0
    outer loop
      vertex -3.23684 -2.36069 22.6
      vertex -3.4 -2.35 6
      vertex -3.23684 -2.36069 6
    endloop
  endfacet
  facet normal -0.75183 -0.659357 0
    outer loop
      vertex -2.40831 -2.83905 6
      vertex -2.51612 -2.71612 22.6
      vertex -2.51612 -2.71612 6
    endloop
  endfacet
  facet normal -0.75183 -0.659357 0
    outer loop
      vertex -2.51612 -2.71612 22.6
      vertex -2.40831 -2.83905 6
      vertex -2.40831 -2.83905 22.6
    endloop
  endfacet
  facet normal 0.659357 -0.75183 0
    outer loop
      vertex -4.28388 -2.71612 6
      vertex -4.16095 -2.60831 22.6
      vertex -4.28388 -2.71612 22.6
    endloop
  endfacet
  facet normal 0.659357 -0.75183 0
    outer loop
      vertex -4.16095 -2.60831 22.6
      vertex -4.28388 -2.71612 6
      vertex -4.16095 -2.60831 6
    endloop
  endfacet
  facet normal 0.321452 -0.946926 0
    outer loop
      vertex -3.87835 -2.44515 6
      vertex -3.72352 -2.39259 22.6
      vertex -3.87835 -2.44515 22.6
    endloop
  endfacet
  facet normal 0.321452 -0.946926 0
    outer loop
      vertex -3.72352 -2.39259 22.6
      vertex -3.87835 -2.44515 6
      vertex -3.72352 -2.39259 6
    endloop
  endfacet
  facet normal 0.831466 0.555575 0
    outer loop
      vertex -4.39169 -4.36095 22.6
      vertex -4.48253 -4.225 6
      vertex -4.48253 -4.225 22.6
    endloop
  endfacet
  facet normal 0.831466 0.555575 0
    outer loop
      vertex -4.48253 -4.225 6
      vertex -4.39169 -4.36095 22.6
      vertex -4.39169 -4.36095 6
    endloop
  endfacet
  facet normal -0.946926 -0.321452 0
    outer loop
      vertex -2.19259 -3.27648 6
      vertex -2.24515 -3.12165 22.6
      vertex -2.24515 -3.12165 6
    endloop
  endfacet
  facet normal -0.946926 -0.321452 0
    outer loop
      vertex -2.24515 -3.12165 22.6
      vertex -2.19259 -3.27648 6
      vertex -2.19259 -3.27648 22.6
    endloop
  endfacet
  facet normal -0.980782 -0.195105 0
    outer loop
      vertex -2.16069 -3.43684 6
      vertex -2.19259 -3.27648 22.6
      vertex -2.19259 -3.27648 6
    endloop
  endfacet
  facet normal -0.980782 -0.195105 0
    outer loop
      vertex -2.19259 -3.27648 22.6
      vertex -2.16069 -3.43684 6
      vertex -2.16069 -3.43684 22.6
    endloop
  endfacet
  facet normal -0.896872 -0.44229 0
    outer loop
      vertex -2.24515 -3.12165 6
      vertex -2.31747 -2.975 22.6
      vertex -2.31747 -2.975 6
    endloop
  endfacet
  facet normal -0.896872 -0.44229 0
    outer loop
      vertex -2.31747 -2.975 22.6
      vertex -2.24515 -3.12165 6
      vertex -2.24515 -3.12165 22.6
    endloop
  endfacet
  facet normal -0.44229 -0.896872 0
    outer loop
      vertex -2.92165 -2.44515 6
      vertex -2.775 -2.51747 22.6
      vertex -2.92165 -2.44515 22.6
    endloop
  endfacet
  facet normal -0.44229 -0.896872 -0
    outer loop
      vertex -2.775 -2.51747 22.6
      vertex -2.92165 -2.44515 6
      vertex -2.775 -2.51747 6
    endloop
  endfacet
  facet normal -0.321452 -0.946926 0
    outer loop
      vertex -3.07648 -2.39259 6
      vertex -2.92165 -2.44515 22.6
      vertex -3.07648 -2.39259 22.6
    endloop
  endfacet
  facet normal -0.321452 -0.946926 -0
    outer loop
      vertex -2.92165 -2.44515 22.6
      vertex -3.07648 -2.39259 6
      vertex -2.92165 -2.44515 6
    endloop
  endfacet
  facet normal -0.659357 -0.75183 0
    outer loop
      vertex -2.63905 -2.60831 6
      vertex -2.51612 -2.71612 22.6
      vertex -2.63905 -2.60831 22.6
    endloop
  endfacet
  facet normal -0.659357 -0.75183 -0
    outer loop
      vertex -2.51612 -2.71612 22.6
      vertex -2.63905 -2.60831 6
      vertex -2.51612 -2.71612 6
    endloop
  endfacet
  facet normal 0.896872 -0.44229 0
    outer loop
      vertex -4.55485 -3.12165 22.6
      vertex -4.48253 -2.975 6
      vertex -4.48253 -2.975 22.6
    endloop
  endfacet
  facet normal 0.896872 -0.44229 0
    outer loop
      vertex -4.48253 -2.975 6
      vertex -4.55485 -3.12165 22.6
      vertex -4.55485 -3.12165 6
    endloop
  endfacet
  facet normal 0.831466 -0.555575 0
    outer loop
      vertex -4.48253 -2.975 22.6
      vertex -4.39169 -2.83905 6
      vertex -4.39169 -2.83905 22.6
    endloop
  endfacet
  facet normal 0.831466 -0.555575 0
    outer loop
      vertex -4.39169 -2.83905 6
      vertex -4.48253 -2.975 22.6
      vertex -4.48253 -2.975 6
    endloop
  endfacet
  facet normal 0.946925 -0.321456 0
    outer loop
      vertex -4.55485 -3.12165 22.6
      vertex -4.6 -3.25465 6
      vertex -4.55485 -3.12165 6
    endloop
  endfacet
  facet normal 0.946926 -0.321452 -3.48165e-08
    outer loop
      vertex -4.60741 -3.27648 22.6
      vertex -4.6 -3.25465 6
      vertex -4.55485 -3.12165 22.6
    endloop
  endfacet
  facet normal 0.946934 -0.321428 0
    outer loop
      vertex -4.60741 -3.27648 3
      vertex -4.6 -3.25465 6
      vertex -4.60741 -3.27648 22.6
    endloop
  endfacet
  facet normal 0.946934 -0.321428 0
    outer loop
      vertex -4.6 -3.25465 6
      vertex -4.60741 -3.27648 3
      vertex -4.6 -3.25465 3
    endloop
  endfacet
  facet normal 0.44229 -0.896872 0
    outer loop
      vertex -4.025 -2.51747 6
      vertex -3.87835 -2.44515 22.6
      vertex -4.025 -2.51747 22.6
    endloop
  endfacet
  facet normal 0.44229 -0.896872 0
    outer loop
      vertex -3.87835 -2.44515 22.6
      vertex -4.025 -2.51747 6
      vertex -3.87835 -2.44515 6
    endloop
  endfacet
  facet normal 0.0653783 -0.997861 0
    outer loop
      vertex -3.56316 -2.36069 6
      vertex -3.4 -2.35 22.6
      vertex -3.56316 -2.36069 22.6
    endloop
  endfacet
  facet normal 0.0653783 -0.997861 0
    outer loop
      vertex -3.4 -2.35 22.6
      vertex -3.56316 -2.36069 6
      vertex -3.4 -2.35 6
    endloop
  endfacet
  facet normal -0.997861 0.0653783 0
    outer loop
      vertex -2.16069 -3.76316 6
      vertex -2.15 -3.6 22.6
      vertex -2.15 -3.6 6
    endloop
  endfacet
  facet normal -0.997861 0.0653783 0
    outer loop
      vertex -2.15 -3.6 22.6
      vertex -2.16069 -3.76316 6
      vertex -2.16069 -3.76316 22.6
    endloop
  endfacet
  facet normal -0.659357 0.75183 0
    outer loop
      vertex -2.51612 -4.48388 6
      vertex -2.63905 -4.59169 22.6
      vertex -2.51612 -4.48388 22.6
    endloop
  endfacet
  facet normal -0.659357 0.75183 0
    outer loop
      vertex -2.63905 -4.59169 22.6
      vertex -2.51612 -4.48388 6
      vertex -2.63905 -4.59169 6
    endloop
  endfacet
  facet normal -0.44229 0.896872 0
    outer loop
      vertex -2.775 -4.68253 6
      vertex -2.92165 -4.75485 22.6
      vertex -2.775 -4.68253 22.6
    endloop
  endfacet
  facet normal -0.44229 0.896872 0
    outer loop
      vertex -2.92165 -4.75485 22.6
      vertex -2.775 -4.68253 6
      vertex -2.92165 -4.75485 6
    endloop
  endfacet
  facet normal -0.896872 0.44229 0
    outer loop
      vertex -2.31747 -4.225 6
      vertex -2.24515 -4.07835 22.6
      vertex -2.24515 -4.07835 6
    endloop
  endfacet
  facet normal -0.896872 0.44229 0
    outer loop
      vertex -2.24515 -4.07835 22.6
      vertex -2.31747 -4.225 6
      vertex -2.31747 -4.225 22.6
    endloop
  endfacet
  facet normal -0.980782 0.195105 0
    outer loop
      vertex -2.19259 -3.92352 6
      vertex -2.16069 -3.76316 22.6
      vertex -2.16069 -3.76316 6
    endloop
  endfacet
  facet normal -0.980782 0.195105 0
    outer loop
      vertex -2.16069 -3.76316 22.6
      vertex -2.19259 -3.92352 6
      vertex -2.19259 -3.92352 22.6
    endloop
  endfacet
  facet normal 0.321452 0.946926 -0
    outer loop
      vertex -3.72352 -4.80741 6
      vertex -3.87835 -4.75485 22.6
      vertex -3.72352 -4.80741 22.6
    endloop
  endfacet
  facet normal 0.321452 0.946926 0
    outer loop
      vertex -3.87835 -4.75485 22.6
      vertex -3.72352 -4.80741 6
      vertex -3.87835 -4.75485 6
    endloop
  endfacet
  facet normal 0.44229 0.896872 -0
    outer loop
      vertex -3.87835 -4.75485 6
      vertex -4.025 -4.68253 22.6
      vertex -3.87835 -4.75485 22.6
    endloop
  endfacet
  facet normal 0.44229 0.896872 0
    outer loop
      vertex -4.025 -4.68253 22.6
      vertex -3.87835 -4.75485 6
      vertex -4.025 -4.68253 6
    endloop
  endfacet
  facet normal 0.980782 0.195105 0
    outer loop
      vertex -4.60741 -3.92352 22.6
      vertex -4.63931 -3.76316 3
      vertex -4.63931 -3.76316 22.6
    endloop
  endfacet
  facet normal 0.980782 0.195105 0
    outer loop
      vertex -4.63931 -3.76316 3
      vertex -4.60741 -3.92352 22.6
      vertex -4.60741 -3.92352 3
    endloop
  endfacet
  facet normal 0.896872 0.44229 0
    outer loop
      vertex -4.48253 -4.225 22.6
      vertex -4.55485 -4.07835 6
      vertex -4.55485 -4.07835 22.6
    endloop
  endfacet
  facet normal 0.896872 0.44229 0
    outer loop
      vertex -4.55485 -4.07835 6
      vertex -4.48253 -4.225 22.6
      vertex -4.48253 -4.225 6
    endloop
  endfacet
  facet normal 0 0 1
    outer loop
      vertex -4.63931 -3.43684 3
      vertex -4.6 -3.25465 3
      vertex -4.60741 -3.27648 3
    endloop
  endfacet
  facet normal 0 0 1
    outer loop
      vertex -4.6 -3.25465 3
      vertex -4.63931 -3.43684 3
      vertex -4.6 -3.94535 3
    endloop
  endfacet
  facet normal -0 0 1
    outer loop
      vertex -4.63931 -3.76316 3
      vertex -4.6 -3.94535 3
      vertex -4.63931 -3.43684 3
    endloop
  endfacet
  facet normal 0 0 1
    outer loop
      vertex -4.6 -3.94535 3
      vertex -4.63931 -3.76316 3
      vertex -4.60741 -3.92352 3
    endloop
  endfacet
  facet normal 0 -0 1
    outer loop
      vertex -4.63931 -3.76316 3
      vertex -4.63931 -3.43684 3
      vertex -4.65 -3.6 3
    endloop
  endfacet
  facet normal 0.946934 0.321428 0
    outer loop
      vertex -4.60741 -3.92352 22.6
      vertex -4.6 -3.94535 6
      vertex -4.60741 -3.92352 3
    endloop
  endfacet
  facet normal 0.946926 0.321452 -3.48165e-08
    outer loop
      vertex -4.55485 -4.07835 22.6
      vertex -4.6 -3.94535 6
      vertex -4.60741 -3.92352 22.6
    endloop
  endfacet
  facet normal 0.946925 0.321456 0
    outer loop
      vertex -4.6 -3.94535 6
      vertex -4.55485 -4.07835 22.6
      vertex -4.55485 -4.07835 6
    endloop
  endfacet
  facet normal 0.946934 0.321428 0
    outer loop
      vertex -4.60741 -3.92352 3
      vertex -4.6 -3.94535 6
      vertex -4.6 -3.94535 3
    endloop
  endfacet
  facet normal -0.555575 -0.831466 0
    outer loop
      vertex -2.775 -2.51747 6
      vertex -2.63905 -2.60831 22.6
      vertex -2.775 -2.51747 22.6
    endloop
  endfacet
  facet normal -0.555575 -0.831466 -0
    outer loop
      vertex -2.63905 -2.60831 22.6
      vertex -2.775 -2.51747 6
      vertex -2.63905 -2.60831 6
    endloop
  endfacet
  facet normal 0.195105 -0.980782 0
    outer loop
      vertex -3.72352 -2.39259 6
      vertex -3.56316 -2.36069 22.6
      vertex -3.72352 -2.39259 22.6
    endloop
  endfacet
  facet normal 0.195105 -0.980782 0
    outer loop
      vertex -3.56316 -2.36069 22.6
      vertex -3.72352 -2.39259 6
      vertex -3.56316 -2.36069 6
    endloop
  endfacet
  facet normal -0.321452 0.946926 0
    outer loop
      vertex -2.92165 -4.75485 6
      vertex -3.07648 -4.80741 22.6
      vertex -2.92165 -4.75485 22.6
    endloop
  endfacet
  facet normal -0.321452 0.946926 0
    outer loop
      vertex -3.07648 -4.80741 22.6
      vertex -2.92165 -4.75485 6
      vertex -3.07648 -4.80741 6
    endloop
  endfacet
  facet normal -0.0653783 0.997861 0
    outer loop
      vertex -3.23684 -4.83931 6
      vertex -3.4 -4.85 22.6
      vertex -3.23684 -4.83931 22.6
    endloop
  endfacet
  facet normal -0.0653783 0.997861 0
    outer loop
      vertex -3.4 -4.85 22.6
      vertex -3.23684 -4.83931 6
      vertex -3.4 -4.85 6
    endloop
  endfacet
  facet normal -0.195105 0.980782 0
    outer loop
      vertex -3.07648 -4.80741 6
      vertex -3.23684 -4.83931 22.6
      vertex -3.07648 -4.80741 22.6
    endloop
  endfacet
  facet normal -0.195105 0.980782 0
    outer loop
      vertex -3.23684 -4.83931 22.6
      vertex -3.07648 -4.80741 6
      vertex -3.23684 -4.83931 6
    endloop
  endfacet
  facet normal -0.555575 0.831466 0
    outer loop
      vertex -2.63905 -4.59169 6
      vertex -2.775 -4.68253 22.6
      vertex -2.63905 -4.59169 22.6
    endloop
  endfacet
  facet normal -0.555575 0.831466 0
    outer loop
      vertex -2.775 -4.68253 22.6
      vertex -2.63905 -4.59169 6
      vertex -2.775 -4.68253 6
    endloop
  endfacet
  facet normal -0.75183 0.659357 0
    outer loop
      vertex -2.51612 -4.48388 6
      vertex -2.40831 -4.36095 22.6
      vertex -2.40831 -4.36095 6
    endloop
  endfacet
  facet normal -0.75183 0.659357 0
    outer loop
      vertex -2.40831 -4.36095 22.6
      vertex -2.51612 -4.48388 6
      vertex -2.51612 -4.48388 22.6
    endloop
  endfacet
  facet normal -0.831466 0.555575 0
    outer loop
      vertex -2.40831 -4.36095 6
      vertex -2.31747 -4.225 22.6
      vertex -2.31747 -4.225 6
    endloop
  endfacet
  facet normal -0.831466 0.555575 0
    outer loop
      vertex -2.31747 -4.225 22.6
      vertex -2.40831 -4.36095 6
      vertex -2.40831 -4.36095 22.6
    endloop
  endfacet
  facet normal 0.195105 0.980782 -0
    outer loop
      vertex -3.56316 -4.83931 6
      vertex -3.72352 -4.80741 22.6
      vertex -3.56316 -4.83931 22.6
    endloop
  endfacet
  facet normal 0.195105 0.980782 0
    outer loop
      vertex -3.72352 -4.80741 22.6
      vertex -3.56316 -4.83931 6
      vertex -3.72352 -4.80741 6
    endloop
  endfacet
  facet normal 0.659357 0.75183 -0
    outer loop
      vertex -4.16095 -4.59169 6
      vertex -4.28388 -4.48388 22.6
      vertex -4.16095 -4.59169 22.6
    endloop
  endfacet
  facet normal 0.659357 0.75183 0
    outer loop
      vertex -4.28388 -4.48388 22.6
      vertex -4.16095 -4.59169 6
      vertex -4.28388 -4.48388 6
    endloop
  endfacet
  facet normal 0.0653783 0.997861 -0
    outer loop
      vertex -3.4 -4.85 6
      vertex -3.56316 -4.83931 22.6
      vertex -3.4 -4.85 22.6
    endloop
  endfacet
  facet normal 0.0653783 0.997861 0
    outer loop
      vertex -3.56316 -4.83931 22.6
      vertex -3.4 -4.85 6
      vertex -3.56316 -4.83931 6
    endloop
  endfacet
  facet normal 0.555575 0.831466 -0
    outer loop
      vertex -4.025 -4.68253 6
      vertex -4.16095 -4.59169 22.6
      vertex -4.025 -4.68253 22.6
    endloop
  endfacet
  facet normal 0.555575 0.831466 0
    outer loop
      vertex -4.16095 -4.59169 22.6
      vertex -4.025 -4.68253 6
      vertex -4.16095 -4.59169 6
    endloop
  endfacet
  facet normal 0.75183 0.659357 0
    outer loop
      vertex -4.28388 -4.48388 22.6
      vertex -4.39169 -4.36095 6
      vertex -4.39169 -4.36095 22.6
    endloop
  endfacet
  facet normal 0.75183 0.659357 0
    outer loop
      vertex -4.39169 -4.36095 6
      vertex -4.28388 -4.48388 22.6
      vertex -4.28388 -4.48388 6
    endloop
  endfacet
  facet normal 0.997861 0.0653783 0
    outer loop
      vertex -4.63931 -3.76316 22.6
      vertex -4.65 -3.6 3
      vertex -4.65 -3.6 22.6
    endloop
  endfacet
  facet normal 0.997861 0.0653783 0
    outer loop
      vertex -4.65 -3.6 3
      vertex -4.63931 -3.76316 22.6
      vertex -4.63931 -3.76316 3
    endloop
  endfacet
  facet normal -0.831466 -0.555575 0
    outer loop
      vertex -2.31747 -2.975 6
      vertex -2.40831 -2.83905 22.6
      vertex -2.40831 -2.83905 6
    endloop
  endfacet
  facet normal -0.831466 -0.555575 0
    outer loop
      vertex -2.40831 -2.83905 22.6
      vertex -2.31747 -2.975 6
      vertex -2.31747 -2.975 22.6
    endloop
  endfacet
  facet normal -0.195105 -0.980782 0
    outer loop
      vertex -3.23684 -2.36069 6
      vertex -3.07648 -2.39259 22.6
      vertex -3.23684 -2.36069 22.6
    endloop
  endfacet
  facet normal -0.195105 -0.980782 -0
    outer loop
      vertex -3.07648 -2.39259 22.6
      vertex -3.23684 -2.36069 6
      vertex -3.07648 -2.39259 6
    endloop
  endfacet
  facet normal 0.75183 -0.659357 0
    outer loop
      vertex -4.39169 -2.83905 22.6
      vertex -4.28388 -2.71612 6
      vertex -4.28388 -2.71612 22.6
    endloop
  endfacet
  facet normal 0.75183 -0.659357 0
    outer loop
      vertex -4.28388 -2.71612 6
      vertex -4.39169 -2.83905 22.6
      vertex -4.39169 -2.83905 6
    endloop
  endfacet
  facet normal 0.980782 -0.195105 0
    outer loop
      vertex -4.63931 -3.43684 22.6
      vertex -4.60741 -3.27648 3
      vertex -4.60741 -3.27648 22.6
    endloop
  endfacet
  facet normal 0.980782 -0.195105 0
    outer loop
      vertex -4.60741 -3.27648 3
      vertex -4.63931 -3.43684 22.6
      vertex -4.63931 -3.43684 3
    endloop
  endfacet
  facet normal 0.555575 -0.831466 0
    outer loop
      vertex -4.16095 -2.60831 6
      vertex -4.025 -2.51747 22.6
      vertex -4.16095 -2.60831 22.6
    endloop
  endfacet
  facet normal 0.555575 -0.831466 0
    outer loop
      vertex -4.025 -2.51747 22.6
      vertex -4.16095 -2.60831 6
      vertex -4.025 -2.51747 6
    endloop
  endfacet
  facet normal -0.946926 0.321452 0
    outer loop
      vertex -2.24515 -4.07835 6
      vertex -2.19259 -3.92352 22.6
      vertex -2.19259 -3.92352 6
    endloop
  endfacet
  facet normal -0.946926 0.321452 0
    outer loop
      vertex -2.19259 -3.92352 22.6
      vertex -2.24515 -4.07835 6
      vertex -2.24515 -4.07835 22.6
    endloop
  endfacet
  facet normal 0.997853 0.0654906 0
    outer loop
      vertex 61.3 -3.6 22.6
      vertex 61.2743 -3.20842 2
      vertex 61.2743 -3.20842 22.6
    endloop
  endfacet
  facet normal 0.997853 0.0654906 0
    outer loop
      vertex 61.2743 -3.20842 2
      vertex 61.3 -3.6 22.6
      vertex 61.3 -3.6 2
    endloop
  endfacet
  facet normal -0.997853 0.0654906 0
    outer loop
      vertex 55.3 -3.6 6
      vertex 55.3257 -3.20842 22.6
      vertex 55.3257 -3.20842 6
    endloop
  endfacet
  facet normal -0.997853 0.0654906 0
    outer loop
      vertex 55.3257 -3.20842 22.6
      vertex 55.3 -3.6 6
      vertex 55.3 -3.6 22.6
    endloop
  endfacet
  facet normal 0.065401 0.997859 -0
    outer loop
      vertex 58.6916 -0.625666 6
      vertex 58.3 -0.6 22.6
      vertex 58.6916 -0.625666 22.6
    endloop
  endfacet
  facet normal 0.065401 0.997859 0
    outer loop
      vertex 58.3 -0.6 22.6
      vertex 58.6916 -0.625666 6
      vertex 58.3 -0.6 6
    endloop
  endfacet
  facet normal 0.751768 0.659428 0
    outer loop
      vertex 60.6801 -1.77372 22.6
      vertex 60.4213 -1.47868 2
      vertex 60.4213 -1.47868 22.6
    endloop
  endfacet
  facet normal 0.751768 0.659428 0
    outer loop
      vertex 60.4213 -1.47868 2
      vertex 60.6801 -1.77372 22.6
      vertex 60.6801 -1.77372 2
    endloop
  endfacet
  facet normal -0.659392 0.751799 0
    outer loop
      vertex 56.4737 -1.21994 6
      vertex 56.1787 -1.47868 22.6
      vertex 56.4737 -1.21994 22.6
    endloop
  endfacet
  facet normal -0.659392 0.751799 0
    outer loop
      vertex 56.1787 -1.47868 22.6
      vertex 56.4737 -1.21994 6
      vertex 56.1787 -1.47868 6
    endloop
  endfacet
  facet normal -0.321512 0.946905 0
    outer loop
      vertex 57.5235 -0.702223 6
      vertex 57.152 -0.828362 22.6
      vertex 57.5235 -0.702223 22.6
    endloop
  endfacet
  facet normal -0.321512 0.946905 0
    outer loop
      vertex 57.152 -0.828362 22.6
      vertex 57.5235 -0.702223 6
      vertex 57.152 -0.828362 6
    endloop
  endfacet
  facet normal 0.896936 0.44216 0
    outer loop
      vertex 61.0716 -2.45195 22.6
      vertex 60.8981 -2.1 2
      vertex 60.8981 -2.1 22.6
    endloop
  endfacet
  facet normal 0.896936 0.44216 0
    outer loop
      vertex 60.8981 -2.1 2
      vertex 61.0716 -2.45195 22.6
      vertex 61.0716 -2.45195 2
    endloop
  endfacet
  facet normal 0.980813 0.19495 0
    outer loop
      vertex 61.2743 -3.20842 22.6
      vertex 61.1978 -2.82354 2
      vertex 61.1978 -2.82354 22.6
    endloop
  endfacet
  facet normal 0.980813 0.19495 0
    outer loop
      vertex 61.1978 -2.82354 2
      vertex 61.2743 -3.20842 22.6
      vertex 61.2743 -3.20842 2
    endloop
  endfacet
  facet normal 0.831485 0.555547 0
    outer loop
      vertex 60.8981 -2.1 22.6
      vertex 60.6801 -1.77372 2
      vertex 60.6801 -1.77372 22.6
    endloop
  endfacet
  facet normal 0.831485 0.555547 0
    outer loop
      vertex 60.6801 -1.77372 2
      vertex 60.8981 -2.1 22.6
      vertex 60.8981 -2.1 2
    endloop
  endfacet
  facet normal 0.442229 0.896902 2.02613e-07
    outer loop
      vertex 59.8 -1.00192 22.6
      vertex 59.7 -0.95261 6
      vertex 59.448 -0.828362 22.6
    endloop
  endfacet
  facet normal 0.442256 0.896889 -0
    outer loop
      vertex 59.8 -1.00192 2
      vertex 59.7 -0.95261 6
      vertex 59.8 -1.00192 22.6
    endloop
  endfacet
  facet normal 0.442256 0.896889 0
    outer loop
      vertex 59.7 -0.95261 6
      vertex 59.8 -1.00192 2
      vertex 59.7 -0.95261 2
    endloop
  endfacet
  facet normal 0.442218 0.896908 0
    outer loop
      vertex 59.448 -0.828362 22.6
      vertex 59.7 -0.95261 6
      vertex 59.448 -0.828362 6
    endloop
  endfacet
  facet normal 0.321512 0.946905 -0
    outer loop
      vertex 59.448 -0.828362 6
      vertex 59.0765 -0.702223 22.6
      vertex 59.448 -0.828362 22.6
    endloop
  endfacet
  facet normal 0.321512 0.946905 0
    outer loop
      vertex 59.0765 -0.702223 22.6
      vertex 59.448 -0.828362 6
      vertex 59.0765 -0.702223 6
    endloop
  endfacet
  facet normal 0.555558 0.831477 -0
    outer loop
      vertex 60.1263 -1.21994 2
      vertex 59.8 -1.00192 22.6
      vertex 60.1263 -1.21994 22.6
    endloop
  endfacet
  facet normal 0.555558 0.831477 0
    outer loop
      vertex 59.8 -1.00192 22.6
      vertex 60.1263 -1.21994 2
      vertex 59.8 -1.00192 2
    endloop
  endfacet
  facet normal -0.896936 0.44216 0
    outer loop
      vertex 55.5284 -2.45195 6
      vertex 55.7019 -2.1 22.6
      vertex 55.7019 -2.1 6
    endloop
  endfacet
  facet normal -0.896936 0.44216 0
    outer loop
      vertex 55.7019 -2.1 22.6
      vertex 55.5284 -2.45195 6
      vertex 55.5284 -2.45195 22.6
    endloop
  endfacet
  facet normal -0.946882 0.321582 0
    outer loop
      vertex 55.4022 -2.82354 6
      vertex 55.5284 -2.45195 22.6
      vertex 55.5284 -2.45195 6
    endloop
  endfacet
  facet normal -0.946882 0.321582 0
    outer loop
      vertex 55.5284 -2.45195 22.6
      vertex 55.4022 -2.82354 6
      vertex 55.4022 -2.82354 22.6
    endloop
  endfacet
  facet normal -0.442229 0.896902 0
    outer loop
      vertex 57.152 -0.828362 6
      vertex 56.8 -1.00192 22.6
      vertex 57.152 -0.828362 22.6
    endloop
  endfacet
  facet normal -0.442229 0.896902 0
    outer loop
      vertex 56.8 -1.00192 22.6
      vertex 57.152 -0.828362 6
      vertex 56.8 -1.00192 6
    endloop
  endfacet
  facet normal -0.19508 0.980787 0
    outer loop
      vertex 57.9084 -0.625666 6
      vertex 57.5235 -0.702223 22.6
      vertex 57.9084 -0.625666 22.6
    endloop
  endfacet
  facet normal -0.19508 0.980787 0
    outer loop
      vertex 57.5235 -0.702223 22.6
      vertex 57.9084 -0.625666 6
      vertex 57.5235 -0.702223 6
    endloop
  endfacet
  facet normal 0.442233 -0.8969 0
    outer loop
      vertex 59.448 -6.37164 2
      vertex 59.8 -6.19808 22.6
      vertex 59.448 -6.37164 22.6
    endloop
  endfacet
  facet normal 0.442233 -0.8969 0
    outer loop
      vertex 59.8 -6.19808 22.6
      vertex 59.448 -6.37164 2
      vertex 59.8 -6.19808 2
    endloop
  endfacet
  facet normal -0.321514 -0.946905 0
    outer loop
      vertex 57.152 -6.37164 2
      vertex 57.5235 -6.49778 22.6
      vertex 57.152 -6.37164 22.6
    endloop
  endfacet
  facet normal -0.321514 -0.946905 -0
    outer loop
      vertex 57.5235 -6.49778 22.6
      vertex 57.152 -6.37164 2
      vertex 57.5235 -6.49778 2
    endloop
  endfacet
  facet normal -0.896924 -0.442184 0
    outer loop
      vertex 55.6526 -5 2
      vertex 55.7019 -5.1 2
      vertex 55.6526 -5 6
    endloop
  endfacet
  facet normal -0.896941 -0.442151 0
    outer loop
      vertex 55.6526 -5 6
      vertex 55.5284 -4.74805 22.6
      vertex 55.5284 -4.74805 6
    endloop
  endfacet
  facet normal -0.896924 -0.442184 -0
    outer loop
      vertex 55.7019 -5.1 22.6
      vertex 55.6526 -5 6
      vertex 55.7019 -5.1 2
    endloop
  endfacet
  facet normal -0.896936 -0.44216 1.74248e-07
    outer loop
      vertex 55.6526 -5 6
      vertex 55.7019 -5.1 22.6
      vertex 55.5284 -4.74805 22.6
    endloop
  endfacet
  facet normal 0.946882 0.321582 0
    outer loop
      vertex 61.1978 -2.82354 22.6
      vertex 61.0716 -2.45195 2
      vertex 61.0716 -2.45195 22.6
    endloop
  endfacet
  facet normal 0.946882 0.321582 0
    outer loop
      vertex 61.0716 -2.45195 2
      vertex 61.1978 -2.82354 22.6
      vertex 61.1978 -2.82354 2
    endloop
  endfacet
  facet normal 0.19508 0.980787 -0
    outer loop
      vertex 59.0765 -0.702223 6
      vertex 58.6916 -0.625666 22.6
      vertex 59.0765 -0.702223 22.6
    endloop
  endfacet
  facet normal 0.19508 0.980787 0
    outer loop
      vertex 58.6916 -0.625666 22.6
      vertex 59.0765 -0.702223 6
      vertex 58.6916 -0.625666 6
    endloop
  endfacet
  facet normal 0.659392 0.751799 -0
    outer loop
      vertex 60.4213 -1.47868 2
      vertex 60.1263 -1.21994 22.6
      vertex 60.4213 -1.47868 22.6
    endloop
  endfacet
  facet normal 0.659392 0.751799 0
    outer loop
      vertex 60.1263 -1.21994 22.6
      vertex 60.4213 -1.47868 2
      vertex 60.1263 -1.21994 2
    endloop
  endfacet
  facet normal -0.831485 0.555547 0
    outer loop
      vertex 55.7019 -2.1 6
      vertex 55.9199 -1.77372 22.6
      vertex 55.9199 -1.77372 6
    endloop
  endfacet
  facet normal -0.831485 0.555547 0
    outer loop
      vertex 55.9199 -1.77372 22.6
      vertex 55.7019 -2.1 6
      vertex 55.7019 -2.1 22.6
    endloop
  endfacet
  facet normal -0.751768 0.659428 0
    outer loop
      vertex 55.9199 -1.77372 6
      vertex 56.1787 -1.47868 22.6
      vertex 56.1787 -1.47868 6
    endloop
  endfacet
  facet normal -0.751768 0.659428 0
    outer loop
      vertex 56.1787 -1.47868 22.6
      vertex 55.9199 -1.77372 6
      vertex 55.9199 -1.77372 22.6
    endloop
  endfacet
  facet normal -0.980813 0.19495 0
    outer loop
      vertex 55.3257 -3.20842 6
      vertex 55.4022 -2.82354 22.6
      vertex 55.4022 -2.82354 6
    endloop
  endfacet
  facet normal -0.980813 0.19495 0
    outer loop
      vertex 55.4022 -2.82354 22.6
      vertex 55.3257 -3.20842 6
      vertex 55.3257 -3.20842 22.6
    endloop
  endfacet
  facet normal 0 0 1
    outer loop
      vertex 59.55 -3.6 22.6
      vertex 61.3 -3.6 22.6
      vertex 61.2743 -3.20842 22.6
    endloop
  endfacet
  facet normal 0 0 1
    outer loop
      vertex 59.5393 -3.43684 22.6
      vertex 61.2743 -3.20842 22.6
      vertex 61.1978 -2.82354 22.6
    endloop
  endfacet
  facet normal 0 0 1
    outer loop
      vertex 61.3 -3.6 22.6
      vertex 59.55 -3.6 22.6
      vertex 61.2743 -3.99158 22.6
    endloop
  endfacet
  facet normal 0 0 1
    outer loop
      vertex 59.5074 -3.27648 22.6
      vertex 61.1978 -2.82354 22.6
      vertex 61.0716 -2.45195 22.6
    endloop
  endfacet
  facet normal -0 0 1
    outer loop
      vertex 59.5393 -3.76316 22.6
      vertex 61.2743 -3.99158 22.6
      vertex 59.55 -3.6 22.6
    endloop
  endfacet
  facet normal 0 0 1
    outer loop
      vertex 59.4548 -3.12165 22.6
      vertex 61.0716 -2.45195 22.6
      vertex 60.8981 -2.1 22.6
    endloop
  endfacet
  facet normal 0 0 1
    outer loop
      vertex 61.2743 -3.99158 22.6
      vertex 59.5393 -3.76316 22.6
      vertex 61.1978 -4.37646 22.6
    endloop
  endfacet
  facet normal 0 0 1
    outer loop
      vertex 59.3825 -2.975 22.6
      vertex 60.8981 -2.1 22.6
      vertex 60.6801 -1.77372 22.6
    endloop
  endfacet
  facet normal -0 0 1
    outer loop
      vertex 59.5074 -3.92352 22.6
      vertex 61.1978 -4.37646 22.6
      vertex 59.5393 -3.76316 22.6
    endloop
  endfacet
  facet normal 0 0 1
    outer loop
      vertex 59.2917 -2.83905 22.6
      vertex 60.6801 -1.77372 22.6
      vertex 60.4213 -1.47868 22.6
    endloop
  endfacet
  facet normal 0 0 1
    outer loop
      vertex 61.1978 -4.37646 22.6
      vertex 59.5074 -3.92352 22.6
      vertex 61.0716 -4.74805 22.6
    endloop
  endfacet
  facet normal 0 0 1
    outer loop
      vertex 59.1839 -2.71612 22.6
      vertex 60.4213 -1.47868 22.6
      vertex 60.1263 -1.21994 22.6
    endloop
  endfacet
  facet normal -0 0 1
    outer loop
      vertex 59.4548 -4.07835 22.6
      vertex 61.0716 -4.74805 22.6
      vertex 59.5074 -3.92352 22.6
    endloop
  endfacet
  facet normal 0 0 1
    outer loop
      vertex 59.061 -2.60831 22.6
      vertex 60.1263 -1.21994 22.6
      vertex 59.8 -1.00192 22.6
    endloop
  endfacet
  facet normal 0 0 1
    outer loop
      vertex 61.0716 -4.74805 22.6
      vertex 59.4548 -4.07835 22.6
      vertex 60.8981 -5.1 22.6
    endloop
  endfacet
  facet normal -0 0 1
    outer loop
      vertex 59.3825 -4.225 22.6
      vertex 60.8981 -5.1 22.6
      vertex 59.4548 -4.07835 22.6
    endloop
  endfacet
  facet normal 0 0 1
    outer loop
      vertex 61.2743 -3.20842 22.6
      vertex 59.5393 -3.43684 22.6
      vertex 59.55 -3.6 22.6
    endloop
  endfacet
  facet normal 0 0 1
    outer loop
      vertex 61.1978 -2.82354 22.6
      vertex 59.5074 -3.27648 22.6
      vertex 59.5393 -3.43684 22.6
    endloop
  endfacet
  facet normal 0 0 1
    outer loop
      vertex 61.0716 -2.45195 22.6
      vertex 59.4548 -3.12165 22.6
      vertex 59.5074 -3.27648 22.6
    endloop
  endfacet
  facet normal 0 0 1
    outer loop
      vertex 58.925 -2.51747 22.6
      vertex 59.8 -1.00192 22.6
      vertex 59.448 -0.828362 22.6
    endloop
  endfacet
  facet normal 0 0 1
    outer loop
      vertex 60.8981 -2.1 22.6
      vertex 59.3825 -2.975 22.6
      vertex 59.4548 -3.12165 22.6
    endloop
  endfacet
  facet normal 0 0 1
    outer loop
      vertex 60.6801 -1.77372 22.6
      vertex 59.2917 -2.83905 22.6
      vertex 59.3825 -2.975 22.6
    endloop
  endfacet
  facet normal 0 0 1
    outer loop
      vertex 60.4213 -1.47868 22.6
      vertex 59.1839 -2.71612 22.6
      vertex 59.2917 -2.83905 22.6
    endloop
  endfacet
  facet normal 0 0 1
    outer loop
      vertex 58.7784 -2.44515 22.6
      vertex 59.448 -0.828362 22.6
      vertex 59.0765 -0.702223 22.6
    endloop
  endfacet
  facet normal 0 0 1
    outer loop
      vertex 60.1263 -1.21994 22.6
      vertex 59.061 -2.60831 22.6
      vertex 59.1839 -2.71612 22.6
    endloop
  endfacet
  facet normal 0 0 1
    outer loop
      vertex 59.8 -1.00192 22.6
      vertex 58.925 -2.51747 22.6
      vertex 59.061 -2.60831 22.6
    endloop
  endfacet
  facet normal 0 0 1
    outer loop
      vertex 59.448 -0.828362 22.6
      vertex 58.7784 -2.44515 22.6
      vertex 58.925 -2.51747 22.6
    endloop
  endfacet
  facet normal 0 0 1
    outer loop
      vertex 58.6235 -2.39259 22.6
      vertex 59.0765 -0.702223 22.6
      vertex 58.6916 -0.625666 22.6
    endloop
  endfacet
  facet normal 0 0 1
    outer loop
      vertex 59.0765 -0.702223 22.6
      vertex 58.6235 -2.39259 22.6
      vertex 58.7784 -2.44515 22.6
    endloop
  endfacet
  facet normal 0 0 1
    outer loop
      vertex 58.6916 -0.625666 22.6
      vertex 58.4632 -2.36069 22.6
      vertex 58.6235 -2.39259 22.6
    endloop
  endfacet
  facet normal 0 0 1
    outer loop
      vertex 58.3 -0.6 22.6
      vertex 58.4632 -2.36069 22.6
      vertex 58.6916 -0.625666 22.6
    endloop
  endfacet
  facet normal 0 0 1
    outer loop
      vertex 58.3 -0.6 22.6
      vertex 58.3 -2.35 22.6
      vertex 58.4632 -2.36069 22.6
    endloop
  endfacet
  facet normal 0 0 1
    outer loop
      vertex 58.3 -0.6 22.6
      vertex 58.1368 -2.36069 22.6
      vertex 58.3 -2.35 22.6
    endloop
  endfacet
  facet normal -0 0 1
    outer loop
      vertex 57.9084 -0.625666 22.6
      vertex 58.1368 -2.36069 22.6
      vertex 58.3 -0.6 22.6
    endloop
  endfacet
  facet normal 0 0 1
    outer loop
      vertex 58.1368 -2.36069 22.6
      vertex 57.9084 -0.625666 22.6
      vertex 57.9765 -2.39259 22.6
    endloop
  endfacet
  facet normal -0 0 1
    outer loop
      vertex 57.5235 -0.702223 22.6
      vertex 57.9765 -2.39259 22.6
      vertex 57.9084 -0.625666 22.6
    endloop
  endfacet
  facet normal 0 0 1
    outer loop
      vertex 57.9765 -2.39259 22.6
      vertex 57.5235 -0.702223 22.6
      vertex 57.8216 -2.44515 22.6
    endloop
  endfacet
  facet normal -0 0 1
    outer loop
      vertex 57.152 -0.828362 22.6
      vertex 57.8216 -2.44515 22.6
      vertex 57.5235 -0.702223 22.6
    endloop
  endfacet
  facet normal 0 0 1
    outer loop
      vertex 57.8216 -2.44515 22.6
      vertex 57.152 -0.828362 22.6
      vertex 57.675 -2.51747 22.6
    endloop
  endfacet
  facet normal -0 0 1
    outer loop
      vertex 56.8 -1.00192 22.6
      vertex 57.675 -2.51747 22.6
      vertex 57.152 -0.828362 22.6
    endloop
  endfacet
  facet normal 0 0 1
    outer loop
      vertex 57.675 -2.51747 22.6
      vertex 56.8 -1.00192 22.6
      vertex 57.539 -2.60831 22.6
    endloop
  endfacet
  facet normal -0 0 1
    outer loop
      vertex 56.4737 -1.21994 22.6
      vertex 57.539 -2.60831 22.6
      vertex 56.8 -1.00192 22.6
    endloop
  endfacet
  facet normal 0 0 1
    outer loop
      vertex 57.539 -2.60831 22.6
      vertex 56.4737 -1.21994 22.6
      vertex 57.4161 -2.71612 22.6
    endloop
  endfacet
  facet normal -0 0 1
    outer loop
      vertex 56.1787 -1.47868 22.6
      vertex 57.4161 -2.71612 22.6
      vertex 56.4737 -1.21994 22.6
    endloop
  endfacet
  facet normal 0 0 1
    outer loop
      vertex 57.4161 -2.71612 22.6
      vertex 56.1787 -1.47868 22.6
      vertex 57.3083 -2.83905 22.6
    endloop
  endfacet
  facet normal -0 0 1
    outer loop
      vertex 55.9199 -1.77372 22.6
      vertex 57.3083 -2.83905 22.6
      vertex 56.1787 -1.47868 22.6
    endloop
  endfacet
  facet normal 0 0 1
    outer loop
      vertex 57.3083 -2.83905 22.6
      vertex 55.9199 -1.77372 22.6
      vertex 57.2175 -2.975 22.6
    endloop
  endfacet
  facet normal -0 0 1
    outer loop
      vertex 55.7019 -2.1 22.6
      vertex 57.2175 -2.975 22.6
      vertex 55.9199 -1.77372 22.6
    endloop
  endfacet
  facet normal 0 0 1
    outer loop
      vertex 60.8981 -5.1 22.6
      vertex 59.3825 -4.225 22.6
      vertex 60.6801 -5.42628 22.6
    endloop
  endfacet
  facet normal -0 0 1
    outer loop
      vertex 59.2917 -4.36095 22.6
      vertex 60.6801 -5.42628 22.6
      vertex 59.3825 -4.225 22.6
    endloop
  endfacet
  facet normal 0 0 1
    outer loop
      vertex 60.6801 -5.42628 22.6
      vertex 59.2917 -4.36095 22.6
      vertex 60.4213 -5.72132 22.6
    endloop
  endfacet
  facet normal -0 0 1
    outer loop
      vertex 59.1839 -4.48388 22.6
      vertex 60.4213 -5.72132 22.6
      vertex 59.2917 -4.36095 22.6
    endloop
  endfacet
  facet normal 0 0 1
    outer loop
      vertex 60.4213 -5.72132 22.6
      vertex 59.1839 -4.48388 22.6
      vertex 60.1263 -5.98006 22.6
    endloop
  endfacet
  facet normal -0 0 1
    outer loop
      vertex 59.061 -4.59169 22.6
      vertex 60.1263 -5.98006 22.6
      vertex 59.1839 -4.48388 22.6
    endloop
  endfacet
  facet normal 0 0 1
    outer loop
      vertex 60.1263 -5.98006 22.6
      vertex 59.061 -4.59169 22.6
      vertex 59.8 -6.19808 22.6
    endloop
  endfacet
  facet normal -0 0 1
    outer loop
      vertex 58.925 -4.68253 22.6
      vertex 59.8 -6.19808 22.6
      vertex 59.061 -4.59169 22.6
    endloop
  endfacet
  facet normal 0 0 1
    outer loop
      vertex 59.8 -6.19808 22.6
      vertex 58.925 -4.68253 22.6
      vertex 59.448 -6.37164 22.6
    endloop
  endfacet
  facet normal -0 0 1
    outer loop
      vertex 58.7784 -4.75485 22.6
      vertex 59.448 -6.37164 22.6
      vertex 58.925 -4.68253 22.6
    endloop
  endfacet
  facet normal 0 0 1
    outer loop
      vertex 59.448 -6.37164 22.6
      vertex 58.7784 -4.75485 22.6
      vertex 59.0765 -6.49778 22.6
    endloop
  endfacet
  facet normal -0 0 1
    outer loop
      vertex 58.6235 -4.80741 22.6
      vertex 59.0765 -6.49778 22.6
      vertex 58.7784 -4.75485 22.6
    endloop
  endfacet
  facet normal 0 0 1
    outer loop
      vertex 59.0765 -6.49778 22.6
      vertex 58.6235 -4.80741 22.6
      vertex 58.6916 -6.57433 22.6
    endloop
  endfacet
  facet normal -0 0 1
    outer loop
      vertex 58.4632 -4.83931 22.6
      vertex 58.6916 -6.57433 22.6
      vertex 58.6235 -4.80741 22.6
    endloop
  endfacet
  facet normal -0 0 1
    outer loop
      vertex 58.3 -4.85 22.6
      vertex 58.6916 -6.57433 22.6
      vertex 58.4632 -4.83931 22.6
    endloop
  endfacet
  facet normal 0 0 1
    outer loop
      vertex 58.3 -4.85 22.6
      vertex 58.3 -6.6 22.6
      vertex 58.6916 -6.57433 22.6
    endloop
  endfacet
  facet normal 0 0 1
    outer loop
      vertex 58.1368 -4.83931 22.6
      vertex 58.3 -6.6 22.6
      vertex 58.3 -4.85 22.6
    endloop
  endfacet
  facet normal 0 0 1
    outer loop
      vertex 57.9084 -6.57433 22.6
      vertex 58.1368 -4.83931 22.6
      vertex 57.9765 -4.80741 22.6
    endloop
  endfacet
  facet normal 0 0 1
    outer loop
      vertex 58.1368 -4.83931 22.6
      vertex 57.9084 -6.57433 22.6
      vertex 58.3 -6.6 22.6
    endloop
  endfacet
  facet normal 0 0 1
    outer loop
      vertex 57.5235 -6.49778 22.6
      vertex 57.9765 -4.80741 22.6
      vertex 57.8216 -4.75485 22.6
    endloop
  endfacet
  facet normal 0 0 1
    outer loop
      vertex 57.152 -6.37164 22.6
      vertex 57.8216 -4.75485 22.6
      vertex 57.675 -4.68253 22.6
    endloop
  endfacet
  facet normal 0 0 1
    outer loop
      vertex 56.8 -6.19808 22.6
      vertex 57.675 -4.68253 22.6
      vertex 57.539 -4.59169 22.6
    endloop
  endfacet
  facet normal 0 0 1
    outer loop
      vertex 57.9765 -4.80741 22.6
      vertex 57.5235 -6.49778 22.6
      vertex 57.9084 -6.57433 22.6
    endloop
  endfacet
  facet normal 0 0 1
    outer loop
      vertex 56.4737 -5.98006 22.6
      vertex 57.539 -4.59169 22.6
      vertex 57.4161 -4.48388 22.6
    endloop
  endfacet
  facet normal 0 0 1
    outer loop
      vertex 56.1787 -5.72132 22.6
      vertex 57.4161 -4.48388 22.6
      vertex 57.3083 -4.36095 22.6
    endloop
  endfacet
  facet normal 0 0 1
    outer loop
      vertex 55.9199 -5.42628 22.6
      vertex 57.3083 -4.36095 22.6
      vertex 57.2175 -4.225 22.6
    endloop
  endfacet
  facet normal 0 0 1
    outer loop
      vertex 57.8216 -4.75485 22.6
      vertex 57.152 -6.37164 22.6
      vertex 57.5235 -6.49778 22.6
    endloop
  endfacet
  facet normal 0 0 1
    outer loop
      vertex 55.7019 -5.1 22.6
      vertex 57.2175 -4.225 22.6
      vertex 57.1451 -4.07835 22.6
    endloop
  endfacet
  facet normal 0 0 1
    outer loop
      vertex 55.5284 -4.74805 22.6
      vertex 57.1451 -4.07835 22.6
      vertex 57.0926 -3.92352 22.6
    endloop
  endfacet
  facet normal 0 0 1
    outer loop
      vertex 55.4022 -4.37646 22.6
      vertex 57.0926 -3.92352 22.6
      vertex 57.0607 -3.76316 22.6
    endloop
  endfacet
  facet normal 0 0 1
    outer loop
      vertex 55.3257 -3.99158 22.6
      vertex 57.0607 -3.76316 22.6
      vertex 57.05 -3.6 22.6
    endloop
  endfacet
  facet normal 0 0 1
    outer loop
      vertex 57.2175 -2.975 22.6
      vertex 55.7019 -2.1 22.6
      vertex 57.1451 -3.12165 22.6
    endloop
  endfacet
  facet normal 0 0 1
    outer loop
      vertex 57.675 -4.68253 22.6
      vertex 56.8 -6.19808 22.6
      vertex 57.152 -6.37164 22.6
    endloop
  endfacet
  facet normal -0 0 1
    outer loop
      vertex 55.5284 -2.45195 22.6
      vertex 57.1451 -3.12165 22.6
      vertex 55.7019 -2.1 22.6
    endloop
  endfacet
  facet normal 0 0 1
    outer loop
      vertex 57.539 -4.59169 22.6
      vertex 56.4737 -5.98006 22.6
      vertex 56.8 -6.19808 22.6
    endloop
  endfacet
  facet normal 0 0 1
    outer loop
      vertex 57.1451 -3.12165 22.6
      vertex 55.5284 -2.45195 22.6
      vertex 57.0926 -3.27648 22.6
    endloop
  endfacet
  facet normal 0 0 1
    outer loop
      vertex 57.4161 -4.48388 22.6
      vertex 56.1787 -5.72132 22.6
      vertex 56.4737 -5.98006 22.6
    endloop
  endfacet
  facet normal -0 0 1
    outer loop
      vertex 55.4022 -2.82354 22.6
      vertex 57.0926 -3.27648 22.6
      vertex 55.5284 -2.45195 22.6
    endloop
  endfacet
  facet normal 0 0 1
    outer loop
      vertex 57.3083 -4.36095 22.6
      vertex 55.9199 -5.42628 22.6
      vertex 56.1787 -5.72132 22.6
    endloop
  endfacet
  facet normal 0 0 1
    outer loop
      vertex 57.0926 -3.27648 22.6
      vertex 55.4022 -2.82354 22.6
      vertex 57.0607 -3.43684 22.6
    endloop
  endfacet
  facet normal 0 0 1
    outer loop
      vertex 57.2175 -4.225 22.6
      vertex 55.7019 -5.1 22.6
      vertex 55.9199 -5.42628 22.6
    endloop
  endfacet
  facet normal -0 0 1
    outer loop
      vertex 55.3257 -3.20842 22.6
      vertex 57.0607 -3.43684 22.6
      vertex 55.4022 -2.82354 22.6
    endloop
  endfacet
  facet normal 0 0 1
    outer loop
      vertex 57.1451 -4.07835 22.6
      vertex 55.5284 -4.74805 22.6
      vertex 55.7019 -5.1 22.6
    endloop
  endfacet
  facet normal 0 0 1
    outer loop
      vertex 57.0607 -3.43684 22.6
      vertex 55.3257 -3.20842 22.6
      vertex 57.05 -3.6 22.6
    endloop
  endfacet
  facet normal 0 0 1
    outer loop
      vertex 57.0926 -3.92352 22.6
      vertex 55.4022 -4.37646 22.6
      vertex 55.5284 -4.74805 22.6
    endloop
  endfacet
  facet normal 0 0 1
    outer loop
      vertex 55.3 -3.6 22.6
      vertex 57.05 -3.6 22.6
      vertex 55.3257 -3.20842 22.6
    endloop
  endfacet
  facet normal 0 0 1
    outer loop
      vertex 57.0607 -3.76316 22.6
      vertex 55.3257 -3.99158 22.6
      vertex 55.4022 -4.37646 22.6
    endloop
  endfacet
  facet normal 0 0 1
    outer loop
      vertex 57.05 -3.6 22.6
      vertex 55.3 -3.6 22.6
      vertex 55.3257 -3.99158 22.6
    endloop
  endfacet
  facet normal -0.555558 0.831477 0
    outer loop
      vertex 56.8 -1.00192 6
      vertex 56.4737 -1.21994 22.6
      vertex 56.8 -1.00192 22.6
    endloop
  endfacet
  facet normal -0.555558 0.831477 0
    outer loop
      vertex 56.4737 -1.21994 22.6
      vertex 56.8 -1.00192 6
      vertex 56.4737 -1.21994 6
    endloop
  endfacet
  facet normal -0.065401 0.997859 0
    outer loop
      vertex 58.3 -0.6 6
      vertex 57.9084 -0.625666 22.6
      vertex 58.3 -0.6 22.6
    endloop
  endfacet
  facet normal -0.065401 0.997859 0
    outer loop
      vertex 57.9084 -0.625666 22.6
      vertex 58.3 -0.6 6
      vertex 57.9084 -0.625666 6
    endloop
  endfacet
  facet normal 0.997853 -0.0654906 0
    outer loop
      vertex 61.2743 -3.99158 22.6
      vertex 61.3 -3.6 2
      vertex 61.3 -3.6 22.6
    endloop
  endfacet
  facet normal 0.997853 -0.0654906 0
    outer loop
      vertex 61.3 -3.6 2
      vertex 61.2743 -3.99158 22.6
      vertex 61.2743 -3.99158 2
    endloop
  endfacet
  facet normal 0.0654112 -0.997858 0
    outer loop
      vertex 58.3 -6.6 2
      vertex 58.6916 -6.57433 22.6
      vertex 58.3 -6.6 22.6
    endloop
  endfacet
  facet normal 0.0654112 -0.997858 0
    outer loop
      vertex 58.6916 -6.57433 22.6
      vertex 58.3 -6.6 2
      vertex 58.6916 -6.57433 2
    endloop
  endfacet
  facet normal 0.321514 -0.946905 0
    outer loop
      vertex 59.0765 -6.49778 2
      vertex 59.448 -6.37164 22.6
      vertex 59.0765 -6.49778 22.6
    endloop
  endfacet
  facet normal 0.321514 -0.946905 0
    outer loop
      vertex 59.448 -6.37164 22.6
      vertex 59.0765 -6.49778 2
      vertex 59.448 -6.37164 2
    endloop
  endfacet
  facet normal 0.555558 -0.831477 0
    outer loop
      vertex 59.8 -6.19808 2
      vertex 60.1263 -5.98006 22.6
      vertex 59.8 -6.19808 22.6
    endloop
  endfacet
  facet normal 0.555558 -0.831477 0
    outer loop
      vertex 60.1263 -5.98006 22.6
      vertex 59.8 -6.19808 2
      vertex 60.1263 -5.98006 2
    endloop
  endfacet
  facet normal 0.751768 -0.659428 0
    outer loop
      vertex 60.4213 -5.72132 22.6
      vertex 60.6801 -5.42628 2
      vertex 60.6801 -5.42628 22.6
    endloop
  endfacet
  facet normal 0.751768 -0.659428 0
    outer loop
      vertex 60.6801 -5.42628 2
      vertex 60.4213 -5.72132 22.6
      vertex 60.4213 -5.72132 2
    endloop
  endfacet
  facet normal 0.896936 -0.44216 0
    outer loop
      vertex 60.8981 -5.1 22.6
      vertex 61.0716 -4.74805 2
      vertex 61.0716 -4.74805 22.6
    endloop
  endfacet
  facet normal 0.896936 -0.44216 0
    outer loop
      vertex 61.0716 -4.74805 2
      vertex 60.8981 -5.1 22.6
      vertex 60.8981 -5.1 2
    endloop
  endfacet
  facet normal -0.659392 -0.751799 0
    outer loop
      vertex 56.1787 -5.72132 2
      vertex 56.4737 -5.98006 22.6
      vertex 56.1787 -5.72132 22.6
    endloop
  endfacet
  facet normal -0.659392 -0.751799 -0
    outer loop
      vertex 56.4737 -5.98006 22.6
      vertex 56.1787 -5.72132 2
      vertex 56.4737 -5.98006 2
    endloop
  endfacet
  facet normal -0.442233 -0.8969 0
    outer loop
      vertex 56.8 -6.19808 2
      vertex 57.152 -6.37164 22.6
      vertex 56.8 -6.19808 22.6
    endloop
  endfacet
  facet normal -0.442233 -0.8969 -0
    outer loop
      vertex 57.152 -6.37164 22.6
      vertex 56.8 -6.19808 2
      vertex 57.152 -6.37164 2
    endloop
  endfacet
  facet normal -0.195062 -0.980791 0
    outer loop
      vertex 57.5235 -6.49778 2
      vertex 57.9084 -6.57433 22.6
      vertex 57.5235 -6.49778 22.6
    endloop
  endfacet
  facet normal -0.195062 -0.980791 -0
    outer loop
      vertex 57.9084 -6.57433 22.6
      vertex 57.5235 -6.49778 2
      vertex 57.9084 -6.57433 2
    endloop
  endfacet
  facet normal -0.831485 -0.555547 0
    outer loop
      vertex 55.9199 -5.42628 2
      vertex 55.7019 -5.1 22.6
      vertex 55.7019 -5.1 2
    endloop
  endfacet
  facet normal -0.831485 -0.555547 0
    outer loop
      vertex 55.7019 -5.1 22.6
      vertex 55.9199 -5.42628 2
      vertex 55.9199 -5.42628 22.6
    endloop
  endfacet
  facet normal -0.946882 -0.321582 0
    outer loop
      vertex 55.5284 -4.74805 6
      vertex 55.4022 -4.37646 22.6
      vertex 55.4022 -4.37646 6
    endloop
  endfacet
  facet normal -0.946882 -0.321582 0
    outer loop
      vertex 55.4022 -4.37646 22.6
      vertex 55.5284 -4.74805 6
      vertex 55.5284 -4.74805 22.6
    endloop
  endfacet
  facet normal -0.997853 -0.0654906 0
    outer loop
      vertex 55.3257 -3.99158 6
      vertex 55.3 -3.6 22.6
      vertex 55.3 -3.6 6
    endloop
  endfacet
  facet normal -0.997853 -0.0654906 0
    outer loop
      vertex 55.3 -3.6 22.6
      vertex 55.3257 -3.99158 6
      vertex 55.3257 -3.99158 22.6
    endloop
  endfacet
  facet normal 0.195062 -0.980791 0
    outer loop
      vertex 58.6916 -6.57433 2
      vertex 59.0765 -6.49778 22.6
      vertex 58.6916 -6.57433 22.6
    endloop
  endfacet
  facet normal 0.195062 -0.980791 0
    outer loop
      vertex 59.0765 -6.49778 22.6
      vertex 58.6916 -6.57433 2
      vertex 59.0765 -6.49778 2
    endloop
  endfacet
  facet normal 0.659392 -0.751799 0
    outer loop
      vertex 60.1263 -5.98006 2
      vertex 60.4213 -5.72132 22.6
      vertex 60.1263 -5.98006 22.6
    endloop
  endfacet
  facet normal 0.659392 -0.751799 0
    outer loop
      vertex 60.4213 -5.72132 22.6
      vertex 60.1263 -5.98006 2
      vertex 60.4213 -5.72132 2
    endloop
  endfacet
  facet normal 0.831485 -0.555547 0
    outer loop
      vertex 60.6801 -5.42628 22.6
      vertex 60.8981 -5.1 2
      vertex 60.8981 -5.1 22.6
    endloop
  endfacet
  facet normal 0.831485 -0.555547 0
    outer loop
      vertex 60.8981 -5.1 2
      vertex 60.6801 -5.42628 22.6
      vertex 60.6801 -5.42628 2
    endloop
  endfacet
  facet normal 0.980813 -0.19495 0
    outer loop
      vertex 61.1978 -4.37646 22.6
      vertex 61.2743 -3.99158 2
      vertex 61.2743 -3.99158 22.6
    endloop
  endfacet
  facet normal 0.980813 -0.19495 0
    outer loop
      vertex 61.2743 -3.99158 2
      vertex 61.1978 -4.37646 22.6
      vertex 61.1978 -4.37646 2
    endloop
  endfacet
  facet normal 0.946882 -0.321582 0
    outer loop
      vertex 61.0716 -4.74805 22.6
      vertex 61.1978 -4.37646 2
      vertex 61.1978 -4.37646 22.6
    endloop
  endfacet
  facet normal 0.946882 -0.321582 0
    outer loop
      vertex 61.1978 -4.37646 2
      vertex 61.0716 -4.74805 22.6
      vertex 61.0716 -4.74805 2
    endloop
  endfacet
  facet normal -0.555558 -0.831477 0
    outer loop
      vertex 56.4737 -5.98006 2
      vertex 56.8 -6.19808 22.6
      vertex 56.4737 -5.98006 22.6
    endloop
  endfacet
  facet normal -0.555558 -0.831477 -0
    outer loop
      vertex 56.8 -6.19808 22.6
      vertex 56.4737 -5.98006 2
      vertex 56.8 -6.19808 2
    endloop
  endfacet
  facet normal -0.0654112 -0.997858 0
    outer loop
      vertex 57.9084 -6.57433 2
      vertex 58.3 -6.6 22.6
      vertex 57.9084 -6.57433 22.6
    endloop
  endfacet
  facet normal -0.0654112 -0.997858 -0
    outer loop
      vertex 58.3 -6.6 22.6
      vertex 57.9084 -6.57433 2
      vertex 58.3 -6.6 2
    endloop
  endfacet
  facet normal -0.751768 -0.659428 0
    outer loop
      vertex 56.1787 -5.72132 2
      vertex 55.9199 -5.42628 22.6
      vertex 55.9199 -5.42628 2
    endloop
  endfacet
  facet normal -0.751768 -0.659428 0
    outer loop
      vertex 55.9199 -5.42628 22.6
      vertex 56.1787 -5.72132 2
      vertex 56.1787 -5.72132 22.6
    endloop
  endfacet
  facet normal -0.980813 -0.19495 0
    outer loop
      vertex 55.4022 -4.37646 6
      vertex 55.3257 -3.99158 22.6
      vertex 55.3257 -3.99158 6
    endloop
  endfacet
  facet normal -0.980813 -0.19495 0
    outer loop
      vertex 55.3257 -3.99158 22.6
      vertex 55.4022 -4.37646 6
      vertex 55.4022 -4.37646 22.6
    endloop
  endfacet
  facet normal -0.997857 -0.0654392 0
    outer loop
      vertex 59.55 -3.6 6
      vertex 59.5393 -3.43684 22.6
      vertex 59.5393 -3.43684 6
    endloop
  endfacet
  facet normal -0.997857 -0.0654392 0
    outer loop
      vertex 59.5393 -3.43684 22.6
      vertex 59.55 -3.6 6
      vertex 59.55 -3.6 22.6
    endloop
  endfacet
  facet normal 0.997857 -0.0654392 0
    outer loop
      vertex 57.05 -3.6 22.6
      vertex 57.0607 -3.43684 6
      vertex 57.0607 -3.43684 22.6
    endloop
  endfacet
  facet normal 0.997857 -0.0654392 0
    outer loop
      vertex 57.0607 -3.43684 6
      vertex 57.05 -3.6 22.6
      vertex 57.05 -3.6 6
    endloop
  endfacet
  facet normal -0.0653624 -0.997862 0
    outer loop
      vertex 58.3 -2.35 6
      vertex 58.4632 -2.36069 22.6
      vertex 58.3 -2.35 22.6
    endloop
  endfacet
  facet normal -0.0653624 -0.997862 -0
    outer loop
      vertex 58.4632 -2.36069 22.6
      vertex 58.3 -2.35 6
      vertex 58.4632 -2.36069 6
    endloop
  endfacet
  facet normal -0.75186 -0.659323 0
    outer loop
      vertex 59.2917 -2.83905 6
      vertex 59.1839 -2.71612 22.6
      vertex 59.1839 -2.71612 6
    endloop
  endfacet
  facet normal -0.75186 -0.659323 0
    outer loop
      vertex 59.1839 -2.71612 22.6
      vertex 59.2917 -2.83905 6
      vertex 59.2917 -2.83905 22.6
    endloop
  endfacet
  facet normal 0.659448 -0.75175 0
    outer loop
      vertex 57.4161 -2.71612 6
      vertex 57.539 -2.60831 22.6
      vertex 57.4161 -2.71612 22.6
    endloop
  endfacet
  facet normal 0.659448 -0.75175 0
    outer loop
      vertex 57.539 -2.60831 22.6
      vertex 57.4161 -2.71612 6
      vertex 57.539 -2.60831 6
    endloop
  endfacet
  facet normal 0.321322 -0.94697 0
    outer loop
      vertex 57.8216 -2.44515 6
      vertex 57.9765 -2.39259 22.6
      vertex 57.8216 -2.44515 22.6
    endloop
  endfacet
  facet normal 0.321322 -0.94697 0
    outer loop
      vertex 57.9765 -2.39259 22.6
      vertex 57.8216 -2.44515 6
      vertex 57.9765 -2.39259 6
    endloop
  endfacet
  facet normal 0.831579 0.555406 0
    outer loop
      vertex 57.3083 -4.36095 22.6
      vertex 57.2175 -4.225 6
      vertex 57.2175 -4.225 22.6
    endloop
  endfacet
  facet normal 0.831579 0.555406 0
    outer loop
      vertex 57.2175 -4.225 6
      vertex 57.3083 -4.36095 22.6
      vertex 57.3083 -4.36095 6
    endloop
  endfacet
  facet normal -0.946851 -0.321671 0
    outer loop
      vertex 59.5074 -3.27648 6
      vertex 59.4548 -3.12165 22.6
      vertex 59.4548 -3.12165 6
    endloop
  endfacet
  facet normal -0.946851 -0.321671 0
    outer loop
      vertex 59.4548 -3.12165 22.6
      vertex 59.5074 -3.27648 6
      vertex 59.5074 -3.27648 22.6
    endloop
  endfacet
  facet normal -0.980782 -0.195105 0
    outer loop
      vertex 59.5393 -3.43684 6
      vertex 59.5074 -3.27648 22.6
      vertex 59.5074 -3.27648 6
    endloop
  endfacet
  facet normal -0.980782 -0.195105 0
    outer loop
      vertex 59.5074 -3.27648 22.6
      vertex 59.5393 -3.43684 6
      vertex 59.5393 -3.43684 22.6
    endloop
  endfacet
  facet normal -0.896921 -0.442191 0
    outer loop
      vertex 59.4548 -3.12165 6
      vertex 59.3825 -2.975 22.6
      vertex 59.3825 -2.975 6
    endloop
  endfacet
  facet normal -0.896921 -0.442191 0
    outer loop
      vertex 59.3825 -2.975 22.6
      vertex 59.4548 -3.12165 6
      vertex 59.4548 -3.12165 22.6
    endloop
  endfacet
  facet normal -0.442411 -0.896812 0
    outer loop
      vertex 58.7784 -2.44515 6
      vertex 58.925 -2.51747 22.6
      vertex 58.7784 -2.44515 22.6
    endloop
  endfacet
  facet normal -0.442411 -0.896812 -0
    outer loop
      vertex 58.925 -2.51747 22.6
      vertex 58.7784 -2.44515 6
      vertex 58.925 -2.51747 6
    endloop
  endfacet
  facet normal -0.321322 -0.94697 0
    outer loop
      vertex 58.6235 -2.39259 6
      vertex 58.7784 -2.44515 22.6
      vertex 58.6235 -2.39259 22.6
    endloop
  endfacet
  facet normal -0.321322 -0.94697 -0
    outer loop
      vertex 58.7784 -2.44515 22.6
      vertex 58.6235 -2.39259 6
      vertex 58.7784 -2.44515 6
    endloop
  endfacet
  facet normal -0.659448 -0.75175 0
    outer loop
      vertex 59.061 -2.60831 6
      vertex 59.1839 -2.71612 22.6
      vertex 59.061 -2.60831 22.6
    endloop
  endfacet
  facet normal -0.659448 -0.75175 -0
    outer loop
      vertex 59.1839 -2.71612 22.6
      vertex 59.061 -2.60831 6
      vertex 59.1839 -2.71612 6
    endloop
  endfacet
  facet normal 0.896678 -0.442683 0
    outer loop
      vertex 57.1451 -3.12165 22.6
      vertex 57.2175 -2.975 6
      vertex 57.2175 -2.975 22.6
    endloop
  endfacet
  facet normal 0.896678 -0.442683 0
    outer loop
      vertex 57.2175 -2.975 6
      vertex 57.1451 -3.12165 22.6
      vertex 57.1451 -3.12165 6
    endloop
  endfacet
  facet normal 0.831579 -0.555406 0
    outer loop
      vertex 57.2175 -2.975 22.6
      vertex 57.3083 -2.83905 6
      vertex 57.3083 -2.83905 22.6
    endloop
  endfacet
  facet normal 0.831579 -0.555406 0
    outer loop
      vertex 57.3083 -2.83905 6
      vertex 57.2175 -2.975 22.6
      vertex 57.2175 -2.975 6
    endloop
  endfacet
  facet normal 0.947038 -0.321123 0
    outer loop
      vertex 57.0926 -3.27648 22.6
      vertex 57.1451 -3.12165 6
      vertex 57.1451 -3.12165 22.6
    endloop
  endfacet
  facet normal 0.947038 -0.321123 0
    outer loop
      vertex 57.1451 -3.12165 6
      vertex 57.0926 -3.27648 22.6
      vertex 57.0926 -3.27648 6
    endloop
  endfacet
  facet normal 0.442411 -0.896812 0
    outer loop
      vertex 57.675 -2.51747 6
      vertex 57.8216 -2.44515 22.6
      vertex 57.675 -2.51747 22.6
    endloop
  endfacet
  facet normal 0.442411 -0.896812 0
    outer loop
      vertex 57.8216 -2.44515 22.6
      vertex 57.675 -2.51747 6
      vertex 57.8216 -2.44515 6
    endloop
  endfacet
  facet normal 0.0653624 -0.997862 0
    outer loop
      vertex 58.1368 -2.36069 6
      vertex 58.3 -2.35 22.6
      vertex 58.1368 -2.36069 22.6
    endloop
  endfacet
  facet normal 0.0653624 -0.997862 0
    outer loop
      vertex 58.3 -2.35 22.6
      vertex 58.1368 -2.36069 6
      vertex 58.3 -2.35 6
    endloop
  endfacet
  facet normal -0.997857 0.0654392 0
    outer loop
      vertex 59.5393 -3.76316 6
      vertex 59.55 -3.6 22.6
      vertex 59.55 -3.6 6
    endloop
  endfacet
  facet normal -0.997857 0.0654392 0
    outer loop
      vertex 59.55 -3.6 22.6
      vertex 59.5393 -3.76316 6
      vertex 59.5393 -3.76316 22.6
    endloop
  endfacet
  facet normal -0.659448 0.75175 0
    outer loop
      vertex 59.1839 -4.48388 6
      vertex 59.061 -4.59169 22.6
      vertex 59.1839 -4.48388 22.6
    endloop
  endfacet
  facet normal -0.659448 0.75175 0
    outer loop
      vertex 59.061 -4.59169 22.6
      vertex 59.1839 -4.48388 6
      vertex 59.061 -4.59169 6
    endloop
  endfacet
  facet normal -0.442411 0.896812 0
    outer loop
      vertex 58.925 -4.68253 6
      vertex 58.7784 -4.75485 22.6
      vertex 58.925 -4.68253 22.6
    endloop
  endfacet
  facet normal -0.442411 0.896812 0
    outer loop
      vertex 58.7784 -4.75485 22.6
      vertex 58.925 -4.68253 6
      vertex 58.7784 -4.75485 6
    endloop
  endfacet
  facet normal -0.896921 0.442191 0
    outer loop
      vertex 59.3825 -4.225 6
      vertex 59.4548 -4.07835 22.6
      vertex 59.4548 -4.07835 6
    endloop
  endfacet
  facet normal -0.896921 0.442191 0
    outer loop
      vertex 59.4548 -4.07835 22.6
      vertex 59.3825 -4.225 6
      vertex 59.3825 -4.225 22.6
    endloop
  endfacet
  facet normal -0.980782 0.195105 0
    outer loop
      vertex 59.5074 -3.92352 6
      vertex 59.5393 -3.76316 22.6
      vertex 59.5393 -3.76316 6
    endloop
  endfacet
  facet normal -0.980782 0.195105 0
    outer loop
      vertex 59.5393 -3.76316 22.6
      vertex 59.5074 -3.92352 6
      vertex 59.5074 -3.92352 22.6
    endloop
  endfacet
  facet normal 0.321322 0.94697 -0
    outer loop
      vertex 57.9765 -4.80741 6
      vertex 57.8216 -4.75485 22.6
      vertex 57.9765 -4.80741 22.6
    endloop
  endfacet
  facet normal 0.321322 0.94697 0
    outer loop
      vertex 57.8216 -4.75485 22.6
      vertex 57.9765 -4.80741 6
      vertex 57.8216 -4.75485 6
    endloop
  endfacet
  facet normal 0.442411 0.896812 -0
    outer loop
      vertex 57.8216 -4.75485 6
      vertex 57.675 -4.68253 22.6
      vertex 57.8216 -4.75485 22.6
    endloop
  endfacet
  facet normal 0.442411 0.896812 0
    outer loop
      vertex 57.675 -4.68253 22.6
      vertex 57.8216 -4.75485 6
      vertex 57.675 -4.68253 6
    endloop
  endfacet
  facet normal 0.980782 0.195105 0
    outer loop
      vertex 57.0926 -3.92352 22.6
      vertex 57.0607 -3.76316 6
      vertex 57.0607 -3.76316 22.6
    endloop
  endfacet
  facet normal 0.980782 0.195105 0
    outer loop
      vertex 57.0607 -3.76316 6
      vertex 57.0926 -3.92352 22.6
      vertex 57.0926 -3.92352 6
    endloop
  endfacet
  facet normal 0.896678 0.442683 0
    outer loop
      vertex 57.2175 -4.225 22.6
      vertex 57.1451 -4.07835 6
      vertex 57.1451 -4.07835 22.6
    endloop
  endfacet
  facet normal 0.896678 0.442683 0
    outer loop
      vertex 57.1451 -4.07835 6
      vertex 57.2175 -4.225 22.6
      vertex 57.2175 -4.225 6
    endloop
  endfacet
  facet normal 0.947038 0.321123 0
    outer loop
      vertex 57.1451 -4.07835 22.6
      vertex 57.0926 -3.92352 6
      vertex 57.0926 -3.92352 22.6
    endloop
  endfacet
  facet normal 0.947038 0.321123 0
    outer loop
      vertex 57.0926 -3.92352 6
      vertex 57.1451 -4.07835 22.6
      vertex 57.1451 -4.07835 6
    endloop
  endfacet
  facet normal -0.555434 -0.831561 0
    outer loop
      vertex 58.925 -2.51747 6
      vertex 59.061 -2.60831 22.6
      vertex 58.925 -2.51747 22.6
    endloop
  endfacet
  facet normal -0.555434 -0.831561 -0
    outer loop
      vertex 59.061 -2.60831 22.6
      vertex 58.925 -2.51747 6
      vertex 59.061 -2.60831 6
    endloop
  endfacet
  facet normal 0.195175 -0.980768 0
    outer loop
      vertex 57.9765 -2.39259 6
      vertex 58.1368 -2.36069 22.6
      vertex 57.9765 -2.39259 22.6
    endloop
  endfacet
  facet normal 0.195175 -0.980768 0
    outer loop
      vertex 58.1368 -2.36069 22.6
      vertex 57.9765 -2.39259 6
      vertex 58.1368 -2.36069 6
    endloop
  endfacet
  facet normal -0.321322 0.94697 0
    outer loop
      vertex 58.7784 -4.75485 6
      vertex 58.6235 -4.80741 22.6
      vertex 58.7784 -4.75485 22.6
    endloop
  endfacet
  facet normal -0.321322 0.94697 0
    outer loop
      vertex 58.6235 -4.80741 22.6
      vertex 58.7784 -4.75485 6
      vertex 58.6235 -4.80741 6
    endloop
  endfacet
  facet normal -0.0653624 0.997862 0
    outer loop
      vertex 58.4632 -4.83931 6
      vertex 58.3 -4.85 22.6
      vertex 58.4632 -4.83931 22.6
    endloop
  endfacet
  facet normal -0.0653624 0.997862 0
    outer loop
      vertex 58.3 -4.85 22.6
      vertex 58.4632 -4.83931 6
      vertex 58.3 -4.85 6
    endloop
  endfacet
  facet normal -0.195175 0.980768 0
    outer loop
      vertex 58.6235 -4.80741 6
      vertex 58.4632 -4.83931 22.6
      vertex 58.6235 -4.80741 22.6
    endloop
  endfacet
  facet normal -0.195175 0.980768 0
    outer loop
      vertex 58.4632 -4.83931 22.6
      vertex 58.6235 -4.80741 6
      vertex 58.4632 -4.83931 6
    endloop
  endfacet
  facet normal -0.555434 0.831561 0
    outer loop
      vertex 59.061 -4.59169 6
      vertex 58.925 -4.68253 22.6
      vertex 59.061 -4.59169 22.6
    endloop
  endfacet
  facet normal -0.555434 0.831561 0
    outer loop
      vertex 58.925 -4.68253 22.6
      vertex 59.061 -4.59169 6
      vertex 58.925 -4.68253 6
    endloop
  endfacet
  facet normal -0.75186 0.659323 0
    outer loop
      vertex 59.1839 -4.48388 6
      vertex 59.2917 -4.36095 22.6
      vertex 59.2917 -4.36095 6
    endloop
  endfacet
  facet normal -0.75186 0.659323 0
    outer loop
      vertex 59.2917 -4.36095 22.6
      vertex 59.1839 -4.48388 6
      vertex 59.1839 -4.48388 22.6
    endloop
  endfacet
  facet normal -0.831579 0.555406 0
    outer loop
      vertex 59.2917 -4.36095 6
      vertex 59.3825 -4.225 22.6
      vertex 59.3825 -4.225 6
    endloop
  endfacet
  facet normal -0.831579 0.555406 0
    outer loop
      vertex 59.3825 -4.225 22.6
      vertex 59.2917 -4.36095 6
      vertex 59.2917 -4.36095 22.6
    endloop
  endfacet
  facet normal 0.195175 0.980768 -0
    outer loop
      vertex 58.1368 -4.83931 6
      vertex 57.9765 -4.80741 22.6
      vertex 58.1368 -4.83931 22.6
    endloop
  endfacet
  facet normal 0.195175 0.980768 0
    outer loop
      vertex 57.9765 -4.80741 22.6
      vertex 58.1368 -4.83931 6
      vertex 57.9765 -4.80741 6
    endloop
  endfacet
  facet normal 0.659448 0.75175 -0
    outer loop
      vertex 57.539 -4.59169 6
      vertex 57.4161 -4.48388 22.6
      vertex 57.539 -4.59169 22.6
    endloop
  endfacet
  facet normal 0.659448 0.75175 0
    outer loop
      vertex 57.4161 -4.48388 22.6
      vertex 57.539 -4.59169 6
      vertex 57.4161 -4.48388 6
    endloop
  endfacet
  facet normal 0.0653624 0.997862 -0
    outer loop
      vertex 58.3 -4.85 6
      vertex 58.1368 -4.83931 22.6
      vertex 58.3 -4.85 22.6
    endloop
  endfacet
  facet normal 0.0653624 0.997862 0
    outer loop
      vertex 58.1368 -4.83931 22.6
      vertex 58.3 -4.85 6
      vertex 58.1368 -4.83931 6
    endloop
  endfacet
  facet normal 0.555434 0.831561 -0
    outer loop
      vertex 57.675 -4.68253 6
      vertex 57.539 -4.59169 22.6
      vertex 57.675 -4.68253 22.6
    endloop
  endfacet
  facet normal 0.555434 0.831561 0
    outer loop
      vertex 57.539 -4.59169 22.6
      vertex 57.675 -4.68253 6
      vertex 57.539 -4.59169 6
    endloop
  endfacet
  facet normal 0.75186 0.659323 0
    outer loop
      vertex 57.4161 -4.48388 22.6
      vertex 57.3083 -4.36095 6
      vertex 57.3083 -4.36095 22.6
    endloop
  endfacet
  facet normal 0.75186 0.659323 0
    outer loop
      vertex 57.3083 -4.36095 6
      vertex 57.4161 -4.48388 22.6
      vertex 57.4161 -4.48388 6
    endloop
  endfacet
  facet normal 0.997857 0.0654392 0
    outer loop
      vertex 57.0607 -3.76316 22.6
      vertex 57.05 -3.6 6
      vertex 57.05 -3.6 22.6
    endloop
  endfacet
  facet normal 0.997857 0.0654392 0
    outer loop
      vertex 57.05 -3.6 6
      vertex 57.0607 -3.76316 22.6
      vertex 57.0607 -3.76316 6
    endloop
  endfacet
  facet normal -0.831579 -0.555406 0
    outer loop
      vertex 59.3825 -2.975 6
      vertex 59.2917 -2.83905 22.6
      vertex 59.2917 -2.83905 6
    endloop
  endfacet
  facet normal -0.831579 -0.555406 0
    outer loop
      vertex 59.2917 -2.83905 22.6
      vertex 59.3825 -2.975 6
      vertex 59.3825 -2.975 22.6
    endloop
  endfacet
  facet normal -0.195175 -0.980768 0
    outer loop
      vertex 58.4632 -2.36069 6
      vertex 58.6235 -2.39259 22.6
      vertex 58.4632 -2.36069 22.6
    endloop
  endfacet
  facet normal -0.195175 -0.980768 -0
    outer loop
      vertex 58.6235 -2.39259 22.6
      vertex 58.4632 -2.36069 6
      vertex 58.6235 -2.39259 6
    endloop
  endfacet
  facet normal 0.75186 -0.659323 0
    outer loop
      vertex 57.3083 -2.83905 22.6
      vertex 57.4161 -2.71612 6
      vertex 57.4161 -2.71612 22.6
    endloop
  endfacet
  facet normal 0.75186 -0.659323 0
    outer loop
      vertex 57.4161 -2.71612 6
      vertex 57.3083 -2.83905 22.6
      vertex 57.3083 -2.83905 6
    endloop
  endfacet
  facet normal 0.980782 -0.195105 0
    outer loop
      vertex 57.0607 -3.43684 22.6
      vertex 57.0926 -3.27648 6
      vertex 57.0926 -3.27648 22.6
    endloop
  endfacet
  facet normal 0.980782 -0.195105 0
    outer loop
      vertex 57.0926 -3.27648 6
      vertex 57.0607 -3.43684 22.6
      vertex 57.0607 -3.43684 6
    endloop
  endfacet
  facet normal 0.555434 -0.831561 0
    outer loop
      vertex 57.539 -2.60831 6
      vertex 57.675 -2.51747 22.6
      vertex 57.539 -2.60831 22.6
    endloop
  endfacet
  facet normal 0.555434 -0.831561 0
    outer loop
      vertex 57.675 -2.51747 22.6
      vertex 57.539 -2.60831 6
      vertex 57.675 -2.51747 6
    endloop
  endfacet
  facet normal -0.946851 0.321671 0
    outer loop
      vertex 59.4548 -4.07835 6
      vertex 59.5074 -3.92352 22.6
      vertex 59.5074 -3.92352 6
    endloop
  endfacet
  facet normal -0.946851 0.321671 0
    outer loop
      vertex 59.5074 -3.92352 22.6
      vertex 59.4548 -4.07835 6
      vertex 59.4548 -4.07835 22.6
    endloop
  endfacet
  facet normal 0.997859 0.065401 0
    outer loop
      vertex -0.4 35.4 22.6
      vertex -0.425666 35.7916 2
      vertex -0.425666 35.7916 22.6
    endloop
  endfacet
  facet normal 0.997859 0.065401 0
    outer loop
      vertex -0.425666 35.7916 2
      vertex -0.4 35.4 22.6
      vertex -0.4 35.4 2
    endloop
  endfacet
  facet normal -0.997858 0.0654112 0
    outer loop
      vertex -6.4 35.4 2
      vertex -6.37433 35.7916 22.6
      vertex -6.37433 35.7916 2
    endloop
  endfacet
  facet normal -0.997858 0.0654112 0
    outer loop
      vertex -6.37433 35.7916 22.6
      vertex -6.4 35.4 2
      vertex -6.4 35.4 22.6
    endloop
  endfacet
  facet normal 0.0654906 0.997853 -0
    outer loop
      vertex -3.00842 38.3743 2
      vertex -3.4 38.4 22.6
      vertex -3.00842 38.3743 22.6
    endloop
  endfacet
  facet normal 0.0654906 0.997853 0
    outer loop
      vertex -3.4 38.4 22.6
      vertex -3.00842 38.3743 2
      vertex -3.4 38.4 2
    endloop
  endfacet
  facet normal 0.751799 0.659392 0
    outer loop
      vertex -1.01994 37.2263 22.6
      vertex -1.27868 37.5213 2
      vertex -1.27868 37.5213 22.6
    endloop
  endfacet
  facet normal 0.751799 0.659392 0
    outer loop
      vertex -1.27868 37.5213 2
      vertex -1.01994 37.2263 22.6
      vertex -1.01994 37.2263 2
    endloop
  endfacet
  facet normal -0.659428 0.751768 0
    outer loop
      vertex -5.22628 37.7801 2
      vertex -5.52132 37.5213 22.6
      vertex -5.22628 37.7801 22.6
    endloop
  endfacet
  facet normal -0.659428 0.751768 0
    outer loop
      vertex -5.52132 37.5213 22.6
      vertex -5.22628 37.7801 2
      vertex -5.52132 37.5213 2
    endloop
  endfacet
  facet normal -0.321582 0.946882 0
    outer loop
      vertex -4.17646 38.2978 2
      vertex -4.54805 38.1716 22.6
      vertex -4.17646 38.2978 22.6
    endloop
  endfacet
  facet normal -0.321582 0.946882 0
    outer loop
      vertex -4.54805 38.1716 22.6
      vertex -4.17646 38.2978 2
      vertex -4.54805 38.1716 2
    endloop
  endfacet
  facet normal 0.896898 0.442237 0
    outer loop
      vertex -0.628362 36.548 22.6
      vertex -0.801924 36.9 2
      vertex -0.801924 36.9 22.6
    endloop
  endfacet
  facet normal 0.896898 0.442237 0
    outer loop
      vertex -0.801924 36.9 2
      vertex -0.628362 36.548 22.6
      vertex -0.628362 36.548 2
    endloop
  endfacet
  facet normal 0.980787 0.19508 0
    outer loop
      vertex -0.425666 35.7916 22.6
      vertex -0.502223 36.1765 2
      vertex -0.502223 36.1765 22.6
    endloop
  endfacet
  facet normal 0.980787 0.19508 0
    outer loop
      vertex -0.502223 36.1765 2
      vertex -0.425666 35.7916 22.6
      vertex -0.425666 35.7916 2
    endloop
  endfacet
  facet normal 0.831482 0.555551 0
    outer loop
      vertex -0.801924 36.9 22.6
      vertex -1.01994 37.2263 2
      vertex -1.01994 37.2263 22.6
    endloop
  endfacet
  facet normal 0.831482 0.555551 0
    outer loop
      vertex -1.01994 37.2263 2
      vertex -0.801924 36.9 22.6
      vertex -0.801924 36.9 2
    endloop
  endfacet
  facet normal 0.44216 0.896936 -0
    outer loop
      vertex -1.9 37.9981 2
      vertex -2.25195 38.1716 22.6
      vertex -1.9 37.9981 22.6
    endloop
  endfacet
  facet normal 0.44216 0.896936 0
    outer loop
      vertex -2.25195 38.1716 22.6
      vertex -1.9 37.9981 2
      vertex -2.25195 38.1716 2
    endloop
  endfacet
  facet normal 0.321582 0.946882 -0
    outer loop
      vertex -2.25195 38.1716 2
      vertex -2.62354 38.2978 22.6
      vertex -2.25195 38.1716 22.6
    endloop
  endfacet
  facet normal 0.321582 0.946882 0
    outer loop
      vertex -2.62354 38.2978 22.6
      vertex -2.25195 38.1716 2
      vertex -2.62354 38.2978 2
    endloop
  endfacet
  facet normal 0.555547 0.831485 -0
    outer loop
      vertex -1.57372 37.7801 2
      vertex -1.9 37.9981 22.6
      vertex -1.57372 37.7801 22.6
    endloop
  endfacet
  facet normal 0.555547 0.831485 0
    outer loop
      vertex -1.9 37.9981 22.6
      vertex -1.57372 37.7801 2
      vertex -1.9 37.9981 2
    endloop
  endfacet
  facet normal -0.8969 0.442233 0
    outer loop
      vertex -6.17164 36.548 2
      vertex -5.99808 36.9 22.6
      vertex -5.99808 36.9 2
    endloop
  endfacet
  facet normal -0.8969 0.442233 0
    outer loop
      vertex -5.99808 36.9 22.6
      vertex -6.17164 36.548 2
      vertex -6.17164 36.548 22.6
    endloop
  endfacet
  facet normal -0.946905 0.321514 0
    outer loop
      vertex -6.29778 36.1765 2
      vertex -6.17164 36.548 22.6
      vertex -6.17164 36.548 2
    endloop
  endfacet
  facet normal -0.946905 0.321514 0
    outer loop
      vertex -6.17164 36.548 22.6
      vertex -6.29778 36.1765 2
      vertex -6.29778 36.1765 22.6
    endloop
  endfacet
  facet normal -0.44216 0.896936 0
    outer loop
      vertex -4.54805 38.1716 2
      vertex -4.9 37.9981 22.6
      vertex -4.54805 38.1716 22.6
    endloop
  endfacet
  facet normal -0.44216 0.896936 0
    outer loop
      vertex -4.9 37.9981 22.6
      vertex -4.54805 38.1716 2
      vertex -4.9 37.9981 2
    endloop
  endfacet
  facet normal -0.19495 0.980813 0
    outer loop
      vertex -3.79158 38.3743 2
      vertex -4.17646 38.2978 22.6
      vertex -3.79158 38.3743 22.6
    endloop
  endfacet
  facet normal -0.19495 0.980813 0
    outer loop
      vertex -4.17646 38.2978 22.6
      vertex -3.79158 38.3743 2
      vertex -4.17646 38.2978 2
    endloop
  endfacet
  facet normal 0.44216 -0.896936 0
    outer loop
      vertex -2.25195 32.6284 2
      vertex -1.9 32.8019 22.6
      vertex -2.25195 32.6284 22.6
    endloop
  endfacet
  facet normal 0.44216 -0.896936 0
    outer loop
      vertex -1.9 32.8019 22.6
      vertex -2.25195 32.6284 2
      vertex -1.9 32.8019 2
    endloop
  endfacet
  facet normal -0.321582 -0.946882 0
    outer loop
      vertex -4.54805 32.6284 2
      vertex -4.17646 32.5022 22.6
      vertex -4.54805 32.6284 22.6
    endloop
  endfacet
  facet normal -0.321582 -0.946882 -0
    outer loop
      vertex -4.17646 32.5022 22.6
      vertex -4.54805 32.6284 2
      vertex -4.17646 32.5022 2
    endloop
  endfacet
  facet normal -0.89685 -0.442334 0
    outer loop
      vertex -5.99808 33.9 2
      vertex -6.17164 34.2519 22.6
      vertex -6.17164 34.2519 2
    endloop
  endfacet
  facet normal -0.89685 -0.442334 0
    outer loop
      vertex -6.17164 34.2519 22.6
      vertex -5.99808 33.9 2
      vertex -5.99808 33.9 22.6
    endloop
  endfacet
  facet normal 0.946905 0.321512 0
    outer loop
      vertex -0.502223 36.1765 22.6
      vertex -0.628362 36.548 2
      vertex -0.628362 36.548 22.6
    endloop
  endfacet
  facet normal 0.946905 0.321512 0
    outer loop
      vertex -0.628362 36.548 2
      vertex -0.502223 36.1765 22.6
      vertex -0.502223 36.1765 2
    endloop
  endfacet
  facet normal 0.19495 0.980813 -0
    outer loop
      vertex -2.62354 38.2978 2
      vertex -3.00842 38.3743 22.6
      vertex -2.62354 38.2978 22.6
    endloop
  endfacet
  facet normal 0.19495 0.980813 0
    outer loop
      vertex -3.00842 38.3743 22.6
      vertex -2.62354 38.2978 2
      vertex -3.00842 38.3743 2
    endloop
  endfacet
  facet normal 0.659428 0.751768 -0
    outer loop
      vertex -1.27868 37.5213 2
      vertex -1.57372 37.7801 22.6
      vertex -1.27868 37.5213 22.6
    endloop
  endfacet
  facet normal 0.659428 0.751768 0
    outer loop
      vertex -1.57372 37.7801 22.6
      vertex -1.27868 37.5213 2
      vertex -1.57372 37.7801 2
    endloop
  endfacet
  facet normal -0.831477 0.555558 0
    outer loop
      vertex -5.99808 36.9 2
      vertex -5.78006 37.2263 22.6
      vertex -5.78006 37.2263 2
    endloop
  endfacet
  facet normal -0.831477 0.555558 0
    outer loop
      vertex -5.78006 37.2263 22.6
      vertex -5.99808 36.9 2
      vertex -5.99808 36.9 22.6
    endloop
  endfacet
  facet normal -0.751799 0.659392 0
    outer loop
      vertex -5.78006 37.2263 2
      vertex -5.52132 37.5213 22.6
      vertex -5.52132 37.5213 2
    endloop
  endfacet
  facet normal -0.751799 0.659392 0
    outer loop
      vertex -5.52132 37.5213 22.6
      vertex -5.78006 37.2263 2
      vertex -5.78006 37.2263 22.6
    endloop
  endfacet
  facet normal -0.980791 0.195062 0
    outer loop
      vertex -6.37433 35.7916 2
      vertex -6.29778 36.1765 22.6
      vertex -6.29778 36.1765 2
    endloop
  endfacet
  facet normal -0.980791 0.195062 0
    outer loop
      vertex -6.29778 36.1765 22.6
      vertex -6.37433 35.7916 2
      vertex -6.37433 35.7916 22.6
    endloop
  endfacet
  facet normal 0 0 1
    outer loop
      vertex -2.15 35.4 22.6
      vertex -0.4 35.4 22.6
      vertex -0.425666 35.7916 22.6
    endloop
  endfacet
  facet normal 0 0 1
    outer loop
      vertex -2.16069 35.5632 22.6
      vertex -0.425666 35.7916 22.6
      vertex -0.502223 36.1765 22.6
    endloop
  endfacet
  facet normal 0 0 1
    outer loop
      vertex -0.4 35.4 22.6
      vertex -2.15 35.4 22.6
      vertex -0.425666 35.0084 22.6
    endloop
  endfacet
  facet normal 0 0 1
    outer loop
      vertex -2.19259 35.7235 22.6
      vertex -0.502223 36.1765 22.6
      vertex -0.628362 36.548 22.6
    endloop
  endfacet
  facet normal -0 0 1
    outer loop
      vertex -2.16069 35.2368 22.6
      vertex -0.425666 35.0084 22.6
      vertex -2.15 35.4 22.6
    endloop
  endfacet
  facet normal 0 0 1
    outer loop
      vertex -2.24515 35.8784 22.6
      vertex -0.628362 36.548 22.6
      vertex -0.801924 36.9 22.6
    endloop
  endfacet
  facet normal 0 0 1
    outer loop
      vertex -0.425666 35.0084 22.6
      vertex -2.16069 35.2368 22.6
      vertex -0.502223 34.6235 22.6
    endloop
  endfacet
  facet normal 0 0 1
    outer loop
      vertex -2.31747 36.025 22.6
      vertex -0.801924 36.9 22.6
      vertex -1.01994 37.2263 22.6
    endloop
  endfacet
  facet normal -0 0 1
    outer loop
      vertex -2.19259 35.0765 22.6
      vertex -0.502223 34.6235 22.6
      vertex -2.16069 35.2368 22.6
    endloop
  endfacet
  facet normal 0 0 1
    outer loop
      vertex -2.40831 36.1609 22.6
      vertex -1.01994 37.2263 22.6
      vertex -1.27868 37.5213 22.6
    endloop
  endfacet
  facet normal 0 0 1
    outer loop
      vertex -0.502223 34.6235 22.6
      vertex -2.19259 35.0765 22.6
      vertex -0.628362 34.2519 22.6
    endloop
  endfacet
  facet normal 0 0 1
    outer loop
      vertex -2.51612 36.2839 22.6
      vertex -1.27868 37.5213 22.6
      vertex -1.57372 37.7801 22.6
    endloop
  endfacet
  facet normal -0 0 1
    outer loop
      vertex -2.24515 34.9216 22.6
      vertex -0.628362 34.2519 22.6
      vertex -2.19259 35.0765 22.6
    endloop
  endfacet
  facet normal 0 0 1
    outer loop
      vertex -2.63905 36.3917 22.6
      vertex -1.57372 37.7801 22.6
      vertex -1.9 37.9981 22.6
    endloop
  endfacet
  facet normal 0 0 1
    outer loop
      vertex -0.628362 34.2519 22.6
      vertex -2.24515 34.9216 22.6
      vertex -0.801924 33.9 22.6
    endloop
  endfacet
  facet normal -0 0 1
    outer loop
      vertex -2.31747 34.775 22.6
      vertex -0.801924 33.9 22.6
      vertex -2.24515 34.9216 22.6
    endloop
  endfacet
  facet normal 0 0 1
    outer loop
      vertex -0.425666 35.7916 22.6
      vertex -2.16069 35.5632 22.6
      vertex -2.15 35.4 22.6
    endloop
  endfacet
  facet normal 0 0 1
    outer loop
      vertex -0.502223 36.1765 22.6
      vertex -2.19259 35.7235 22.6
      vertex -2.16069 35.5632 22.6
    endloop
  endfacet
  facet normal 0 0 1
    outer loop
      vertex -0.628362 36.548 22.6
      vertex -2.24515 35.8784 22.6
      vertex -2.19259 35.7235 22.6
    endloop
  endfacet
  facet normal 0 0 1
    outer loop
      vertex -2.775 36.4825 22.6
      vertex -1.9 37.9981 22.6
      vertex -2.25195 38.1716 22.6
    endloop
  endfacet
  facet normal 0 0 1
    outer loop
      vertex -0.801924 36.9 22.6
      vertex -2.31747 36.025 22.6
      vertex -2.24515 35.8784 22.6
    endloop
  endfacet
  facet normal 0 0 1
    outer loop
      vertex -1.01994 37.2263 22.6
      vertex -2.40831 36.1609 22.6
      vertex -2.31747 36.025 22.6
    endloop
  endfacet
  facet normal 0 0 1
    outer loop
      vertex -1.27868 37.5213 22.6
      vertex -2.51612 36.2839 22.6
      vertex -2.40831 36.1609 22.6
    endloop
  endfacet
  facet normal 0 0 1
    outer loop
      vertex -2.92165 36.5548 22.6
      vertex -2.25195 38.1716 22.6
      vertex -2.62354 38.2978 22.6
    endloop
  endfacet
  facet normal 0 0 1
    outer loop
      vertex -1.57372 37.7801 22.6
      vertex -2.63905 36.3917 22.6
      vertex -2.51612 36.2839 22.6
    endloop
  endfacet
  facet normal 0 0 1
    outer loop
      vertex -1.9 37.9981 22.6
      vertex -2.775 36.4825 22.6
      vertex -2.63905 36.3917 22.6
    endloop
  endfacet
  facet normal 0 0 1
    outer loop
      vertex -2.25195 38.1716 22.6
      vertex -2.92165 36.5548 22.6
      vertex -2.775 36.4825 22.6
    endloop
  endfacet
  facet normal 0 0 1
    outer loop
      vertex -3.07648 36.6074 22.6
      vertex -2.62354 38.2978 22.6
      vertex -3.00842 38.3743 22.6
    endloop
  endfacet
  facet normal 0 0 1
    outer loop
      vertex -2.62354 38.2978 22.6
      vertex -3.07648 36.6074 22.6
      vertex -2.92165 36.5548 22.6
    endloop
  endfacet
  facet normal 0 0 1
    outer loop
      vertex -3.00842 38.3743 22.6
      vertex -3.23684 36.6393 22.6
      vertex -3.07648 36.6074 22.6
    endloop
  endfacet
  facet normal 0 0 1
    outer loop
      vertex -3.4 38.4 22.6
      vertex -3.23684 36.6393 22.6
      vertex -3.00842 38.3743 22.6
    endloop
  endfacet
  facet normal 0 0 1
    outer loop
      vertex -3.4 38.4 22.6
      vertex -3.4 36.65 22.6
      vertex -3.23684 36.6393 22.6
    endloop
  endfacet
  facet normal 0 0 1
    outer loop
      vertex -3.4 38.4 22.6
      vertex -3.56316 36.6393 22.6
      vertex -3.4 36.65 22.6
    endloop
  endfacet
  facet normal -0 0 1
    outer loop
      vertex -3.79158 38.3743 22.6
      vertex -3.56316 36.6393 22.6
      vertex -3.4 38.4 22.6
    endloop
  endfacet
  facet normal 0 0 1
    outer loop
      vertex -3.56316 36.6393 22.6
      vertex -3.79158 38.3743 22.6
      vertex -3.72352 36.6074 22.6
    endloop
  endfacet
  facet normal -0 0 1
    outer loop
      vertex -4.17646 38.2978 22.6
      vertex -3.72352 36.6074 22.6
      vertex -3.79158 38.3743 22.6
    endloop
  endfacet
  facet normal 0 0 1
    outer loop
      vertex -3.72352 36.6074 22.6
      vertex -4.17646 38.2978 22.6
      vertex -3.87835 36.5548 22.6
    endloop
  endfacet
  facet normal -0 0 1
    outer loop
      vertex -4.54805 38.1716 22.6
      vertex -3.87835 36.5548 22.6
      vertex -4.17646 38.2978 22.6
    endloop
  endfacet
  facet normal 0 0 1
    outer loop
      vertex -3.87835 36.5548 22.6
      vertex -4.54805 38.1716 22.6
      vertex -4.025 36.4825 22.6
    endloop
  endfacet
  facet normal -0 0 1
    outer loop
      vertex -4.9 37.9981 22.6
      vertex -4.025 36.4825 22.6
      vertex -4.54805 38.1716 22.6
    endloop
  endfacet
  facet normal 0 0 1
    outer loop
      vertex -4.025 36.4825 22.6
      vertex -4.9 37.9981 22.6
      vertex -4.16095 36.3917 22.6
    endloop
  endfacet
  facet normal -0 0 1
    outer loop
      vertex -5.22628 37.7801 22.6
      vertex -4.16095 36.3917 22.6
      vertex -4.9 37.9981 22.6
    endloop
  endfacet
  facet normal 0 0 1
    outer loop
      vertex -4.16095 36.3917 22.6
      vertex -5.22628 37.7801 22.6
      vertex -4.28388 36.2839 22.6
    endloop
  endfacet
  facet normal -0 0 1
    outer loop
      vertex -5.52132 37.5213 22.6
      vertex -4.28388 36.2839 22.6
      vertex -5.22628 37.7801 22.6
    endloop
  endfacet
  facet normal 0 0 1
    outer loop
      vertex -4.28388 36.2839 22.6
      vertex -5.52132 37.5213 22.6
      vertex -4.39169 36.1609 22.6
    endloop
  endfacet
  facet normal -0 0 1
    outer loop
      vertex -5.78006 37.2263 22.6
      vertex -4.39169 36.1609 22.6
      vertex -5.52132 37.5213 22.6
    endloop
  endfacet
  facet normal 0 0 1
    outer loop
      vertex -4.39169 36.1609 22.6
      vertex -5.78006 37.2263 22.6
      vertex -4.48253 36.025 22.6
    endloop
  endfacet
  facet normal -0 0 1
    outer loop
      vertex -5.99808 36.9 22.6
      vertex -4.48253 36.025 22.6
      vertex -5.78006 37.2263 22.6
    endloop
  endfacet
  facet normal 0 0 1
    outer loop
      vertex -0.801924 33.9 22.6
      vertex -2.31747 34.775 22.6
      vertex -1.01994 33.5737 22.6
    endloop
  endfacet
  facet normal -0 0 1
    outer loop
      vertex -2.40831 34.639 22.6
      vertex -1.01994 33.5737 22.6
      vertex -2.31747 34.775 22.6
    endloop
  endfacet
  facet normal 0 0 1
    outer loop
      vertex -1.01994 33.5737 22.6
      vertex -2.40831 34.639 22.6
      vertex -1.27868 33.2787 22.6
    endloop
  endfacet
  facet normal -0 0 1
    outer loop
      vertex -2.51612 34.5161 22.6
      vertex -1.27868 33.2787 22.6
      vertex -2.40831 34.639 22.6
    endloop
  endfacet
  facet normal 0 0 1
    outer loop
      vertex -1.27868 33.2787 22.6
      vertex -2.51612 34.5161 22.6
      vertex -1.57372 33.0199 22.6
    endloop
  endfacet
  facet normal -0 0 1
    outer loop
      vertex -2.63905 34.4083 22.6
      vertex -1.57372 33.0199 22.6
      vertex -2.51612 34.5161 22.6
    endloop
  endfacet
  facet normal 0 0 1
    outer loop
      vertex -1.57372 33.0199 22.6
      vertex -2.63905 34.4083 22.6
      vertex -1.9 32.8019 22.6
    endloop
  endfacet
  facet normal -0 0 1
    outer loop
      vertex -2.775 34.3175 22.6
      vertex -1.9 32.8019 22.6
      vertex -2.63905 34.4083 22.6
    endloop
  endfacet
  facet normal 0 0 1
    outer loop
      vertex -1.9 32.8019 22.6
      vertex -2.775 34.3175 22.6
      vertex -2.25195 32.6284 22.6
    endloop
  endfacet
  facet normal -0 0 1
    outer loop
      vertex -2.92165 34.2452 22.6
      vertex -2.25195 32.6284 22.6
      vertex -2.775 34.3175 22.6
    endloop
  endfacet
  facet normal 0 0 1
    outer loop
      vertex -2.25195 32.6284 22.6
      vertex -2.92165 34.2452 22.6
      vertex -2.62354 32.5022 22.6
    endloop
  endfacet
  facet normal -0 0 1
    outer loop
      vertex -3.07648 34.1926 22.6
      vertex -2.62354 32.5022 22.6
      vertex -2.92165 34.2452 22.6
    endloop
  endfacet
  facet normal 0 0 1
    outer loop
      vertex -2.62354 32.5022 22.6
      vertex -3.07648 34.1926 22.6
      vertex -3.00842 32.4257 22.6
    endloop
  endfacet
  facet normal -0 0 1
    outer loop
      vertex -3.23684 34.1607 22.6
      vertex -3.00842 32.4257 22.6
      vertex -3.07648 34.1926 22.6
    endloop
  endfacet
  facet normal -0 0 1
    outer loop
      vertex -3.4 34.15 22.6
      vertex -3.00842 32.4257 22.6
      vertex -3.23684 34.1607 22.6
    endloop
  endfacet
  facet normal 0 0 1
    outer loop
      vertex -3.4 34.15 22.6
      vertex -3.4 32.4 22.6
      vertex -3.00842 32.4257 22.6
    endloop
  endfacet
  facet normal 0 0 1
    outer loop
      vertex -3.56316 34.1607 22.6
      vertex -3.4 32.4 22.6
      vertex -3.4 34.15 22.6
    endloop
  endfacet
  facet normal 0 0 1
    outer loop
      vertex -3.79158 32.4257 22.6
      vertex -3.56316 34.1607 22.6
      vertex -3.72352 34.1926 22.6
    endloop
  endfacet
  facet normal 0 0 1
    outer loop
      vertex -3.56316 34.1607 22.6
      vertex -3.79158 32.4257 22.6
      vertex -3.4 32.4 22.6
    endloop
  endfacet
  facet normal 0 0 1
    outer loop
      vertex -4.17646 32.5022 22.6
      vertex -3.72352 34.1926 22.6
      vertex -3.87835 34.2452 22.6
    endloop
  endfacet
  facet normal 0 0 1
    outer loop
      vertex -4.54805 32.6284 22.6
      vertex -3.87835 34.2452 22.6
      vertex -4.025 34.3175 22.6
    endloop
  endfacet
  facet normal 0 0 1
    outer loop
      vertex -4.9 32.8019 22.6
      vertex -4.025 34.3175 22.6
      vertex -4.16095 34.4083 22.6
    endloop
  endfacet
  facet normal 0 0 1
    outer loop
      vertex -3.72352 34.1926 22.6
      vertex -4.17646 32.5022 22.6
      vertex -3.79158 32.4257 22.6
    endloop
  endfacet
  facet normal 0 0 1
    outer loop
      vertex -5.22628 33.0199 22.6
      vertex -4.16095 34.4083 22.6
      vertex -4.28388 34.5161 22.6
    endloop
  endfacet
  facet normal 0 0 1
    outer loop
      vertex -5.52132 33.2787 22.6
      vertex -4.28388 34.5161 22.6
      vertex -4.39169 34.639 22.6
    endloop
  endfacet
  facet normal 0 0 1
    outer loop
      vertex -5.78006 33.5737 22.6
      vertex -4.39169 34.639 22.6
      vertex -4.48253 34.775 22.6
    endloop
  endfacet
  facet normal 0 0 1
    outer loop
      vertex -3.87835 34.2452 22.6
      vertex -4.54805 32.6284 22.6
      vertex -4.17646 32.5022 22.6
    endloop
  endfacet
  facet normal 0 0 1
    outer loop
      vertex -5.99808 33.9 22.6
      vertex -4.48253 34.775 22.6
      vertex -4.55485 34.9216 22.6
    endloop
  endfacet
  facet normal 0 0 1
    outer loop
      vertex -6.17164 34.2519 22.6
      vertex -4.55485 34.9216 22.6
      vertex -4.60741 35.0765 22.6
    endloop
  endfacet
  facet normal 0 0 1
    outer loop
      vertex -6.29778 34.6235 22.6
      vertex -4.60741 35.0765 22.6
      vertex -4.63931 35.2368 22.6
    endloop
  endfacet
  facet normal 0 0 1
    outer loop
      vertex -6.37433 35.0084 22.6
      vertex -4.63931 35.2368 22.6
      vertex -4.65 35.4 22.6
    endloop
  endfacet
  facet normal 0 0 1
    outer loop
      vertex -4.48253 36.025 22.6
      vertex -5.99808 36.9 22.6
      vertex -4.55485 35.8784 22.6
    endloop
  endfacet
  facet normal 0 0 1
    outer loop
      vertex -4.025 34.3175 22.6
      vertex -4.9 32.8019 22.6
      vertex -4.54805 32.6284 22.6
    endloop
  endfacet
  facet normal -0 0 1
    outer loop
      vertex -6.17164 36.548 22.6
      vertex -4.55485 35.8784 22.6
      vertex -5.99808 36.9 22.6
    endloop
  endfacet
  facet normal 0 0 1
    outer loop
      vertex -4.16095 34.4083 22.6
      vertex -5.22628 33.0199 22.6
      vertex -4.9 32.8019 22.6
    endloop
  endfacet
  facet normal 0 0 1
    outer loop
      vertex -4.55485 35.8784 22.6
      vertex -6.17164 36.548 22.6
      vertex -4.60741 35.7235 22.6
    endloop
  endfacet
  facet normal 0 0 1
    outer loop
      vertex -4.28388 34.5161 22.6
      vertex -5.52132 33.2787 22.6
      vertex -5.22628 33.0199 22.6
    endloop
  endfacet
  facet normal -0 0 1
    outer loop
      vertex -6.29778 36.1765 22.6
      vertex -4.60741 35.7235 22.6
      vertex -6.17164 36.548 22.6
    endloop
  endfacet
  facet normal 0 0 1
    outer loop
      vertex -4.39169 34.639 22.6
      vertex -5.78006 33.5737 22.6
      vertex -5.52132 33.2787 22.6
    endloop
  endfacet
  facet normal 0 0 1
    outer loop
      vertex -4.60741 35.7235 22.6
      vertex -6.29778 36.1765 22.6
      vertex -4.63931 35.5632 22.6
    endloop
  endfacet
  facet normal 0 0 1
    outer loop
      vertex -4.48253 34.775 22.6
      vertex -5.99808 33.9 22.6
      vertex -5.78006 33.5737 22.6
    endloop
  endfacet
  facet normal -0 0 1
    outer loop
      vertex -6.37433 35.7916 22.6
      vertex -4.63931 35.5632 22.6
      vertex -6.29778 36.1765 22.6
    endloop
  endfacet
  facet normal 0 0 1
    outer loop
      vertex -4.55485 34.9216 22.6
      vertex -6.17164 34.2519 22.6
      vertex -5.99808 33.9 22.6
    endloop
  endfacet
  facet normal 0 0 1
    outer loop
      vertex -4.63931 35.5632 22.6
      vertex -6.37433 35.7916 22.6
      vertex -4.65 35.4 22.6
    endloop
  endfacet
  facet normal 0 0 1
    outer loop
      vertex -4.60741 35.0765 22.6
      vertex -6.29778 34.6235 22.6
      vertex -6.17164 34.2519 22.6
    endloop
  endfacet
  facet normal 0 0 1
    outer loop
      vertex -6.4 35.4 22.6
      vertex -4.65 35.4 22.6
      vertex -6.37433 35.7916 22.6
    endloop
  endfacet
  facet normal 0 0 1
    outer loop
      vertex -4.63931 35.2368 22.6
      vertex -6.37433 35.0084 22.6
      vertex -6.29778 34.6235 22.6
    endloop
  endfacet
  facet normal 0 0 1
    outer loop
      vertex -4.65 35.4 22.6
      vertex -6.4 35.4 22.6
      vertex -6.37433 35.0084 22.6
    endloop
  endfacet
  facet normal -0.555547 0.831485 0
    outer loop
      vertex -4.9 37.9981 2
      vertex -5.22628 37.7801 22.6
      vertex -4.9 37.9981 22.6
    endloop
  endfacet
  facet normal -0.555547 0.831485 0
    outer loop
      vertex -5.22628 37.7801 22.6
      vertex -4.9 37.9981 2
      vertex -5.22628 37.7801 2
    endloop
  endfacet
  facet normal -0.0654906 0.997853 0
    outer loop
      vertex -3.4 38.4 2
      vertex -3.79158 38.3743 22.6
      vertex -3.4 38.4 22.6
    endloop
  endfacet
  facet normal -0.0654906 0.997853 0
    outer loop
      vertex -3.79158 38.3743 22.6
      vertex -3.4 38.4 2
      vertex -3.79158 38.3743 2
    endloop
  endfacet
  facet normal 0.997859 -0.065401 0
    outer loop
      vertex -0.425666 35.0084 22.6
      vertex -0.4 35.4 2
      vertex -0.4 35.4 22.6
    endloop
  endfacet
  facet normal 0.997859 -0.065401 0
    outer loop
      vertex -0.4 35.4 2
      vertex -0.425666 35.0084 22.6
      vertex -0.425666 35.0084 2
    endloop
  endfacet
  facet normal 0.0654906 -0.997853 0
    outer loop
      vertex -3.4 32.4 2
      vertex -3.00842 32.4257 22.6
      vertex -3.4 32.4 22.6
    endloop
  endfacet
  facet normal 0.0654906 -0.997853 0
    outer loop
      vertex -3.00842 32.4257 22.6
      vertex -3.4 32.4 2
      vertex -3.00842 32.4257 2
    endloop
  endfacet
  facet normal 0.321582 -0.946882 0
    outer loop
      vertex -2.62354 32.5022 2
      vertex -2.25195 32.6284 22.6
      vertex -2.62354 32.5022 22.6
    endloop
  endfacet
  facet normal 0.321582 -0.946882 0
    outer loop
      vertex -2.25195 32.6284 22.6
      vertex -2.62354 32.5022 2
      vertex -2.25195 32.6284 2
    endloop
  endfacet
  facet normal 0.555547 -0.831485 0
    outer loop
      vertex -1.9 32.8019 2
      vertex -1.57372 33.0199 22.6
      vertex -1.9 32.8019 22.6
    endloop
  endfacet
  facet normal 0.555547 -0.831485 0
    outer loop
      vertex -1.57372 33.0199 22.6
      vertex -1.9 32.8019 2
      vertex -1.57372 33.0199 2
    endloop
  endfacet
  facet normal 0.751799 -0.659392 0
    outer loop
      vertex -1.27868 33.2787 22.6
      vertex -1.01994 33.5737 2
      vertex -1.01994 33.5737 22.6
    endloop
  endfacet
  facet normal 0.751799 -0.659392 0
    outer loop
      vertex -1.01994 33.5737 2
      vertex -1.27868 33.2787 22.6
      vertex -1.27868 33.2787 2
    endloop
  endfacet
  facet normal 0.896848 -0.442338 0
    outer loop
      vertex -0.801924 33.9 22.6
      vertex -0.628362 34.2519 2
      vertex -0.628362 34.2519 22.6
    endloop
  endfacet
  facet normal 0.896848 -0.442338 0
    outer loop
      vertex -0.628362 34.2519 2
      vertex -0.801924 33.9 22.6
      vertex -0.801924 33.9 2
    endloop
  endfacet
  facet normal -0.659428 -0.751768 0
    outer loop
      vertex -5.52132 33.2787 2
      vertex -5.22628 33.0199 22.6
      vertex -5.52132 33.2787 22.6
    endloop
  endfacet
  facet normal -0.659428 -0.751768 -0
    outer loop
      vertex -5.22628 33.0199 22.6
      vertex -5.52132 33.2787 2
      vertex -5.22628 33.0199 2
    endloop
  endfacet
  facet normal -0.44216 -0.896936 0
    outer loop
      vertex -4.9 32.8019 2
      vertex -4.54805 32.6284 22.6
      vertex -4.9 32.8019 22.6
    endloop
  endfacet
  facet normal -0.44216 -0.896936 -0
    outer loop
      vertex -4.54805 32.6284 22.6
      vertex -4.9 32.8019 2
      vertex -4.54805 32.6284 2
    endloop
  endfacet
  facet normal -0.19495 -0.980813 0
    outer loop
      vertex -4.17646 32.5022 2
      vertex -3.79158 32.4257 22.6
      vertex -4.17646 32.5022 22.6
    endloop
  endfacet
  facet normal -0.19495 -0.980813 -0
    outer loop
      vertex -3.79158 32.4257 22.6
      vertex -4.17646 32.5022 2
      vertex -3.79158 32.4257 2
    endloop
  endfacet
  facet normal -0.831477 -0.555558 0
    outer loop
      vertex -5.78006 33.5737 2
      vertex -5.99808 33.9 22.6
      vertex -5.99808 33.9 2
    endloop
  endfacet
  facet normal -0.831477 -0.555558 0
    outer loop
      vertex -5.99808 33.9 22.6
      vertex -5.78006 33.5737 2
      vertex -5.78006 33.5737 22.6
    endloop
  endfacet
  facet normal -0.946931 -0.321437 0
    outer loop
      vertex -6.17164 34.2519 2
      vertex -6.29778 34.6235 22.6
      vertex -6.29778 34.6235 2
    endloop
  endfacet
  facet normal -0.946931 -0.321437 0
    outer loop
      vertex -6.29778 34.6235 22.6
      vertex -6.17164 34.2519 2
      vertex -6.17164 34.2519 22.6
    endloop
  endfacet
  facet normal -0.997858 -0.0654112 0
    outer loop
      vertex -6.37433 35.0084 2
      vertex -6.4 35.4 22.6
      vertex -6.4 35.4 2
    endloop
  endfacet
  facet normal -0.997858 -0.0654112 0
    outer loop
      vertex -6.4 35.4 22.6
      vertex -6.37433 35.0084 2
      vertex -6.37433 35.0084 22.6
    endloop
  endfacet
  facet normal 0.19495 -0.980813 0
    outer loop
      vertex -3.00842 32.4257 2
      vertex -2.62354 32.5022 22.6
      vertex -3.00842 32.4257 22.6
    endloop
  endfacet
  facet normal 0.19495 -0.980813 0
    outer loop
      vertex -2.62354 32.5022 22.6
      vertex -3.00842 32.4257 2
      vertex -2.62354 32.5022 2
    endloop
  endfacet
  facet normal 0.659428 -0.751768 0
    outer loop
      vertex -1.57372 33.0199 2
      vertex -1.27868 33.2787 22.6
      vertex -1.57372 33.0199 22.6
    endloop
  endfacet
  facet normal 0.659428 -0.751768 0
    outer loop
      vertex -1.27868 33.2787 22.6
      vertex -1.57372 33.0199 2
      vertex -1.27868 33.2787 2
    endloop
  endfacet
  facet normal 0.831482 -0.555551 0
    outer loop
      vertex -1.01994 33.5737 22.6
      vertex -0.801924 33.9 2
      vertex -0.801924 33.9 22.6
    endloop
  endfacet
  facet normal 0.831482 -0.555551 0
    outer loop
      vertex -0.801924 33.9 2
      vertex -1.01994 33.5737 22.6
      vertex -1.01994 33.5737 2
    endloop
  endfacet
  facet normal 0.980787 -0.19508 0
    outer loop
      vertex -0.502223 34.6235 22.6
      vertex -0.425666 35.0084 2
      vertex -0.425666 35.0084 22.6
    endloop
  endfacet
  facet normal 0.980787 -0.19508 0
    outer loop
      vertex -0.425666 35.0084 2
      vertex -0.502223 34.6235 22.6
      vertex -0.502223 34.6235 2
    endloop
  endfacet
  facet normal 0.946932 -0.321434 0
    outer loop
      vertex -0.628362 34.2519 22.6
      vertex -0.502223 34.6235 2
      vertex -0.502223 34.6235 22.6
    endloop
  endfacet
  facet normal 0.946932 -0.321434 0
    outer loop
      vertex -0.502223 34.6235 2
      vertex -0.628362 34.2519 22.6
      vertex -0.628362 34.2519 2
    endloop
  endfacet
  facet normal -0.555547 -0.831485 0
    outer loop
      vertex -5.22628 33.0199 2
      vertex -4.9 32.8019 22.6
      vertex -5.22628 33.0199 22.6
    endloop
  endfacet
  facet normal -0.555547 -0.831485 -0
    outer loop
      vertex -4.9 32.8019 22.6
      vertex -5.22628 33.0199 2
      vertex -4.9 32.8019 2
    endloop
  endfacet
  facet normal -0.0654906 -0.997853 0
    outer loop
      vertex -3.79158 32.4257 2
      vertex -3.4 32.4 22.6
      vertex -3.79158 32.4257 22.6
    endloop
  endfacet
  facet normal -0.0654906 -0.997853 -0
    outer loop
      vertex -3.4 32.4 22.6
      vertex -3.79158 32.4257 2
      vertex -3.4 32.4 2
    endloop
  endfacet
  facet normal -0.751799 -0.659392 0
    outer loop
      vertex -5.52132 33.2787 2
      vertex -5.78006 33.5737 22.6
      vertex -5.78006 33.5737 2
    endloop
  endfacet
  facet normal -0.751799 -0.659392 0
    outer loop
      vertex -5.78006 33.5737 22.6
      vertex -5.52132 33.2787 2
      vertex -5.52132 33.2787 22.6
    endloop
  endfacet
  facet normal -0.980791 -0.195062 0
    outer loop
      vertex -6.29778 34.6235 2
      vertex -6.37433 35.0084 22.6
      vertex -6.37433 35.0084 2
    endloop
  endfacet
  facet normal -0.980791 -0.195062 0
    outer loop
      vertex -6.37433 35.0084 22.6
      vertex -6.29778 34.6235 2
      vertex -6.29778 34.6235 22.6
    endloop
  endfacet
  facet normal -0.997862 -0.0653624 0
    outer loop
      vertex -2.15 35.4 3
      vertex -2.16069 35.5632 22.6
      vertex -2.16069 35.5632 3
    endloop
  endfacet
  facet normal -0.997862 -0.0653624 0
    outer loop
      vertex -2.16069 35.5632 22.6
      vertex -2.15 35.4 3
      vertex -2.15 35.4 22.6
    endloop
  endfacet
  facet normal 0.997862 -0.0653624 0
    outer loop
      vertex -4.65 35.4 22.6
      vertex -4.63931 35.5632 3
      vertex -4.63931 35.5632 22.6
    endloop
  endfacet
  facet normal 0.997862 -0.0653624 0
    outer loop
      vertex -4.63931 35.5632 3
      vertex -4.65 35.4 22.6
      vertex -4.65 35.4 3
    endloop
  endfacet
  facet normal -0.0654392 -0.997857 0
    outer loop
      vertex -3.4 36.65 3
      vertex -3.23684 36.6393 22.6
      vertex -3.4 36.65 22.6
    endloop
  endfacet
  facet normal -0.0654392 -0.997857 -0
    outer loop
      vertex -3.23684 36.6393 22.6
      vertex -3.4 36.65 3
      vertex -3.23684 36.6393 3
    endloop
  endfacet
  facet normal -0.752016 -0.659145 0
    outer loop
      vertex -2.40831 36.1609 3
      vertex -2.51612 36.2839 22.6
      vertex -2.51612 36.2839 3
    endloop
  endfacet
  facet normal -0.752016 -0.659145 0
    outer loop
      vertex -2.51612 36.2839 22.6
      vertex -2.40831 36.1609 3
      vertex -2.40831 36.1609 22.6
    endloop
  endfacet
  facet normal 0.659323 -0.75186 0
    outer loop
      vertex -4.28388 36.2839 3
      vertex -4.16095 36.3917 22.6
      vertex -4.28388 36.2839 22.6
    endloop
  endfacet
  facet normal 0.659323 -0.75186 0
    outer loop
      vertex -4.16095 36.3917 22.6
      vertex -4.28388 36.2839 3
      vertex -4.16095 36.3917 3
    endloop
  endfacet
  facet normal 0.321671 -0.946851 0
    outer loop
      vertex -3.87835 36.5548 3
      vertex -3.72352 36.6074 22.6
      vertex -3.87835 36.5548 22.6
    endloop
  endfacet
  facet normal 0.321671 -0.946851 0
    outer loop
      vertex -3.72352 36.6074 22.6
      vertex -3.87835 36.5548 3
      vertex -3.72352 36.6074 3
    endloop
  endfacet
  facet normal 0.831561 0.555434 0
    outer loop
      vertex -4.39169 34.639 22.6
      vertex -4.48253 34.775 3
      vertex -4.48253 34.775 22.6
    endloop
  endfacet
  facet normal 0.831561 0.555434 0
    outer loop
      vertex -4.48253 34.775 3
      vertex -4.39169 34.639 22.6
      vertex -4.39169 34.639 3
    endloop
  endfacet
  facet normal -0.94697 -0.321322 0
    outer loop
      vertex -2.19259 35.7235 3
      vertex -2.24515 35.8784 22.6
      vertex -2.24515 35.8784 3
    endloop
  endfacet
  facet normal -0.94697 -0.321322 0
    outer loop
      vertex -2.24515 35.8784 22.6
      vertex -2.19259 35.7235 3
      vertex -2.19259 35.7235 22.6
    endloop
  endfacet
  facet normal -0.980768 -0.195175 0
    outer loop
      vertex -2.16069 35.5632 3
      vertex -2.19259 35.7235 22.6
      vertex -2.19259 35.7235 3
    endloop
  endfacet
  facet normal -0.980768 -0.195175 0
    outer loop
      vertex -2.19259 35.7235 22.6
      vertex -2.16069 35.5632 3
      vertex -2.16069 35.5632 22.6
    endloop
  endfacet
  facet normal -0.896812 -0.442411 0
    outer loop
      vertex -2.24515 35.8784 3
      vertex -2.31747 36.025 22.6
      vertex -2.31747 36.025 3
    endloop
  endfacet
  facet normal -0.896812 -0.442411 0
    outer loop
      vertex -2.31747 36.025 22.6
      vertex -2.24515 35.8784 3
      vertex -2.24515 35.8784 22.6
    endloop
  endfacet
  facet normal -0.442191 -0.896921 0
    outer loop
      vertex -2.92165 36.5548 3
      vertex -2.775 36.4825 22.6
      vertex -2.92165 36.5548 22.6
    endloop
  endfacet
  facet normal -0.442191 -0.896921 -0
    outer loop
      vertex -2.775 36.4825 22.6
      vertex -2.92165 36.5548 3
      vertex -2.775 36.4825 3
    endloop
  endfacet
  facet normal -0.321671 -0.946851 0
    outer loop
      vertex -3.07648 36.6074 3
      vertex -2.92165 36.5548 22.6
      vertex -3.07648 36.6074 22.6
    endloop
  endfacet
  facet normal -0.321671 -0.946851 -0
    outer loop
      vertex -2.92165 36.5548 22.6
      vertex -3.07648 36.6074 3
      vertex -2.92165 36.5548 3
    endloop
  endfacet
  facet normal -0.659323 -0.75186 0
    outer loop
      vertex -2.63905 36.3917 3
      vertex -2.51612 36.2839 22.6
      vertex -2.63905 36.3917 22.6
    endloop
  endfacet
  facet normal -0.659323 -0.75186 -0
    outer loop
      vertex -2.51612 36.2839 22.6
      vertex -2.63905 36.3917 3
      vertex -2.51612 36.2839 3
    endloop
  endfacet
  facet normal 0.896812 -0.442411 0
    outer loop
      vertex -4.55485 35.8784 22.6
      vertex -4.48253 36.025 3
      vertex -4.48253 36.025 22.6
    endloop
  endfacet
  facet normal 0.896812 -0.442411 0
    outer loop
      vertex -4.48253 36.025 3
      vertex -4.55485 35.8784 22.6
      vertex -4.55485 35.8784 3
    endloop
  endfacet
  facet normal 0.831372 -0.555716 0
    outer loop
      vertex -4.48253 36.025 22.6
      vertex -4.39169 36.1609 3
      vertex -4.39169 36.1609 22.6
    endloop
  endfacet
  facet normal 0.831372 -0.555716 0
    outer loop
      vertex -4.39169 36.1609 3
      vertex -4.48253 36.025 22.6
      vertex -4.48253 36.025 3
    endloop
  endfacet
  facet normal 0.94697 -0.321322 0
    outer loop
      vertex -4.60741 35.7235 22.6
      vertex -4.55485 35.8784 3
      vertex -4.55485 35.8784 22.6
    endloop
  endfacet
  facet normal 0.94697 -0.321322 0
    outer loop
      vertex -4.55485 35.8784 3
      vertex -4.60741 35.7235 22.6
      vertex -4.60741 35.7235 3
    endloop
  endfacet
  facet normal 0.442191 -0.896921 0
    outer loop
      vertex -4.025 36.4825 3
      vertex -3.87835 36.5548 22.6
      vertex -4.025 36.4825 22.6
    endloop
  endfacet
  facet normal 0.442191 -0.896921 0
    outer loop
      vertex -3.87835 36.5548 22.6
      vertex -4.025 36.4825 3
      vertex -3.87835 36.5548 3
    endloop
  endfacet
  facet normal 0.0654392 -0.997857 0
    outer loop
      vertex -3.56316 36.6393 3
      vertex -3.4 36.65 22.6
      vertex -3.56316 36.6393 22.6
    endloop
  endfacet
  facet normal 0.0654392 -0.997857 0
    outer loop
      vertex -3.4 36.65 22.6
      vertex -3.56316 36.6393 3
      vertex -3.4 36.65 3
    endloop
  endfacet
  facet normal -0.997862 0.0653624 0
    outer loop
      vertex -2.16069 35.2368 3
      vertex -2.15 35.4 22.6
      vertex -2.15 35.4 3
    endloop
  endfacet
  facet normal -0.997862 0.0653624 0
    outer loop
      vertex -2.15 35.4 22.6
      vertex -2.16069 35.2368 3
      vertex -2.16069 35.2368 22.6
    endloop
  endfacet
  facet normal -0.659323 0.75186 0
    outer loop
      vertex -2.51612 34.5161 3
      vertex -2.63905 34.4083 22.6
      vertex -2.51612 34.5161 22.6
    endloop
  endfacet
  facet normal -0.659323 0.75186 0
    outer loop
      vertex -2.63905 34.4083 22.6
      vertex -2.51612 34.5161 3
      vertex -2.63905 34.4083 3
    endloop
  endfacet
  facet normal -0.442191 0.896921 0
    outer loop
      vertex -2.775 34.3175 3
      vertex -2.92165 34.2452 22.6
      vertex -2.775 34.3175 22.6
    endloop
  endfacet
  facet normal -0.442191 0.896921 0
    outer loop
      vertex -2.92165 34.2452 22.6
      vertex -2.775 34.3175 3
      vertex -2.92165 34.2452 3
    endloop
  endfacet
  facet normal -0.896812 0.442411 0
    outer loop
      vertex -2.31747 34.775 3
      vertex -2.24515 34.9216 22.6
      vertex -2.24515 34.9216 3
    endloop
  endfacet
  facet normal -0.896812 0.442411 0
    outer loop
      vertex -2.24515 34.9216 22.6
      vertex -2.31747 34.775 3
      vertex -2.31747 34.775 22.6
    endloop
  endfacet
  facet normal -0.980768 0.195175 0
    outer loop
      vertex -2.19259 35.0765 3
      vertex -2.16069 35.2368 22.6
      vertex -2.16069 35.2368 3
    endloop
  endfacet
  facet normal -0.980768 0.195175 0
    outer loop
      vertex -2.16069 35.2368 22.6
      vertex -2.19259 35.0765 3
      vertex -2.19259 35.0765 22.6
    endloop
  endfacet
  facet normal 0.321671 0.946851 -0
    outer loop
      vertex -3.72352 34.1926 3
      vertex -3.87835 34.2452 22.6
      vertex -3.72352 34.1926 22.6
    endloop
  endfacet
  facet normal 0.321671 0.946851 0
    outer loop
      vertex -3.87835 34.2452 22.6
      vertex -3.72352 34.1926 3
      vertex -3.87835 34.2452 3
    endloop
  endfacet
  facet normal 0.442191 0.896921 -0
    outer loop
      vertex -3.87835 34.2452 3
      vertex -4.025 34.3175 22.6
      vertex -3.87835 34.2452 22.6
    endloop
  endfacet
  facet normal 0.442191 0.896921 0
    outer loop
      vertex -4.025 34.3175 22.6
      vertex -3.87835 34.2452 3
      vertex -4.025 34.3175 3
    endloop
  endfacet
  facet normal 0.980768 0.195175 0
    outer loop
      vertex -4.60741 35.0765 22.6
      vertex -4.63931 35.2368 3
      vertex -4.63931 35.2368 22.6
    endloop
  endfacet
  facet normal 0.980768 0.195175 0
    outer loop
      vertex -4.63931 35.2368 3
      vertex -4.60741 35.0765 22.6
      vertex -4.60741 35.0765 3
    endloop
  endfacet
  facet normal 0.896812 0.442411 0
    outer loop
      vertex -4.48253 34.775 22.6
      vertex -4.55485 34.9216 3
      vertex -4.55485 34.9216 22.6
    endloop
  endfacet
  facet normal 0.896812 0.442411 0
    outer loop
      vertex -4.55485 34.9216 3
      vertex -4.48253 34.775 22.6
      vertex -4.48253 34.775 3
    endloop
  endfacet
  facet normal 0 0 1
    outer loop
      vertex -2.16069 35.5632 3
      vertex -2.16069 35.2368 3
      vertex -2.15 35.4 3
    endloop
  endfacet
  facet normal 0 0 1
    outer loop
      vertex -2.19259 35.7235 3
      vertex -2.16069 35.2368 3
      vertex -2.16069 35.5632 3
    endloop
  endfacet
  facet normal 0 0 1
    outer loop
      vertex -2.19259 35.7235 3
      vertex -2.19259 35.0765 3
      vertex -2.16069 35.2368 3
    endloop
  endfacet
  facet normal 0 0 1
    outer loop
      vertex -2.24515 35.8784 3
      vertex -2.19259 35.0765 3
      vertex -2.19259 35.7235 3
    endloop
  endfacet
  facet normal 0 0 1
    outer loop
      vertex -2.24515 35.8784 3
      vertex -2.24515 34.9216 3
      vertex -2.19259 35.0765 3
    endloop
  endfacet
  facet normal 0 0 1
    outer loop
      vertex -2.31747 36.025 3
      vertex -2.24515 34.9216 3
      vertex -2.24515 35.8784 3
    endloop
  endfacet
  facet normal 0 0 1
    outer loop
      vertex -2.31747 36.025 3
      vertex -2.31747 34.775 3
      vertex -2.24515 34.9216 3
    endloop
  endfacet
  facet normal 0 0 1
    outer loop
      vertex -2.40831 36.1609 3
      vertex -2.31747 34.775 3
      vertex -2.31747 36.025 3
    endloop
  endfacet
  facet normal 0 0 1
    outer loop
      vertex -2.40831 36.1609 3
      vertex -2.40831 34.639 3
      vertex -2.31747 34.775 3
    endloop
  endfacet
  facet normal 0 0 1
    outer loop
      vertex -2.51612 36.2839 3
      vertex -2.40831 34.639 3
      vertex -2.40831 36.1609 3
    endloop
  endfacet
  facet normal 0 0 1
    outer loop
      vertex -2.51612 36.2839 3
      vertex -2.51612 34.5161 3
      vertex -2.40831 34.639 3
    endloop
  endfacet
  facet normal 0 0 1
    outer loop
      vertex -2.63905 36.3917 3
      vertex -2.51612 34.5161 3
      vertex -2.51612 36.2839 3
    endloop
  endfacet
  facet normal 0 0 1
    outer loop
      vertex -2.63905 36.3917 3
      vertex -2.63905 34.4083 3
      vertex -2.51612 34.5161 3
    endloop
  endfacet
  facet normal 0 0 1
    outer loop
      vertex -2.775 36.4825 3
      vertex -2.63905 34.4083 3
      vertex -2.63905 36.3917 3
    endloop
  endfacet
  facet normal 0 0 1
    outer loop
      vertex -2.775 36.4825 3
      vertex -2.775 34.3175 3
      vertex -2.63905 34.4083 3
    endloop
  endfacet
  facet normal 0 0 1
    outer loop
      vertex -2.92165 36.5548 3
      vertex -2.775 34.3175 3
      vertex -2.775 36.4825 3
    endloop
  endfacet
  facet normal 0 0 1
    outer loop
      vertex -2.92165 36.5548 3
      vertex -2.92165 34.2452 3
      vertex -2.775 34.3175 3
    endloop
  endfacet
  facet normal 0 0 1
    outer loop
      vertex -3.07648 36.6074 3
      vertex -2.92165 34.2452 3
      vertex -2.92165 36.5548 3
    endloop
  endfacet
  facet normal 0 0 1
    outer loop
      vertex -3.07648 36.6074 3
      vertex -3.07648 34.1926 3
      vertex -2.92165 34.2452 3
    endloop
  endfacet
  facet normal 0 0 1
    outer loop
      vertex -3.23684 36.6393 3
      vertex -3.07648 34.1926 3
      vertex -3.07648 36.6074 3
    endloop
  endfacet
  facet normal 0 0 1
    outer loop
      vertex -3.23684 36.6393 3
      vertex -3.23684 34.1607 3
      vertex -3.07648 34.1926 3
    endloop
  endfacet
  facet normal 0 0 1
    outer loop
      vertex -3.4 36.65 3
      vertex -3.23684 34.1607 3
      vertex -3.23684 36.6393 3
    endloop
  endfacet
  facet normal 0 0 1
    outer loop
      vertex -3.4 36.65 3
      vertex -3.4 34.15 3
      vertex -3.23684 34.1607 3
    endloop
  endfacet
  facet normal -0 0 1
    outer loop
      vertex -3.56316 36.6393 3
      vertex -3.4 34.15 3
      vertex -3.4 36.65 3
    endloop
  endfacet
  facet normal 0 0 1
    outer loop
      vertex -3.56316 36.6393 3
      vertex -3.56316 34.1607 3
      vertex -3.4 34.15 3
    endloop
  endfacet
  facet normal -0 0 1
    outer loop
      vertex -3.72352 36.6074 3
      vertex -3.56316 34.1607 3
      vertex -3.56316 36.6393 3
    endloop
  endfacet
  facet normal 0 0 1
    outer loop
      vertex -3.72352 36.6074 3
      vertex -3.72352 34.1926 3
      vertex -3.56316 34.1607 3
    endloop
  endfacet
  facet normal -0 0 1
    outer loop
      vertex -3.87835 36.5548 3
      vertex -3.72352 34.1926 3
      vertex -3.72352 36.6074 3
    endloop
  endfacet
  facet normal 0 0 1
    outer loop
      vertex -3.87835 36.5548 3
      vertex -3.87835 34.2452 3
      vertex -3.72352 34.1926 3
    endloop
  endfacet
  facet normal -0 0 1
    outer loop
      vertex -4.025 36.4825 3
      vertex -3.87835 34.2452 3
      vertex -3.87835 36.5548 3
    endloop
  endfacet
  facet normal 0 0 1
    outer loop
      vertex -4.025 36.4825 3
      vertex -4.025 34.3175 3
      vertex -3.87835 34.2452 3
    endloop
  endfacet
  facet normal -0 0 1
    outer loop
      vertex -4.16095 36.3917 3
      vertex -4.025 34.3175 3
      vertex -4.025 36.4825 3
    endloop
  endfacet
  facet normal 0 0 1
    outer loop
      vertex -4.16095 36.3917 3
      vertex -4.16095 34.4083 3
      vertex -4.025 34.3175 3
    endloop
  endfacet
  facet normal -0 0 1
    outer loop
      vertex -4.28388 36.2839 3
      vertex -4.16095 34.4083 3
      vertex -4.16095 36.3917 3
    endloop
  endfacet
  facet normal 0 0 1
    outer loop
      vertex -4.28388 36.2839 3
      vertex -4.28388 34.5161 3
      vertex -4.16095 34.4083 3
    endloop
  endfacet
  facet normal -0 0 1
    outer loop
      vertex -4.39169 36.1609 3
      vertex -4.28388 34.5161 3
      vertex -4.28388 36.2839 3
    endloop
  endfacet
  facet normal 0 0 1
    outer loop
      vertex -4.39169 36.1609 3
      vertex -4.39169 34.639 3
      vertex -4.28388 34.5161 3
    endloop
  endfacet
  facet normal -0 0 1
    outer loop
      vertex -4.48253 36.025 3
      vertex -4.39169 34.639 3
      vertex -4.39169 36.1609 3
    endloop
  endfacet
  facet normal 0 0 1
    outer loop
      vertex -4.48253 36.025 3
      vertex -4.48253 34.775 3
      vertex -4.39169 34.639 3
    endloop
  endfacet
  facet normal -0 0 1
    outer loop
      vertex -4.55485 35.8784 3
      vertex -4.48253 34.775 3
      vertex -4.48253 36.025 3
    endloop
  endfacet
  facet normal 0 0 1
    outer loop
      vertex -4.55485 35.8784 3
      vertex -4.55485 34.9216 3
      vertex -4.48253 34.775 3
    endloop
  endfacet
  facet normal -0 0 1
    outer loop
      vertex -4.60741 35.7235 3
      vertex -4.55485 34.9216 3
      vertex -4.55485 35.8784 3
    endloop
  endfacet
  facet normal 0 0 1
    outer loop
      vertex -4.60741 35.7235 3
      vertex -4.60741 35.0765 3
      vertex -4.55485 34.9216 3
    endloop
  endfacet
  facet normal -0 0 1
    outer loop
      vertex -4.63931 35.5632 3
      vertex -4.60741 35.0765 3
      vertex -4.60741 35.7235 3
    endloop
  endfacet
  facet normal 0 0 1
    outer loop
      vertex -4.63931 35.5632 3
      vertex -4.63931 35.2368 3
      vertex -4.60741 35.0765 3
    endloop
  endfacet
  facet normal 0 -0 1
    outer loop
      vertex -4.63931 35.2368 3
      vertex -4.63931 35.5632 3
      vertex -4.65 35.4 3
    endloop
  endfacet
  facet normal 0.94697 0.321322 0
    outer loop
      vertex -4.55485 34.9216 22.6
      vertex -4.60741 35.0765 3
      vertex -4.60741 35.0765 22.6
    endloop
  endfacet
  facet normal 0.94697 0.321322 0
    outer loop
      vertex -4.60741 35.0765 3
      vertex -4.55485 34.9216 22.6
      vertex -4.55485 34.9216 3
    endloop
  endfacet
  facet normal -0.555406 -0.831579 0
    outer loop
      vertex -2.775 36.4825 3
      vertex -2.63905 36.3917 22.6
      vertex -2.775 36.4825 22.6
    endloop
  endfacet
  facet normal -0.555406 -0.831579 -0
    outer loop
      vertex -2.63905 36.3917 22.6
      vertex -2.775 36.4825 3
      vertex -2.63905 36.3917 3
    endloop
  endfacet
  facet normal 0.195105 -0.980782 0
    outer loop
      vertex -3.72352 36.6074 3
      vertex -3.56316 36.6393 22.6
      vertex -3.72352 36.6074 22.6
    endloop
  endfacet
  facet normal 0.195105 -0.980782 0
    outer loop
      vertex -3.56316 36.6393 22.6
      vertex -3.72352 36.6074 3
      vertex -3.56316 36.6393 3
    endloop
  endfacet
  facet normal -0.321671 0.946851 0
    outer loop
      vertex -2.92165 34.2452 3
      vertex -3.07648 34.1926 22.6
      vertex -2.92165 34.2452 22.6
    endloop
  endfacet
  facet normal -0.321671 0.946851 0
    outer loop
      vertex -3.07648 34.1926 22.6
      vertex -2.92165 34.2452 3
      vertex -3.07648 34.1926 3
    endloop
  endfacet
  facet normal -0.0654392 0.997857 0
    outer loop
      vertex -3.23684 34.1607 3
      vertex -3.4 34.15 22.6
      vertex -3.23684 34.1607 22.6
    endloop
  endfacet
  facet normal -0.0654392 0.997857 0
    outer loop
      vertex -3.4 34.15 22.6
      vertex -3.23684 34.1607 3
      vertex -3.4 34.15 3
    endloop
  endfacet
  facet normal -0.195105 0.980782 0
    outer loop
      vertex -3.07648 34.1926 3
      vertex -3.23684 34.1607 22.6
      vertex -3.07648 34.1926 22.6
    endloop
  endfacet
  facet normal -0.195105 0.980782 0
    outer loop
      vertex -3.23684 34.1607 22.6
      vertex -3.07648 34.1926 3
      vertex -3.23684 34.1607 3
    endloop
  endfacet
  facet normal -0.555406 0.831579 0
    outer loop
      vertex -2.63905 34.4083 3
      vertex -2.775 34.3175 22.6
      vertex -2.63905 34.4083 22.6
    endloop
  endfacet
  facet normal -0.555406 0.831579 0
    outer loop
      vertex -2.775 34.3175 22.6
      vertex -2.63905 34.4083 3
      vertex -2.775 34.3175 3
    endloop
  endfacet
  facet normal -0.75175 0.659448 0
    outer loop
      vertex -2.51612 34.5161 3
      vertex -2.40831 34.639 22.6
      vertex -2.40831 34.639 3
    endloop
  endfacet
  facet normal -0.75175 0.659448 0
    outer loop
      vertex -2.40831 34.639 22.6
      vertex -2.51612 34.5161 3
      vertex -2.51612 34.5161 22.6
    endloop
  endfacet
  facet normal -0.831561 0.555434 0
    outer loop
      vertex -2.40831 34.639 3
      vertex -2.31747 34.775 22.6
      vertex -2.31747 34.775 3
    endloop
  endfacet
  facet normal -0.831561 0.555434 0
    outer loop
      vertex -2.31747 34.775 22.6
      vertex -2.40831 34.639 3
      vertex -2.40831 34.639 22.6
    endloop
  endfacet
  facet normal 0.195105 0.980782 -0
    outer loop
      vertex -3.56316 34.1607 3
      vertex -3.72352 34.1926 22.6
      vertex -3.56316 34.1607 22.6
    endloop
  endfacet
  facet normal 0.195105 0.980782 0
    outer loop
      vertex -3.72352 34.1926 22.6
      vertex -3.56316 34.1607 3
      vertex -3.72352 34.1926 3
    endloop
  endfacet
  facet normal 0.659323 0.75186 -0
    outer loop
      vertex -4.16095 34.4083 3
      vertex -4.28388 34.5161 22.6
      vertex -4.16095 34.4083 22.6
    endloop
  endfacet
  facet normal 0.659323 0.75186 0
    outer loop
      vertex -4.28388 34.5161 22.6
      vertex -4.16095 34.4083 3
      vertex -4.28388 34.5161 3
    endloop
  endfacet
  facet normal 0.0654392 0.997857 -0
    outer loop
      vertex -3.4 34.15 3
      vertex -3.56316 34.1607 22.6
      vertex -3.4 34.15 22.6
    endloop
  endfacet
  facet normal 0.0654392 0.997857 0
    outer loop
      vertex -3.56316 34.1607 22.6
      vertex -3.4 34.15 3
      vertex -3.56316 34.1607 3
    endloop
  endfacet
  facet normal 0.555406 0.831579 -0
    outer loop
      vertex -4.025 34.3175 3
      vertex -4.16095 34.4083 22.6
      vertex -4.025 34.3175 22.6
    endloop
  endfacet
  facet normal 0.555406 0.831579 0
    outer loop
      vertex -4.16095 34.4083 22.6
      vertex -4.025 34.3175 3
      vertex -4.16095 34.4083 3
    endloop
  endfacet
  facet normal 0.75175 0.659448 0
    outer loop
      vertex -4.28388 34.5161 22.6
      vertex -4.39169 34.639 3
      vertex -4.39169 34.639 22.6
    endloop
  endfacet
  facet normal 0.75175 0.659448 0
    outer loop
      vertex -4.39169 34.639 3
      vertex -4.28388 34.5161 22.6
      vertex -4.28388 34.5161 3
    endloop
  endfacet
  facet normal 0.997862 0.0653624 0
    outer loop
      vertex -4.63931 35.2368 22.6
      vertex -4.65 35.4 3
      vertex -4.65 35.4 22.6
    endloop
  endfacet
  facet normal 0.997862 0.0653624 0
    outer loop
      vertex -4.65 35.4 3
      vertex -4.63931 35.2368 22.6
      vertex -4.63931 35.2368 3
    endloop
  endfacet
  facet normal -0.831372 -0.555716 0
    outer loop
      vertex -2.31747 36.025 3
      vertex -2.40831 36.1609 22.6
      vertex -2.40831 36.1609 3
    endloop
  endfacet
  facet normal -0.831372 -0.555716 0
    outer loop
      vertex -2.40831 36.1609 22.6
      vertex -2.31747 36.025 3
      vertex -2.31747 36.025 22.6
    endloop
  endfacet
  facet normal -0.195105 -0.980782 0
    outer loop
      vertex -3.23684 36.6393 3
      vertex -3.07648 36.6074 22.6
      vertex -3.23684 36.6393 22.6
    endloop
  endfacet
  facet normal -0.195105 -0.980782 -0
    outer loop
      vertex -3.07648 36.6074 22.6
      vertex -3.23684 36.6393 3
      vertex -3.07648 36.6074 3
    endloop
  endfacet
  facet normal 0.752016 -0.659145 0
    outer loop
      vertex -4.39169 36.1609 22.6
      vertex -4.28388 36.2839 3
      vertex -4.28388 36.2839 22.6
    endloop
  endfacet
  facet normal 0.752016 -0.659145 0
    outer loop
      vertex -4.28388 36.2839 3
      vertex -4.39169 36.1609 22.6
      vertex -4.39169 36.1609 3
    endloop
  endfacet
  facet normal 0.980768 -0.195175 0
    outer loop
      vertex -4.63931 35.5632 22.6
      vertex -4.60741 35.7235 3
      vertex -4.60741 35.7235 22.6
    endloop
  endfacet
  facet normal 0.980768 -0.195175 0
    outer loop
      vertex -4.60741 35.7235 3
      vertex -4.63931 35.5632 22.6
      vertex -4.63931 35.5632 3
    endloop
  endfacet
  facet normal 0.555406 -0.831579 0
    outer loop
      vertex -4.16095 36.3917 3
      vertex -4.025 36.4825 22.6
      vertex -4.16095 36.3917 22.6
    endloop
  endfacet
  facet normal 0.555406 -0.831579 0
    outer loop
      vertex -4.025 36.4825 22.6
      vertex -4.16095 36.3917 3
      vertex -4.025 36.4825 3
    endloop
  endfacet
  facet normal -0.94697 0.321322 0
    outer loop
      vertex -2.24515 34.9216 3
      vertex -2.19259 35.0765 22.6
      vertex -2.19259 35.0765 3
    endloop
  endfacet
  facet normal -0.94697 0.321322 0
    outer loop
      vertex -2.19259 35.0765 22.6
      vertex -2.24515 34.9216 3
      vertex -2.24515 34.9216 22.6
    endloop
  endfacet
  facet normal 0.997853 0.0654873 0
    outer loop
      vertex 61.3 35.4 22.6
      vertex 61.2743 35.7916 2
      vertex 61.2743 35.7916 22.6
    endloop
  endfacet
  facet normal 0.997853 0.0654873 0
    outer loop
      vertex 61.2743 35.7916 2
      vertex 61.3 35.4 22.6
      vertex 61.3 35.4 2
    endloop
  endfacet
  facet normal -0.997853 0.0654873 0
    outer loop
      vertex 55.3 35.4 2
      vertex 55.3257 35.7916 22.6
      vertex 55.3257 35.7916 2
    endloop
  endfacet
  facet normal -0.997853 0.0654873 0
    outer loop
      vertex 55.3257 35.7916 22.6
      vertex 55.3 35.4 2
      vertex 55.3 35.4 22.6
    endloop
  endfacet
  facet normal 0.0654873 0.997853 -0
    outer loop
      vertex 58.6916 38.3743 2
      vertex 58.3 38.4 22.6
      vertex 58.6916 38.3743 22.6
    endloop
  endfacet
  facet normal 0.0654873 0.997853 0
    outer loop
      vertex 58.3 38.4 22.6
      vertex 58.6916 38.3743 2
      vertex 58.3 38.4 2
    endloop
  endfacet
  facet normal 0.751724 0.659478 0
    outer loop
      vertex 60.6801 37.2263 22.6
      vertex 60.4213 37.5213 2
      vertex 60.4213 37.5213 22.6
    endloop
  endfacet
  facet normal 0.751724 0.659478 0
    outer loop
      vertex 60.4213 37.5213 2
      vertex 60.6801 37.2263 22.6
      vertex 60.6801 37.2263 2
    endloop
  endfacet
  facet normal -0.659478 0.751724 0
    outer loop
      vertex 56.4737 37.7801 2
      vertex 56.1787 37.5213 22.6
      vertex 56.4737 37.7801 22.6
    endloop
  endfacet
  facet normal -0.659478 0.751724 0
    outer loop
      vertex 56.1787 37.5213 22.6
      vertex 56.4737 37.7801 2
      vertex 56.1787 37.5213 2
    endloop
  endfacet
  facet normal -0.321651 0.946858 0
    outer loop
      vertex 57.5235 38.2978 2
      vertex 57.152 38.1716 22.6
      vertex 57.5235 38.2978 22.6
    endloop
  endfacet
  facet normal -0.321651 0.946858 0
    outer loop
      vertex 57.152 38.1716 22.6
      vertex 57.5235 38.2978 2
      vertex 57.152 38.1716 2
    endloop
  endfacet
  facet normal 0.896961 0.44211 0
    outer loop
      vertex 61.0716 36.548 22.6
      vertex 60.8981 36.9 2
      vertex 60.8981 36.9 22.6
    endloop
  endfacet
  facet normal 0.896961 0.44211 0
    outer loop
      vertex 60.8981 36.9 2
      vertex 61.0716 36.548 22.6
      vertex 61.0716 36.548 2
    endloop
  endfacet
  facet normal 0.980815 0.19494 0
    outer loop
      vertex 61.2743 35.7916 22.6
      vertex 61.1978 36.1765 2
      vertex 61.1978 36.1765 22.6
    endloop
  endfacet
  facet normal 0.980815 0.19494 0
    outer loop
      vertex 61.1978 36.1765 2
      vertex 61.2743 35.7916 22.6
      vertex 61.2743 35.7916 2
    endloop
  endfacet
  facet normal 0.831501 0.555523 0
    outer loop
      vertex 60.8981 36.9 22.6
      vertex 60.6801 37.2263 2
      vertex 60.6801 37.2263 22.6
    endloop
  endfacet
  facet normal 0.831501 0.555523 0
    outer loop
      vertex 60.6801 37.2263 2
      vertex 60.8981 36.9 22.6
      vertex 60.8981 36.9 2
    endloop
  endfacet
  facet normal 0.44211 0.896961 -0
    outer loop
      vertex 59.8 37.9981 2
      vertex 59.448 38.1716 22.6
      vertex 59.8 37.9981 22.6
    endloop
  endfacet
  facet normal 0.44211 0.896961 0
    outer loop
      vertex 59.448 38.1716 22.6
      vertex 59.8 37.9981 2
      vertex 59.448 38.1716 2
    endloop
  endfacet
  facet normal 0.321651 0.946858 -0
    outer loop
      vertex 59.448 38.1716 2
      vertex 59.0765 38.2978 22.6
      vertex 59.448 38.1716 22.6
    endloop
  endfacet
  facet normal 0.321651 0.946858 0
    outer loop
      vertex 59.0765 38.2978 22.6
      vertex 59.448 38.1716 2
      vertex 59.0765 38.2978 2
    endloop
  endfacet
  facet normal 0.555523 0.831501 -0
    outer loop
      vertex 60.1263 37.7801 2
      vertex 59.8 37.9981 22.6
      vertex 60.1263 37.7801 22.6
    endloop
  endfacet
  facet normal 0.555523 0.831501 0
    outer loop
      vertex 59.8 37.9981 22.6
      vertex 60.1263 37.7801 2
      vertex 59.8 37.9981 2
    endloop
  endfacet
  facet normal -0.896961 0.44211 0
    outer loop
      vertex 55.5284 36.548 2
      vertex 55.7019 36.9 22.6
      vertex 55.7019 36.9 2
    endloop
  endfacet
  facet normal -0.896961 0.44211 0
    outer loop
      vertex 55.7019 36.9 22.6
      vertex 55.5284 36.548 2
      vertex 55.5284 36.548 22.6
    endloop
  endfacet
  facet normal -0.946858 0.321651 0
    outer loop
      vertex 55.4022 36.1765 2
      vertex 55.5284 36.548 22.6
      vertex 55.5284 36.548 2
    endloop
  endfacet
  facet normal -0.946858 0.321651 0
    outer loop
      vertex 55.5284 36.548 22.6
      vertex 55.4022 36.1765 2
      vertex 55.4022 36.1765 22.6
    endloop
  endfacet
  facet normal -0.44211 0.896961 0
    outer loop
      vertex 57.152 38.1716 2
      vertex 56.8 37.9981 22.6
      vertex 57.152 38.1716 22.6
    endloop
  endfacet
  facet normal -0.44211 0.896961 0
    outer loop
      vertex 56.8 37.9981 22.6
      vertex 57.152 38.1716 2
      vertex 56.8 37.9981 2
    endloop
  endfacet
  facet normal -0.19494 0.980815 0
    outer loop
      vertex 57.9084 38.3743 2
      vertex 57.5235 38.2978 22.6
      vertex 57.9084 38.3743 22.6
    endloop
  endfacet
  facet normal -0.19494 0.980815 0
    outer loop
      vertex 57.5235 38.2978 22.6
      vertex 57.9084 38.3743 2
      vertex 57.5235 38.2978 2
    endloop
  endfacet
  facet normal 0.44211 -0.896961 0
    outer loop
      vertex 59.448 32.6284 2
      vertex 59.8 32.8019 22.6
      vertex 59.448 32.6284 22.6
    endloop
  endfacet
  facet normal 0.44211 -0.896961 0
    outer loop
      vertex 59.8 32.8019 22.6
      vertex 59.448 32.6284 2
      vertex 59.8 32.8019 2
    endloop
  endfacet
  facet normal -0.321651 -0.946858 0
    outer loop
      vertex 57.152 32.6284 6
      vertex 57.5235 32.5022 22.6
      vertex 57.152 32.6284 22.6
    endloop
  endfacet
  facet normal -0.321651 -0.946858 -0
    outer loop
      vertex 57.5235 32.5022 22.6
      vertex 57.152 32.6284 6
      vertex 57.5235 32.5022 6
    endloop
  endfacet
  facet normal -0.896911 -0.442211 0
    outer loop
      vertex 55.7019 33.9 2
      vertex 55.5284 34.2519 22.6
      vertex 55.5284 34.2519 2
    endloop
  endfacet
  facet normal -0.896911 -0.442211 0
    outer loop
      vertex 55.5284 34.2519 22.6
      vertex 55.7019 33.9 2
      vertex 55.7019 33.9 22.6
    endloop
  endfacet
  facet normal 0.946858 0.321651 0
    outer loop
      vertex 61.1978 36.1765 22.6
      vertex 61.0716 36.548 2
      vertex 61.0716 36.548 22.6
    endloop
  endfacet
  facet normal 0.946858 0.321651 0
    outer loop
      vertex 61.0716 36.548 2
      vertex 61.1978 36.1765 22.6
      vertex 61.1978 36.1765 2
    endloop
  endfacet
  facet normal 0.19494 0.980815 -0
    outer loop
      vertex 59.0765 38.2978 2
      vertex 58.6916 38.3743 22.6
      vertex 59.0765 38.2978 22.6
    endloop
  endfacet
  facet normal 0.19494 0.980815 0
    outer loop
      vertex 58.6916 38.3743 22.6
      vertex 59.0765 38.2978 2
      vertex 58.6916 38.3743 2
    endloop
  endfacet
  facet normal 0.659478 0.751724 -0
    outer loop
      vertex 60.4213 37.5213 2
      vertex 60.1263 37.7801 22.6
      vertex 60.4213 37.5213 22.6
    endloop
  endfacet
  facet normal 0.659478 0.751724 0
    outer loop
      vertex 60.1263 37.7801 22.6
      vertex 60.4213 37.5213 2
      vertex 60.1263 37.7801 2
    endloop
  endfacet
  facet normal -0.831501 0.555523 0
    outer loop
      vertex 55.7019 36.9 2
      vertex 55.9199 37.2263 22.6
      vertex 55.9199 37.2263 2
    endloop
  endfacet
  facet normal -0.831501 0.555523 0
    outer loop
      vertex 55.9199 37.2263 22.6
      vertex 55.7019 36.9 2
      vertex 55.7019 36.9 22.6
    endloop
  endfacet
  facet normal -0.751724 0.659478 0
    outer loop
      vertex 55.9199 37.2263 2
      vertex 56.1787 37.5213 22.6
      vertex 56.1787 37.5213 2
    endloop
  endfacet
  facet normal -0.751724 0.659478 0
    outer loop
      vertex 56.1787 37.5213 22.6
      vertex 55.9199 37.2263 2
      vertex 55.9199 37.2263 22.6
    endloop
  endfacet
  facet normal -0.980815 0.19494 0
    outer loop
      vertex 55.3257 35.7916 2
      vertex 55.4022 36.1765 22.6
      vertex 55.4022 36.1765 2
    endloop
  endfacet
  facet normal -0.980815 0.19494 0
    outer loop
      vertex 55.4022 36.1765 22.6
      vertex 55.3257 35.7916 2
      vertex 55.3257 35.7916 22.6
    endloop
  endfacet
  facet normal 0 0 1
    outer loop
      vertex 59.55 35.4 22.6
      vertex 61.3 35.4 22.6
      vertex 61.2743 35.7916 22.6
    endloop
  endfacet
  facet normal 0 0 1
    outer loop
      vertex 59.5393 35.5632 22.6
      vertex 61.2743 35.7916 22.6
      vertex 61.1978 36.1765 22.6
    endloop
  endfacet
  facet normal 0 0 1
    outer loop
      vertex 61.3 35.4 22.6
      vertex 59.55 35.4 22.6
      vertex 61.2743 35.0084 22.6
    endloop
  endfacet
  facet normal 0 0 1
    outer loop
      vertex 59.5074 35.7235 22.6
      vertex 61.1978 36.1765 22.6
      vertex 61.0716 36.548 22.6
    endloop
  endfacet
  facet normal -0 0 1
    outer loop
      vertex 59.5393 35.2368 22.6
      vertex 61.2743 35.0084 22.6
      vertex 59.55 35.4 22.6
    endloop
  endfacet
  facet normal 0 0 1
    outer loop
      vertex 59.4548 35.8784 22.6
      vertex 61.0716 36.548 22.6
      vertex 60.8981 36.9 22.6
    endloop
  endfacet
  facet normal 0 0 1
    outer loop
      vertex 61.2743 35.0084 22.6
      vertex 59.5393 35.2368 22.6
      vertex 61.1978 34.6235 22.6
    endloop
  endfacet
  facet normal 0 0 1
    outer loop
      vertex 59.3825 36.025 22.6
      vertex 60.8981 36.9 22.6
      vertex 60.6801 37.2263 22.6
    endloop
  endfacet
  facet normal -0 0 1
    outer loop
      vertex 59.5074 35.0765 22.6
      vertex 61.1978 34.6235 22.6
      vertex 59.5393 35.2368 22.6
    endloop
  endfacet
  facet normal 0 0 1
    outer loop
      vertex 59.2917 36.1609 22.6
      vertex 60.6801 37.2263 22.6
      vertex 60.4213 37.5213 22.6
    endloop
  endfacet
  facet normal 0 0 1
    outer loop
      vertex 61.1978 34.6235 22.6
      vertex 59.5074 35.0765 22.6
      vertex 61.0716 34.2519 22.6
    endloop
  endfacet
  facet normal 0 0 1
    outer loop
      vertex 59.1839 36.2839 22.6
      vertex 60.4213 37.5213 22.6
      vertex 60.1263 37.7801 22.6
    endloop
  endfacet
  facet normal -0 0 1
    outer loop
      vertex 59.4548 34.9216 22.6
      vertex 61.0716 34.2519 22.6
      vertex 59.5074 35.0765 22.6
    endloop
  endfacet
  facet normal 0 0 1
    outer loop
      vertex 59.061 36.3917 22.6
      vertex 60.1263 37.7801 22.6
      vertex 59.8 37.9981 22.6
    endloop
  endfacet
  facet normal 0 0 1
    outer loop
      vertex 61.0716 34.2519 22.6
      vertex 59.4548 34.9216 22.6
      vertex 60.8981 33.9 22.6
    endloop
  endfacet
  facet normal -0 0 1
    outer loop
      vertex 59.3825 34.775 22.6
      vertex 60.8981 33.9 22.6
      vertex 59.4548 34.9216 22.6
    endloop
  endfacet
  facet normal 0 0 1
    outer loop
      vertex 61.2743 35.7916 22.6
      vertex 59.5393 35.5632 22.6
      vertex 59.55 35.4 22.6
    endloop
  endfacet
  facet normal 0 0 1
    outer loop
      vertex 61.1978 36.1765 22.6
      vertex 59.5074 35.7235 22.6
      vertex 59.5393 35.5632 22.6
    endloop
  endfacet
  facet normal 0 0 1
    outer loop
      vertex 61.0716 36.548 22.6
      vertex 59.4548 35.8784 22.6
      vertex 59.5074 35.7235 22.6
    endloop
  endfacet
  facet normal 0 0 1
    outer loop
      vertex 58.925 36.4825 22.6
      vertex 59.8 37.9981 22.6
      vertex 59.448 38.1716 22.6
    endloop
  endfacet
  facet normal 0 0 1
    outer loop
      vertex 60.8981 36.9 22.6
      vertex 59.3825 36.025 22.6
      vertex 59.4548 35.8784 22.6
    endloop
  endfacet
  facet normal 0 0 1
    outer loop
      vertex 60.6801 37.2263 22.6
      vertex 59.2917 36.1609 22.6
      vertex 59.3825 36.025 22.6
    endloop
  endfacet
  facet normal 0 0 1
    outer loop
      vertex 60.4213 37.5213 22.6
      vertex 59.1839 36.2839 22.6
      vertex 59.2917 36.1609 22.6
    endloop
  endfacet
  facet normal 0 0 1
    outer loop
      vertex 58.7784 36.5548 22.6
      vertex 59.448 38.1716 22.6
      vertex 59.0765 38.2978 22.6
    endloop
  endfacet
  facet normal 0 0 1
    outer loop
      vertex 60.1263 37.7801 22.6
      vertex 59.061 36.3917 22.6
      vertex 59.1839 36.2839 22.6
    endloop
  endfacet
  facet normal 0 0 1
    outer loop
      vertex 59.8 37.9981 22.6
      vertex 58.925 36.4825 22.6
      vertex 59.061 36.3917 22.6
    endloop
  endfacet
  facet normal 0 0 1
    outer loop
      vertex 59.448 38.1716 22.6
      vertex 58.7784 36.5548 22.6
      vertex 58.925 36.4825 22.6
    endloop
  endfacet
  facet normal 0 0 1
    outer loop
      vertex 58.6235 36.6074 22.6
      vertex 59.0765 38.2978 22.6
      vertex 58.6916 38.3743 22.6
    endloop
  endfacet
  facet normal 0 0 1
    outer loop
      vertex 59.0765 38.2978 22.6
      vertex 58.6235 36.6074 22.6
      vertex 58.7784 36.5548 22.6
    endloop
  endfacet
  facet normal 0 0 1
    outer loop
      vertex 58.6916 38.3743 22.6
      vertex 58.4632 36.6393 22.6
      vertex 58.6235 36.6074 22.6
    endloop
  endfacet
  facet normal 0 0 1
    outer loop
      vertex 58.3 38.4 22.6
      vertex 58.4632 36.6393 22.6
      vertex 58.6916 38.3743 22.6
    endloop
  endfacet
  facet normal 0 0 1
    outer loop
      vertex 58.3 38.4 22.6
      vertex 58.3 36.65 22.6
      vertex 58.4632 36.6393 22.6
    endloop
  endfacet
  facet normal 0 0 1
    outer loop
      vertex 58.3 38.4 22.6
      vertex 58.1368 36.6393 22.6
      vertex 58.3 36.65 22.6
    endloop
  endfacet
  facet normal -0 0 1
    outer loop
      vertex 57.9084 38.3743 22.6
      vertex 58.1368 36.6393 22.6
      vertex 58.3 38.4 22.6
    endloop
  endfacet
  facet normal 0 0 1
    outer loop
      vertex 58.1368 36.6393 22.6
      vertex 57.9084 38.3743 22.6
      vertex 57.9765 36.6074 22.6
    endloop
  endfacet
  facet normal -0 0 1
    outer loop
      vertex 57.5235 38.2978 22.6
      vertex 57.9765 36.6074 22.6
      vertex 57.9084 38.3743 22.6
    endloop
  endfacet
  facet normal 0 0 1
    outer loop
      vertex 57.9765 36.6074 22.6
      vertex 57.5235 38.2978 22.6
      vertex 57.8216 36.5548 22.6
    endloop
  endfacet
  facet normal -0 0 1
    outer loop
      vertex 57.152 38.1716 22.6
      vertex 57.8216 36.5548 22.6
      vertex 57.5235 38.2978 22.6
    endloop
  endfacet
  facet normal 0 0 1
    outer loop
      vertex 57.8216 36.5548 22.6
      vertex 57.152 38.1716 22.6
      vertex 57.675 36.4825 22.6
    endloop
  endfacet
  facet normal -0 0 1
    outer loop
      vertex 56.8 37.9981 22.6
      vertex 57.675 36.4825 22.6
      vertex 57.152 38.1716 22.6
    endloop
  endfacet
  facet normal 0 0 1
    outer loop
      vertex 57.675 36.4825 22.6
      vertex 56.8 37.9981 22.6
      vertex 57.539 36.3917 22.6
    endloop
  endfacet
  facet normal -0 0 1
    outer loop
      vertex 56.4737 37.7801 22.6
      vertex 57.539 36.3917 22.6
      vertex 56.8 37.9981 22.6
    endloop
  endfacet
  facet normal 0 0 1
    outer loop
      vertex 57.539 36.3917 22.6
      vertex 56.4737 37.7801 22.6
      vertex 57.4161 36.2839 22.6
    endloop
  endfacet
  facet normal -0 0 1
    outer loop
      vertex 56.1787 37.5213 22.6
      vertex 57.4161 36.2839 22.6
      vertex 56.4737 37.7801 22.6
    endloop
  endfacet
  facet normal 0 0 1
    outer loop
      vertex 57.4161 36.2839 22.6
      vertex 56.1787 37.5213 22.6
      vertex 57.3083 36.1609 22.6
    endloop
  endfacet
  facet normal -0 0 1
    outer loop
      vertex 55.9199 37.2263 22.6
      vertex 57.3083 36.1609 22.6
      vertex 56.1787 37.5213 22.6
    endloop
  endfacet
  facet normal 0 0 1
    outer loop
      vertex 57.3083 36.1609 22.6
      vertex 55.9199 37.2263 22.6
      vertex 57.2175 36.025 22.6
    endloop
  endfacet
  facet normal -0 0 1
    outer loop
      vertex 55.7019 36.9 22.6
      vertex 57.2175 36.025 22.6
      vertex 55.9199 37.2263 22.6
    endloop
  endfacet
  facet normal 0 0 1
    outer loop
      vertex 60.8981 33.9 22.6
      vertex 59.3825 34.775 22.6
      vertex 60.6801 33.5737 22.6
    endloop
  endfacet
  facet normal -0 0 1
    outer loop
      vertex 59.2917 34.639 22.6
      vertex 60.6801 33.5737 22.6
      vertex 59.3825 34.775 22.6
    endloop
  endfacet
  facet normal 0 0 1
    outer loop
      vertex 60.6801 33.5737 22.6
      vertex 59.2917 34.639 22.6
      vertex 60.4213 33.2787 22.6
    endloop
  endfacet
  facet normal -0 0 1
    outer loop
      vertex 59.1839 34.5161 22.6
      vertex 60.4213 33.2787 22.6
      vertex 59.2917 34.639 22.6
    endloop
  endfacet
  facet normal 0 0 1
    outer loop
      vertex 60.4213 33.2787 22.6
      vertex 59.1839 34.5161 22.6
      vertex 60.1263 33.0199 22.6
    endloop
  endfacet
  facet normal -0 0 1
    outer loop
      vertex 59.061 34.4083 22.6
      vertex 60.1263 33.0199 22.6
      vertex 59.1839 34.5161 22.6
    endloop
  endfacet
  facet normal 0 0 1
    outer loop
      vertex 60.1263 33.0199 22.6
      vertex 59.061 34.4083 22.6
      vertex 59.8 32.8019 22.6
    endloop
  endfacet
  facet normal -0 0 1
    outer loop
      vertex 58.925 34.3175 22.6
      vertex 59.8 32.8019 22.6
      vertex 59.061 34.4083 22.6
    endloop
  endfacet
  facet normal 0 0 1
    outer loop
      vertex 59.8 32.8019 22.6
      vertex 58.925 34.3175 22.6
      vertex 59.448 32.6284 22.6
    endloop
  endfacet
  facet normal -0 0 1
    outer loop
      vertex 58.7784 34.2452 22.6
      vertex 59.448 32.6284 22.6
      vertex 58.925 34.3175 22.6
    endloop
  endfacet
  facet normal 0 0 1
    outer loop
      vertex 59.448 32.6284 22.6
      vertex 58.7784 34.2452 22.6
      vertex 59.0765 32.5022 22.6
    endloop
  endfacet
  facet normal -0 0 1
    outer loop
      vertex 58.6235 34.1926 22.6
      vertex 59.0765 32.5022 22.6
      vertex 58.7784 34.2452 22.6
    endloop
  endfacet
  facet normal 0 0 1
    outer loop
      vertex 59.0765 32.5022 22.6
      vertex 58.6235 34.1926 22.6
      vertex 58.6916 32.4257 22.6
    endloop
  endfacet
  facet normal -0 0 1
    outer loop
      vertex 58.4632 34.1607 22.6
      vertex 58.6916 32.4257 22.6
      vertex 58.6235 34.1926 22.6
    endloop
  endfacet
  facet normal -0 0 1
    outer loop
      vertex 58.3 34.15 22.6
      vertex 58.6916 32.4257 22.6
      vertex 58.4632 34.1607 22.6
    endloop
  endfacet
  facet normal 0 0 1
    outer loop
      vertex 58.3 34.15 22.6
      vertex 58.3 32.4 22.6
      vertex 58.6916 32.4257 22.6
    endloop
  endfacet
  facet normal 0 0 1
    outer loop
      vertex 58.1368 34.1607 22.6
      vertex 58.3 32.4 22.6
      vertex 58.3 34.15 22.6
    endloop
  endfacet
  facet normal 0 0 1
    outer loop
      vertex 57.9084 32.4257 22.6
      vertex 58.1368 34.1607 22.6
      vertex 57.9765 34.1926 22.6
    endloop
  endfacet
  facet normal 0 0 1
    outer loop
      vertex 58.1368 34.1607 22.6
      vertex 57.9084 32.4257 22.6
      vertex 58.3 32.4 22.6
    endloop
  endfacet
  facet normal 0 0 1
    outer loop
      vertex 57.5235 32.5022 22.6
      vertex 57.9765 34.1926 22.6
      vertex 57.8216 34.2452 22.6
    endloop
  endfacet
  facet normal 0 0 1
    outer loop
      vertex 57.152 32.6284 22.6
      vertex 57.8216 34.2452 22.6
      vertex 57.675 34.3175 22.6
    endloop
  endfacet
  facet normal 0 0 1
    outer loop
      vertex 56.8 32.8019 22.6
      vertex 57.675 34.3175 22.6
      vertex 57.539 34.4083 22.6
    endloop
  endfacet
  facet normal 0 0 1
    outer loop
      vertex 57.9765 34.1926 22.6
      vertex 57.5235 32.5022 22.6
      vertex 57.9084 32.4257 22.6
    endloop
  endfacet
  facet normal 0 0 1
    outer loop
      vertex 56.4737 33.0199 22.6
      vertex 57.539 34.4083 22.6
      vertex 57.4161 34.5161 22.6
    endloop
  endfacet
  facet normal 0 0 1
    outer loop
      vertex 56.1787 33.2787 22.6
      vertex 57.4161 34.5161 22.6
      vertex 57.3083 34.639 22.6
    endloop
  endfacet
  facet normal 0 0 1
    outer loop
      vertex 55.9199 33.5737 22.6
      vertex 57.3083 34.639 22.6
      vertex 57.2175 34.775 22.6
    endloop
  endfacet
  facet normal 0 0 1
    outer loop
      vertex 57.8216 34.2452 22.6
      vertex 57.152 32.6284 22.6
      vertex 57.5235 32.5022 22.6
    endloop
  endfacet
  facet normal 0 0 1
    outer loop
      vertex 55.7019 33.9 22.6
      vertex 57.2175 34.775 22.6
      vertex 57.1451 34.9216 22.6
    endloop
  endfacet
  facet normal 0 0 1
    outer loop
      vertex 55.5284 34.2519 22.6
      vertex 57.1451 34.9216 22.6
      vertex 57.0926 35.0765 22.6
    endloop
  endfacet
  facet normal 0 0 1
    outer loop
      vertex 55.4022 34.6235 22.6
      vertex 57.0926 35.0765 22.6
      vertex 57.0607 35.2368 22.6
    endloop
  endfacet
  facet normal 0 0 1
    outer loop
      vertex 55.3257 35.0084 22.6
      vertex 57.0607 35.2368 22.6
      vertex 57.05 35.4 22.6
    endloop
  endfacet
  facet normal 0 0 1
    outer loop
      vertex 57.2175 36.025 22.6
      vertex 55.7019 36.9 22.6
      vertex 57.1451 35.8784 22.6
    endloop
  endfacet
  facet normal 0 0 1
    outer loop
      vertex 57.675 34.3175 22.6
      vertex 56.8 32.8019 22.6
      vertex 57.152 32.6284 22.6
    endloop
  endfacet
  facet normal -0 0 1
    outer loop
      vertex 55.5284 36.548 22.6
      vertex 57.1451 35.8784 22.6
      vertex 55.7019 36.9 22.6
    endloop
  endfacet
  facet normal 0 0 1
    outer loop
      vertex 57.539 34.4083 22.6
      vertex 56.4737 33.0199 22.6
      vertex 56.8 32.8019 22.6
    endloop
  endfacet
  facet normal 0 0 1
    outer loop
      vertex 57.1451 35.8784 22.6
      vertex 55.5284 36.548 22.6
      vertex 57.0926 35.7235 22.6
    endloop
  endfacet
  facet normal 0 0 1
    outer loop
      vertex 57.4161 34.5161 22.6
      vertex 56.1787 33.2787 22.6
      vertex 56.4737 33.0199 22.6
    endloop
  endfacet
  facet normal -0 0 1
    outer loop
      vertex 55.4022 36.1765 22.6
      vertex 57.0926 35.7235 22.6
      vertex 55.5284 36.548 22.6
    endloop
  endfacet
  facet normal 0 0 1
    outer loop
      vertex 57.3083 34.639 22.6
      vertex 55.9199 33.5737 22.6
      vertex 56.1787 33.2787 22.6
    endloop
  endfacet
  facet normal 0 0 1
    outer loop
      vertex 57.0926 35.7235 22.6
      vertex 55.4022 36.1765 22.6
      vertex 57.0607 35.5632 22.6
    endloop
  endfacet
  facet normal 0 0 1
    outer loop
      vertex 57.2175 34.775 22.6
      vertex 55.7019 33.9 22.6
      vertex 55.9199 33.5737 22.6
    endloop
  endfacet
  facet normal -0 0 1
    outer loop
      vertex 55.3257 35.7916 22.6
      vertex 57.0607 35.5632 22.6
      vertex 55.4022 36.1765 22.6
    endloop
  endfacet
  facet normal 0 0 1
    outer loop
      vertex 57.1451 34.9216 22.6
      vertex 55.5284 34.2519 22.6
      vertex 55.7019 33.9 22.6
    endloop
  endfacet
  facet normal 0 0 1
    outer loop
      vertex 57.0607 35.5632 22.6
      vertex 55.3257 35.7916 22.6
      vertex 57.05 35.4 22.6
    endloop
  endfacet
  facet normal 0 0 1
    outer loop
      vertex 57.0926 35.0765 22.6
      vertex 55.4022 34.6235 22.6
      vertex 55.5284 34.2519 22.6
    endloop
  endfacet
  facet normal 0 0 1
    outer loop
      vertex 55.3 35.4 22.6
      vertex 57.05 35.4 22.6
      vertex 55.3257 35.7916 22.6
    endloop
  endfacet
  facet normal 0 0 1
    outer loop
      vertex 57.0607 35.2368 22.6
      vertex 55.3257 35.0084 22.6
      vertex 55.4022 34.6235 22.6
    endloop
  endfacet
  facet normal 0 0 1
    outer loop
      vertex 57.05 35.4 22.6
      vertex 55.3 35.4 22.6
      vertex 55.3257 35.0084 22.6
    endloop
  endfacet
  facet normal -0.555523 0.831501 0
    outer loop
      vertex 56.8 37.9981 2
      vertex 56.4737 37.7801 22.6
      vertex 56.8 37.9981 22.6
    endloop
  endfacet
  facet normal -0.555523 0.831501 0
    outer loop
      vertex 56.4737 37.7801 22.6
      vertex 56.8 37.9981 2
      vertex 56.4737 37.7801 2
    endloop
  endfacet
  facet normal -0.0654873 0.997853 0
    outer loop
      vertex 58.3 38.4 2
      vertex 57.9084 38.3743 22.6
      vertex 58.3 38.4 22.6
    endloop
  endfacet
  facet normal -0.0654873 0.997853 0
    outer loop
      vertex 57.9084 38.3743 22.6
      vertex 58.3 38.4 2
      vertex 57.9084 38.3743 2
    endloop
  endfacet
  facet normal 0.997853 -0.0654873 0
    outer loop
      vertex 61.2743 35.0084 22.6
      vertex 61.3 35.4 2
      vertex 61.3 35.4 22.6
    endloop
  endfacet
  facet normal 0.997853 -0.0654873 0
    outer loop
      vertex 61.3 35.4 2
      vertex 61.2743 35.0084 22.6
      vertex 61.2743 35.0084 2
    endloop
  endfacet
  facet normal 0.0654873 -0.997853 0
    outer loop
      vertex 58.3 32.4 6
      vertex 58.6916 32.4257 22.6
      vertex 58.3 32.4 22.6
    endloop
  endfacet
  facet normal 0.0654873 -0.997853 0
    outer loop
      vertex 58.6916 32.4257 22.6
      vertex 58.3 32.4 6
      vertex 58.6916 32.4257 6
    endloop
  endfacet
  facet normal 0.321651 -0.946858 0
    outer loop
      vertex 59.0765 32.5022 6
      vertex 59.448 32.6284 22.6
      vertex 59.0765 32.5022 22.6
    endloop
  endfacet
  facet normal 0.321618 -0.94687 8.38977e-07
    outer loop
      vertex 59.3029 32.5791 6
      vertex 59.448 32.6284 22.6
      vertex 59.0765 32.5022 6
    endloop
  endfacet
  facet normal 0.321704 -0.94684 0
    outer loop
      vertex 59.448 32.6284 2
      vertex 59.3029 32.5791 6
      vertex 59.3029 32.5791 2
    endloop
  endfacet
  facet normal 0.321704 -0.94684 0
    outer loop
      vertex 59.3029 32.5791 6
      vertex 59.448 32.6284 2
      vertex 59.448 32.6284 22.6
    endloop
  endfacet
  facet normal 0.555523 -0.831501 0
    outer loop
      vertex 59.8 32.8019 2
      vertex 60.1263 33.0199 22.6
      vertex 59.8 32.8019 22.6
    endloop
  endfacet
  facet normal 0.555523 -0.831501 0
    outer loop
      vertex 60.1263 33.0199 22.6
      vertex 59.8 32.8019 2
      vertex 60.1263 33.0199 2
    endloop
  endfacet
  facet normal 0.751724 -0.659478 0
    outer loop
      vertex 60.4213 33.2787 22.6
      vertex 60.6801 33.5737 2
      vertex 60.6801 33.5737 22.6
    endloop
  endfacet
  facet normal 0.751724 -0.659478 0
    outer loop
      vertex 60.6801 33.5737 2
      vertex 60.4213 33.2787 22.6
      vertex 60.4213 33.2787 2
    endloop
  endfacet
  facet normal 0.896911 -0.442211 0
    outer loop
      vertex 60.8981 33.9 22.6
      vertex 61.0716 34.2519 2
      vertex 61.0716 34.2519 22.6
    endloop
  endfacet
  facet normal 0.896911 -0.442211 0
    outer loop
      vertex 61.0716 34.2519 2
      vertex 60.8981 33.9 22.6
      vertex 60.8981 33.9 2
    endloop
  endfacet
  facet normal -0.659478 -0.751724 0
    outer loop
      vertex 56.1787 33.2787 2
      vertex 56.4737 33.0199 22.6
      vertex 56.1787 33.2787 22.6
    endloop
  endfacet
  facet normal -0.659478 -0.751724 -0
    outer loop
      vertex 56.4737 33.0199 22.6
      vertex 56.1787 33.2787 2
      vertex 56.4737 33.0199 2
    endloop
  endfacet
  facet normal -0.44211 -0.896961 0
    outer loop
      vertex 56.8 32.8019 6
      vertex 57.152 32.6284 22.6
      vertex 56.8 32.8019 22.6
    endloop
  endfacet
  facet normal -0.44211 -0.896961 -0
    outer loop
      vertex 57.152 32.6284 22.6
      vertex 56.8 32.8019 6
      vertex 57.152 32.6284 6
    endloop
  endfacet
  facet normal -0.19494 -0.980815 0
    outer loop
      vertex 57.5235 32.5022 6
      vertex 57.9084 32.4257 22.6
      vertex 57.5235 32.5022 22.6
    endloop
  endfacet
  facet normal -0.19494 -0.980815 -0
    outer loop
      vertex 57.9084 32.4257 22.6
      vertex 57.5235 32.5022 6
      vertex 57.9084 32.4257 6
    endloop
  endfacet
  facet normal -0.831501 -0.555523 0
    outer loop
      vertex 55.9199 33.5737 2
      vertex 55.7019 33.9 22.6
      vertex 55.7019 33.9 2
    endloop
  endfacet
  facet normal -0.831501 -0.555523 0
    outer loop
      vertex 55.7019 33.9 22.6
      vertex 55.9199 33.5737 2
      vertex 55.9199 33.5737 22.6
    endloop
  endfacet
  facet normal -0.946885 -0.321574 0
    outer loop
      vertex 55.5284 34.2519 2
      vertex 55.4022 34.6235 22.6
      vertex 55.4022 34.6235 2
    endloop
  endfacet
  facet normal -0.946885 -0.321574 0
    outer loop
      vertex 55.4022 34.6235 22.6
      vertex 55.5284 34.2519 2
      vertex 55.5284 34.2519 22.6
    endloop
  endfacet
  facet normal -0.997853 -0.0654873 0
    outer loop
      vertex 55.3257 35.0084 2
      vertex 55.3 35.4 22.6
      vertex 55.3 35.4 2
    endloop
  endfacet
  facet normal -0.997853 -0.0654873 0
    outer loop
      vertex 55.3 35.4 22.6
      vertex 55.3257 35.0084 2
      vertex 55.3257 35.0084 22.6
    endloop
  endfacet
  facet normal 0.19494 -0.980815 0
    outer loop
      vertex 58.6916 32.4257 6
      vertex 59.0765 32.5022 22.6
      vertex 58.6916 32.4257 22.6
    endloop
  endfacet
  facet normal 0.19494 -0.980815 0
    outer loop
      vertex 59.0765 32.5022 22.6
      vertex 58.6916 32.4257 6
      vertex 59.0765 32.5022 6
    endloop
  endfacet
  facet normal 0.659478 -0.751724 0
    outer loop
      vertex 60.1263 33.0199 2
      vertex 60.4213 33.2787 22.6
      vertex 60.1263 33.0199 22.6
    endloop
  endfacet
  facet normal 0.659478 -0.751724 0
    outer loop
      vertex 60.4213 33.2787 22.6
      vertex 60.1263 33.0199 2
      vertex 60.4213 33.2787 2
    endloop
  endfacet
  facet normal 0.831501 -0.555523 0
    outer loop
      vertex 60.6801 33.5737 22.6
      vertex 60.8981 33.9 2
      vertex 60.8981 33.9 22.6
    endloop
  endfacet
  facet normal 0.831501 -0.555523 0
    outer loop
      vertex 60.8981 33.9 2
      vertex 60.6801 33.5737 22.6
      vertex 60.6801 33.5737 2
    endloop
  endfacet
  facet normal 0.980815 -0.19494 0
    outer loop
      vertex 61.1978 34.6235 22.6
      vertex 61.2743 35.0084 2
      vertex 61.2743 35.0084 22.6
    endloop
  endfacet
  facet normal 0.980815 -0.19494 0
    outer loop
      vertex 61.2743 35.0084 2
      vertex 61.1978 34.6235 22.6
      vertex 61.1978 34.6235 2
    endloop
  endfacet
  facet normal 0.946885 -0.321574 0
    outer loop
      vertex 61.0716 34.2519 22.6
      vertex 61.1978 34.6235 2
      vertex 61.1978 34.6235 22.6
    endloop
  endfacet
  facet normal 0.946885 -0.321574 0
    outer loop
      vertex 61.1978 34.6235 2
      vertex 61.0716 34.2519 22.6
      vertex 61.0716 34.2519 2
    endloop
  endfacet
  facet normal -0.555523 -0.831501 -1.91888e-06
    outer loop
      vertex 56.4737 33.0199 22.6
      vertex 56.5471 32.9709 6
      vertex 56.8 32.8019 22.6
    endloop
  endfacet
  facet normal -0.555223 -0.831701 0
    outer loop
      vertex 56.4737 33.0199 2
      vertex 56.5471 32.9709 6
      vertex 56.4737 33.0199 22.6
    endloop
  endfacet
  facet normal -0.555223 -0.831701 -0
    outer loop
      vertex 56.5471 32.9709 6
      vertex 56.4737 33.0199 2
      vertex 56.5471 32.9709 2
    endloop
  endfacet
  facet normal -0.55561 -0.831443 -0
    outer loop
      vertex 56.8 32.8019 22.6
      vertex 56.5471 32.9709 6
      vertex 56.8 32.8019 6
    endloop
  endfacet
  facet normal -0.0654873 -0.997853 0
    outer loop
      vertex 57.9084 32.4257 6
      vertex 58.3 32.4 22.6
      vertex 57.9084 32.4257 22.6
    endloop
  endfacet
  facet normal -0.0654873 -0.997853 -0
    outer loop
      vertex 58.3 32.4 22.6
      vertex 57.9084 32.4257 6
      vertex 58.3 32.4 6
    endloop
  endfacet
  facet normal -0.751724 -0.659478 0
    outer loop
      vertex 56.1787 33.2787 2
      vertex 55.9199 33.5737 22.6
      vertex 55.9199 33.5737 2
    endloop
  endfacet
  facet normal -0.751724 -0.659478 0
    outer loop
      vertex 55.9199 33.5737 22.6
      vertex 56.1787 33.2787 2
      vertex 56.1787 33.2787 22.6
    endloop
  endfacet
  facet normal -0.980815 -0.19494 0
    outer loop
      vertex 55.4022 34.6235 2
      vertex 55.3257 35.0084 22.6
      vertex 55.3257 35.0084 2
    endloop
  endfacet
  facet normal -0.980815 -0.19494 0
    outer loop
      vertex 55.3257 35.0084 22.6
      vertex 55.4022 34.6235 2
      vertex 55.4022 34.6235 22.6
    endloop
  endfacet
  facet normal -0.997858 -0.0654233 0
    outer loop
      vertex 59.55 35.4 3
      vertex 59.5393 35.5632 22.6
      vertex 59.5393 35.5632 3
    endloop
  endfacet
  facet normal -0.997858 -0.0654233 0
    outer loop
      vertex 59.5393 35.5632 22.6
      vertex 59.55 35.4 3
      vertex 59.55 35.4 22.6
    endloop
  endfacet
  facet normal 0.997858 -0.0654233 0
    outer loop
      vertex 57.05 35.4 22.6
      vertex 57.0607 35.5632 3
      vertex 57.0607 35.5632 22.6
    endloop
  endfacet
  facet normal 0.997858 -0.0654233 0
    outer loop
      vertex 57.0607 35.5632 3
      vertex 57.05 35.4 22.6
      vertex 57.05 35.4 3
    endloop
  endfacet
  facet normal -0.0654233 -0.997858 0
    outer loop
      vertex 58.3 36.65 3
      vertex 58.4632 36.6393 22.6
      vertex 58.3 36.65 22.6
    endloop
  endfacet
  facet normal -0.0654233 -0.997858 -0
    outer loop
      vertex 58.4632 36.6393 22.6
      vertex 58.3 36.65 3
      vertex 58.4632 36.6393 3
    endloop
  endfacet
  facet normal -0.752046 -0.65911 0
    outer loop
      vertex 59.2917 36.1609 3
      vertex 59.1839 36.2839 22.6
      vertex 59.1839 36.2839 3
    endloop
  endfacet
  facet normal -0.752046 -0.65911 0
    outer loop
      vertex 59.1839 36.2839 22.6
      vertex 59.2917 36.1609 3
      vertex 59.2917 36.1609 22.6
    endloop
  endfacet
  facet normal 0.659414 -0.75178 0
    outer loop
      vertex 57.4161 36.2839 3
      vertex 57.539 36.3917 22.6
      vertex 57.4161 36.2839 22.6
    endloop
  endfacet
  facet normal 0.659414 -0.75178 0
    outer loop
      vertex 57.539 36.3917 22.6
      vertex 57.4161 36.2839 3
      vertex 57.539 36.3917 3
    endloop
  endfacet
  facet normal 0.321541 -0.946896 0
    outer loop
      vertex 57.8216 36.5548 3
      vertex 57.9765 36.6074 22.6
      vertex 57.8216 36.5548 22.6
    endloop
  endfacet
  facet normal 0.321541 -0.946896 0
    outer loop
      vertex 57.9765 36.6074 22.6
      vertex 57.8216 36.5548 3
      vertex 57.9765 36.6074 3
    endloop
  endfacet
  facet normal 0.831674 0.555265 0
    outer loop
      vertex 57.3083 34.639 22.6
      vertex 57.2175 34.775 3
      vertex 57.2175 34.775 22.6
    endloop
  endfacet
  facet normal 0.831674 0.555265 0
    outer loop
      vertex 57.2175 34.775 3
      vertex 57.3083 34.639 22.6
      vertex 57.3083 34.639 3
    endloop
  endfacet
  facet normal -0.946896 -0.321541 0
    outer loop
      vertex 59.5074 35.7235 3
      vertex 59.4548 35.8784 22.6
      vertex 59.4548 35.8784 3
    endloop
  endfacet
  facet normal -0.946896 -0.321541 0
    outer loop
      vertex 59.4548 35.8784 22.6
      vertex 59.5074 35.7235 3
      vertex 59.5074 35.7235 22.6
    endloop
  endfacet
  facet normal -0.980768 -0.195175 0
    outer loop
      vertex 59.5393 35.5632 3
      vertex 59.5074 35.7235 22.6
      vertex 59.5074 35.7235 3
    endloop
  endfacet
  facet normal -0.980768 -0.195175 0
    outer loop
      vertex 59.5074 35.7235 22.6
      vertex 59.5393 35.5632 3
      vertex 59.5393 35.5632 22.6
    endloop
  endfacet
  facet normal -0.896861 -0.442313 0
    outer loop
      vertex 59.4548 35.8784 3
      vertex 59.3825 36.025 22.6
      vertex 59.3825 36.025 3
    endloop
  endfacet
  facet normal -0.896861 -0.442313 0
    outer loop
      vertex 59.3825 36.025 22.6
      vertex 59.4548 35.8784 3
      vertex 59.4548 35.8784 22.6
    endloop
  endfacet
  facet normal -0.442313 -0.896861 0
    outer loop
      vertex 58.7784 36.5548 3
      vertex 58.925 36.4825 22.6
      vertex 58.7784 36.5548 22.6
    endloop
  endfacet
  facet normal -0.442313 -0.896861 -0
    outer loop
      vertex 58.925 36.4825 22.6
      vertex 58.7784 36.5548 3
      vertex 58.925 36.4825 3
    endloop
  endfacet
  facet normal -0.321541 -0.946896 0
    outer loop
      vertex 58.6235 36.6074 3
      vertex 58.7784 36.5548 22.6
      vertex 58.6235 36.6074 22.6
    endloop
  endfacet
  facet normal -0.321541 -0.946896 -0
    outer loop
      vertex 58.7784 36.5548 22.6
      vertex 58.6235 36.6074 3
      vertex 58.7784 36.5548 3
    endloop
  endfacet
  facet normal -0.659414 -0.75178 0
    outer loop
      vertex 59.061 36.3917 3
      vertex 59.1839 36.2839 22.6
      vertex 59.061 36.3917 22.6
    endloop
  endfacet
  facet normal -0.659414 -0.75178 -0
    outer loop
      vertex 59.1839 36.2839 22.6
      vertex 59.061 36.3917 3
      vertex 59.1839 36.2839 3
    endloop
  endfacet
  facet normal 0.896618 -0.442805 0
    outer loop
      vertex 57.1451 35.8784 22.6
      vertex 57.2175 36.025 3
      vertex 57.2175 36.025 22.6
    endloop
  endfacet
  facet normal 0.896618 -0.442805 0
    outer loop
      vertex 57.2175 36.025 3
      vertex 57.1451 35.8784 22.6
      vertex 57.1451 35.8784 3
    endloop
  endfacet
  facet normal 0.831485 -0.555547 0
    outer loop
      vertex 57.2175 36.025 22.6
      vertex 57.3083 36.1609 3
      vertex 57.3083 36.1609 22.6
    endloop
  endfacet
  facet normal 0.831485 -0.555547 0
    outer loop
      vertex 57.3083 36.1609 3
      vertex 57.2175 36.025 22.6
      vertex 57.2175 36.025 3
    endloop
  endfacet
  facet normal 0.947082 -0.320993 0
    outer loop
      vertex 57.0926 35.7235 22.6
      vertex 57.1451 35.8784 3
      vertex 57.1451 35.8784 22.6
    endloop
  endfacet
  facet normal 0.947082 -0.320993 0
    outer loop
      vertex 57.1451 35.8784 3
      vertex 57.0926 35.7235 22.6
      vertex 57.0926 35.7235 3
    endloop
  endfacet
  facet normal 0.442313 -0.896861 0
    outer loop
      vertex 57.675 36.4825 3
      vertex 57.8216 36.5548 22.6
      vertex 57.675 36.4825 22.6
    endloop
  endfacet
  facet normal 0.442313 -0.896861 0
    outer loop
      vertex 57.8216 36.5548 22.6
      vertex 57.675 36.4825 3
      vertex 57.8216 36.5548 3
    endloop
  endfacet
  facet normal 0.0654233 -0.997858 0
    outer loop
      vertex 58.1368 36.6393 3
      vertex 58.3 36.65 22.6
      vertex 58.1368 36.6393 22.6
    endloop
  endfacet
  facet normal 0.0654233 -0.997858 0
    outer loop
      vertex 58.3 36.65 22.6
      vertex 58.1368 36.6393 3
      vertex 58.3 36.65 3
    endloop
  endfacet
  facet normal -0.997858 0.0654233 0
    outer loop
      vertex 59.5393 35.2368 3
      vertex 59.55 35.4 22.6
      vertex 59.55 35.4 3
    endloop
  endfacet
  facet normal -0.997858 0.0654233 0
    outer loop
      vertex 59.55 35.4 22.6
      vertex 59.5393 35.2368 3
      vertex 59.5393 35.2368 22.6
    endloop
  endfacet
  facet normal -0.659414 0.75178 0
    outer loop
      vertex 59.1839 34.5161 3
      vertex 59.061 34.4083 22.6
      vertex 59.1839 34.5161 22.6
    endloop
  endfacet
  facet normal -0.659414 0.75178 0
    outer loop
      vertex 59.061 34.4083 22.6
      vertex 59.1839 34.5161 3
      vertex 59.061 34.4083 3
    endloop
  endfacet
  facet normal -0.442313 0.896861 0
    outer loop
      vertex 58.925 34.3175 3
      vertex 58.7784 34.2452 22.6
      vertex 58.925 34.3175 22.6
    endloop
  endfacet
  facet normal -0.442313 0.896861 0
    outer loop
      vertex 58.7784 34.2452 22.6
      vertex 58.925 34.3175 3
      vertex 58.7784 34.2452 3
    endloop
  endfacet
  facet normal -0.896861 0.442313 0
    outer loop
      vertex 59.3825 34.775 3
      vertex 59.4548 34.9216 22.6
      vertex 59.4548 34.9216 3
    endloop
  endfacet
  facet normal -0.896861 0.442313 0
    outer loop
      vertex 59.4548 34.9216 22.6
      vertex 59.3825 34.775 3
      vertex 59.3825 34.775 22.6
    endloop
  endfacet
  facet normal -0.980768 0.195175 0
    outer loop
      vertex 59.5074 35.0765 3
      vertex 59.5393 35.2368 22.6
      vertex 59.5393 35.2368 3
    endloop
  endfacet
  facet normal -0.980768 0.195175 0
    outer loop
      vertex 59.5393 35.2368 22.6
      vertex 59.5074 35.0765 3
      vertex 59.5074 35.0765 22.6
    endloop
  endfacet
  facet normal 0.321541 0.946896 -0
    outer loop
      vertex 57.9765 34.1926 3
      vertex 57.8216 34.2452 22.6
      vertex 57.9765 34.1926 22.6
    endloop
  endfacet
  facet normal 0.321541 0.946896 0
    outer loop
      vertex 57.8216 34.2452 22.6
      vertex 57.9765 34.1926 3
      vertex 57.8216 34.2452 3
    endloop
  endfacet
  facet normal 0.442313 0.896861 -0
    outer loop
      vertex 57.8216 34.2452 3
      vertex 57.675 34.3175 22.6
      vertex 57.8216 34.2452 22.6
    endloop
  endfacet
  facet normal 0.442313 0.896861 0
    outer loop
      vertex 57.675 34.3175 22.6
      vertex 57.8216 34.2452 3
      vertex 57.675 34.3175 3
    endloop
  endfacet
  facet normal 0.980768 0.195175 0
    outer loop
      vertex 57.0926 35.0765 22.6
      vertex 57.0607 35.2368 3
      vertex 57.0607 35.2368 22.6
    endloop
  endfacet
  facet normal 0.980768 0.195175 0
    outer loop
      vertex 57.0607 35.2368 3
      vertex 57.0926 35.0765 22.6
      vertex 57.0926 35.0765 3
    endloop
  endfacet
  facet normal 0.896618 0.442805 0
    outer loop
      vertex 57.2175 34.775 22.6
      vertex 57.1451 34.9216 3
      vertex 57.1451 34.9216 22.6
    endloop
  endfacet
  facet normal 0.896618 0.442805 0
    outer loop
      vertex 57.1451 34.9216 3
      vertex 57.2175 34.775 22.6
      vertex 57.2175 34.775 3
    endloop
  endfacet
  facet normal 0 0 1
    outer loop
      vertex 59.5393 35.5632 3
      vertex 59.5393 35.2368 3
      vertex 59.55 35.4 3
    endloop
  endfacet
  facet normal 0 0 1
    outer loop
      vertex 59.5074 35.7235 3
      vertex 59.5393 35.2368 3
      vertex 59.5393 35.5632 3
    endloop
  endfacet
  facet normal 0 0 1
    outer loop
      vertex 59.5074 35.7235 3
      vertex 59.5074 35.0765 3
      vertex 59.5393 35.2368 3
    endloop
  endfacet
  facet normal 0 0 1
    outer loop
      vertex 59.4548 35.8784 3
      vertex 59.5074 35.0765 3
      vertex 59.5074 35.7235 3
    endloop
  endfacet
  facet normal 0 0 1
    outer loop
      vertex 59.4548 35.8784 3
      vertex 59.4548 34.9216 3
      vertex 59.5074 35.0765 3
    endloop
  endfacet
  facet normal 0 0 1
    outer loop
      vertex 59.3825 36.025 3
      vertex 59.4548 34.9216 3
      vertex 59.4548 35.8784 3
    endloop
  endfacet
  facet normal 0 0 1
    outer loop
      vertex 59.3825 36.025 3
      vertex 59.3825 34.775 3
      vertex 59.4548 34.9216 3
    endloop
  endfacet
  facet normal 0 0 1
    outer loop
      vertex 59.2917 36.1609 3
      vertex 59.3825 34.775 3
      vertex 59.3825 36.025 3
    endloop
  endfacet
  facet normal 0 0 1
    outer loop
      vertex 59.2917 36.1609 3
      vertex 59.2917 34.639 3
      vertex 59.3825 34.775 3
    endloop
  endfacet
  facet normal 0 0 1
    outer loop
      vertex 59.1839 36.2839 3
      vertex 59.2917 34.639 3
      vertex 59.2917 36.1609 3
    endloop
  endfacet
  facet normal 0 0 1
    outer loop
      vertex 59.1839 36.2839 3
      vertex 59.1839 34.5161 3
      vertex 59.2917 34.639 3
    endloop
  endfacet
  facet normal 0 0 1
    outer loop
      vertex 59.061 36.3917 3
      vertex 59.1839 34.5161 3
      vertex 59.1839 36.2839 3
    endloop
  endfacet
  facet normal 0 0 1
    outer loop
      vertex 59.061 36.3917 3
      vertex 59.061 34.4083 3
      vertex 59.1839 34.5161 3
    endloop
  endfacet
  facet normal 0 0 1
    outer loop
      vertex 58.925 36.4825 3
      vertex 59.061 34.4083 3
      vertex 59.061 36.3917 3
    endloop
  endfacet
  facet normal 0 0 1
    outer loop
      vertex 58.925 36.4825 3
      vertex 58.925 34.3175 3
      vertex 59.061 34.4083 3
    endloop
  endfacet
  facet normal 0 0 1
    outer loop
      vertex 58.7784 36.5548 3
      vertex 58.925 34.3175 3
      vertex 58.925 36.4825 3
    endloop
  endfacet
  facet normal 0 0 1
    outer loop
      vertex 58.7784 36.5548 3
      vertex 58.7784 34.2452 3
      vertex 58.925 34.3175 3
    endloop
  endfacet
  facet normal 0 0 1
    outer loop
      vertex 58.6235 36.6074 3
      vertex 58.7784 34.2452 3
      vertex 58.7784 36.5548 3
    endloop
  endfacet
  facet normal 0 0 1
    outer loop
      vertex 58.6235 36.6074 3
      vertex 58.6235 34.1926 3
      vertex 58.7784 34.2452 3
    endloop
  endfacet
  facet normal 0 0 1
    outer loop
      vertex 58.4632 36.6393 3
      vertex 58.6235 34.1926 3
      vertex 58.6235 36.6074 3
    endloop
  endfacet
  facet normal 0 0 1
    outer loop
      vertex 58.4632 36.6393 3
      vertex 58.4632 34.1607 3
      vertex 58.6235 34.1926 3
    endloop
  endfacet
  facet normal 0 0 1
    outer loop
      vertex 58.3 36.65 3
      vertex 58.4632 34.1607 3
      vertex 58.4632 36.6393 3
    endloop
  endfacet
  facet normal 0 0 1
    outer loop
      vertex 58.3 36.65 3
      vertex 58.3 34.15 3
      vertex 58.4632 34.1607 3
    endloop
  endfacet
  facet normal -0 0 1
    outer loop
      vertex 58.1368 36.6393 3
      vertex 58.3 34.15 3
      vertex 58.3 36.65 3
    endloop
  endfacet
  facet normal 0 0 1
    outer loop
      vertex 58.1368 36.6393 3
      vertex 58.1368 34.1607 3
      vertex 58.3 34.15 3
    endloop
  endfacet
  facet normal -0 0 1
    outer loop
      vertex 57.9765 36.6074 3
      vertex 58.1368 34.1607 3
      vertex 58.1368 36.6393 3
    endloop
  endfacet
  facet normal 0 0 1
    outer loop
      vertex 57.9765 36.6074 3
      vertex 57.9765 34.1926 3
      vertex 58.1368 34.1607 3
    endloop
  endfacet
  facet normal -0 0 1
    outer loop
      vertex 57.8216 36.5548 3
      vertex 57.9765 34.1926 3
      vertex 57.9765 36.6074 3
    endloop
  endfacet
  facet normal 0 0 1
    outer loop
      vertex 57.8216 36.5548 3
      vertex 57.8216 34.2452 3
      vertex 57.9765 34.1926 3
    endloop
  endfacet
  facet normal -0 0 1
    outer loop
      vertex 57.675 36.4825 3
      vertex 57.8216 34.2452 3
      vertex 57.8216 36.5548 3
    endloop
  endfacet
  facet normal 0 0 1
    outer loop
      vertex 57.675 36.4825 3
      vertex 57.675 34.3175 3
      vertex 57.8216 34.2452 3
    endloop
  endfacet
  facet normal -0 0 1
    outer loop
      vertex 57.539 36.3917 3
      vertex 57.675 34.3175 3
      vertex 57.675 36.4825 3
    endloop
  endfacet
  facet normal 0 0 1
    outer loop
      vertex 57.539 36.3917 3
      vertex 57.539 34.4083 3
      vertex 57.675 34.3175 3
    endloop
  endfacet
  facet normal -0 0 1
    outer loop
      vertex 57.4161 36.2839 3
      vertex 57.539 34.4083 3
      vertex 57.539 36.3917 3
    endloop
  endfacet
  facet normal 0 0 1
    outer loop
      vertex 57.4161 36.2839 3
      vertex 57.4161 34.5161 3
      vertex 57.539 34.4083 3
    endloop
  endfacet
  facet normal -0 0 1
    outer loop
      vertex 57.3083 36.1609 3
      vertex 57.4161 34.5161 3
      vertex 57.4161 36.2839 3
    endloop
  endfacet
  facet normal 0 0 1
    outer loop
      vertex 57.3083 36.1609 3
      vertex 57.3083 34.639 3
      vertex 57.4161 34.5161 3
    endloop
  endfacet
  facet normal -0 0 1
    outer loop
      vertex 57.2175 36.025 3
      vertex 57.3083 34.639 3
      vertex 57.3083 36.1609 3
    endloop
  endfacet
  facet normal 0 0 1
    outer loop
      vertex 57.2175 36.025 3
      vertex 57.2175 34.775 3
      vertex 57.3083 34.639 3
    endloop
  endfacet
  facet normal -0 0 1
    outer loop
      vertex 57.1451 35.8784 3
      vertex 57.2175 34.775 3
      vertex 57.2175 36.025 3
    endloop
  endfacet
  facet normal 0 0 1
    outer loop
      vertex 57.1451 35.8784 3
      vertex 57.1451 34.9216 3
      vertex 57.2175 34.775 3
    endloop
  endfacet
  facet normal -0 0 1
    outer loop
      vertex 57.0926 35.7235 3
      vertex 57.1451 34.9216 3
      vertex 57.1451 35.8784 3
    endloop
  endfacet
  facet normal 0 0 1
    outer loop
      vertex 57.0926 35.7235 3
      vertex 57.0926 35.0765 3
      vertex 57.1451 34.9216 3
    endloop
  endfacet
  facet normal -0 0 1
    outer loop
      vertex 57.0607 35.5632 3
      vertex 57.0926 35.0765 3
      vertex 57.0926 35.7235 3
    endloop
  endfacet
  facet normal 0 0 1
    outer loop
      vertex 57.0607 35.5632 3
      vertex 57.0607 35.2368 3
      vertex 57.0926 35.0765 3
    endloop
  endfacet
  facet normal 0 -0 1
    outer loop
      vertex 57.0607 35.2368 3
      vertex 57.0607 35.5632 3
      vertex 57.05 35.4 3
    endloop
  endfacet
  facet normal 0.947082 0.320993 0
    outer loop
      vertex 57.1451 34.9216 22.6
      vertex 57.0926 35.0765 3
      vertex 57.0926 35.0765 22.6
    endloop
  endfacet
  facet normal 0.947082 0.320993 0
    outer loop
      vertex 57.0926 35.0765 3
      vertex 57.1451 34.9216 22.6
      vertex 57.1451 34.9216 3
    endloop
  endfacet
  facet normal -0.555265 -0.831674 0
    outer loop
      vertex 58.925 36.4825 3
      vertex 59.061 36.3917 22.6
      vertex 58.925 36.4825 22.6
    endloop
  endfacet
  facet normal -0.555265 -0.831674 -0
    outer loop
      vertex 59.061 36.3917 22.6
      vertex 58.925 36.4825 3
      vertex 59.061 36.3917 3
    endloop
  endfacet
  facet normal 0.195175 -0.980768 0
    outer loop
      vertex 57.9765 36.6074 3
      vertex 58.1368 36.6393 22.6
      vertex 57.9765 36.6074 22.6
    endloop
  endfacet
  facet normal 0.195175 -0.980768 0
    outer loop
      vertex 58.1368 36.6393 22.6
      vertex 57.9765 36.6074 3
      vertex 58.1368 36.6393 3
    endloop
  endfacet
  facet normal -0.321541 0.946896 0
    outer loop
      vertex 58.7784 34.2452 3
      vertex 58.6235 34.1926 22.6
      vertex 58.7784 34.2452 22.6
    endloop
  endfacet
  facet normal -0.321541 0.946896 0
    outer loop
      vertex 58.6235 34.1926 22.6
      vertex 58.7784 34.2452 3
      vertex 58.6235 34.1926 3
    endloop
  endfacet
  facet normal -0.0654233 0.997858 0
    outer loop
      vertex 58.4632 34.1607 3
      vertex 58.3 34.15 22.6
      vertex 58.4632 34.1607 22.6
    endloop
  endfacet
  facet normal -0.0654233 0.997858 0
    outer loop
      vertex 58.3 34.15 22.6
      vertex 58.4632 34.1607 3
      vertex 58.3 34.15 3
    endloop
  endfacet
  facet normal -0.195175 0.980768 0
    outer loop
      vertex 58.6235 34.1926 3
      vertex 58.4632 34.1607 22.6
      vertex 58.6235 34.1926 22.6
    endloop
  endfacet
  facet normal -0.195175 0.980768 0
    outer loop
      vertex 58.4632 34.1607 22.6
      vertex 58.6235 34.1926 3
      vertex 58.4632 34.1607 3
    endloop
  endfacet
  facet normal -0.555265 0.831674 0
    outer loop
      vertex 59.061 34.4083 3
      vertex 58.925 34.3175 22.6
      vertex 59.061 34.4083 22.6
    endloop
  endfacet
  facet normal -0.555265 0.831674 0
    outer loop
      vertex 58.925 34.3175 22.6
      vertex 59.061 34.4083 3
      vertex 58.925 34.3175 3
    endloop
  endfacet
  facet normal -0.75178 0.659414 0
    outer loop
      vertex 59.1839 34.5161 3
      vertex 59.2917 34.639 22.6
      vertex 59.2917 34.639 3
    endloop
  endfacet
  facet normal -0.75178 0.659414 0
    outer loop
      vertex 59.2917 34.639 22.6
      vertex 59.1839 34.5161 3
      vertex 59.1839 34.5161 22.6
    endloop
  endfacet
  facet normal -0.831674 0.555265 0
    outer loop
      vertex 59.2917 34.639 3
      vertex 59.3825 34.775 22.6
      vertex 59.3825 34.775 3
    endloop
  endfacet
  facet normal -0.831674 0.555265 0
    outer loop
      vertex 59.3825 34.775 22.6
      vertex 59.2917 34.639 3
      vertex 59.2917 34.639 22.6
    endloop
  endfacet
  facet normal 0.195175 0.980768 -0
    outer loop
      vertex 58.1368 34.1607 3
      vertex 57.9765 34.1926 22.6
      vertex 58.1368 34.1607 22.6
    endloop
  endfacet
  facet normal 0.195175 0.980768 0
    outer loop
      vertex 57.9765 34.1926 22.6
      vertex 58.1368 34.1607 3
      vertex 57.9765 34.1926 3
    endloop
  endfacet
  facet normal 0.659414 0.75178 -0
    outer loop
      vertex 57.539 34.4083 3
      vertex 57.4161 34.5161 22.6
      vertex 57.539 34.4083 22.6
    endloop
  endfacet
  facet normal 0.659414 0.75178 0
    outer loop
      vertex 57.4161 34.5161 22.6
      vertex 57.539 34.4083 3
      vertex 57.4161 34.5161 3
    endloop
  endfacet
  facet normal 0.0654233 0.997858 -0
    outer loop
      vertex 58.3 34.15 3
      vertex 58.1368 34.1607 22.6
      vertex 58.3 34.15 22.6
    endloop
  endfacet
  facet normal 0.0654233 0.997858 0
    outer loop
      vertex 58.1368 34.1607 22.6
      vertex 58.3 34.15 3
      vertex 58.1368 34.1607 3
    endloop
  endfacet
  facet normal 0.555265 0.831674 -0
    outer loop
      vertex 57.675 34.3175 3
      vertex 57.539 34.4083 22.6
      vertex 57.675 34.3175 22.6
    endloop
  endfacet
  facet normal 0.555265 0.831674 0
    outer loop
      vertex 57.539 34.4083 22.6
      vertex 57.675 34.3175 3
      vertex 57.539 34.4083 3
    endloop
  endfacet
  facet normal 0.75178 0.659414 0
    outer loop
      vertex 57.4161 34.5161 22.6
      vertex 57.3083 34.639 3
      vertex 57.3083 34.639 22.6
    endloop
  endfacet
  facet normal 0.75178 0.659414 0
    outer loop
      vertex 57.3083 34.639 3
      vertex 57.4161 34.5161 22.6
      vertex 57.4161 34.5161 3
    endloop
  endfacet
  facet normal 0.997858 0.0654233 0
    outer loop
      vertex 57.0607 35.2368 22.6
      vertex 57.05 35.4 3
      vertex 57.05 35.4 22.6
    endloop
  endfacet
  facet normal 0.997858 0.0654233 0
    outer loop
      vertex 57.05 35.4 3
      vertex 57.0607 35.2368 22.6
      vertex 57.0607 35.2368 3
    endloop
  endfacet
  facet normal -0.831485 -0.555547 0
    outer loop
      vertex 59.3825 36.025 3
      vertex 59.2917 36.1609 22.6
      vertex 59.2917 36.1609 3
    endloop
  endfacet
  facet normal -0.831485 -0.555547 0
    outer loop
      vertex 59.2917 36.1609 22.6
      vertex 59.3825 36.025 3
      vertex 59.3825 36.025 22.6
    endloop
  endfacet
  facet normal -0.195175 -0.980768 0
    outer loop
      vertex 58.4632 36.6393 3
      vertex 58.6235 36.6074 22.6
      vertex 58.4632 36.6393 22.6
    endloop
  endfacet
  facet normal -0.195175 -0.980768 -0
    outer loop
      vertex 58.6235 36.6074 22.6
      vertex 58.4632 36.6393 3
      vertex 58.6235 36.6074 3
    endloop
  endfacet
  facet normal 0.752046 -0.65911 0
    outer loop
      vertex 57.3083 36.1609 22.6
      vertex 57.4161 36.2839 3
      vertex 57.4161 36.2839 22.6
    endloop
  endfacet
  facet normal 0.752046 -0.65911 0
    outer loop
      vertex 57.4161 36.2839 3
      vertex 57.3083 36.1609 22.6
      vertex 57.3083 36.1609 3
    endloop
  endfacet
  facet normal 0.980768 -0.195175 0
    outer loop
      vertex 57.0607 35.5632 22.6
      vertex 57.0926 35.7235 3
      vertex 57.0926 35.7235 22.6
    endloop
  endfacet
  facet normal 0.980768 -0.195175 0
    outer loop
      vertex 57.0926 35.7235 3
      vertex 57.0607 35.5632 22.6
      vertex 57.0607 35.5632 3
    endloop
  endfacet
  facet normal 0.555265 -0.831674 0
    outer loop
      vertex 57.539 36.3917 3
      vertex 57.675 36.4825 22.6
      vertex 57.539 36.3917 22.6
    endloop
  endfacet
  facet normal 0.555265 -0.831674 0
    outer loop
      vertex 57.675 36.4825 22.6
      vertex 57.539 36.3917 3
      vertex 57.675 36.4825 3
    endloop
  endfacet
  facet normal -0.946896 0.321541 0
    outer loop
      vertex 59.4548 34.9216 3
      vertex 59.5074 35.0765 22.6
      vertex 59.5074 35.0765 3
    endloop
  endfacet
  facet normal -0.946896 0.321541 0
    outer loop
      vertex 59.5074 35.0765 22.6
      vertex 59.4548 34.9216 3
      vertex 59.4548 34.9216 22.6
    endloop
  endfacet
  facet normal 1 0 0
    outer loop
      vertex -4.6 -3.94535 6
      vertex -4.6 -5 6
      vertex -4.6 -3.94535 3
    endloop
  endfacet
  facet normal 1 0 0
    outer loop
      vertex -4.6 -3.25465 3
      vertex -4.6 -0.853981 6
      vertex -4.6 -3.25465 6
    endloop
  endfacet
  facet normal 1 0 0
    outer loop
      vertex -4.6 -0.853981 6
      vertex -4.6 -3.25465 3
      vertex -4.6 -0.853981 2
    endloop
  endfacet
  facet normal 1 0 0
    outer loop
      vertex -4.6 -5 2
      vertex -4.6 -3.25465 3
      vertex -4.6 -3.94535 3
    endloop
  endfacet
  facet normal 1 0 0
    outer loop
      vertex -4.6 -3.25465 3
      vertex -4.6 -5 2
      vertex -4.6 -0.853981 2
    endloop
  endfacet
  facet normal 1 0 0
    outer loop
      vertex -4.6 -5 2
      vertex -4.6 -3.94535 3
      vertex -4.6 -5 6
    endloop
  endfacet
  facet normal 0 0 -1
    outer loop
      vertex 59.7 -5 6
      vertex 59.55 -3.6 6
      vertex 59.7 -0.95261 6
    endloop
  endfacet
  facet normal 0 0 -1
    outer loop
      vertex 59.7 -5 6
      vertex 59.5393 -3.76316 6
      vertex 59.55 -3.6 6
    endloop
  endfacet
  facet normal 0 0 -1
    outer loop
      vertex 59.7 -5 6
      vertex 59.5074 -3.92352 6
      vertex 59.5393 -3.76316 6
    endloop
  endfacet
  facet normal 0 0 -1
    outer loop
      vertex 59.7 -5 6
      vertex 59.4548 -4.07835 6
      vertex 59.5074 -3.92352 6
    endloop
  endfacet
  facet normal 0 0 -1
    outer loop
      vertex 59.7 -5 6
      vertex 59.3825 -4.225 6
      vertex 59.4548 -4.07835 6
    endloop
  endfacet
  facet normal 0 0 -1
    outer loop
      vertex 59.7 -5 6
      vertex 59.2917 -4.36095 6
      vertex 59.3825 -4.225 6
    endloop
  endfacet
  facet normal 0 0 -1
    outer loop
      vertex 59.7 -5 6
      vertex 59.1839 -4.48388 6
      vertex 59.2917 -4.36095 6
    endloop
  endfacet
  facet normal 0 0 -1
    outer loop
      vertex 59.7 -5 6
      vertex 59.061 -4.59169 6
      vertex 59.1839 -4.48388 6
    endloop
  endfacet
  facet normal 0 0 -1
    outer loop
      vertex 59.7 -5 6
      vertex 58.925 -4.68253 6
      vertex 59.061 -4.59169 6
    endloop
  endfacet
  facet normal 0 0 -1
    outer loop
      vertex 59.7 -5 6
      vertex 58.7784 -4.75485 6
      vertex 58.925 -4.68253 6
    endloop
  endfacet
  facet normal 0 0 -1
    outer loop
      vertex 59.7 -5 6
      vertex 58.6235 -4.80741 6
      vertex 58.7784 -4.75485 6
    endloop
  endfacet
  facet normal 0 0 -1
    outer loop
      vertex 59.7 -5 6
      vertex 58.4632 -4.83931 6
      vertex 58.6235 -4.80741 6
    endloop
  endfacet
  facet normal 0 0 -1
    outer loop
      vertex 59.7 -5 6
      vertex 58.3 -4.85 6
      vertex 58.4632 -4.83931 6
    endloop
  endfacet
  facet normal 0 0 -1
    outer loop
      vertex 55.6526 -5 6
      vertex 58.3 -4.85 6
      vertex 59.7 -5 6
    endloop
  endfacet
  facet normal 0 0 -1
    outer loop
      vertex 55.3 -3.6 6
      vertex 57.05 -3.6 6
      vertex 57.0607 -3.76316 6
    endloop
  endfacet
  facet normal 0 0 -1
    outer loop
      vertex 57.05 -3.6 6
      vertex 56.4737 -1.21994 6
      vertex 56.8 -1.00192 6
    endloop
  endfacet
  facet normal 0 0 -1
    outer loop
      vertex 55.3257 -3.99158 6
      vertex 57.0607 -3.76316 6
      vertex 57.0926 -3.92352 6
    endloop
  endfacet
  facet normal 0 0 -1
    outer loop
      vertex 57.05 -3.6 6
      vertex 56.1787 -1.47868 6
      vertex 56.4737 -1.21994 6
    endloop
  endfacet
  facet normal 0 0 -1
    outer loop
      vertex 55.4022 -4.37646 6
      vertex 57.0926 -3.92352 6
      vertex 57.1451 -4.07835 6
    endloop
  endfacet
  facet normal 0 0 -1
    outer loop
      vertex 57.05 -3.6 6
      vertex 55.9199 -1.77372 6
      vertex 56.1787 -1.47868 6
    endloop
  endfacet
  facet normal 0 0 -1
    outer loop
      vertex 55.6526 -5 6
      vertex 57.1451 -4.07835 6
      vertex 57.2175 -4.225 6
    endloop
  endfacet
  facet normal 0 0 -1
    outer loop
      vertex 57.05 -3.6 6
      vertex 55.7019 -2.1 6
      vertex 55.9199 -1.77372 6
    endloop
  endfacet
  facet normal 0 0 -1
    outer loop
      vertex 55.6526 -5 6
      vertex 57.2175 -4.225 6
      vertex 57.3083 -4.36095 6
    endloop
  endfacet
  facet normal -0 0 -1
    outer loop
      vertex 58.3 -4.85 6
      vertex 55.6526 -5 6
      vertex 58.1368 -4.83931 6
    endloop
  endfacet
  facet normal 0 0 -1
    outer loop
      vertex 55.6526 -5 6
      vertex 57.9765 -4.80741 6
      vertex 58.1368 -4.83931 6
    endloop
  endfacet
  facet normal 0 0 -1
    outer loop
      vertex 55.6526 -5 6
      vertex 57.8216 -4.75485 6
      vertex 57.9765 -4.80741 6
    endloop
  endfacet
  facet normal 0 0 -1
    outer loop
      vertex 55.6526 -5 6
      vertex 57.675 -4.68253 6
      vertex 57.8216 -4.75485 6
    endloop
  endfacet
  facet normal 0 0 -1
    outer loop
      vertex 55.6526 -5 6
      vertex 57.539 -4.59169 6
      vertex 57.675 -4.68253 6
    endloop
  endfacet
  facet normal 0 0 -1
    outer loop
      vertex 55.6526 -5 6
      vertex 57.4161 -4.48388 6
      vertex 57.539 -4.59169 6
    endloop
  endfacet
  facet normal 0 0 -1
    outer loop
      vertex 55.6526 -5 6
      vertex 57.3083 -4.36095 6
      vertex 57.4161 -4.48388 6
    endloop
  endfacet
  facet normal 0 0 -1
    outer loop
      vertex 57.1451 -4.07835 6
      vertex 55.6526 -5 6
      vertex 55.5284 -4.74805 6
    endloop
  endfacet
  facet normal 0 0 -1
    outer loop
      vertex 57.1451 -4.07835 6
      vertex 55.5284 -4.74805 6
      vertex 55.4022 -4.37646 6
    endloop
  endfacet
  facet normal 0 0 -1
    outer loop
      vertex 57.05 -3.6 6
      vertex 55.5284 -2.45195 6
      vertex 55.7019 -2.1 6
    endloop
  endfacet
  facet normal 0 0 -1
    outer loop
      vertex 57.0926 -3.92352 6
      vertex 55.4022 -4.37646 6
      vertex 55.3257 -3.99158 6
    endloop
  endfacet
  facet normal 0 0 -1
    outer loop
      vertex 57.05 -3.6 6
      vertex 55.4022 -2.82354 6
      vertex 55.5284 -2.45195 6
    endloop
  endfacet
  facet normal -0 0 -1
    outer loop
      vertex 57.0607 -3.76316 6
      vertex 55.3257 -3.99158 6
      vertex 55.3 -3.6 6
    endloop
  endfacet
  facet normal 0 0 -1
    outer loop
      vertex 57.05 -3.6 6
      vertex 55.3257 -3.20842 6
      vertex 55.4022 -2.82354 6
    endloop
  endfacet
  facet normal 0 0 -1
    outer loop
      vertex 57.05 -3.6 6
      vertex 55.3 -3.6 6
      vertex 55.3257 -3.20842 6
    endloop
  endfacet
  facet normal 0 0 -1
    outer loop
      vertex 59.5393 -3.43684 6
      vertex 59.7 -0.95261 6
      vertex 59.55 -3.6 6
    endloop
  endfacet
  facet normal 0 0 -1
    outer loop
      vertex 59.5074 -3.27648 6
      vertex 59.7 -0.95261 6
      vertex 59.5393 -3.43684 6
    endloop
  endfacet
  facet normal 0 0 -1
    outer loop
      vertex 59.4548 -3.12165 6
      vertex 59.7 -0.95261 6
      vertex 59.5074 -3.27648 6
    endloop
  endfacet
  facet normal 0 0 -1
    outer loop
      vertex 59.3825 -2.975 6
      vertex 59.7 -0.95261 6
      vertex 59.4548 -3.12165 6
    endloop
  endfacet
  facet normal 0 0 -1
    outer loop
      vertex 59.2917 -2.83905 6
      vertex 59.7 -0.95261 6
      vertex 59.3825 -2.975 6
    endloop
  endfacet
  facet normal 0 0 -1
    outer loop
      vertex 59.1839 -2.71612 6
      vertex 59.7 -0.95261 6
      vertex 59.2917 -2.83905 6
    endloop
  endfacet
  facet normal 0 0 -1
    outer loop
      vertex 59.061 -2.60831 6
      vertex 59.7 -0.95261 6
      vertex 59.1839 -2.71612 6
    endloop
  endfacet
  facet normal 0 0 -1
    outer loop
      vertex 58.925 -2.51747 6
      vertex 59.7 -0.95261 6
      vertex 59.061 -2.60831 6
    endloop
  endfacet
  facet normal 0 0 -1
    outer loop
      vertex 58.7784 -2.44515 6
      vertex 59.7 -0.95261 6
      vertex 58.925 -2.51747 6
    endloop
  endfacet
  facet normal -0 0 -1
    outer loop
      vertex 59.7 -0.95261 6
      vertex 58.7784 -2.44515 6
      vertex 59.448 -0.828362 6
    endloop
  endfacet
  facet normal -0 0 -1
    outer loop
      vertex 59.448 -0.828362 6
      vertex 58.7784 -2.44515 6
      vertex 59.0765 -0.702223 6
    endloop
  endfacet
  facet normal 0 0 -1
    outer loop
      vertex 58.6235 -2.39259 6
      vertex 59.0765 -0.702223 6
      vertex 58.7784 -2.44515 6
    endloop
  endfacet
  facet normal -0 0 -1
    outer loop
      vertex 59.0765 -0.702223 6
      vertex 58.6235 -2.39259 6
      vertex 58.6916 -0.625666 6
    endloop
  endfacet
  facet normal 0 0 -1
    outer loop
      vertex 58.4632 -2.36069 6
      vertex 58.6916 -0.625666 6
      vertex 58.6235 -2.39259 6
    endloop
  endfacet
  facet normal 0 0 -1
    outer loop
      vertex 58.3 -2.35 6
      vertex 58.6916 -0.625666 6
      vertex 58.4632 -2.36069 6
    endloop
  endfacet
  facet normal 0 0 -1
    outer loop
      vertex 58.3 -2.35 6
      vertex 58.3 -0.6 6
      vertex 58.6916 -0.625666 6
    endloop
  endfacet
  facet normal 0 0 -1
    outer loop
      vertex 58.1368 -2.36069 6
      vertex 58.3 -0.6 6
      vertex 58.3 -2.35 6
    endloop
  endfacet
  facet normal 0 0 -1
    outer loop
      vertex 57.9084 -0.625666 6
      vertex 58.1368 -2.36069 6
      vertex 57.9765 -2.39259 6
    endloop
  endfacet
  facet normal 0 0 -1
    outer loop
      vertex 58.1368 -2.36069 6
      vertex 57.9084 -0.625666 6
      vertex 58.3 -0.6 6
    endloop
  endfacet
  facet normal 0 0 -1
    outer loop
      vertex 57.5235 -0.702223 6
      vertex 57.9765 -2.39259 6
      vertex 57.8216 -2.44515 6
    endloop
  endfacet
  facet normal 0 0 -1
    outer loop
      vertex 57.152 -0.828362 6
      vertex 57.8216 -2.44515 6
      vertex 57.675 -2.51747 6
    endloop
  endfacet
  facet normal 0 0 -1
    outer loop
      vertex 56.8 -1.00192 6
      vertex 57.675 -2.51747 6
      vertex 57.539 -2.60831 6
    endloop
  endfacet
  facet normal 0 0 -1
    outer loop
      vertex 57.9765 -2.39259 6
      vertex 57.5235 -0.702223 6
      vertex 57.9084 -0.625666 6
    endloop
  endfacet
  facet normal 0 0 -1
    outer loop
      vertex 56.8 -1.00192 6
      vertex 57.539 -2.60831 6
      vertex 57.4161 -2.71612 6
    endloop
  endfacet
  facet normal 0 0 -1
    outer loop
      vertex 56.8 -1.00192 6
      vertex 57.4161 -2.71612 6
      vertex 57.3083 -2.83905 6
    endloop
  endfacet
  facet normal 0 0 -1
    outer loop
      vertex 56.8 -1.00192 6
      vertex 57.3083 -2.83905 6
      vertex 57.2175 -2.975 6
    endloop
  endfacet
  facet normal 0 0 -1
    outer loop
      vertex 57.8216 -2.44515 6
      vertex 57.152 -0.828362 6
      vertex 57.5235 -0.702223 6
    endloop
  endfacet
  facet normal 0 0 -1
    outer loop
      vertex 56.8 -1.00192 6
      vertex 57.2175 -2.975 6
      vertex 57.1451 -3.12165 6
    endloop
  endfacet
  facet normal 0 0 -1
    outer loop
      vertex 56.8 -1.00192 6
      vertex 57.1451 -3.12165 6
      vertex 57.0926 -3.27648 6
    endloop
  endfacet
  facet normal 0 0 -1
    outer loop
      vertex 56.8 -1.00192 6
      vertex 57.0926 -3.27648 6
      vertex 57.0607 -3.43684 6
    endloop
  endfacet
  facet normal 0 0 -1
    outer loop
      vertex 56.8 -1.00192 6
      vertex 57.0607 -3.43684 6
      vertex 57.05 -3.6 6
    endloop
  endfacet
  facet normal 0 0 -1
    outer loop
      vertex 57.675 -2.51747 6
      vertex 56.8 -1.00192 6
      vertex 57.152 -0.828362 6
    endloop
  endfacet
  facet normal 0 0 -1
    outer loop
      vertex -2.15 -3.6 6
      vertex -0.4 -3.6 6
      vertex -0.425666 -3.99158 6
    endloop
  endfacet
  facet normal 0 0 -1
    outer loop
      vertex -2.16069 -3.76316 6
      vertex -0.425666 -3.99158 6
      vertex -0.502223 -4.37646 6
    endloop
  endfacet
  facet normal 0 0 -1
    outer loop
      vertex -0.4 -3.6 6
      vertex -2.15 -3.6 6
      vertex -0.425666 -3.20842 6
    endloop
  endfacet
  facet normal 0 0 -1
    outer loop
      vertex -2.19259 -3.92352 6
      vertex -0.502223 -4.37646 6
      vertex -0.628362 -4.74805 6
    endloop
  endfacet
  facet normal 0 0 -1
    outer loop
      vertex -2.16069 -3.43684 6
      vertex -0.425666 -3.20842 6
      vertex -2.15 -3.6 6
    endloop
  endfacet
  facet normal 0 0 -1
    outer loop
      vertex -2.24515 -4.07835 6
      vertex -0.628362 -4.74805 6
      vertex -0.75261 -5 6
    endloop
  endfacet
  facet normal -0 0 -1
    outer loop
      vertex -0.425666 -3.20842 6
      vertex -2.16069 -3.43684 6
      vertex -0.502223 -2.82354 6
    endloop
  endfacet
  facet normal 0 0 -1
    outer loop
      vertex -2.19259 -3.27648 6
      vertex -0.502223 -2.82354 6
      vertex -2.16069 -3.43684 6
    endloop
  endfacet
  facet normal 0 0 -1
    outer loop
      vertex -2.24515 -3.12165 6
      vertex -0.628362 -2.45195 6
      vertex -2.19259 -3.27648 6
    endloop
  endfacet
  facet normal -0 0 -1
    outer loop
      vertex -0.628362 -2.45195 6
      vertex -2.24515 -3.12165 6
      vertex -0.801924 -2.1 6
    endloop
  endfacet
  facet normal -0 0 -1
    outer loop
      vertex -0.801924 -2.1 6
      vertex -2.31747 -2.975 6
      vertex -1.01994 -1.77372 6
    endloop
  endfacet
  facet normal -0 0 -1
    outer loop
      vertex -0.502223 -2.82354 6
      vertex -2.19259 -3.27648 6
      vertex -0.628362 -2.45195 6
    endloop
  endfacet
  facet normal 0 0 -1
    outer loop
      vertex -0.425666 -3.99158 6
      vertex -2.16069 -3.76316 6
      vertex -2.15 -3.6 6
    endloop
  endfacet
  facet normal 0 0 -1
    outer loop
      vertex -0.502223 -4.37646 6
      vertex -2.19259 -3.92352 6
      vertex -2.16069 -3.76316 6
    endloop
  endfacet
  facet normal 0 0 -1
    outer loop
      vertex -0.628362 -4.74805 6
      vertex -2.24515 -4.07835 6
      vertex -2.19259 -3.92352 6
    endloop
  endfacet
  facet normal 0 0 -1
    outer loop
      vertex -0.75261 -5 6
      vertex -2.31747 -4.225 6
      vertex -2.24515 -4.07835 6
    endloop
  endfacet
  facet normal 0 0 -1
    outer loop
      vertex -0.75261 -5 6
      vertex -2.40831 -4.36095 6
      vertex -2.31747 -4.225 6
    endloop
  endfacet
  facet normal 0 0 -1
    outer loop
      vertex -0.75261 -5 6
      vertex -2.51612 -4.48388 6
      vertex -2.40831 -4.36095 6
    endloop
  endfacet
  facet normal 0 0 -1
    outer loop
      vertex -0.75261 -5 6
      vertex -2.63905 -4.59169 6
      vertex -2.51612 -4.48388 6
    endloop
  endfacet
  facet normal 0 0 -1
    outer loop
      vertex -0.75261 -5 6
      vertex -2.775 -4.68253 6
      vertex -2.63905 -4.59169 6
    endloop
  endfacet
  facet normal 0 0 -1
    outer loop
      vertex -0.75261 -5 6
      vertex -2.92165 -4.75485 6
      vertex -2.775 -4.68253 6
    endloop
  endfacet
  facet normal 0 0 -1
    outer loop
      vertex -0.75261 -5 6
      vertex -3.07648 -4.80741 6
      vertex -2.92165 -4.75485 6
    endloop
  endfacet
  facet normal 0 0 -1
    outer loop
      vertex -0.75261 -5 6
      vertex -3.23684 -4.83931 6
      vertex -3.07648 -4.80741 6
    endloop
  endfacet
  facet normal 0 0 -1
    outer loop
      vertex -0.75261 -5 6
      vertex -3.4 -4.85 6
      vertex -3.23684 -4.83931 6
    endloop
  endfacet
  facet normal 0 0 -1
    outer loop
      vertex -4.6 -5 6
      vertex -3.4 -4.85 6
      vertex -0.75261 -5 6
    endloop
  endfacet
  facet normal 0 0 -1
    outer loop
      vertex -4.6 -5 6
      vertex -3.56316 -4.83931 6
      vertex -3.4 -4.85 6
    endloop
  endfacet
  facet normal 0 0 -1
    outer loop
      vertex -4.6 -5 6
      vertex -3.72352 -4.80741 6
      vertex -3.56316 -4.83931 6
    endloop
  endfacet
  facet normal 0 0 -1
    outer loop
      vertex -4.6 -5 6
      vertex -3.87835 -4.75485 6
      vertex -3.72352 -4.80741 6
    endloop
  endfacet
  facet normal 0 0 -1
    outer loop
      vertex -4.6 -5 6
      vertex -4.025 -4.68253 6
      vertex -3.87835 -4.75485 6
    endloop
  endfacet
  facet normal 0 0 -1
    outer loop
      vertex -4.6 -5 6
      vertex -4.16095 -4.59169 6
      vertex -4.025 -4.68253 6
    endloop
  endfacet
  facet normal 0 0 -1
    outer loop
      vertex -4.6 -5 6
      vertex -4.28388 -4.48388 6
      vertex -4.16095 -4.59169 6
    endloop
  endfacet
  facet normal 0 0 -1
    outer loop
      vertex -4.6 -5 6
      vertex -4.39169 -4.36095 6
      vertex -4.28388 -4.48388 6
    endloop
  endfacet
  facet normal 0 0 -1
    outer loop
      vertex -4.6 -5 6
      vertex -4.48253 -4.225 6
      vertex -4.39169 -4.36095 6
    endloop
  endfacet
  facet normal 0 0 -1
    outer loop
      vertex -4.6 -5 6
      vertex -4.55485 -4.07835 6
      vertex -4.48253 -4.225 6
    endloop
  endfacet
  facet normal -0 0 -1
    outer loop
      vertex -4.55485 -4.07835 6
      vertex -4.6 -5 6
      vertex -4.6 -3.94535 6
    endloop
  endfacet
  facet normal 0 0 -1
    outer loop
      vertex -2.31747 -2.975 6
      vertex -0.801924 -2.1 6
      vertex -2.24515 -3.12165 6
    endloop
  endfacet
  facet normal 0 0 -1
    outer loop
      vertex -2.40831 -2.83905 6
      vertex -1.01994 -1.77372 6
      vertex -2.31747 -2.975 6
    endloop
  endfacet
  facet normal -0 0 -1
    outer loop
      vertex -1.01994 -1.77372 6
      vertex -2.40831 -2.83905 6
      vertex -1.27868 -1.47868 6
    endloop
  endfacet
  facet normal 0 0 -1
    outer loop
      vertex -2.51612 -2.71612 6
      vertex -1.27868 -1.47868 6
      vertex -2.40831 -2.83905 6
    endloop
  endfacet
  facet normal -0 0 -1
    outer loop
      vertex -1.27868 -1.47868 6
      vertex -2.51612 -2.71612 6
      vertex -1.57372 -1.21994 6
    endloop
  endfacet
  facet normal 0 0 -1
    outer loop
      vertex -2.63905 -2.60831 6
      vertex -1.57372 -1.21994 6
      vertex -2.51612 -2.71612 6
    endloop
  endfacet
  facet normal -0 0 -1
    outer loop
      vertex -1.57372 -1.21994 6
      vertex -2.63905 -2.60831 6
      vertex -1.9 -1.00192 6
    endloop
  endfacet
  facet normal 0 0 -1
    outer loop
      vertex -2.775 -2.51747 6
      vertex -1.9 -1.00192 6
      vertex -2.63905 -2.60831 6
    endloop
  endfacet
  facet normal -0 0 -1
    outer loop
      vertex -1.9 -1.00192 6
      vertex -2.775 -2.51747 6
      vertex -2.25195 -0.828362 6
    endloop
  endfacet
  facet normal 0 0 -1
    outer loop
      vertex -2.92165 -2.44515 6
      vertex -2.25195 -0.828362 6
      vertex -2.775 -2.51747 6
    endloop
  endfacet
  facet normal -0 0 -1
    outer loop
      vertex -2.25195 -0.828362 6
      vertex -2.92165 -2.44515 6
      vertex -2.62354 -0.702223 6
    endloop
  endfacet
  facet normal 0 0 -1
    outer loop
      vertex -3.07648 -2.39259 6
      vertex -2.62354 -0.702223 6
      vertex -2.92165 -2.44515 6
    endloop
  endfacet
  facet normal -0 0 -1
    outer loop
      vertex -2.62354 -0.702223 6
      vertex -3.07648 -2.39259 6
      vertex -3.00842 -0.625666 6
    endloop
  endfacet
  facet normal 0 0 -1
    outer loop
      vertex -3.23684 -2.36069 6
      vertex -3.00842 -0.625666 6
      vertex -3.07648 -2.39259 6
    endloop
  endfacet
  facet normal 0 0 -1
    outer loop
      vertex -3.4 -2.35 6
      vertex -3.00842 -0.625666 6
      vertex -3.23684 -2.36069 6
    endloop
  endfacet
  facet normal 0 0 -1
    outer loop
      vertex -3.4 -2.35 6
      vertex -3.4 -0.6 6
      vertex -3.00842 -0.625666 6
    endloop
  endfacet
  facet normal 0 0 -1
    outer loop
      vertex -3.56316 -2.36069 6
      vertex -3.4 -0.6 6
      vertex -3.4 -2.35 6
    endloop
  endfacet
  facet normal 0 0 -1
    outer loop
      vertex -3.79158 -0.625666 6
      vertex -3.56316 -2.36069 6
      vertex -3.72352 -2.39259 6
    endloop
  endfacet
  facet normal 0 0 -1
    outer loop
      vertex -3.56316 -2.36069 6
      vertex -3.79158 -0.625666 6
      vertex -3.4 -0.6 6
    endloop
  endfacet
  facet normal 0 0 -1
    outer loop
      vertex -4.17646 -0.702223 6
      vertex -3.72352 -2.39259 6
      vertex -3.87835 -2.44515 6
    endloop
  endfacet
  facet normal 0 0 -1
    outer loop
      vertex -4.6 -0.853981 6
      vertex -3.87835 -2.44515 6
      vertex -4.025 -2.51747 6
    endloop
  endfacet
  facet normal 0 0 -1
    outer loop
      vertex -4.6 -0.853981 6
      vertex -4.025 -2.51747 6
      vertex -4.16095 -2.60831 6
    endloop
  endfacet
  facet normal 0 0 -1
    outer loop
      vertex -3.72352 -2.39259 6
      vertex -4.17646 -0.702223 6
      vertex -3.79158 -0.625666 6
    endloop
  endfacet
  facet normal 0 0 -1
    outer loop
      vertex -4.6 -0.853981 6
      vertex -4.16095 -2.60831 6
      vertex -4.28388 -2.71612 6
    endloop
  endfacet
  facet normal 0 0 -1
    outer loop
      vertex -4.6 -0.853981 6
      vertex -4.28388 -2.71612 6
      vertex -4.39169 -2.83905 6
    endloop
  endfacet
  facet normal 0 0 -1
    outer loop
      vertex -4.6 -0.853981 6
      vertex -4.39169 -2.83905 6
      vertex -4.48253 -2.975 6
    endloop
  endfacet
  facet normal 0 0 -1
    outer loop
      vertex -3.87835 -2.44515 6
      vertex -4.54805 -0.828362 6
      vertex -4.17646 -0.702223 6
    endloop
  endfacet
  facet normal 0 0 -1
    outer loop
      vertex -4.6 -0.853981 6
      vertex -4.48253 -2.975 6
      vertex -4.55485 -3.12165 6
    endloop
  endfacet
  facet normal 0 0 -1
    outer loop
      vertex -4.6 -0.853981 6
      vertex -4.55485 -3.12165 6
      vertex -4.6 -3.25465 6
    endloop
  endfacet
  facet normal 0 0 -1
    outer loop
      vertex -3.87835 -2.44515 6
      vertex -4.6 -0.853981 6
      vertex -4.54805 -0.828362 6
    endloop
  endfacet
  facet normal -1 0 0
    outer loop
      vertex 59.7 -5 2
      vertex 59.7 -0.95261 6
      vertex 59.7 -0.95261 2
    endloop
  endfacet
  facet normal -1 -0 0
    outer loop
      vertex 59.7 -0.95261 6
      vertex 59.7 -5 2
      vertex 59.7 -5 6
    endloop
  endfacet
  facet normal 0 1 -0
    outer loop
      vertex 59.7 -5 2
      vertex 55.6526 -5 6
      vertex 59.7 -5 6
    endloop
  endfacet
  facet normal 0 1 0
    outer loop
      vertex 55.6526 -5 6
      vertex 59.7 -5 2
      vertex 55.6526 -5 2
    endloop
  endfacet
  facet normal 0 1 -0
    outer loop
      vertex -0.75261 -5 2
      vertex -4.6 -5 6
      vertex -0.75261 -5 6
    endloop
  endfacet
  facet normal 0 1 0
    outer loop
      vertex -4.6 -5 6
      vertex -0.75261 -5 2
      vertex -4.6 -5 2
    endloop
  endfacet
endsolid OpenSCAD_Model
