solid OpenSCAD_Model
  facet normal -1 0 0
    outer loop
      vertex -8.6 -9 0
      vertex -8.6 40.8 12.6
      vertex -8.6 40.8 0
    endloop
  endfacet
  facet normal -1 -0 0
    outer loop
      vertex -8.6 40.8 12.6
      vertex -8.6 -9 0
      vertex -8.6 -9 12.6
    endloop
  endfacet
  facet normal 0 0 1
    outer loop
      vertex 35.55 7.8 12.6
      vertex 32.05 7.8 12.6
      vertex 35.55 1.08 12.6
    endloop
  endfacet
  facet normal 0 0 1
    outer loop
      vertex 68.6958 17.978 12.6
      vertex 69.6802 22.6751 12.6
      vertex 69.3953 22.5784 12.6
    endloop
  endfacet
  facet normal 0 0 1
    outer loop
      vertex 69.6802 22.6751 12.6
      vertex 69.3846 16.7849 12.6
      vertex 69.4 16.55 12.6
    endloop
  endfacet
  facet normal 0 0 1
    outer loop
      vertex 69.6802 22.6751 12.6
      vertex 69.3387 17.0159 12.6
      vertex 69.3846 16.7849 12.6
    endloop
  endfacet
  facet normal 0 0 1
    outer loop
      vertex 69.6802 22.6751 12.6
      vertex 69.263 17.2388 12.6
      vertex 69.3387 17.0159 12.6
    endloop
  endfacet
  facet normal 0 0 1
    outer loop
      vertex 69.6802 22.6751 12.6
      vertex 69.1588 17.45 12.6
      vertex 69.263 17.2388 12.6
    endloop
  endfacet
  facet normal 0 0 1
    outer loop
      vertex 68.5 18.1088 12.6
      vertex 69.3953 22.5784 12.6
      vertex 69.1002 22.5197 12.6
    endloop
  endfacet
  facet normal 0 0 1
    outer loop
      vertex 69.6802 22.6751 12.6
      vertex 69.028 17.6458 12.6
      vertex 69.1588 17.45 12.6
    endloop
  endfacet
  facet normal 0 0 1
    outer loop
      vertex 69.6802 22.6751 12.6
      vertex 68.8728 17.8228 12.6
      vertex 69.028 17.6458 12.6
    endloop
  endfacet
  facet normal 0 0 1
    outer loop
      vertex 68.2888 18.213 12.6
      vertex 69.1002 22.5197 12.6
      vertex 68.8 22.5 12.6
    endloop
  endfacet
  facet normal 0 0 1
    outer loop
      vertex 69.6802 22.6751 12.6
      vertex 68.6958 17.978 12.6
      vertex 68.8728 17.8228 12.6
    endloop
  endfacet
  facet normal 0 0 1
    outer loop
      vertex 69.3953 22.5784 12.6
      vertex 68.5 18.1088 12.6
      vertex 68.6958 17.978 12.6
    endloop
  endfacet
  facet normal 0 0 1
    outer loop
      vertex 68.0659 18.2887 12.6
      vertex 68.8 22.5 12.6
      vertex 68.4998 22.5197 12.6
    endloop
  endfacet
  facet normal 0 0 1
    outer loop
      vertex 69.1002 22.5197 12.6
      vertex 68.2888 18.213 12.6
      vertex 68.5 18.1088 12.6
    endloop
  endfacet
  facet normal 0 0 1
    outer loop
      vertex 67.8349 18.3346 12.6
      vertex 68.4998 22.5197 12.6
      vertex 68.2047 22.5784 12.6
    endloop
  endfacet
  facet normal 0 0 1
    outer loop
      vertex 68.8 22.5 12.6
      vertex 68.0659 18.2887 12.6
      vertex 68.2888 18.213 12.6
    endloop
  endfacet
  facet normal 0 0 1
    outer loop
      vertex 67.6 18.35 12.6
      vertex 68.2047 22.5784 12.6
      vertex 67.9198 22.6751 12.6
    endloop
  endfacet
  facet normal 0 0 1
    outer loop
      vertex 68.4998 22.5197 12.6
      vertex 67.8349 18.3346 12.6
      vertex 68.0659 18.2887 12.6
    endloop
  endfacet
  facet normal 0 0 1
    outer loop
      vertex 67.1341 18.2887 12.6
      vertex 67.9198 22.6751 12.6
      vertex 67.65 22.8081 12.6
    endloop
  endfacet
  facet normal 0 0 1
    outer loop
      vertex 68.2047 22.5784 12.6
      vertex 67.6 18.35 12.6
      vertex 67.8349 18.3346 12.6
    endloop
  endfacet
  facet normal 0 0 1
    outer loop
      vertex 66.9112 18.213 12.6
      vertex 67.65 22.8081 12.6
      vertex 67.3998 22.9753 12.6
    endloop
  endfacet
  facet normal 0 0 1
    outer loop
      vertex 67.9198 22.6751 12.6
      vertex 67.3651 18.3346 12.6
      vertex 67.6 18.35 12.6
    endloop
  endfacet
  facet normal 0 0 1
    outer loop
      vertex 66.7 18.1088 12.6
      vertex 67.3998 22.9753 12.6
      vertex 67.1737 23.1737 12.6
    endloop
  endfacet
  facet normal 0 0 1
    outer loop
      vertex 67.9198 22.6751 12.6
      vertex 67.1341 18.2887 12.6
      vertex 67.3651 18.3346 12.6
    endloop
  endfacet
  facet normal 0 0 1
    outer loop
      vertex 66.5042 17.978 12.6
      vertex 67.1737 23.1737 12.6
      vertex 66.9753 23.3998 12.6
    endloop
  endfacet
  facet normal 0 0 1
    outer loop
      vertex 67.65 22.8081 12.6
      vertex 66.9112 18.213 12.6
      vertex 67.1341 18.2887 12.6
    endloop
  endfacet
  facet normal 0 0 1
    outer loop
      vertex 60.1247 23.3998 12.6
      vertex 66.9753 23.3998 12.6
      vertex 66.8081 23.65 12.6
    endloop
  endfacet
  facet normal 0 0 1
    outer loop
      vertex 67.3998 22.9753 12.6
      vertex 66.7 18.1088 12.6
      vertex 66.9112 18.213 12.6
    endloop
  endfacet
  facet normal 0 0 1
    outer loop
      vertex 60.2919 23.65 12.6
      vertex 66.8081 23.65 12.6
      vertex 66.6751 23.9198 12.6
    endloop
  endfacet
  facet normal 0 0 1
    outer loop
      vertex 60.4249 23.9198 12.6
      vertex 66.6751 23.9198 12.6
      vertex 66.5784 24.2047 12.6
    endloop
  endfacet
  facet normal 0 0 1
    outer loop
      vertex 60.5216 24.2047 12.6
      vertex 66.5784 24.2047 12.6
      vertex 66.5197 24.4998 12.6
    endloop
  endfacet
  facet normal 0 0 1
    outer loop
      vertex 67.1737 23.1737 12.6
      vertex 66.5042 17.978 12.6
      vertex 66.7 18.1088 12.6
    endloop
  endfacet
  facet normal 0 0 1
    outer loop
      vertex 60.5803 24.4998 12.6
      vertex 66.5197 24.4998 12.6
      vertex 66.5 24.8 12.6
    endloop
  endfacet
  facet normal 0 0 1
    outer loop
      vertex 66.8081 23.65 12.6
      vertex 60.2919 23.65 12.6
      vertex 60.1247 23.3998 12.6
    endloop
  endfacet
  facet normal 0 0 1
    outer loop
      vertex 80.55 18.6 12.6
      vertex 85.7 40.8 12.6
      vertex 80.55 32.1 12.6
    endloop
  endfacet
  facet normal 0 0 1
    outer loop
      vertex 85.7 40.8 12.6
      vertex 74.55 32.1 12.6
      vertex 80.55 32.1 12.6
    endloop
  endfacet
  facet normal 0 0 1
    outer loop
      vertex 74.55 32.1 12.6
      vertex 71.1 24.8 12.6
      vertex 74.55 18.6 12.6
    endloop
  endfacet
  facet normal 0 0 1
    outer loop
      vertex 74.55 32.1 12.6
      vertex 71.0803 25.1002 12.6
      vertex 71.1 24.8 12.6
    endloop
  endfacet
  facet normal 0 0 1
    outer loop
      vertex 74.55 32.1 12.6
      vertex 71.0216 25.3953 12.6
      vertex 71.0803 25.1002 12.6
    endloop
  endfacet
  facet normal 0 0 1
    outer loop
      vertex 74.55 32.1 12.6
      vertex 70.9249 25.6802 12.6
      vertex 71.0216 25.3953 12.6
    endloop
  endfacet
  facet normal 0 0 1
    outer loop
      vertex 74.55 32.1 12.6
      vertex 70.7919 25.95 12.6
      vertex 70.9249 25.6802 12.6
    endloop
  endfacet
  facet normal 0 0 1
    outer loop
      vertex 74.55 32.1 12.6
      vertex 70.6247 26.2001 12.6
      vertex 70.7919 25.95 12.6
    endloop
  endfacet
  facet normal 0 0 1
    outer loop
      vertex 74.55 32.1 12.6
      vertex 70.4263 26.4263 12.6
      vertex 70.6247 26.2001 12.6
    endloop
  endfacet
  facet normal 0 0 1
    outer loop
      vertex 74.55 32.1 12.6
      vertex 70.2001 26.6247 12.6
      vertex 70.4263 26.4263 12.6
    endloop
  endfacet
  facet normal 0 0 1
    outer loop
      vertex 74.55 32.1 12.6
      vertex 69.95 26.7919 12.6
      vertex 70.2001 26.6247 12.6
    endloop
  endfacet
  facet normal 0 0 1
    outer loop
      vertex 74.55 32.1 12.6
      vertex 69.6802 26.9249 12.6
      vertex 69.95 26.7919 12.6
    endloop
  endfacet
  facet normal 0 0 1
    outer loop
      vertex 74.55 32.1 12.6
      vertex 69.3953 27.0216 12.6
      vertex 69.6802 26.9249 12.6
    endloop
  endfacet
  facet normal 0 0 1
    outer loop
      vertex 74.55 32.1 12.6
      vertex 69.1002 27.0803 12.6
      vertex 69.3953 27.0216 12.6
    endloop
  endfacet
  facet normal 0 0 1
    outer loop
      vertex 74.55 32.1 12.6
      vertex 68.8 27.1 12.6
      vertex 69.1002 27.0803 12.6
    endloop
  endfacet
  facet normal 0 0 1
    outer loop
      vertex 74.55 32.1 12.6
      vertex 68.4998 27.0803 12.6
      vertex 68.8 27.1 12.6
    endloop
  endfacet
  facet normal 0 0 1
    outer loop
      vertex 74.55 32.1 12.6
      vertex 68.2047 27.0216 12.6
      vertex 68.4998 27.0803 12.6
    endloop
  endfacet
  facet normal 0 0 1
    outer loop
      vertex 74.55 32.1 12.6
      vertex 67.9198 26.9249 12.6
      vertex 68.2047 27.0216 12.6
    endloop
  endfacet
  facet normal 0 0 1
    outer loop
      vertex 59.1802 26.9249 12.6
      vertex 67.9198 26.9249 12.6
      vertex 74.55 32.1 12.6
    endloop
  endfacet
  facet normal 0 0 1
    outer loop
      vertex 57.9998 27.0803 12.6
      vertex 74.55 32.1 12.6
      vertex 85.7 40.8 12.6
    endloop
  endfacet
  facet normal 0 -0 1
    outer loop
      vertex 59.1802 26.9249 12.6
      vertex 74.55 32.1 12.6
      vertex 58.8953 27.0216 12.6
    endloop
  endfacet
  facet normal 0 0 1
    outer loop
      vertex 66.9753 23.3998 12.6
      vertex 60.1247 23.3998 12.6
      vertex 66.3272 17.8228 12.6
    endloop
  endfacet
  facet normal 0 0 1
    outer loop
      vertex 66.9753 23.3998 12.6
      vertex 66.3272 17.8228 12.6
      vertex 66.5042 17.978 12.6
    endloop
  endfacet
  facet normal -0 0 1
    outer loop
      vertex 59.9263 23.1737 12.6
      vertex 66.3272 17.8228 12.6
      vertex 60.1247 23.3998 12.6
    endloop
  endfacet
  facet normal 0 0 1
    outer loop
      vertex 60.6 24.8 12.6
      vertex 66.5 24.8 12.6
      vertex 66.5197 25.1002 12.6
    endloop
  endfacet
  facet normal 0 0 1
    outer loop
      vertex 66.3272 17.8228 12.6
      vertex 59.9263 23.1737 12.6
      vertex 66.172 17.6458 12.6
    endloop
  endfacet
  facet normal 0 0 1
    outer loop
      vertex 66.172 17.6458 12.6
      vertex 59.9263 23.1737 12.6
      vertex 66.0412 17.45 12.6
    endloop
  endfacet
  facet normal 0 0 1
    outer loop
      vertex 66.5197 24.4998 12.6
      vertex 60.5803 24.4998 12.6
      vertex 60.5216 24.2047 12.6
    endloop
  endfacet
  facet normal 0 0 1
    outer loop
      vertex 66.5 24.8 12.6
      vertex 60.6 24.8 12.6
      vertex 60.5803 24.4998 12.6
    endloop
  endfacet
  facet normal 0 0 1
    outer loop
      vertex 60.5803 25.1002 12.6
      vertex 66.5197 25.1002 12.6
      vertex 66.5784 25.3953 12.6
    endloop
  endfacet
  facet normal 0 0 1
    outer loop
      vertex 60.5216 25.3953 12.6
      vertex 66.5784 25.3953 12.6
      vertex 66.6751 25.6802 12.6
    endloop
  endfacet
  facet normal 0 0 1
    outer loop
      vertex 60.4249 25.6802 12.6
      vertex 66.6751 25.6802 12.6
      vertex 66.8081 25.95 12.6
    endloop
  endfacet
  facet normal 0 0 1
    outer loop
      vertex 60.2919 25.95 12.6
      vertex 66.8081 25.95 12.6
      vertex 66.9753 26.2001 12.6
    endloop
  endfacet
  facet normal 0 0 1
    outer loop
      vertex 60.1247 26.2001 12.6
      vertex 66.9753 26.2001 12.6
      vertex 67.1737 26.4263 12.6
    endloop
  endfacet
  facet normal 0 0 1
    outer loop
      vertex 59.9263 26.4263 12.6
      vertex 67.1737 26.4263 12.6
      vertex 67.3998 26.6247 12.6
    endloop
  endfacet
  facet normal 0 0 1
    outer loop
      vertex 67.9198 26.9249 12.6
      vertex 59.1802 26.9249 12.6
      vertex 67.65 26.7919 12.6
    endloop
  endfacet
  facet normal 0 0 1
    outer loop
      vertex 66.5197 25.1002 12.6
      vertex 60.5803 25.1002 12.6
      vertex 60.6 24.8 12.6
    endloop
  endfacet
  facet normal 0 0 1
    outer loop
      vertex 66.5784 25.3953 12.6
      vertex 60.5216 25.3953 12.6
      vertex 60.5803 25.1002 12.6
    endloop
  endfacet
  facet normal 0 0 1
    outer loop
      vertex 66.6751 25.6802 12.6
      vertex 60.4249 25.6802 12.6
      vertex 60.5216 25.3953 12.6
    endloop
  endfacet
  facet normal 0 0 1
    outer loop
      vertex 66.8081 25.95 12.6
      vertex 60.2919 25.95 12.6
      vertex 60.4249 25.6802 12.6
    endloop
  endfacet
  facet normal 0 0 1
    outer loop
      vertex 66.9753 26.2001 12.6
      vertex 60.1247 26.2001 12.6
      vertex 60.2919 25.95 12.6
    endloop
  endfacet
  facet normal 0 0 1
    outer loop
      vertex 67.1737 26.4263 12.6
      vertex 59.9263 26.4263 12.6
      vertex 60.1247 26.2001 12.6
    endloop
  endfacet
  facet normal 0 0 1
    outer loop
      vertex 67.3998 26.6247 12.6
      vertex 59.7001 26.6247 12.6
      vertex 59.9263 26.4263 12.6
    endloop
  endfacet
  facet normal 0 0 1
    outer loop
      vertex 67.3998 26.6247 12.6
      vertex 59.45 26.7919 12.6
      vertex 59.7001 26.6247 12.6
    endloop
  endfacet
  facet normal 0 0 1
    outer loop
      vertex 67.65 26.7919 12.6
      vertex 59.45 26.7919 12.6
      vertex 67.3998 26.6247 12.6
    endloop
  endfacet
  facet normal 0 -0 1
    outer loop
      vertex 59.45 26.7919 12.6
      vertex 67.65 26.7919 12.6
      vertex 59.1802 26.9249 12.6
    endloop
  endfacet
  facet normal 0 0 1
    outer loop
      vertex 74.55 32.1 12.6
      vertex 58.6002 27.0803 12.6
      vertex 58.8953 27.0216 12.6
    endloop
  endfacet
  facet normal 0 0 1
    outer loop
      vertex 74.55 32.1 12.6
      vertex 58.3 27.1 12.6
      vertex 58.6002 27.0803 12.6
    endloop
  endfacet
  facet normal 0 0 1
    outer loop
      vertex 74.55 32.1 12.6
      vertex 57.9998 27.0803 12.6
      vertex 58.3 27.1 12.6
    endloop
  endfacet
  facet normal 0 0 1
    outer loop
      vertex 85.7 40.8 12.6
      vertex 57.7047 27.0216 12.6
      vertex 57.9998 27.0803 12.6
    endloop
  endfacet
  facet normal -0 0 1
    outer loop
      vertex -8.6 40.8 12.6
      vertex 57.7047 27.0216 12.6
      vertex 85.7 40.8 12.6
    endloop
  endfacet
  facet normal 0 0 1
    outer loop
      vertex 38.05 16.8 12.6
      vertex 56 24.8 12.6
      vertex 56.0197 25.1002 12.6
    endloop
  endfacet
  facet normal 0 0 1
    outer loop
      vertex 38.05 16.8 12.6
      vertex 56.0197 25.1002 12.6
      vertex 56.0784 25.3953 12.6
    endloop
  endfacet
  facet normal 0 0 1
    outer loop
      vertex 38.05 16.8 12.6
      vertex 56.0784 25.3953 12.6
      vertex 56.1751 25.6802 12.6
    endloop
  endfacet
  facet normal 0 0 1
    outer loop
      vertex 56 24.8 12.6
      vertex 38.05 16.8 12.6
      vertex 50.05 9.08 12.6
    endloop
  endfacet
  facet normal 0 0 1
    outer loop
      vertex 56.3081 25.95 12.6
      vertex 38.05 16.8 12.6
      vertex 56.1751 25.6802 12.6
    endloop
  endfacet
  facet normal 0 0 1
    outer loop
      vertex 56.4753 26.2001 12.6
      vertex 38.05 16.8 12.6
      vertex 56.3081 25.95 12.6
    endloop
  endfacet
  facet normal 0 0 1
    outer loop
      vertex 56.6737 26.4263 12.6
      vertex 38.05 16.8 12.6
      vertex 56.4753 26.2001 12.6
    endloop
  endfacet
  facet normal 0 0 1
    outer loop
      vertex 32.05 16.8 12.6
      vertex 56.6737 26.4263 12.6
      vertex 56.8998 26.6247 12.6
    endloop
  endfacet
  facet normal 0 0 1
    outer loop
      vertex -8.6 40.8 12.6
      vertex 56.8998 26.6247 12.6
      vertex 57.15 26.7919 12.6
    endloop
  endfacet
  facet normal 0 0 1
    outer loop
      vertex 56.6737 26.4263 12.6
      vertex 32.05 16.8 12.6
      vertex 38.05 16.8 12.6
    endloop
  endfacet
  facet normal 0 0 1
    outer loop
      vertex -8.6 40.8 12.6
      vertex 57.15 26.7919 12.6
      vertex 57.4198 26.9249 12.6
    endloop
  endfacet
  facet normal 0 0 1
    outer loop
      vertex 57.7047 27.0216 12.6
      vertex -8.6 40.8 12.6
      vertex 57.4198 26.9249 12.6
    endloop
  endfacet
  facet normal 0 0 1
    outer loop
      vertex -8.6 -9 12.6
      vertex 32.05 16.8 12.6
      vertex -8.6 40.8 12.6
    endloop
  endfacet
  facet normal 0 0 1
    outer loop
      vertex 56.8998 26.6247 12.6
      vertex -8.6 40.8 12.6
      vertex 32.05 16.8 12.6
    endloop
  endfacet
  facet normal 0 0 1
    outer loop
      vertex 85.7 40.8 12.6
      vertex 80.55 18.6 12.6
      vertex 85.7 -9 12.6
    endloop
  endfacet
  facet normal 0 0 1
    outer loop
      vertex 68.8728 15.2772 12.6
      vertex 80.55 18.6 12.6
      vertex 74.55 18.6 12.6
    endloop
  endfacet
  facet normal -0 0 1
    outer loop
      vertex 71.0803 24.4998 12.6
      vertex 74.55 18.6 12.6
      vertex 71.1 24.8 12.6
    endloop
  endfacet
  facet normal -0 0 1
    outer loop
      vertex 71.0216 24.2047 12.6
      vertex 74.55 18.6 12.6
      vertex 71.0803 24.4998 12.6
    endloop
  endfacet
  facet normal -0 0 1
    outer loop
      vertex 70.9249 23.9198 12.6
      vertex 74.55 18.6 12.6
      vertex 71.0216 24.2047 12.6
    endloop
  endfacet
  facet normal -0 0 1
    outer loop
      vertex 70.7919 23.65 12.6
      vertex 74.55 18.6 12.6
      vertex 70.9249 23.9198 12.6
    endloop
  endfacet
  facet normal -0 0 1
    outer loop
      vertex 70.6247 23.3998 12.6
      vertex 74.55 18.6 12.6
      vertex 70.7919 23.65 12.6
    endloop
  endfacet
  facet normal -0 0 1
    outer loop
      vertex 70.4263 23.1737 12.6
      vertex 74.55 18.6 12.6
      vertex 70.6247 23.3998 12.6
    endloop
  endfacet
  facet normal -0 0 1
    outer loop
      vertex 70.2001 22.9753 12.6
      vertex 74.55 18.6 12.6
      vertex 70.4263 23.1737 12.6
    endloop
  endfacet
  facet normal -0 0 1
    outer loop
      vertex 69.95 22.8081 12.6
      vertex 74.55 18.6 12.6
      vertex 70.2001 22.9753 12.6
    endloop
  endfacet
  facet normal -0 0 1
    outer loop
      vertex 69.6802 22.6751 12.6
      vertex 74.55 18.6 12.6
      vertex 69.95 22.8081 12.6
    endloop
  endfacet
  facet normal 0 0 1
    outer loop
      vertex 74.55 18.6 12.6
      vertex 69.6802 22.6751 12.6
      vertex 69.4 16.55 12.6
    endloop
  endfacet
  facet normal 0 0 1
    outer loop
      vertex 69.3846 16.3151 12.6
      vertex 74.55 18.6 12.6
      vertex 69.4 16.55 12.6
    endloop
  endfacet
  facet normal 0 0 1
    outer loop
      vertex 69.3387 16.0841 12.6
      vertex 74.55 18.6 12.6
      vertex 69.3846 16.3151 12.6
    endloop
  endfacet
  facet normal 0 0 1
    outer loop
      vertex 69.263 15.8612 12.6
      vertex 74.55 18.6 12.6
      vertex 69.3387 16.0841 12.6
    endloop
  endfacet
  facet normal 0 0 1
    outer loop
      vertex 69.1588 15.65 12.6
      vertex 74.55 18.6 12.6
      vertex 69.263 15.8612 12.6
    endloop
  endfacet
  facet normal 0 0 1
    outer loop
      vertex 69.028 15.4542 12.6
      vertex 74.55 18.6 12.6
      vertex 69.1588 15.65 12.6
    endloop
  endfacet
  facet normal 0 0 1
    outer loop
      vertex 68.8728 15.2772 12.6
      vertex 74.55 18.6 12.6
      vertex 69.028 15.4542 12.6
    endloop
  endfacet
  facet normal 0 0 1
    outer loop
      vertex 68.6958 15.122 12.6
      vertex 80.55 18.6 12.6
      vertex 68.8728 15.2772 12.6
    endloop
  endfacet
  facet normal 0 0 1
    outer loop
      vertex 80.55 18.6 12.6
      vertex 68.6958 15.122 12.6
      vertex 85.7 -9 12.6
    endloop
  endfacet
  facet normal -0 0 1
    outer loop
      vertex 68.5 14.9912 12.6
      vertex 85.7 -9 12.6
      vertex 68.6958 15.122 12.6
    endloop
  endfacet
  facet normal -0 0 1
    outer loop
      vertex 68.2888 14.887 12.6
      vertex 85.7 -9 12.6
      vertex 68.5 14.9912 12.6
    endloop
  endfacet
  facet normal -0 0 1
    outer loop
      vertex 68.0659 14.8113 12.6
      vertex 85.7 -9 12.6
      vertex 68.2888 14.887 12.6
    endloop
  endfacet
  facet normal -0 0 1
    outer loop
      vertex 67.8349 14.7654 12.6
      vertex 85.7 -9 12.6
      vertex 68.0659 14.8113 12.6
    endloop
  endfacet
  facet normal -0 0 1
    outer loop
      vertex 67.6 14.75 12.6
      vertex 85.7 -9 12.6
      vertex 67.8349 14.7654 12.6
    endloop
  endfacet
  facet normal 0 0 1
    outer loop
      vertex 50.05 1.08 12.6
      vertex 67.6 14.75 12.6
      vertex 67.3651 14.7654 12.6
    endloop
  endfacet
  facet normal 0 0 1
    outer loop
      vertex 50.05 1.08 12.6
      vertex 67.3651 14.7654 12.6
      vertex 67.1341 14.8113 12.6
    endloop
  endfacet
  facet normal 0 0 1
    outer loop
      vertex 50.05 1.08 12.6
      vertex 67.1341 14.8113 12.6
      vertex 66.9112 14.887 12.6
    endloop
  endfacet
  facet normal 0 0 1
    outer loop
      vertex 50.05 1.08 12.6
      vertex 66.9112 14.887 12.6
      vertex 66.7 14.9912 12.6
    endloop
  endfacet
  facet normal 0 0 1
    outer loop
      vertex 50.05 9.08 12.6
      vertex 66.7 14.9912 12.6
      vertex 66.5042 15.122 12.6
    endloop
  endfacet
  facet normal 0 0 1
    outer loop
      vertex 50.05 9.08 12.6
      vertex 66.5042 15.122 12.6
      vertex 66.3272 15.2772 12.6
    endloop
  endfacet
  facet normal 0 0 1
    outer loop
      vertex 50.05 9.08 12.6
      vertex 66.3272 15.2772 12.6
      vertex 66.172 15.4542 12.6
    endloop
  endfacet
  facet normal 0 0 1
    outer loop
      vertex 66.5784 24.2047 12.6
      vertex 60.5216 24.2047 12.6
      vertex 60.4249 23.9198 12.6
    endloop
  endfacet
  facet normal 0 0 1
    outer loop
      vertex 66.6751 23.9198 12.6
      vertex 60.4249 23.9198 12.6
      vertex 60.2919 23.65 12.6
    endloop
  endfacet
  facet normal -0 0 1
    outer loop
      vertex 59.7001 22.9753 12.6
      vertex 66.0412 17.45 12.6
      vertex 59.9263 23.1737 12.6
    endloop
  endfacet
  facet normal 0 0 1
    outer loop
      vertex 66.0412 17.45 12.6
      vertex 59.7001 22.9753 12.6
      vertex 65.937 17.2388 12.6
    endloop
  endfacet
  facet normal -0 0 1
    outer loop
      vertex 59.45 22.8081 12.6
      vertex 65.937 17.2388 12.6
      vertex 59.7001 22.9753 12.6
    endloop
  endfacet
  facet normal 0 0 1
    outer loop
      vertex 65.937 17.2388 12.6
      vertex 59.45 22.8081 12.6
      vertex 65.8613 17.0159 12.6
    endloop
  endfacet
  facet normal -0 0 1
    outer loop
      vertex 59.1802 22.6751 12.6
      vertex 65.8613 17.0159 12.6
      vertex 59.45 22.8081 12.6
    endloop
  endfacet
  facet normal 0 0 1
    outer loop
      vertex 65.8613 17.0159 12.6
      vertex 59.1802 22.6751 12.6
      vertex 65.8154 16.7849 12.6
    endloop
  endfacet
  facet normal -0 0 1
    outer loop
      vertex 58.8953 22.5784 12.6
      vertex 65.8154 16.7849 12.6
      vertex 59.1802 22.6751 12.6
    endloop
  endfacet
  facet normal 0 0 1
    outer loop
      vertex 65.8154 16.7849 12.6
      vertex 58.8953 22.5784 12.6
      vertex 65.8 16.55 12.6
    endloop
  endfacet
  facet normal -0 0 1
    outer loop
      vertex 58.6002 22.5197 12.6
      vertex 65.8 16.55 12.6
      vertex 58.8953 22.5784 12.6
    endloop
  endfacet
  facet normal 0 0 1
    outer loop
      vertex 65.8 16.55 12.6
      vertex 58.6002 22.5197 12.6
      vertex 65.8154 16.3151 12.6
    endloop
  endfacet
  facet normal -0 0 1
    outer loop
      vertex 58.3 22.5 12.6
      vertex 65.8154 16.3151 12.6
      vertex 58.6002 22.5197 12.6
    endloop
  endfacet
  facet normal 0 0 1
    outer loop
      vertex 65.8154 16.3151 12.6
      vertex 58.3 22.5 12.6
      vertex 65.8613 16.0841 12.6
    endloop
  endfacet
  facet normal 0 0 1
    outer loop
      vertex 57.9998 22.5197 12.6
      vertex 65.8613 16.0841 12.6
      vertex 58.3 22.5 12.6
    endloop
  endfacet
  facet normal 0 0 1
    outer loop
      vertex 50.05 9.08 12.6
      vertex 65.8613 16.0841 12.6
      vertex 57.9998 22.5197 12.6
    endloop
  endfacet
  facet normal 0 0 1
    outer loop
      vertex 65.8613 16.0841 12.6
      vertex 50.05 9.08 12.6
      vertex 65.937 15.8612 12.6
    endloop
  endfacet
  facet normal 0 0 1
    outer loop
      vertex 66.0412 15.65 12.6
      vertex 50.05 9.08 12.6
      vertex 66.172 15.4542 12.6
    endloop
  endfacet
  facet normal 0 0 1
    outer loop
      vertex 65.937 15.8612 12.6
      vertex 50.05 9.08 12.6
      vertex 66.0412 15.65 12.6
    endloop
  endfacet
  facet normal 0 0 1
    outer loop
      vertex 50.05 9.08 12.6
      vertex 57.9998 22.5197 12.6
      vertex 57.7047 22.5784 12.6
    endloop
  endfacet
  facet normal 0 0 1
    outer loop
      vertex 50.05 9.08 12.6
      vertex 57.7047 22.5784 12.6
      vertex 57.4198 22.6751 12.6
    endloop
  endfacet
  facet normal 0 0 1
    outer loop
      vertex 50.05 9.08 12.6
      vertex 57.4198 22.6751 12.6
      vertex 57.15 22.8081 12.6
    endloop
  endfacet
  facet normal 0 0 1
    outer loop
      vertex 50.05 9.08 12.6
      vertex 57.15 22.8081 12.6
      vertex 56.8998 22.9753 12.6
    endloop
  endfacet
  facet normal 0 0 1
    outer loop
      vertex 50.05 9.08 12.6
      vertex 56.8998 22.9753 12.6
      vertex 56.6737 23.1737 12.6
    endloop
  endfacet
  facet normal 0 0 1
    outer loop
      vertex 50.05 9.08 12.6
      vertex 56.0197 24.4998 12.6
      vertex 56 24.8 12.6
    endloop
  endfacet
  facet normal 0 0 1
    outer loop
      vertex 50.05 9.08 12.6
      vertex 56.0784 24.2047 12.6
      vertex 56.0197 24.4998 12.6
    endloop
  endfacet
  facet normal 0 0 1
    outer loop
      vertex 50.05 9.08 12.6
      vertex 56.1751 23.9198 12.6
      vertex 56.0784 24.2047 12.6
    endloop
  endfacet
  facet normal 0 0 1
    outer loop
      vertex 50.05 9.08 12.6
      vertex 56.3081 23.65 12.6
      vertex 56.1751 23.9198 12.6
    endloop
  endfacet
  facet normal 0 0 1
    outer loop
      vertex 50.05 9.08 12.6
      vertex 56.4753 23.3998 12.6
      vertex 56.3081 23.65 12.6
    endloop
  endfacet
  facet normal 0 0 1
    outer loop
      vertex 50.05 9.08 12.6
      vertex 56.6737 23.1737 12.6
      vertex 56.4753 23.3998 12.6
    endloop
  endfacet
  facet normal 0 0 1
    outer loop
      vertex 66.7 14.9912 12.6
      vertex 50.05 9.08 12.6
      vertex 50.05 1.08 12.6
    endloop
  endfacet
  facet normal 0 0 1
    outer loop
      vertex 67.6 14.75 12.6
      vertex 50.05 1.08 12.6
      vertex 85.7 -9 12.6
    endloop
  endfacet
  facet normal -0 0 1
    outer loop
      vertex 35.55 1.08 12.6
      vertex 85.7 -9 12.6
      vertex 50.05 1.08 12.6
    endloop
  endfacet
  facet normal 0 0 1
    outer loop
      vertex 32.05 16.8 12.6
      vertex -8.6 -9 12.6
      vertex 32.05 7.8 12.6
    endloop
  endfacet
  facet normal 0 0 1
    outer loop
      vertex 35.55 1.08 12.6
      vertex -8.6 -9 12.6
      vertex 85.7 -9 12.6
    endloop
  endfacet
  facet normal 0 0 1
    outer loop
      vertex 32.05 7.8 12.6
      vertex -8.6 -9 12.6
      vertex 35.55 1.08 12.6
    endloop
  endfacet
  facet normal 0 0 1
    outer loop
      vertex 50.05 9.08 12.6
      vertex 38.05 16.8 12.6
      vertex 38.05 9.08 12.6
    endloop
  endfacet
  facet normal 1 -0 0
    outer loop
      vertex 85.7 -9 12.6
      vertex 85.7 40.8 0
      vertex 85.7 40.8 12.6
    endloop
  endfacet
  facet normal 1 0 0
    outer loop
      vertex 85.7 40.8 0
      vertex 85.7 -9 12.6
      vertex 85.7 -9 0
    endloop
  endfacet
  facet normal 0 0 -1
    outer loop
      vertex 85.7 -9 0
      vertex 83.7 -7 0
      vertex 85.7 40.8 0
    endloop
  endfacet
  facet normal 0 0 -1
    outer loop
      vertex 85.7 -9 0
      vertex -6.6 -7 0
      vertex 83.7 -7 0
    endloop
  endfacet
  facet normal -0 0 -1
    outer loop
      vertex -6.6 -7 0
      vertex -8.6 -9 0
      vertex -6.6 38.8 0
    endloop
  endfacet
  facet normal 0 0 -1
    outer loop
      vertex -8.6 -9 0
      vertex -6.6 -7 0
      vertex 85.7 -9 0
    endloop
  endfacet
  facet normal 0 0 -1
    outer loop
      vertex 83.7 38.8 0
      vertex 85.7 40.8 0
      vertex 83.7 -7 0
    endloop
  endfacet
  facet normal 0 0 -1
    outer loop
      vertex -6.6 38.8 0
      vertex 85.7 40.8 0
      vertex 83.7 38.8 0
    endloop
  endfacet
  facet normal 0 0 -1
    outer loop
      vertex -6.6 38.8 0
      vertex -8.6 40.8 0
      vertex 85.7 40.8 0
    endloop
  endfacet
  facet normal 0 0 -1
    outer loop
      vertex -8.6 40.8 0
      vertex -6.6 38.8 0
      vertex -8.6 -9 0
    endloop
  endfacet
  facet normal 0 -1 0
    outer loop
      vertex -8.6 -9 0
      vertex 85.7 -9 12.6
      vertex -8.6 -9 12.6
    endloop
  endfacet
  facet normal 0 -1 -0
    outer loop
      vertex 85.7 -9 12.6
      vertex -8.6 -9 0
      vertex 85.7 -9 0
    endloop
  endfacet
  facet normal 0 1 0
    outer loop
      vertex 85.7 40.8 12.6
      vertex 24.55 40.8 9.5
      vertex -8.6 40.8 12.6
    endloop
  endfacet
  facet normal 0 1 0
    outer loop
      vertex 85.7 40.8 12.6
      vertex 24.55 40.8 3.5
      vertex 24.55 40.8 9.5
    endloop
  endfacet
  facet normal 0 1 0
    outer loop
      vertex -8.6 40.8 0
      vertex 24.55 40.8 3.5
      vertex 85.7 40.8 0
    endloop
  endfacet
  facet normal 0 1 -0
    outer loop
      vertex 85.7 40.8 0
      vertex 24.55 40.8 3.5
      vertex 85.7 40.8 12.6
    endloop
  endfacet
  facet normal 0 1 -0
    outer loop
      vertex 9.55 40.8 9.5
      vertex -8.6 40.8 12.6
      vertex 24.55 40.8 9.5
    endloop
  endfacet
  facet normal 0 1 -0
    outer loop
      vertex 9.55 40.8 3.5
      vertex -8.6 40.8 12.6
      vertex 9.55 40.8 9.5
    endloop
  endfacet
  facet normal 0 1 0
    outer loop
      vertex 9.55 40.8 3.5
      vertex -8.6 40.8 0
      vertex -8.6 40.8 12.6
    endloop
  endfacet
  facet normal 0 1 0
    outer loop
      vertex 24.55 40.8 3.5
      vertex -8.6 40.8 0
      vertex 9.55 40.8 3.5
    endloop
  endfacet
  facet normal 1 -0 0
    outer loop
      vertex -6.6 -7 10.6
      vertex -6.6 38.8 0
      vertex -6.6 38.8 10.6
    endloop
  endfacet
  facet normal 1 0 0
    outer loop
      vertex -6.6 38.8 0
      vertex -6.6 -7 10.6
      vertex -6.6 -7 0
    endloop
  endfacet
  facet normal 0 0 -1
    outer loop
      vertex -0.243585 -2.17541 10.6
      vertex 32.05 7.8 10.6
      vertex -0.109036 -2.57178 10.6
    endloop
  endfacet
  facet normal 0 0 -1
    outer loop
      vertex 32.05 16.8 10.6
      vertex -0.0273762 34.7823 10.6
      vertex 0 35.2 10.6
    endloop
  endfacet
  facet normal 0 0 -1
    outer loop
      vertex -0.428719 -1.8 10.6
      vertex 32.05 7.8 10.6
      vertex -0.243585 -2.17541 10.6
    endloop
  endfacet
  facet normal 0 0 -1
    outer loop
      vertex 32.05 16.8 10.6
      vertex -0.109036 34.3718 10.6
      vertex -0.0273762 34.7823 10.6
    endloop
  endfacet
  facet normal 0 0 -1
    outer loop
      vertex -0.661269 -1.45196 10.6
      vertex 32.05 7.8 10.6
      vertex -0.428719 -1.8 10.6
    endloop
  endfacet
  facet normal 0 0 -1
    outer loop
      vertex 32.05 16.8 10.6
      vertex -0.243585 33.9754 10.6
      vertex -0.109036 34.3718 10.6
    endloop
  endfacet
  facet normal 0 0 -1
    outer loop
      vertex -0.937258 -1.13726 10.6
      vertex 32.05 7.8 10.6
      vertex -0.661269 -1.45196 10.6
    endloop
  endfacet
  facet normal 0 0 -1
    outer loop
      vertex 32.05 16.8 10.6
      vertex -0.428719 33.6 10.6
      vertex -0.243585 33.9754 10.6
    endloop
  endfacet
  facet normal -0 0 -1
    outer loop
      vertex 32.05 7.8 10.6
      vertex -0.937258 -1.13726 10.6
      vertex 32.05 16.8 10.6
    endloop
  endfacet
  facet normal 0 0 -1
    outer loop
      vertex 32.05 16.8 10.6
      vertex -0.661269 33.252 10.6
      vertex -0.428719 33.6 10.6
    endloop
  endfacet
  facet normal 0 0 -1
    outer loop
      vertex -1.25196 -0.861269 10.6
      vertex 32.05 16.8 10.6
      vertex -0.937258 -1.13726 10.6
    endloop
  endfacet
  facet normal 0 0 -1
    outer loop
      vertex 32.05 16.8 10.6
      vertex -0.937258 32.9373 10.6
      vertex -0.661269 33.252 10.6
    endloop
  endfacet
  facet normal 0 0 -1
    outer loop
      vertex -1.25196 32.6613 10.6
      vertex 32.05 16.8 10.6
      vertex -1.25196 -0.861269 10.6
    endloop
  endfacet
  facet normal 0 0 -1
    outer loop
      vertex 32.05 16.8 10.6
      vertex -1.25196 32.6613 10.6
      vertex -0.937258 32.9373 10.6
    endloop
  endfacet
  facet normal 0 0 -1
    outer loop
      vertex -1.6 -0.628718 10.6
      vertex -1.25196 32.6613 10.6
      vertex -1.25196 -0.861269 10.6
    endloop
  endfacet
  facet normal 0 0 -1
    outer loop
      vertex -1.6 -0.628718 10.6
      vertex -1.6 32.4287 10.6
      vertex -1.25196 32.6613 10.6
    endloop
  endfacet
  facet normal 0 0 -1
    outer loop
      vertex -1.97541 -0.443585 10.6
      vertex -1.6 32.4287 10.6
      vertex -1.6 -0.628718 10.6
    endloop
  endfacet
  facet normal 0 0 -1
    outer loop
      vertex -1.97541 -0.443585 10.6
      vertex -1.97541 32.2436 10.6
      vertex -1.6 32.4287 10.6
    endloop
  endfacet
  facet normal 0 0 -1
    outer loop
      vertex -2.37178 -0.309037 10.6
      vertex -1.97541 32.2436 10.6
      vertex -1.97541 -0.443585 10.6
    endloop
  endfacet
  facet normal 0 0 -1
    outer loop
      vertex -2.37178 -0.309037 10.6
      vertex -2.37178 32.109 10.6
      vertex -1.97541 32.2436 10.6
    endloop
  endfacet
  facet normal 0 0 -1
    outer loop
      vertex -2.78232 -0.227376 10.6
      vertex -2.37178 32.109 10.6
      vertex -2.37178 -0.309037 10.6
    endloop
  endfacet
  facet normal 0 0 -1
    outer loop
      vertex -2.78232 -0.227376 10.6
      vertex -2.78232 32.0274 10.6
      vertex -2.37178 32.109 10.6
    endloop
  endfacet
  facet normal 0 0 -1
    outer loop
      vertex -3.2 -0.2 10.6
      vertex -2.78232 32.0274 10.6
      vertex -2.78232 -0.227376 10.6
    endloop
  endfacet
  facet normal 0 0 -1
    outer loop
      vertex -3.2 -0.2 10.6
      vertex -3.2 32 10.6
      vertex -2.78232 32.0274 10.6
    endloop
  endfacet
  facet normal 0 0 -1
    outer loop
      vertex -3.61768 -0.227376 10.6
      vertex -3.2 32 10.6
      vertex -3.2 -0.2 10.6
    endloop
  endfacet
  facet normal 0 0 -1
    outer loop
      vertex -3.61768 -0.227376 10.6
      vertex -3.61768 32.0274 10.6
      vertex -3.2 32 10.6
    endloop
  endfacet
  facet normal 0 0 -1
    outer loop
      vertex -4.02822 -0.309037 10.6
      vertex -3.61768 32.0274 10.6
      vertex -3.61768 -0.227376 10.6
    endloop
  endfacet
  facet normal 0 0 -1
    outer loop
      vertex -4.02822 -0.309037 10.6
      vertex -4.02822 32.109 10.6
      vertex -3.61768 32.0274 10.6
    endloop
  endfacet
  facet normal 0 0 -1
    outer loop
      vertex -4.42459 -0.443585 10.6
      vertex -4.02822 32.109 10.6
      vertex -4.02822 -0.309037 10.6
    endloop
  endfacet
  facet normal 0 0 -1
    outer loop
      vertex -4.42459 -0.443585 10.6
      vertex -4.42459 32.2436 10.6
      vertex -4.02822 32.109 10.6
    endloop
  endfacet
  facet normal 0 0 -1
    outer loop
      vertex -4.8 -0.628718 10.6
      vertex -4.42459 32.2436 10.6
      vertex -4.42459 -0.443585 10.6
    endloop
  endfacet
  facet normal 0 0 -1
    outer loop
      vertex -4.8 -0.628718 10.6
      vertex -4.8 32.4287 10.6
      vertex -4.42459 32.2436 10.6
    endloop
  endfacet
  facet normal 0 0 -1
    outer loop
      vertex -5.14804 -0.861269 10.6
      vertex -4.8 32.4287 10.6
      vertex -4.8 -0.628718 10.6
    endloop
  endfacet
  facet normal 0 0 -1
    outer loop
      vertex -5.14804 -0.861269 10.6
      vertex -5.14804 32.6613 10.6
      vertex -4.8 32.4287 10.6
    endloop
  endfacet
  facet normal 0 0 -1
    outer loop
      vertex -5.46274 -1.13726 10.6
      vertex -5.14804 32.6613 10.6
      vertex -5.14804 -0.861269 10.6
    endloop
  endfacet
  facet normal 0 0 -1
    outer loop
      vertex -5.46274 -1.13726 10.6
      vertex -5.46274 32.9373 10.6
      vertex -5.14804 32.6613 10.6
    endloop
  endfacet
  facet normal 0 0 -1
    outer loop
      vertex -5.73873 -1.45196 10.6
      vertex -5.46274 32.9373 10.6
      vertex -5.46274 -1.13726 10.6
    endloop
  endfacet
  facet normal 0 0 -1
    outer loop
      vertex -5.73873 -1.45196 10.6
      vertex -5.73873 33.252 10.6
      vertex -5.46274 32.9373 10.6
    endloop
  endfacet
  facet normal 0 0 -1
    outer loop
      vertex -5.97128 -1.8 10.6
      vertex -5.73873 33.252 10.6
      vertex -5.73873 -1.45196 10.6
    endloop
  endfacet
  facet normal 0 0 -1
    outer loop
      vertex -5.97128 -1.8 10.6
      vertex -5.97128 33.6 10.6
      vertex -5.73873 33.252 10.6
    endloop
  endfacet
  facet normal 0 0 -1
    outer loop
      vertex -6.15641 -2.17541 10.6
      vertex -5.97128 33.6 10.6
      vertex -5.97128 -1.8 10.6
    endloop
  endfacet
  facet normal 0 0 -1
    outer loop
      vertex -6.15641 -2.17541 10.6
      vertex -6.15641 33.9754 10.6
      vertex -5.97128 33.6 10.6
    endloop
  endfacet
  facet normal 0 0 -1
    outer loop
      vertex -6.29096 -2.57178 10.6
      vertex -6.15641 33.9754 10.6
      vertex -6.15641 -2.17541 10.6
    endloop
  endfacet
  facet normal 0 0 -1
    outer loop
      vertex -6.29096 -2.57178 10.6
      vertex -6.29096 34.3718 10.6
      vertex -6.15641 33.9754 10.6
    endloop
  endfacet
  facet normal 0 0 -1
    outer loop
      vertex -6.37262 -2.98232 10.6
      vertex -6.29096 34.3718 10.6
      vertex -6.29096 -2.57178 10.6
    endloop
  endfacet
  facet normal 0 0 -1
    outer loop
      vertex -6.37262 -2.98232 10.6
      vertex -6.37262 34.7823 10.6
      vertex -6.29096 34.3718 10.6
    endloop
  endfacet
  facet normal 0 0 -1
    outer loop
      vertex -6.4 -3.4 10.6
      vertex -6.37262 34.7823 10.6
      vertex -6.37262 -2.98232 10.6
    endloop
  endfacet
  facet normal -0 0 -1
    outer loop
      vertex -6.37262 34.7823 10.6
      vertex -6.4 -3.4 10.6
      vertex -6.4 35.2 10.6
    endloop
  endfacet
  facet normal 0 0 -1
    outer loop
      vertex 51.3127 18.3127 10.6
      vertex 56.6737 23.1737 10.6
      vertex 51.5887 17.998 10.6
    endloop
  endfacet
  facet normal 0 0 -1
    outer loop
      vertex 56.0784 24.2047 10.6
      vertex 52.2226 27.6323 10.6
      vertex 52.25 28.05 10.6
    endloop
  endfacet
  facet normal -0 0 -1
    outer loop
      vertex 56.6737 23.1737 10.6
      vertex 51.3127 18.3127 10.6
      vertex 56.4753 23.3998 10.6
    endloop
  endfacet
  facet normal 0 0 -1
    outer loop
      vertex 56.0784 24.2047 10.6
      vertex 52.141 27.2218 10.6
      vertex 52.2226 27.6323 10.6
    endloop
  endfacet
  facet normal 0 0 -1
    outer loop
      vertex 50.998 18.5887 10.6
      vertex 56.4753 23.3998 10.6
      vertex 51.3127 18.3127 10.6
    endloop
  endfacet
  facet normal 0 0 -1
    outer loop
      vertex 56.0784 24.2047 10.6
      vertex 52.0064 26.8254 10.6
      vertex 52.141 27.2218 10.6
    endloop
  endfacet
  facet normal -0 0 -1
    outer loop
      vertex 56.4753 23.3998 10.6
      vertex 50.998 18.5887 10.6
      vertex 56.3081 23.65 10.6
    endloop
  endfacet
  facet normal 0 0 -1
    outer loop
      vertex 56.0784 24.2047 10.6
      vertex 51.8213 26.45 10.6
      vertex 52.0064 26.8254 10.6
    endloop
  endfacet
  facet normal 0 0 -1
    outer loop
      vertex 50.65 18.8213 10.6
      vertex 56.3081 23.65 10.6
      vertex 50.998 18.5887 10.6
    endloop
  endfacet
  facet normal 0 0 -1
    outer loop
      vertex 56.0784 24.2047 10.6
      vertex 51.5887 26.102 10.6
      vertex 51.8213 26.45 10.6
    endloop
  endfacet
  facet normal -0 0 -1
    outer loop
      vertex 56.3081 23.65 10.6
      vertex 50.65 18.8213 10.6
      vertex 56.1751 23.9198 10.6
    endloop
  endfacet
  facet normal 0 0 -1
    outer loop
      vertex 56.0784 24.2047 10.6
      vertex 51.3127 25.7873 10.6
      vertex 51.5887 26.102 10.6
    endloop
  endfacet
  facet normal 0 0 -1
    outer loop
      vertex 50.65 25.2787 10.6
      vertex 56.1751 23.9198 10.6
      vertex 50.65 18.8213 10.6
    endloop
  endfacet
  facet normal 0 0 -1
    outer loop
      vertex 56.0784 24.2047 10.6
      vertex 50.998 25.5113 10.6
      vertex 51.3127 25.7873 10.6
    endloop
  endfacet
  facet normal 0 -0 -1
    outer loop
      vertex 50.998 25.5113 10.6
      vertex 56.1751 23.9198 10.6
      vertex 50.65 25.2787 10.6
    endloop
  endfacet
  facet normal 0 0 -1
    outer loop
      vertex 56.1751 23.9198 10.6
      vertex 50.998 25.5113 10.6
      vertex 56.0784 24.2047 10.6
    endloop
  endfacet
  facet normal 0 0 -1
    outer loop
      vertex 50.2746 19.0064 10.6
      vertex 50.65 25.2787 10.6
      vertex 50.65 18.8213 10.6
    endloop
  endfacet
  facet normal 0 0 -1
    outer loop
      vertex 50.2746 19.0064 10.6
      vertex 50.2746 25.0936 10.6
      vertex 50.65 25.2787 10.6
    endloop
  endfacet
  facet normal 0 0 -1
    outer loop
      vertex 49.8782 19.141 10.6
      vertex 50.2746 25.0936 10.6
      vertex 50.2746 19.0064 10.6
    endloop
  endfacet
  facet normal 0 0 -1
    outer loop
      vertex 49.8782 19.141 10.6
      vertex 49.8782 24.959 10.6
      vertex 50.2746 25.0936 10.6
    endloop
  endfacet
  facet normal 0 0 -1
    outer loop
      vertex 49.4677 19.2226 10.6
      vertex 49.8782 24.959 10.6
      vertex 49.8782 19.141 10.6
    endloop
  endfacet
  facet normal 0 0 -1
    outer loop
      vertex 49.4677 19.2226 10.6
      vertex 49.4677 24.8774 10.6
      vertex 49.8782 24.959 10.6
    endloop
  endfacet
  facet normal 0 0 -1
    outer loop
      vertex 49.05 19.25 10.6
      vertex 49.4677 24.8774 10.6
      vertex 49.4677 19.2226 10.6
    endloop
  endfacet
  facet normal 0 0 -1
    outer loop
      vertex 49.05 19.25 10.6
      vertex 49.05 24.85 10.6
      vertex 49.4677 24.8774 10.6
    endloop
  endfacet
  facet normal 0 0 -1
    outer loop
      vertex 48.6323 19.2226 10.6
      vertex 49.05 24.85 10.6
      vertex 49.05 19.25 10.6
    endloop
  endfacet
  facet normal 0 0 -1
    outer loop
      vertex 48.6323 19.2226 10.6
      vertex 48.6323 24.8774 10.6
      vertex 49.05 24.85 10.6
    endloop
  endfacet
  facet normal 0 0 -1
    outer loop
      vertex 48.2218 19.141 10.6
      vertex 48.6323 24.8774 10.6
      vertex 48.6323 19.2226 10.6
    endloop
  endfacet
  facet normal 0 0 -1
    outer loop
      vertex 48.2218 19.141 10.6
      vertex 48.2218 24.959 10.6
      vertex 48.6323 24.8774 10.6
    endloop
  endfacet
  facet normal 0 0 -1
    outer loop
      vertex 47.8254 19.0064 10.6
      vertex 48.2218 24.959 10.6
      vertex 48.2218 19.141 10.6
    endloop
  endfacet
  facet normal 0 0 -1
    outer loop
      vertex 47.8254 19.0064 10.6
      vertex 47.8254 25.0936 10.6
      vertex 48.2218 24.959 10.6
    endloop
  endfacet
  facet normal 0 0 -1
    outer loop
      vertex 47.45 18.8213 10.6
      vertex 47.8254 25.0936 10.6
      vertex 47.8254 19.0064 10.6
    endloop
  endfacet
  facet normal 0 0 -1
    outer loop
      vertex 47.45 18.8213 10.6
      vertex 47.45 25.2787 10.6
      vertex 47.8254 25.0936 10.6
    endloop
  endfacet
  facet normal 0 0 -1
    outer loop
      vertex 47.102 18.5887 10.6
      vertex 47.45 25.2787 10.6
      vertex 47.45 18.8213 10.6
    endloop
  endfacet
  facet normal 0 0 -1
    outer loop
      vertex 47.102 18.5887 10.6
      vertex 47.102 25.5113 10.6
      vertex 47.45 25.2787 10.6
    endloop
  endfacet
  facet normal 0 0 -1
    outer loop
      vertex 46.7873 18.3127 10.6
      vertex 47.102 25.5113 10.6
      vertex 47.102 18.5887 10.6
    endloop
  endfacet
  facet normal 0 0 -1
    outer loop
      vertex 46.7873 18.3127 10.6
      vertex 46.7873 25.7873 10.6
      vertex 47.102 25.5113 10.6
    endloop
  endfacet
  facet normal 0 0 -1
    outer loop
      vertex 46.5113 17.998 10.6
      vertex 46.7873 25.7873 10.6
      vertex 46.7873 18.3127 10.6
    endloop
  endfacet
  facet normal 0 0 -1
    outer loop
      vertex 46.5113 17.998 10.6
      vertex 46.5113 26.102 10.6
      vertex 46.7873 25.7873 10.6
    endloop
  endfacet
  facet normal 0 0 -1
    outer loop
      vertex 38.05 16.8 10.6
      vertex 46.5113 17.998 10.6
      vertex 46.2787 17.65 10.6
    endloop
  endfacet
  facet normal -0 0 -1
    outer loop
      vertex 46.5113 17.998 10.6
      vertex 38.05 16.8 10.6
      vertex 46.5113 26.102 10.6
    endloop
  endfacet
  facet normal 0 0 -1
    outer loop
      vertex 38.05 16.8 10.6
      vertex 46.2787 17.65 10.6
      vertex 46.0936 17.2746 10.6
    endloop
  endfacet
  facet normal -0 0 -1
    outer loop
      vertex 46.5113 26.102 10.6
      vertex 38.05 16.8 10.6
      vertex 46.2787 26.45 10.6
    endloop
  endfacet
  facet normal 0 0 -1
    outer loop
      vertex 38.05 16.8 10.6
      vertex 46.0936 17.2746 10.6
      vertex 45.959 16.8782 10.6
    endloop
  endfacet
  facet normal -0 0 -1
    outer loop
      vertex 46.2787 26.45 10.6
      vertex 38.05 16.8 10.6
      vertex 46.0936 26.8254 10.6
    endloop
  endfacet
  facet normal 0 0 -1
    outer loop
      vertex 38.05 16.8 10.6
      vertex 45.959 16.8782 10.6
      vertex 45.8774 16.4677 10.6
    endloop
  endfacet
  facet normal -0 0 -1
    outer loop
      vertex 46.0936 26.8254 10.6
      vertex 38.05 16.8 10.6
      vertex 45.959 27.2218 10.6
    endloop
  endfacet
  facet normal 0 0 -1
    outer loop
      vertex 38.05 16.8 10.6
      vertex 45.8774 16.4677 10.6
      vertex 45.85 16.05 10.6
    endloop
  endfacet
  facet normal -0 0 -1
    outer loop
      vertex 45.959 27.2218 10.6
      vertex 38.05 16.8 10.6
      vertex 45.8774 27.6323 10.6
    endloop
  endfacet
  facet normal 0 0 -1
    outer loop
      vertex 50.65 13.2787 10.6
      vertex 50.05 9.08 10.6
      vertex 50.2746 13.0936 10.6
    endloop
  endfacet
  facet normal 0 0 -1
    outer loop
      vertex 50.05 9.08 10.6
      vertex 49.8782 12.959 10.6
      vertex 50.2746 13.0936 10.6
    endloop
  endfacet
  facet normal 0 0 -1
    outer loop
      vertex 50.05 9.08 10.6
      vertex 49.4677 12.8774 10.6
      vertex 49.8782 12.959 10.6
    endloop
  endfacet
  facet normal 0 0 -1
    outer loop
      vertex 50.05 9.08 10.6
      vertex 49.05 12.85 10.6
      vertex 49.4677 12.8774 10.6
    endloop
  endfacet
  facet normal 0 0 -1
    outer loop
      vertex 50.05 9.08 10.6
      vertex 48.6323 12.8774 10.6
      vertex 49.05 12.85 10.6
    endloop
  endfacet
  facet normal 0 0 -1
    outer loop
      vertex 50.05 9.08 10.6
      vertex 48.2218 12.959 10.6
      vertex 48.6323 12.8774 10.6
    endloop
  endfacet
  facet normal 0 0 -1
    outer loop
      vertex 50.05 9.08 10.6
      vertex 47.8254 13.0936 10.6
      vertex 48.2218 12.959 10.6
    endloop
  endfacet
  facet normal 0 0 -1
    outer loop
      vertex 50.05 9.08 10.6
      vertex 47.45 13.2787 10.6
      vertex 47.8254 13.0936 10.6
    endloop
  endfacet
  facet normal 0 0 -1
    outer loop
      vertex 38.05 9.08 10.6
      vertex 47.45 13.2787 10.6
      vertex 50.05 9.08 10.6
    endloop
  endfacet
  facet normal -0 0 -1
    outer loop
      vertex 47.45 13.2787 10.6
      vertex 38.05 9.08 10.6
      vertex 47.102 13.5113 10.6
    endloop
  endfacet
  facet normal -0 0 -1
    outer loop
      vertex 47.102 13.5113 10.6
      vertex 38.05 9.08 10.6
      vertex 46.7873 13.7873 10.6
    endloop
  endfacet
  facet normal 0 0 -1
    outer loop
      vertex 45.8774 15.6323 10.6
      vertex 38.05 16.8 10.6
      vertex 45.85 16.05 10.6
    endloop
  endfacet
  facet normal 0 0 -1
    outer loop
      vertex 45.959 15.2218 10.6
      vertex 38.05 16.8 10.6
      vertex 45.8774 15.6323 10.6
    endloop
  endfacet
  facet normal 0 0 -1
    outer loop
      vertex 46.0936 14.8254 10.6
      vertex 38.05 16.8 10.6
      vertex 45.959 15.2218 10.6
    endloop
  endfacet
  facet normal 0 0 -1
    outer loop
      vertex 38.05 16.8 10.6
      vertex 46.0936 14.8254 10.6
      vertex 38.05 9.08 10.6
    endloop
  endfacet
  facet normal -0 0 -1
    outer loop
      vertex 46.2787 14.45 10.6
      vertex 38.05 9.08 10.6
      vertex 46.0936 14.8254 10.6
    endloop
  endfacet
  facet normal -0 0 -1
    outer loop
      vertex 46.5113 14.102 10.6
      vertex 38.05 9.08 10.6
      vertex 46.2787 14.45 10.6
    endloop
  endfacet
  facet normal -0 0 -1
    outer loop
      vertex 46.7873 13.7873 10.6
      vertex 38.05 9.08 10.6
      vertex 46.5113 14.102 10.6
    endloop
  endfacet
  facet normal 0 0 -1
    outer loop
      vertex 83.7 -7 10.6
      vertex 80.55 18.6 10.6
      vertex 83.7 38.8 10.6
    endloop
  endfacet
  facet normal 0 0 -1
    outer loop
      vertex 68.8728 15.2772 10.6
      vertex 80.55 18.6 10.6
      vertex 83.7 -7 10.6
    endloop
  endfacet
  facet normal 0 0 -1
    outer loop
      vertex 74.55 18.6 10.6
      vertex 71.1 24.8 10.6
      vertex 74.55 32.1 10.6
    endloop
  endfacet
  facet normal -0 0 -1
    outer loop
      vertex 80.55 18.6 10.6
      vertex 68.8728 15.2772 10.6
      vertex 74.55 18.6 10.6
    endloop
  endfacet
  facet normal 0 0 -1
    outer loop
      vertex 74.55 18.6 10.6
      vertex 71.0803 24.4998 10.6
      vertex 71.1 24.8 10.6
    endloop
  endfacet
  facet normal 0 0 -1
    outer loop
      vertex 74.55 18.6 10.6
      vertex 71.0216 24.2047 10.6
      vertex 71.0803 24.4998 10.6
    endloop
  endfacet
  facet normal 0 0 -1
    outer loop
      vertex 74.55 18.6 10.6
      vertex 70.9249 23.9198 10.6
      vertex 71.0216 24.2047 10.6
    endloop
  endfacet
  facet normal 0 0 -1
    outer loop
      vertex 69.3846 16.7849 10.6
      vertex 74.55 18.6 10.6
      vertex 69.4 16.55 10.6
    endloop
  endfacet
  facet normal 0 0 -1
    outer loop
      vertex 74.55 18.6 10.6
      vertex 70.7919 23.65 10.6
      vertex 70.9249 23.9198 10.6
    endloop
  endfacet
  facet normal 0 0 -1
    outer loop
      vertex 69.3387 17.0159 10.6
      vertex 74.55 18.6 10.6
      vertex 69.3846 16.7849 10.6
    endloop
  endfacet
  facet normal 0 0 -1
    outer loop
      vertex 74.55 18.6 10.6
      vertex 70.6247 23.3998 10.6
      vertex 70.7919 23.65 10.6
    endloop
  endfacet
  facet normal 0 0 -1
    outer loop
      vertex 69.263 17.2388 10.6
      vertex 74.55 18.6 10.6
      vertex 69.3387 17.0159 10.6
    endloop
  endfacet
  facet normal 0 0 -1
    outer loop
      vertex 74.55 18.6 10.6
      vertex 70.4263 23.1737 10.6
      vertex 70.6247 23.3998 10.6
    endloop
  endfacet
  facet normal 0 0 -1
    outer loop
      vertex 69.1588 17.45 10.6
      vertex 74.55 18.6 10.6
      vertex 69.263 17.2388 10.6
    endloop
  endfacet
  facet normal 0 0 -1
    outer loop
      vertex 74.55 18.6 10.6
      vertex 69.3846 16.3151 10.6
      vertex 69.4 16.55 10.6
    endloop
  endfacet
  facet normal 0 0 -1
    outer loop
      vertex 74.55 18.6 10.6
      vertex 69.3387 16.0841 10.6
      vertex 69.3846 16.3151 10.6
    endloop
  endfacet
  facet normal 0 0 -1
    outer loop
      vertex 74.55 18.6 10.6
      vertex 69.263 15.8612 10.6
      vertex 69.3387 16.0841 10.6
    endloop
  endfacet
  facet normal 0 0 -1
    outer loop
      vertex 74.55 18.6 10.6
      vertex 69.1588 15.65 10.6
      vertex 69.263 15.8612 10.6
    endloop
  endfacet
  facet normal 0 0 -1
    outer loop
      vertex 74.55 18.6 10.6
      vertex 69.028 15.4542 10.6
      vertex 69.1588 15.65 10.6
    endloop
  endfacet
  facet normal 0 0 -1
    outer loop
      vertex 74.55 18.6 10.6
      vertex 68.8728 15.2772 10.6
      vertex 69.028 15.4542 10.6
    endloop
  endfacet
  facet normal 0 0 -1
    outer loop
      vertex 83.7 -7 10.6
      vertex 68.6958 15.122 10.6
      vertex 68.8728 15.2772 10.6
    endloop
  endfacet
  facet normal 0 0 -1
    outer loop
      vertex 83.7 -7 10.6
      vertex 68.5 14.9912 10.6
      vertex 68.6958 15.122 10.6
    endloop
  endfacet
  facet normal 0 0 -1
    outer loop
      vertex 83.7 -7 10.6
      vertex 68.2888 14.887 10.6
      vertex 68.5 14.9912 10.6
    endloop
  endfacet
  facet normal 0 0 -1
    outer loop
      vertex 83.7 -7 10.6
      vertex 68.0659 14.8113 10.6
      vertex 68.2888 14.887 10.6
    endloop
  endfacet
  facet normal 0 0 -1
    outer loop
      vertex 83.7 -7 10.6
      vertex 67.8349 14.7654 10.6
      vertex 68.0659 14.8113 10.6
    endloop
  endfacet
  facet normal 0 0 -1
    outer loop
      vertex 83.7 -7 10.6
      vertex 67.6 14.75 10.6
      vertex 67.8349 14.7654 10.6
    endloop
  endfacet
  facet normal 0 0 -1
    outer loop
      vertex 50.05 1.08 10.6
      vertex 67.6 14.75 10.6
      vertex 83.7 -7 10.6
    endloop
  endfacet
  facet normal -0 0 -1
    outer loop
      vertex 67.6 14.75 10.6
      vertex 50.05 1.08 10.6
      vertex 67.3651 14.7654 10.6
    endloop
  endfacet
  facet normal -0 0 -1
    outer loop
      vertex 67.3651 14.7654 10.6
      vertex 50.05 1.08 10.6
      vertex 67.1341 14.8113 10.6
    endloop
  endfacet
  facet normal -0 0 -1
    outer loop
      vertex 67.1341 14.8113 10.6
      vertex 50.05 1.08 10.6
      vertex 66.9112 14.887 10.6
    endloop
  endfacet
  facet normal -0 0 -1
    outer loop
      vertex 66.9112 14.887 10.6
      vertex 50.05 1.08 10.6
      vertex 66.7 14.9912 10.6
    endloop
  endfacet
  facet normal 0 0 -1
    outer loop
      vertex 50.05 9.08 10.6
      vertex 66.7 14.9912 10.6
      vertex 50.05 1.08 10.6
    endloop
  endfacet
  facet normal -0 0 -1
    outer loop
      vertex 66.7 14.9912 10.6
      vertex 50.05 9.08 10.6
      vertex 66.5042 15.122 10.6
    endloop
  endfacet
  facet normal 0 0 -1
    outer loop
      vertex 58.6002 22.5197 10.6
      vertex 65.8 16.55 10.6
      vertex 65.8154 16.3151 10.6
    endloop
  endfacet
  facet normal 0 0 -1
    outer loop
      vertex 52.2226 15.6323 10.6
      vertex 65.8154 16.3151 10.6
      vertex 65.8613 16.0841 10.6
    endloop
  endfacet
  facet normal 0 0 -1
    outer loop
      vertex 52.141 15.2218 10.6
      vertex 65.8613 16.0841 10.6
      vertex 65.937 15.8612 10.6
    endloop
  endfacet
  facet normal 0 0 -1
    outer loop
      vertex 52.0064 14.8254 10.6
      vertex 65.937 15.8612 10.6
      vertex 66.0412 15.65 10.6
    endloop
  endfacet
  facet normal 0 0 -1
    outer loop
      vertex 65.8 16.55 10.6
      vertex 60.5803 24.4998 10.6
      vertex 60.6 24.8 10.6
    endloop
  endfacet
  facet normal 0 0 -1
    outer loop
      vertex 65.8 16.55 10.6
      vertex 60.5216 24.2047 10.6
      vertex 60.5803 24.4998 10.6
    endloop
  endfacet
  facet normal 0 0 -1
    outer loop
      vertex 65.8 16.55 10.6
      vertex 60.4249 23.9198 10.6
      vertex 60.5216 24.2047 10.6
    endloop
  endfacet
  facet normal 0 0 -1
    outer loop
      vertex 52.0064 14.8254 10.6
      vertex 66.0412 15.65 10.6
      vertex 66.172 15.4542 10.6
    endloop
  endfacet
  facet normal 0 0 -1
    outer loop
      vertex 65.8 16.55 10.6
      vertex 60.2919 23.65 10.6
      vertex 60.4249 23.9198 10.6
    endloop
  endfacet
  facet normal 0 0 -1
    outer loop
      vertex 65.8 16.55 10.6
      vertex 60.1247 23.3998 10.6
      vertex 60.2919 23.65 10.6
    endloop
  endfacet
  facet normal 0 0 -1
    outer loop
      vertex 65.8 16.55 10.6
      vertex 59.9263 23.1737 10.6
      vertex 60.1247 23.3998 10.6
    endloop
  endfacet
  facet normal 0 0 -1
    outer loop
      vertex 66.3272 15.2772 10.6
      vertex 50.05 9.08 10.6
      vertex 51.5887 14.102 10.6
    endloop
  endfacet
  facet normal 0 0 -1
    outer loop
      vertex 65.8 16.55 10.6
      vertex 59.7001 22.9753 10.6
      vertex 59.9263 23.1737 10.6
    endloop
  endfacet
  facet normal 0 0 -1
    outer loop
      vertex 65.8 16.55 10.6
      vertex 59.45 22.8081 10.6
      vertex 59.7001 22.9753 10.6
    endloop
  endfacet
  facet normal 0 0 -1
    outer loop
      vertex 65.937 15.8612 10.6
      vertex 52.0064 14.8254 10.6
      vertex 52.141 15.2218 10.6
    endloop
  endfacet
  facet normal 0 0 -1
    outer loop
      vertex 65.8 16.55 10.6
      vertex 59.1802 22.6751 10.6
      vertex 59.45 22.8081 10.6
    endloop
  endfacet
  facet normal 0 0 -1
    outer loop
      vertex 65.8613 16.0841 10.6
      vertex 52.141 15.2218 10.6
      vertex 52.2226 15.6323 10.6
    endloop
  endfacet
  facet normal 0 0 -1
    outer loop
      vertex 65.8 16.55 10.6
      vertex 58.8953 22.5784 10.6
      vertex 59.1802 22.6751 10.6
    endloop
  endfacet
  facet normal 0 0 -1
    outer loop
      vertex 65.8154 16.3151 10.6
      vertex 52.2226 15.6323 10.6
      vertex 52.25 16.05 10.6
    endloop
  endfacet
  facet normal 0 0 -1
    outer loop
      vertex 65.8 16.55 10.6
      vertex 58.6002 22.5197 10.6
      vertex 58.8953 22.5784 10.6
    endloop
  endfacet
  facet normal -0 0 -1
    outer loop
      vertex 65.8154 16.3151 10.6
      vertex 52.25 16.05 10.6
      vertex 58.6002 22.5197 10.6
    endloop
  endfacet
  facet normal 0 0 -1
    outer loop
      vertex 58.6002 22.5197 10.6
      vertex 52.25 16.05 10.6
      vertex 58.3 22.5 10.6
    endloop
  endfacet
  facet normal 0 0 -1
    outer loop
      vertex 52.2226 16.4677 10.6
      vertex 58.3 22.5 10.6
      vertex 52.25 16.05 10.6
    endloop
  endfacet
  facet normal 0 0 -1
    outer loop
      vertex 52.141 16.8782 10.6
      vertex 57.9998 22.5197 10.6
      vertex 52.2226 16.4677 10.6
    endloop
  endfacet
  facet normal 0 0 -1
    outer loop
      vertex 56.0784 24.2047 10.6
      vertex 52.25 28.05 10.6
      vertex 56.0197 24.4998 10.6
    endloop
  endfacet
  facet normal -0 0 -1
    outer loop
      vertex 56.8998 22.9753 10.6
      vertex 51.5887 17.998 10.6
      vertex 56.6737 23.1737 10.6
    endloop
  endfacet
  facet normal 0 0 -1
    outer loop
      vertex 51.5887 17.998 10.6
      vertex 56.8998 22.9753 10.6
      vertex 51.8213 17.65 10.6
    endloop
  endfacet
  facet normal -0 0 -1
    outer loop
      vertex 57.15 22.8081 10.6
      vertex 51.8213 17.65 10.6
      vertex 56.8998 22.9753 10.6
    endloop
  endfacet
  facet normal 0 0 -1
    outer loop
      vertex 51.8213 17.65 10.6
      vertex 57.15 22.8081 10.6
      vertex 52.0064 17.2746 10.6
    endloop
  endfacet
  facet normal -0 0 -1
    outer loop
      vertex 57.4198 22.6751 10.6
      vertex 52.0064 17.2746 10.6
      vertex 57.15 22.8081 10.6
    endloop
  endfacet
  facet normal -0 0 -1
    outer loop
      vertex 57.9998 22.5197 10.6
      vertex 52.141 16.8782 10.6
      vertex 57.7047 22.5784 10.6
    endloop
  endfacet
  facet normal -0 0 -1
    outer loop
      vertex 57.7047 22.5784 10.6
      vertex 52.0064 17.2746 10.6
      vertex 57.4198 22.6751 10.6
    endloop
  endfacet
  facet normal 0 0 -1
    outer loop
      vertex 52.0064 17.2746 10.6
      vertex 57.7047 22.5784 10.6
      vertex 52.141 16.8782 10.6
    endloop
  endfacet
  facet normal -0 0 -1
    outer loop
      vertex 58.3 22.5 10.6
      vertex 52.2226 16.4677 10.6
      vertex 57.9998 22.5197 10.6
    endloop
  endfacet
  facet normal 0 0 -1
    outer loop
      vertex 66.172 15.4542 10.6
      vertex 51.8213 14.45 10.6
      vertex 52.0064 14.8254 10.6
    endloop
  endfacet
  facet normal 0 0 -1
    outer loop
      vertex 50.05 9.08 10.6
      vertex 66.3272 15.2772 10.6
      vertex 66.5042 15.122 10.6
    endloop
  endfacet
  facet normal -0 0 -1
    outer loop
      vertex 66.3272 15.2772 10.6
      vertex 51.8213 14.45 10.6
      vertex 66.172 15.4542 10.6
    endloop
  endfacet
  facet normal 0 -0 -1
    outer loop
      vertex 51.8213 14.45 10.6
      vertex 66.3272 15.2772 10.6
      vertex 51.5887 14.102 10.6
    endloop
  endfacet
  facet normal 0 0 -1
    outer loop
      vertex 51.5887 14.102 10.6
      vertex 50.05 9.08 10.6
      vertex 51.3127 13.7873 10.6
    endloop
  endfacet
  facet normal 0 0 -1
    outer loop
      vertex 51.3127 13.7873 10.6
      vertex 50.05 9.08 10.6
      vertex 50.998 13.5113 10.6
    endloop
  endfacet
  facet normal 0 0 -1
    outer loop
      vertex 50.998 13.5113 10.6
      vertex 50.05 9.08 10.6
      vertex 50.65 13.2787 10.6
    endloop
  endfacet
  facet normal 0 0 -1
    outer loop
      vertex 83.7 -7 10.6
      vertex 35.55 1.08 10.6
      vertex 50.05 1.08 10.6
    endloop
  endfacet
  facet normal 0 0 -1
    outer loop
      vertex 35.55 1.08 10.6
      vertex 32.05 7.8 10.6
      vertex 35.55 7.8 10.6
    endloop
  endfacet
  facet normal 0 0 -1
    outer loop
      vertex -0.0273762 -2.98232 10.6
      vertex 32.05 7.8 10.6
      vertex 0 -3.4 10.6
    endloop
  endfacet
  facet normal -0 0 -1
    outer loop
      vertex 35.55 1.08 10.6
      vertex 0 -3.4 10.6
      vertex 32.05 7.8 10.6
    endloop
  endfacet
  facet normal 0 0 -1
    outer loop
      vertex -1.97541 -6.35641 10.6
      vertex 35.55 1.08 10.6
      vertex 83.7 -7 10.6
    endloop
  endfacet
  facet normal 0 0 -1
    outer loop
      vertex 35.55 1.08 10.6
      vertex -0.0273762 -3.81768 10.6
      vertex 0 -3.4 10.6
    endloop
  endfacet
  facet normal 0 0 -1
    outer loop
      vertex 35.55 1.08 10.6
      vertex -0.109036 -4.22822 10.6
      vertex -0.0273762 -3.81768 10.6
    endloop
  endfacet
  facet normal 0 0 -1
    outer loop
      vertex 35.55 1.08 10.6
      vertex -0.243585 -4.62459 10.6
      vertex -0.109036 -4.22822 10.6
    endloop
  endfacet
  facet normal 0 0 -1
    outer loop
      vertex 35.55 1.08 10.6
      vertex -0.428719 -5 10.6
      vertex -0.243585 -4.62459 10.6
    endloop
  endfacet
  facet normal 0 0 -1
    outer loop
      vertex 35.55 1.08 10.6
      vertex -0.661269 -5.34804 10.6
      vertex -0.428719 -5 10.6
    endloop
  endfacet
  facet normal 0 0 -1
    outer loop
      vertex 35.55 1.08 10.6
      vertex -0.937258 -5.66274 10.6
      vertex -0.661269 -5.34804 10.6
    endloop
  endfacet
  facet normal 0 0 -1
    outer loop
      vertex 35.55 1.08 10.6
      vertex -1.25196 -5.93873 10.6
      vertex -0.937258 -5.66274 10.6
    endloop
  endfacet
  facet normal 0 0 -1
    outer loop
      vertex 35.55 1.08 10.6
      vertex -1.6 -6.17128 10.6
      vertex -1.25196 -5.93873 10.6
    endloop
  endfacet
  facet normal 0 0 -1
    outer loop
      vertex 35.55 1.08 10.6
      vertex -1.97541 -6.35641 10.6
      vertex -1.6 -6.17128 10.6
    endloop
  endfacet
  facet normal 0 0 -1
    outer loop
      vertex 83.7 -7 10.6
      vertex -2.37178 -6.49096 10.6
      vertex -1.97541 -6.35641 10.6
    endloop
  endfacet
  facet normal 0 0 -1
    outer loop
      vertex 83.7 -7 10.6
      vertex -2.78232 -6.57262 10.6
      vertex -2.37178 -6.49096 10.6
    endloop
  endfacet
  facet normal 0 0 -1
    outer loop
      vertex -6.6 -7 10.6
      vertex -2.78232 -6.57262 10.6
      vertex 83.7 -7 10.6
    endloop
  endfacet
  facet normal -0 0 -1
    outer loop
      vertex -6.4 -3.4 10.6
      vertex -6.6 -7 10.6
      vertex -6.4 35.2 10.6
    endloop
  endfacet
  facet normal -0 0 -1
    outer loop
      vertex -6.37262 -3.81768 10.6
      vertex -6.6 -7 10.6
      vertex -6.4 -3.4 10.6
    endloop
  endfacet
  facet normal -0 0 -1
    outer loop
      vertex -6.29096 -4.22822 10.6
      vertex -6.6 -7 10.6
      vertex -6.37262 -3.81768 10.6
    endloop
  endfacet
  facet normal -0 0 -1
    outer loop
      vertex -6.15641 -4.62459 10.6
      vertex -6.6 -7 10.6
      vertex -6.29096 -4.22822 10.6
    endloop
  endfacet
  facet normal -0 0 -1
    outer loop
      vertex -5.97128 -5 10.6
      vertex -6.6 -7 10.6
      vertex -6.15641 -4.62459 10.6
    endloop
  endfacet
  facet normal -0 0 -1
    outer loop
      vertex -5.73873 -5.34804 10.6
      vertex -6.6 -7 10.6
      vertex -5.97128 -5 10.6
    endloop
  endfacet
  facet normal -0 0 -1
    outer loop
      vertex -5.46274 -5.66274 10.6
      vertex -6.6 -7 10.6
      vertex -5.73873 -5.34804 10.6
    endloop
  endfacet
  facet normal -0 0 -1
    outer loop
      vertex -5.14804 -5.93873 10.6
      vertex -6.6 -7 10.6
      vertex -5.46274 -5.66274 10.6
    endloop
  endfacet
  facet normal -0 0 -1
    outer loop
      vertex -4.8 -6.17128 10.6
      vertex -6.6 -7 10.6
      vertex -5.14804 -5.93873 10.6
    endloop
  endfacet
  facet normal -0 0 -1
    outer loop
      vertex -4.42459 -6.35641 10.6
      vertex -6.6 -7 10.6
      vertex -4.8 -6.17128 10.6
    endloop
  endfacet
  facet normal -0 0 -1
    outer loop
      vertex -4.02822 -6.49096 10.6
      vertex -6.6 -7 10.6
      vertex -4.42459 -6.35641 10.6
    endloop
  endfacet
  facet normal -0 0 -1
    outer loop
      vertex -3.61768 -6.57262 10.6
      vertex -6.6 -7 10.6
      vertex -4.02822 -6.49096 10.6
    endloop
  endfacet
  facet normal -0 0 -1
    outer loop
      vertex -3.2 -6.6 10.6
      vertex -6.6 -7 10.6
      vertex -3.61768 -6.57262 10.6
    endloop
  endfacet
  facet normal 0 0 -1
    outer loop
      vertex -2.78232 -6.57262 10.6
      vertex -6.6 -7 10.6
      vertex -3.2 -6.6 10.6
    endloop
  endfacet
  facet normal 0 0 -1
    outer loop
      vertex 80.55 32.1 10.6
      vertex 83.7 38.8 10.6
      vertex 80.55 18.6 10.6
    endloop
  endfacet
  facet normal 0 0 -1
    outer loop
      vertex 74.55 32.1 10.6
      vertex 83.7 38.8 10.6
      vertex 80.55 32.1 10.6
    endloop
  endfacet
  facet normal 0 0 -1
    outer loop
      vertex 71.0803 25.1002 10.6
      vertex 74.55 32.1 10.6
      vertex 71.1 24.8 10.6
    endloop
  endfacet
  facet normal 0 0 -1
    outer loop
      vertex 71.0216 25.3953 10.6
      vertex 74.55 32.1 10.6
      vertex 71.0803 25.1002 10.6
    endloop
  endfacet
  facet normal 0 0 -1
    outer loop
      vertex 70.9249 25.6802 10.6
      vertex 74.55 32.1 10.6
      vertex 71.0216 25.3953 10.6
    endloop
  endfacet
  facet normal 0 0 -1
    outer loop
      vertex 70.7919 25.95 10.6
      vertex 74.55 32.1 10.6
      vertex 70.9249 25.6802 10.6
    endloop
  endfacet
  facet normal 0 0 -1
    outer loop
      vertex 70.6247 26.2001 10.6
      vertex 74.55 32.1 10.6
      vertex 70.7919 25.95 10.6
    endloop
  endfacet
  facet normal 0 0 -1
    outer loop
      vertex 70.4263 26.4263 10.6
      vertex 74.55 32.1 10.6
      vertex 70.6247 26.2001 10.6
    endloop
  endfacet
  facet normal 0 0 -1
    outer loop
      vertex 70.2001 26.6247 10.6
      vertex 74.55 32.1 10.6
      vertex 70.4263 26.4263 10.6
    endloop
  endfacet
  facet normal 0 0 -1
    outer loop
      vertex 69.95 26.7919 10.6
      vertex 74.55 32.1 10.6
      vertex 70.2001 26.6247 10.6
    endloop
  endfacet
  facet normal 0 0 -1
    outer loop
      vertex 69.6802 26.9249 10.6
      vertex 74.55 32.1 10.6
      vertex 69.95 26.7919 10.6
    endloop
  endfacet
  facet normal 0 0 -1
    outer loop
      vertex 69.3953 27.0216 10.6
      vertex 74.55 32.1 10.6
      vertex 69.6802 26.9249 10.6
    endloop
  endfacet
  facet normal 0 0 -1
    outer loop
      vertex 69.1002 27.0803 10.6
      vertex 74.55 32.1 10.6
      vertex 69.3953 27.0216 10.6
    endloop
  endfacet
  facet normal 0 0 -1
    outer loop
      vertex 68.8 27.1 10.6
      vertex 74.55 32.1 10.6
      vertex 69.1002 27.0803 10.6
    endloop
  endfacet
  facet normal 0 0 -1
    outer loop
      vertex 68.4998 27.0803 10.6
      vertex 74.55 32.1 10.6
      vertex 68.8 27.1 10.6
    endloop
  endfacet
  facet normal 0 0 -1
    outer loop
      vertex 68.2047 27.0216 10.6
      vertex 74.55 32.1 10.6
      vertex 68.4998 27.0803 10.6
    endloop
  endfacet
  facet normal 0 0 -1
    outer loop
      vertex 67.9198 26.9249 10.6
      vertex 74.55 32.1 10.6
      vertex 68.2047 27.0216 10.6
    endloop
  endfacet
  facet normal 0 0 -1
    outer loop
      vertex 59.1802 26.9249 10.6
      vertex 67.9198 26.9249 10.6
      vertex 67.65 26.7919 10.6
    endloop
  endfacet
  facet normal 0 0 -1
    outer loop
      vertex 59.45 26.7919 10.6
      vertex 67.65 26.7919 10.6
      vertex 67.3998 26.6247 10.6
    endloop
  endfacet
  facet normal 0 0 -1
    outer loop
      vertex 66.5784 24.2047 10.6
      vertex 60.6 24.8 10.6
      vertex 66.5197 24.4998 10.6
    endloop
  endfacet
  facet normal 0 0 -1
    outer loop
      vertex 60.6 24.8 10.6
      vertex 66.172 17.6458 10.6
      vertex 66.0412 17.45 10.6
    endloop
  endfacet
  facet normal 0 0 -1
    outer loop
      vertex 60.6 24.8 10.6
      vertex 66.0412 17.45 10.6
      vertex 65.937 17.2388 10.6
    endloop
  endfacet
  facet normal 0 0 -1
    outer loop
      vertex 66.5197 24.4998 10.6
      vertex 60.6 24.8 10.6
      vertex 66.5 24.8 10.6
    endloop
  endfacet
  facet normal 0 0 -1
    outer loop
      vertex 60.6 24.8 10.6
      vertex 65.937 17.2388 10.6
      vertex 65.8613 17.0159 10.6
    endloop
  endfacet
  facet normal 0 0 -1
    outer loop
      vertex 60.6 24.8 10.6
      vertex 65.8613 17.0159 10.6
      vertex 65.8154 16.7849 10.6
    endloop
  endfacet
  facet normal 0 0 -1
    outer loop
      vertex 60.6 24.8 10.6
      vertex 65.8154 16.7849 10.6
      vertex 65.8 16.55 10.6
    endloop
  endfacet
  facet normal 0 0 -1
    outer loop
      vertex 66.5 24.8 10.6
      vertex 60.6 24.8 10.6
      vertex 66.5197 25.1002 10.6
    endloop
  endfacet
  facet normal 0 0 -1
    outer loop
      vertex 60.5803 25.1002 10.6
      vertex 66.5197 25.1002 10.6
      vertex 60.6 24.8 10.6
    endloop
  endfacet
  facet normal 0 0 -1
    outer loop
      vertex 66.5197 25.1002 10.6
      vertex 60.5803 25.1002 10.6
      vertex 66.5784 25.3953 10.6
    endloop
  endfacet
  facet normal 0 0 -1
    outer loop
      vertex 60.5216 25.3953 10.6
      vertex 66.5784 25.3953 10.6
      vertex 60.5803 25.1002 10.6
    endloop
  endfacet
  facet normal 0 0 -1
    outer loop
      vertex 66.5784 25.3953 10.6
      vertex 60.5216 25.3953 10.6
      vertex 66.6751 25.6802 10.6
    endloop
  endfacet
  facet normal 0 0 -1
    outer loop
      vertex 60.4249 25.6802 10.6
      vertex 66.6751 25.6802 10.6
      vertex 60.5216 25.3953 10.6
    endloop
  endfacet
  facet normal 0 0 -1
    outer loop
      vertex 66.6751 25.6802 10.6
      vertex 60.4249 25.6802 10.6
      vertex 66.8081 25.95 10.6
    endloop
  endfacet
  facet normal 0 0 -1
    outer loop
      vertex 60.2919 25.95 10.6
      vertex 66.8081 25.95 10.6
      vertex 60.4249 25.6802 10.6
    endloop
  endfacet
  facet normal 0 0 -1
    outer loop
      vertex 66.8081 25.95 10.6
      vertex 60.2919 25.95 10.6
      vertex 66.9753 26.2001 10.6
    endloop
  endfacet
  facet normal 0 0 -1
    outer loop
      vertex 60.1247 26.2001 10.6
      vertex 66.9753 26.2001 10.6
      vertex 60.2919 25.95 10.6
    endloop
  endfacet
  facet normal 0 0 -1
    outer loop
      vertex 66.9753 26.2001 10.6
      vertex 60.1247 26.2001 10.6
      vertex 67.1737 26.4263 10.6
    endloop
  endfacet
  facet normal 0 0 -1
    outer loop
      vertex 59.9263 26.4263 10.6
      vertex 67.1737 26.4263 10.6
      vertex 60.1247 26.2001 10.6
    endloop
  endfacet
  facet normal 0 0 -1
    outer loop
      vertex 67.1737 26.4263 10.6
      vertex 59.9263 26.4263 10.6
      vertex 67.3998 26.6247 10.6
    endloop
  endfacet
  facet normal 0 0 -1
    outer loop
      vertex 59.7001 26.6247 10.6
      vertex 67.3998 26.6247 10.6
      vertex 59.9263 26.4263 10.6
    endloop
  endfacet
  facet normal 0 0 -1
    outer loop
      vertex 59.45 26.7919 10.6
      vertex 67.3998 26.6247 10.6
      vertex 59.7001 26.6247 10.6
    endloop
  endfacet
  facet normal 0 0 -1
    outer loop
      vertex 67.65 26.7919 10.6
      vertex 59.45 26.7919 10.6
      vertex 59.1802 26.9249 10.6
    endloop
  endfacet
  facet normal 0 0 -1
    outer loop
      vertex 67.9198 26.9249 10.6
      vertex 59.1802 26.9249 10.6
      vertex 74.55 32.1 10.6
    endloop
  endfacet
  facet normal 0 0 -1
    outer loop
      vertex 58.8953 27.0216 10.6
      vertex 74.55 32.1 10.6
      vertex 59.1802 26.9249 10.6
    endloop
  endfacet
  facet normal 0 0 -1
    outer loop
      vertex 58.6002 27.0803 10.6
      vertex 74.55 32.1 10.6
      vertex 58.8953 27.0216 10.6
    endloop
  endfacet
  facet normal 0 0 -1
    outer loop
      vertex 74.55 32.1 10.6
      vertex 58.6002 27.0803 10.6
      vertex 50.998 30.5887 10.6
    endloop
  endfacet
  facet normal 0 0 -1
    outer loop
      vertex 51.3127 30.3127 10.6
      vertex 58.6002 27.0803 10.6
      vertex 58.3 27.1 10.6
    endloop
  endfacet
  facet normal 0 0 -1
    outer loop
      vertex 51.5887 29.998 10.6
      vertex 58.3 27.1 10.6
      vertex 57.9998 27.0803 10.6
    endloop
  endfacet
  facet normal 0 0 -1
    outer loop
      vertex 51.8213 29.65 10.6
      vertex 57.9998 27.0803 10.6
      vertex 57.7047 27.0216 10.6
    endloop
  endfacet
  facet normal 0 0 -1
    outer loop
      vertex 52.0064 29.2746 10.6
      vertex 57.7047 27.0216 10.6
      vertex 57.4198 26.9249 10.6
    endloop
  endfacet
  facet normal 0 0 -1
    outer loop
      vertex 56.0197 24.4998 10.6
      vertex 52.25 28.05 10.6
      vertex 56 24.8 10.6
    endloop
  endfacet
  facet normal 0 0 -1
    outer loop
      vertex 56 24.8 10.6
      vertex 52.25 28.05 10.6
      vertex 56.0197 25.1002 10.6
    endloop
  endfacet
  facet normal 0 0 -1
    outer loop
      vertex 56.0197 25.1002 10.6
      vertex 52.25 28.05 10.6
      vertex 56.0784 25.3953 10.6
    endloop
  endfacet
  facet normal 0 0 -1
    outer loop
      vertex 56.0784 25.3953 10.6
      vertex 52.25 28.05 10.6
      vertex 56.1751 25.6802 10.6
    endloop
  endfacet
  facet normal 0 0 -1
    outer loop
      vertex 52.25 28.05 10.6
      vertex 56.3081 25.95 10.6
      vertex 56.1751 25.6802 10.6
    endloop
  endfacet
  facet normal 0 0 -1
    outer loop
      vertex 52.25 28.05 10.6
      vertex 56.4753 26.2001 10.6
      vertex 56.3081 25.95 10.6
    endloop
  endfacet
  facet normal 0 0 -1
    outer loop
      vertex 52.25 28.05 10.6
      vertex 56.6737 26.4263 10.6
      vertex 56.4753 26.2001 10.6
    endloop
  endfacet
  facet normal 0 0 -1
    outer loop
      vertex 52.2226 28.4677 10.6
      vertex 56.6737 26.4263 10.6
      vertex 52.25 28.05 10.6
    endloop
  endfacet
  facet normal 0 0 -1
    outer loop
      vertex 56.6737 26.4263 10.6
      vertex 52.2226 28.4677 10.6
      vertex 56.8998 26.6247 10.6
    endloop
  endfacet
  facet normal 0 0 -1
    outer loop
      vertex 52.141 28.8782 10.6
      vertex 56.8998 26.6247 10.6
      vertex 52.2226 28.4677 10.6
    endloop
  endfacet
  facet normal 0 0 -1
    outer loop
      vertex 56.8998 26.6247 10.6
      vertex 52.141 28.8782 10.6
      vertex 57.15 26.7919 10.6
    endloop
  endfacet
  facet normal 0 0 -1
    outer loop
      vertex 57.15 26.7919 10.6
      vertex 52.141 28.8782 10.6
      vertex 57.4198 26.9249 10.6
    endloop
  endfacet
  facet normal 0 0 -1
    outer loop
      vertex 52.0064 29.2746 10.6
      vertex 57.4198 26.9249 10.6
      vertex 52.141 28.8782 10.6
    endloop
  endfacet
  facet normal 0 0 -1
    outer loop
      vertex 57.7047 27.0216 10.6
      vertex 52.0064 29.2746 10.6
      vertex 51.8213 29.65 10.6
    endloop
  endfacet
  facet normal 0 0 -1
    outer loop
      vertex 57.9998 27.0803 10.6
      vertex 51.8213 29.65 10.6
      vertex 51.5887 29.998 10.6
    endloop
  endfacet
  facet normal 0 0 -1
    outer loop
      vertex 58.3 27.1 10.6
      vertex 51.5887 29.998 10.6
      vertex 51.3127 30.3127 10.6
    endloop
  endfacet
  facet normal 0 0 -1
    outer loop
      vertex 58.6002 27.0803 10.6
      vertex 51.3127 30.3127 10.6
      vertex 50.998 30.5887 10.6
    endloop
  endfacet
  facet normal 0 0 -1
    outer loop
      vertex 50.65 30.8213 10.6
      vertex 74.55 32.1 10.6
      vertex 50.998 30.5887 10.6
    endloop
  endfacet
  facet normal 0 0 -1
    outer loop
      vertex 50.2746 31.0064 10.6
      vertex 74.55 32.1 10.6
      vertex 50.65 30.8213 10.6
    endloop
  endfacet
  facet normal -0 0 -1
    outer loop
      vertex 74.55 32.1 10.6
      vertex 50.2746 31.0064 10.6
      vertex 83.7 38.8 10.6
    endloop
  endfacet
  facet normal 0 0 -1
    outer loop
      vertex 49.8782 31.141 10.6
      vertex 83.7 38.8 10.6
      vertex 50.2746 31.0064 10.6
    endloop
  endfacet
  facet normal 0 0 -1
    outer loop
      vertex 49.4677 31.2226 10.6
      vertex 83.7 38.8 10.6
      vertex 49.8782 31.141 10.6
    endloop
  endfacet
  facet normal 0 0 -1
    outer loop
      vertex 49.05 31.25 10.6
      vertex 83.7 38.8 10.6
      vertex 49.4677 31.2226 10.6
    endloop
  endfacet
  facet normal 0 0 -1
    outer loop
      vertex 48.6323 31.2226 10.6
      vertex 83.7 38.8 10.6
      vertex 49.05 31.25 10.6
    endloop
  endfacet
  facet normal 0 0 -1
    outer loop
      vertex -1.6 37.9713 10.6
      vertex 48.6323 31.2226 10.6
      vertex 48.2218 31.141 10.6
    endloop
  endfacet
  facet normal -0 0 -1
    outer loop
      vertex 45.8774 27.6323 10.6
      vertex 38.05 16.8 10.6
      vertex 45.85 28.05 10.6
    endloop
  endfacet
  facet normal 0 0 -1
    outer loop
      vertex 32.05 16.8 10.6
      vertex 45.85 28.05 10.6
      vertex 38.05 16.8 10.6
    endloop
  endfacet
  facet normal -0 0 -1
    outer loop
      vertex 45.85 28.05 10.6
      vertex 32.05 16.8 10.6
      vertex 45.8774 28.4677 10.6
    endloop
  endfacet
  facet normal -0 0 -1
    outer loop
      vertex 45.8774 28.4677 10.6
      vertex 32.05 16.8 10.6
      vertex 45.959 28.8782 10.6
    endloop
  endfacet
  facet normal -0 0 -1
    outer loop
      vertex 45.959 28.8782 10.6
      vertex 32.05 16.8 10.6
      vertex 46.0936 29.2746 10.6
    endloop
  endfacet
  facet normal 0 0 -1
    outer loop
      vertex -0.0273762 35.6177 10.6
      vertex 46.0936 29.2746 10.6
      vertex 32.05 16.8 10.6
    endloop
  endfacet
  facet normal 0 0 -1
    outer loop
      vertex 46.0936 29.2746 10.6
      vertex -0.0273762 35.6177 10.6
      vertex 46.2787 29.65 10.6
    endloop
  endfacet
  facet normal 0 0 -1
    outer loop
      vertex -0.109036 36.0282 10.6
      vertex 46.2787 29.65 10.6
      vertex -0.0273762 35.6177 10.6
    endloop
  endfacet
  facet normal 0 0 -1
    outer loop
      vertex -0.109036 -2.57178 10.6
      vertex 32.05 7.8 10.6
      vertex -0.0273762 -2.98232 10.6
    endloop
  endfacet
  facet normal 0 0 -1
    outer loop
      vertex -0.0273762 35.6177 10.6
      vertex 32.05 16.8 10.6
      vertex 0 35.2 10.6
    endloop
  endfacet
  facet normal 0 0 -1
    outer loop
      vertex 46.2787 29.65 10.6
      vertex -0.109036 36.0282 10.6
      vertex 46.5113 29.998 10.6
    endloop
  endfacet
  facet normal 0 0 -1
    outer loop
      vertex -0.243585 36.4246 10.6
      vertex 46.5113 29.998 10.6
      vertex -0.109036 36.0282 10.6
    endloop
  endfacet
  facet normal 0 0 -1
    outer loop
      vertex 46.5113 29.998 10.6
      vertex -0.243585 36.4246 10.6
      vertex 46.7873 30.3127 10.6
    endloop
  endfacet
  facet normal 0 0 -1
    outer loop
      vertex -0.428719 36.8 10.6
      vertex 46.7873 30.3127 10.6
      vertex -0.243585 36.4246 10.6
    endloop
  endfacet
  facet normal 0 0 -1
    outer loop
      vertex 46.7873 30.3127 10.6
      vertex -0.428719 36.8 10.6
      vertex 47.102 30.5887 10.6
    endloop
  endfacet
  facet normal 0 0 -1
    outer loop
      vertex -0.661269 37.148 10.6
      vertex 47.102 30.5887 10.6
      vertex -0.428719 36.8 10.6
    endloop
  endfacet
  facet normal 0 0 -1
    outer loop
      vertex 47.102 30.5887 10.6
      vertex -0.661269 37.148 10.6
      vertex 47.45 30.8213 10.6
    endloop
  endfacet
  facet normal 0 0 -1
    outer loop
      vertex -0.937258 37.4627 10.6
      vertex 47.45 30.8213 10.6
      vertex -0.661269 37.148 10.6
    endloop
  endfacet
  facet normal 0 0 -1
    outer loop
      vertex 47.45 30.8213 10.6
      vertex -0.937258 37.4627 10.6
      vertex 47.8254 31.0064 10.6
    endloop
  endfacet
  facet normal 0 0 -1
    outer loop
      vertex -1.25196 37.7387 10.6
      vertex 47.8254 31.0064 10.6
      vertex -0.937258 37.4627 10.6
    endloop
  endfacet
  facet normal 0 0 -1
    outer loop
      vertex 47.8254 31.0064 10.6
      vertex -1.25196 37.7387 10.6
      vertex 48.2218 31.141 10.6
    endloop
  endfacet
  facet normal 0 0 -1
    outer loop
      vertex -1.6 37.9713 10.6
      vertex 48.2218 31.141 10.6
      vertex -1.25196 37.7387 10.6
    endloop
  endfacet
  facet normal 0 0 -1
    outer loop
      vertex 48.6323 31.2226 10.6
      vertex -1.6 37.9713 10.6
      vertex -1.97541 38.1564 10.6
    endloop
  endfacet
  facet normal 0 0 -1
    outer loop
      vertex 48.6323 31.2226 10.6
      vertex -1.97541 38.1564 10.6
      vertex 83.7 38.8 10.6
    endloop
  endfacet
  facet normal 0 0 -1
    outer loop
      vertex -2.37178 38.291 10.6
      vertex 83.7 38.8 10.6
      vertex -1.97541 38.1564 10.6
    endloop
  endfacet
  facet normal 0 0 -1
    outer loop
      vertex -2.78232 38.3726 10.6
      vertex 83.7 38.8 10.6
      vertex -2.37178 38.291 10.6
    endloop
  endfacet
  facet normal 0 0 -1
    outer loop
      vertex -6.6 38.8 10.6
      vertex -2.78232 38.3726 10.6
      vertex -3.2 38.4 10.6
    endloop
  endfacet
  facet normal 0 0 -1
    outer loop
      vertex -2.78232 38.3726 10.6
      vertex -6.6 38.8 10.6
      vertex 83.7 38.8 10.6
    endloop
  endfacet
  facet normal 0 0 -1
    outer loop
      vertex -3.61768 38.3726 10.6
      vertex -6.6 38.8 10.6
      vertex -3.2 38.4 10.6
    endloop
  endfacet
  facet normal 0 0 -1
    outer loop
      vertex -4.02822 38.291 10.6
      vertex -6.6 38.8 10.6
      vertex -3.61768 38.3726 10.6
    endloop
  endfacet
  facet normal 0 0 -1
    outer loop
      vertex -4.42459 38.1564 10.6
      vertex -6.6 38.8 10.6
      vertex -4.02822 38.291 10.6
    endloop
  endfacet
  facet normal 0 0 -1
    outer loop
      vertex -4.8 37.9713 10.6
      vertex -6.6 38.8 10.6
      vertex -4.42459 38.1564 10.6
    endloop
  endfacet
  facet normal 0 0 -1
    outer loop
      vertex -5.14804 37.7387 10.6
      vertex -6.6 38.8 10.6
      vertex -4.8 37.9713 10.6
    endloop
  endfacet
  facet normal 0 0 -1
    outer loop
      vertex -5.46274 37.4627 10.6
      vertex -6.6 38.8 10.6
      vertex -5.14804 37.7387 10.6
    endloop
  endfacet
  facet normal 0 0 -1
    outer loop
      vertex -5.73873 37.148 10.6
      vertex -6.6 38.8 10.6
      vertex -5.46274 37.4627 10.6
    endloop
  endfacet
  facet normal 0 0 -1
    outer loop
      vertex -5.97128 36.8 10.6
      vertex -6.6 38.8 10.6
      vertex -5.73873 37.148 10.6
    endloop
  endfacet
  facet normal 0 0 -1
    outer loop
      vertex -6.15641 36.4246 10.6
      vertex -6.6 38.8 10.6
      vertex -5.97128 36.8 10.6
    endloop
  endfacet
  facet normal 0 0 -1
    outer loop
      vertex -6.29096 36.0282 10.6
      vertex -6.6 38.8 10.6
      vertex -6.15641 36.4246 10.6
    endloop
  endfacet
  facet normal 0 0 -1
    outer loop
      vertex -6.37262 35.6177 10.6
      vertex -6.6 38.8 10.6
      vertex -6.29096 36.0282 10.6
    endloop
  endfacet
  facet normal 0 0 -1
    outer loop
      vertex -6.4 35.2 10.6
      vertex -6.6 38.8 10.6
      vertex -6.37262 35.6177 10.6
    endloop
  endfacet
  facet normal 0 0 -1
    outer loop
      vertex -6.6 38.8 10.6
      vertex -6.4 35.2 10.6
      vertex -6.6 -7 10.6
    endloop
  endfacet
  facet normal 0 0 -1
    outer loop
      vertex 69.028 17.6458 10.6
      vertex 74.55 18.6 10.6
      vertex 69.1588 17.45 10.6
    endloop
  endfacet
  facet normal 0 0 -1
    outer loop
      vertex 74.55 18.6 10.6
      vertex 70.2001 22.9753 10.6
      vertex 70.4263 23.1737 10.6
    endloop
  endfacet
  facet normal 0 -0 -1
    outer loop
      vertex 69.95 22.8081 10.6
      vertex 74.55 18.6 10.6
      vertex 69.028 17.6458 10.6
    endloop
  endfacet
  facet normal 0 0 -1
    outer loop
      vertex 74.55 18.6 10.6
      vertex 69.95 22.8081 10.6
      vertex 70.2001 22.9753 10.6
    endloop
  endfacet
  facet normal 0 0 -1
    outer loop
      vertex 68.8728 17.8228 10.6
      vertex 69.95 22.8081 10.6
      vertex 69.028 17.6458 10.6
    endloop
  endfacet
  facet normal 0 0 -1
    outer loop
      vertex 69.95 22.8081 10.6
      vertex 68.8728 17.8228 10.6
      vertex 69.6802 22.6751 10.6
    endloop
  endfacet
  facet normal 0 0 -1
    outer loop
      vertex 68.6958 17.978 10.6
      vertex 69.6802 22.6751 10.6
      vertex 68.8728 17.8228 10.6
    endloop
  endfacet
  facet normal 0 0 -1
    outer loop
      vertex 69.6802 22.6751 10.6
      vertex 68.6958 17.978 10.6
      vertex 69.3953 22.5784 10.6
    endloop
  endfacet
  facet normal 0 0 -1
    outer loop
      vertex 68.5 18.1088 10.6
      vertex 69.3953 22.5784 10.6
      vertex 68.6958 17.978 10.6
    endloop
  endfacet
  facet normal 0 0 -1
    outer loop
      vertex 69.3953 22.5784 10.6
      vertex 68.5 18.1088 10.6
      vertex 69.1002 22.5197 10.6
    endloop
  endfacet
  facet normal 0 0 -1
    outer loop
      vertex 68.2888 18.213 10.6
      vertex 69.1002 22.5197 10.6
      vertex 68.5 18.1088 10.6
    endloop
  endfacet
  facet normal 0 0 -1
    outer loop
      vertex 69.1002 22.5197 10.6
      vertex 68.2888 18.213 10.6
      vertex 68.8 22.5 10.6
    endloop
  endfacet
  facet normal 0 0 -1
    outer loop
      vertex 68.0659 18.2887 10.6
      vertex 68.8 22.5 10.6
      vertex 68.2888 18.213 10.6
    endloop
  endfacet
  facet normal -0 0 -1
    outer loop
      vertex 68.8 22.5 10.6
      vertex 68.0659 18.2887 10.6
      vertex 68.4998 22.5197 10.6
    endloop
  endfacet
  facet normal 0 0 -1
    outer loop
      vertex 67.8349 18.3346 10.6
      vertex 68.4998 22.5197 10.6
      vertex 68.0659 18.2887 10.6
    endloop
  endfacet
  facet normal -0 0 -1
    outer loop
      vertex 68.4998 22.5197 10.6
      vertex 67.8349 18.3346 10.6
      vertex 68.2047 22.5784 10.6
    endloop
  endfacet
  facet normal 0 0 -1
    outer loop
      vertex 67.6 18.35 10.6
      vertex 68.2047 22.5784 10.6
      vertex 67.8349 18.3346 10.6
    endloop
  endfacet
  facet normal -0 0 -1
    outer loop
      vertex 68.2047 22.5784 10.6
      vertex 67.6 18.35 10.6
      vertex 67.9198 22.6751 10.6
    endloop
  endfacet
  facet normal 0 0 -1
    outer loop
      vertex 67.3651 18.3346 10.6
      vertex 67.9198 22.6751 10.6
      vertex 67.6 18.35 10.6
    endloop
  endfacet
  facet normal 0 0 -1
    outer loop
      vertex 67.1341 18.2887 10.6
      vertex 67.9198 22.6751 10.6
      vertex 67.3651 18.3346 10.6
    endloop
  endfacet
  facet normal -0 0 -1
    outer loop
      vertex 67.9198 22.6751 10.6
      vertex 67.1341 18.2887 10.6
      vertex 67.65 22.8081 10.6
    endloop
  endfacet
  facet normal 0 0 -1
    outer loop
      vertex 66.9112 18.213 10.6
      vertex 67.65 22.8081 10.6
      vertex 67.1341 18.2887 10.6
    endloop
  endfacet
  facet normal -0 0 -1
    outer loop
      vertex 67.65 22.8081 10.6
      vertex 66.9112 18.213 10.6
      vertex 67.3998 22.9753 10.6
    endloop
  endfacet
  facet normal 0 0 -1
    outer loop
      vertex 66.7 18.1088 10.6
      vertex 67.3998 22.9753 10.6
      vertex 66.9112 18.213 10.6
    endloop
  endfacet
  facet normal -0 0 -1
    outer loop
      vertex 67.3998 22.9753 10.6
      vertex 66.7 18.1088 10.6
      vertex 67.1737 23.1737 10.6
    endloop
  endfacet
  facet normal 0 0 -1
    outer loop
      vertex 66.5042 17.978 10.6
      vertex 67.1737 23.1737 10.6
      vertex 66.7 18.1088 10.6
    endloop
  endfacet
  facet normal -0 0 -1
    outer loop
      vertex 67.1737 23.1737 10.6
      vertex 66.5042 17.978 10.6
      vertex 66.9753 23.3998 10.6
    endloop
  endfacet
  facet normal 0 0 -1
    outer loop
      vertex 66.3272 17.8228 10.6
      vertex 66.9753 23.3998 10.6
      vertex 66.5042 17.978 10.6
    endloop
  endfacet
  facet normal -0 0 -1
    outer loop
      vertex 66.9753 23.3998 10.6
      vertex 66.3272 17.8228 10.6
      vertex 66.8081 23.65 10.6
    endloop
  endfacet
  facet normal 0 0 -1
    outer loop
      vertex 60.6 24.8 10.6
      vertex 66.3272 17.8228 10.6
      vertex 66.172 17.6458 10.6
    endloop
  endfacet
  facet normal 0 0 -1
    outer loop
      vertex 66.3272 17.8228 10.6
      vertex 60.6 24.8 10.6
      vertex 66.8081 23.65 10.6
    endloop
  endfacet
  facet normal 0 0 -1
    outer loop
      vertex 66.8081 23.65 10.6
      vertex 60.6 24.8 10.6
      vertex 66.6751 23.9198 10.6
    endloop
  endfacet
  facet normal 0 0 -1
    outer loop
      vertex 66.6751 23.9198 10.6
      vertex 60.6 24.8 10.6
      vertex 66.5784 24.2047 10.6
    endloop
  endfacet
  facet normal -1 0 0
    outer loop
      vertex 83.7 -7 0
      vertex 83.7 38.8 10.6
      vertex 83.7 38.8 0
    endloop
  endfacet
  facet normal -1 -0 0
    outer loop
      vertex 83.7 38.8 10.6
      vertex 83.7 -7 0
      vertex 83.7 -7 10.6
    endloop
  endfacet
  facet normal 0 1 -0
    outer loop
      vertex 83.7 -7 0
      vertex -6.6 -7 10.6
      vertex 83.7 -7 10.6
    endloop
  endfacet
  facet normal 0 1 0
    outer loop
      vertex -6.6 -7 10.6
      vertex 83.7 -7 0
      vertex -6.6 -7 0
    endloop
  endfacet
  facet normal 0 -1 0
    outer loop
      vertex 24.55 38.8 9.5
      vertex -6.6 38.8 10.6
      vertex 9.55 38.8 9.5
    endloop
  endfacet
  facet normal 0 -1 0
    outer loop
      vertex -6.6 38.8 10.6
      vertex 9.55 38.8 3.5
      vertex 9.55 38.8 9.5
    endloop
  endfacet
  facet normal 0 -1 -0
    outer loop
      vertex 9.55 38.8 3.5
      vertex -6.6 38.8 0
      vertex 24.55 38.8 3.5
    endloop
  endfacet
  facet normal 0 -1 0
    outer loop
      vertex -6.6 38.8 0
      vertex 9.55 38.8 3.5
      vertex -6.6 38.8 10.6
    endloop
  endfacet
  facet normal 0 -1 0
    outer loop
      vertex -6.6 38.8 10.6
      vertex 24.55 38.8 9.5
      vertex 83.7 38.8 10.6
    endloop
  endfacet
  facet normal 0 -1 0
    outer loop
      vertex 24.55 38.8 3.5
      vertex 83.7 38.8 10.6
      vertex 24.55 38.8 9.5
    endloop
  endfacet
  facet normal 0 -1 0
    outer loop
      vertex 24.55 38.8 3.5
      vertex 83.7 38.8 0
      vertex 83.7 38.8 10.6
    endloop
  endfacet
  facet normal 0 -1 0
    outer loop
      vertex 83.7 38.8 0
      vertex 24.55 38.8 3.5
      vertex -6.6 38.8 0
    endloop
  endfacet
  facet normal 1 -0 0
    outer loop
      vertex 9.55 38.8 9.5
      vertex 9.55 40.8 3.5
      vertex 9.55 40.8 9.5
    endloop
  endfacet
  facet normal 1 0 0
    outer loop
      vertex 9.55 40.8 3.5
      vertex 9.55 38.8 9.5
      vertex 9.55 38.8 3.5
    endloop
  endfacet
  facet normal 0 0 -1
    outer loop
      vertex 9.55 38.8 9.5
      vertex 24.55 40.8 9.5
      vertex 24.55 38.8 9.5
    endloop
  endfacet
  facet normal -0 0 -1
    outer loop
      vertex 24.55 40.8 9.5
      vertex 9.55 38.8 9.5
      vertex 9.55 40.8 9.5
    endloop
  endfacet
  facet normal -1 0 0
    outer loop
      vertex 24.55 38.8 3.5
      vertex 24.55 40.8 9.5
      vertex 24.55 40.8 3.5
    endloop
  endfacet
  facet normal -1 -0 0
    outer loop
      vertex 24.55 40.8 9.5
      vertex 24.55 38.8 3.5
      vertex 24.55 38.8 9.5
    endloop
  endfacet
  facet normal -0 0 1
    outer loop
      vertex 9.55 40.8 3.5
      vertex 24.55 38.8 3.5
      vertex 24.55 40.8 3.5
    endloop
  endfacet
  facet normal 0 0 1
    outer loop
      vertex 24.55 38.8 3.5
      vertex 9.55 40.8 3.5
      vertex 9.55 38.8 3.5
    endloop
  endfacet
  facet normal -1 0 0
    outer loop
      vertex -6.3 -6.7 -1.5
      vertex -6.3 -4.18279 0
      vertex -6.3 -4.18279 -1.5
    endloop
  endfacet
  facet normal -1 -0 0
    outer loop
      vertex -6.3 -4.18279 0
      vertex -6.3 -6.7 -1.5
      vertex -6.3 -6.7 0
    endloop
  endfacet
  facet normal -1 0 0
    outer loop
      vertex -6.3 35.9828 -1.5
      vertex -6.3 38.5 0
      vertex -6.3 38.5 -1.5
    endloop
  endfacet
  facet normal -1 -0 0
    outer loop
      vertex -6.3 38.5 0
      vertex -6.3 35.9828 -1.5
      vertex -6.3 35.9828 0
    endloop
  endfacet
  facet normal -1 0 0
    outer loop
      vertex -6.3 -2.61721 -1.5
      vertex -6.3 34.4172 0
      vertex -6.3 34.4172 -1.5
    endloop
  endfacet
  facet normal -1 -0 0
    outer loop
      vertex -6.3 34.4172 0
      vertex -6.3 -2.61721 -1.5
      vertex -6.3 -2.61721 0
    endloop
  endfacet
  facet normal 0 0 1
    outer loop
      vertex 83.4 38.5 0
      vertex 82.2 37.3 0
      vertex 83.4 -6.7 0
    endloop
  endfacet
  facet normal -0 0 1
    outer loop
      vertex -0.937258 37.4627 0
      vertex 82.2 37.3 0
      vertex 83.4 38.5 0
    endloop
  endfacet
  facet normal 0 0 1
    outer loop
      vertex 82.2 37.3 0
      vertex -0.937258 37.4627 0
      vertex -0.794538 37.3 0
    endloop
  endfacet
  facet normal 0 0 1
    outer loop
      vertex 83.4 38.5 0
      vertex -1.25196 37.7387 0
      vertex -0.937258 37.4627 0
    endloop
  endfacet
  facet normal 0 0 1
    outer loop
      vertex 83.4 38.5 0
      vertex -1.6 37.9713 0
      vertex -1.25196 37.7387 0
    endloop
  endfacet
  facet normal 0 0 1
    outer loop
      vertex 83.4 38.5 0
      vertex -1.97541 38.1564 0
      vertex -1.6 37.9713 0
    endloop
  endfacet
  facet normal 0 0 1
    outer loop
      vertex 83.4 38.5 0
      vertex -2.37178 38.291 0
      vertex -1.97541 38.1564 0
    endloop
  endfacet
  facet normal 0 0 1
    outer loop
      vertex 83.4 38.5 0
      vertex -2.78232 38.3726 0
      vertex -2.37178 38.291 0
    endloop
  endfacet
  facet normal 0 0 1
    outer loop
      vertex 83.4 38.5 0
      vertex -3.2 38.4 0
      vertex -2.78232 38.3726 0
    endloop
  endfacet
  facet normal -0 0 1
    outer loop
      vertex -6.3 38.5 0
      vertex -3.2 38.4 0
      vertex 83.4 38.5 0
    endloop
  endfacet
  facet normal 0 0 1
    outer loop
      vertex -6.3 38.5 0
      vertex -3.61768 38.3726 0
      vertex -3.2 38.4 0
    endloop
  endfacet
  facet normal 0 0 1
    outer loop
      vertex -6.3 38.5 0
      vertex -4.02822 38.291 0
      vertex -3.61768 38.3726 0
    endloop
  endfacet
  facet normal 0 0 1
    outer loop
      vertex -6.3 38.5 0
      vertex -4.42459 38.1564 0
      vertex -4.02822 38.291 0
    endloop
  endfacet
  facet normal 0 0 1
    outer loop
      vertex -6.3 38.5 0
      vertex -4.8 37.9713 0
      vertex -4.42459 38.1564 0
    endloop
  endfacet
  facet normal 0 0 1
    outer loop
      vertex -6.3 38.5 0
      vertex -5.14804 37.7387 0
      vertex -4.8 37.9713 0
    endloop
  endfacet
  facet normal 0 0 1
    outer loop
      vertex -6.3 38.5 0
      vertex -5.46274 37.4627 0
      vertex -5.14804 37.7387 0
    endloop
  endfacet
  facet normal 0 0 1
    outer loop
      vertex -6.3 38.5 0
      vertex -5.73873 37.148 0
      vertex -5.46274 37.4627 0
    endloop
  endfacet
  facet normal 0 0 1
    outer loop
      vertex -6.3 38.5 0
      vertex -5.97128 36.8 0
      vertex -5.73873 37.148 0
    endloop
  endfacet
  facet normal 0 0 1
    outer loop
      vertex -6.3 38.5 0
      vertex -6.15641 36.4246 0
      vertex -5.97128 36.8 0
    endloop
  endfacet
  facet normal 0 0 1
    outer loop
      vertex -6.3 38.5 0
      vertex -6.29096 36.0282 0
      vertex -6.15641 36.4246 0
    endloop
  endfacet
  facet normal 0 0 1
    outer loop
      vertex -6.29096 36.0282 0
      vertex -6.3 38.5 0
      vertex -6.3 35.9828 0
    endloop
  endfacet
  facet normal -0 0 1
    outer loop
      vertex 82.2 -5.5 0
      vertex 83.4 -6.7 0
      vertex 82.2 37.3 0
    endloop
  endfacet
  facet normal 0 0 1
    outer loop
      vertex -0.937258 -5.66274 0
      vertex 82.2 -5.5 0
      vertex -0.794538 -5.5 0
    endloop
  endfacet
  facet normal 0 0 1
    outer loop
      vertex 82.2 -5.5 0
      vertex -0.937258 -5.66274 0
      vertex 83.4 -6.7 0
    endloop
  endfacet
  facet normal -0 0 1
    outer loop
      vertex -1.25196 -5.93873 0
      vertex 83.4 -6.7 0
      vertex -0.937258 -5.66274 0
    endloop
  endfacet
  facet normal -0 0 1
    outer loop
      vertex -1.6 -6.17128 0
      vertex 83.4 -6.7 0
      vertex -1.25196 -5.93873 0
    endloop
  endfacet
  facet normal -0 0 1
    outer loop
      vertex -1.97541 -6.35641 0
      vertex 83.4 -6.7 0
      vertex -1.6 -6.17128 0
    endloop
  endfacet
  facet normal -0 0 1
    outer loop
      vertex -2.37178 -6.49096 0
      vertex 83.4 -6.7 0
      vertex -1.97541 -6.35641 0
    endloop
  endfacet
  facet normal -0 0 1
    outer loop
      vertex -2.78232 -6.57262 0
      vertex 83.4 -6.7 0
      vertex -2.37178 -6.49096 0
    endloop
  endfacet
  facet normal -0 0 1
    outer loop
      vertex -3.2 -6.6 0
      vertex 83.4 -6.7 0
      vertex -2.78232 -6.57262 0
    endloop
  endfacet
  facet normal 0 0 1
    outer loop
      vertex -3.2 -6.6 0
      vertex -6.3 -6.7 0
      vertex 83.4 -6.7 0
    endloop
  endfacet
  facet normal 0 0 1
    outer loop
      vertex -3.61768 -6.57262 0
      vertex -6.3 -6.7 0
      vertex -3.2 -6.6 0
    endloop
  endfacet
  facet normal 0 0 1
    outer loop
      vertex -4.02822 -6.49096 0
      vertex -6.3 -6.7 0
      vertex -3.61768 -6.57262 0
    endloop
  endfacet
  facet normal 0 0 1
    outer loop
      vertex -4.42459 -6.35641 0
      vertex -6.3 -6.7 0
      vertex -4.02822 -6.49096 0
    endloop
  endfacet
  facet normal 0 0 1
    outer loop
      vertex -4.8 -6.17128 0
      vertex -6.3 -6.7 0
      vertex -4.42459 -6.35641 0
    endloop
  endfacet
  facet normal 0 0 1
    outer loop
      vertex -5.14804 -5.93873 0
      vertex -6.3 -6.7 0
      vertex -4.8 -6.17128 0
    endloop
  endfacet
  facet normal 0 0 1
    outer loop
      vertex -5.46274 -5.66274 0
      vertex -6.3 -6.7 0
      vertex -5.14804 -5.93873 0
    endloop
  endfacet
  facet normal 0 0 1
    outer loop
      vertex -5.73873 -5.34804 0
      vertex -6.3 -6.7 0
      vertex -5.46274 -5.66274 0
    endloop
  endfacet
  facet normal 0 0 1
    outer loop
      vertex -5.97128 -5 0
      vertex -6.3 -6.7 0
      vertex -5.73873 -5.34804 0
    endloop
  endfacet
  facet normal 0 0 1
    outer loop
      vertex -6.15641 -4.62459 0
      vertex -6.3 -6.7 0
      vertex -5.97128 -5 0
    endloop
  endfacet
  facet normal 0 0 1
    outer loop
      vertex -6.29096 -4.22822 0
      vertex -6.3 -6.7 0
      vertex -6.15641 -4.62459 0
    endloop
  endfacet
  facet normal 0 0 1
    outer loop
      vertex -6.3 -6.7 0
      vertex -6.29096 -4.22822 0
      vertex -6.3 -4.18279 0
    endloop
  endfacet
  facet normal 0 0 1
    outer loop
      vertex -5.14804 32.6613 0
      vertex -5.1 -0.829172 0
      vertex -5.1 32.6292 0
    endloop
  endfacet
  facet normal 0 0 1
    outer loop
      vertex -5.14804 32.6613 0
      vertex -5.14804 -0.861269 0
      vertex -5.1 -0.829172 0
    endloop
  endfacet
  facet normal 0 0 1
    outer loop
      vertex -5.46274 32.9373 0
      vertex -5.14804 -0.861269 0
      vertex -5.14804 32.6613 0
    endloop
  endfacet
  facet normal 0 0 1
    outer loop
      vertex -5.46274 32.9373 0
      vertex -5.46274 -1.13726 0
      vertex -5.14804 -0.861269 0
    endloop
  endfacet
  facet normal 0 0 1
    outer loop
      vertex -5.73873 33.252 0
      vertex -5.46274 -1.13726 0
      vertex -5.46274 32.9373 0
    endloop
  endfacet
  facet normal 0 0 1
    outer loop
      vertex -5.73873 33.252 0
      vertex -5.73873 -1.45196 0
      vertex -5.46274 -1.13726 0
    endloop
  endfacet
  facet normal 0 0 1
    outer loop
      vertex -5.97128 33.6 0
      vertex -5.73873 -1.45196 0
      vertex -5.73873 33.252 0
    endloop
  endfacet
  facet normal 0 0 1
    outer loop
      vertex -5.97128 33.6 0
      vertex -5.97128 -1.8 0
      vertex -5.73873 -1.45196 0
    endloop
  endfacet
  facet normal 0 0 1
    outer loop
      vertex -6.15641 33.9754 0
      vertex -5.97128 -1.8 0
      vertex -5.97128 33.6 0
    endloop
  endfacet
  facet normal 0 0 1
    outer loop
      vertex -6.15641 33.9754 0
      vertex -6.15641 -2.17541 0
      vertex -5.97128 -1.8 0
    endloop
  endfacet
  facet normal 0 0 1
    outer loop
      vertex -6.29096 34.3718 0
      vertex -6.15641 -2.17541 0
      vertex -6.15641 33.9754 0
    endloop
  endfacet
  facet normal 0 0 1
    outer loop
      vertex -6.29096 34.3718 0
      vertex -6.29096 -2.57178 0
      vertex -6.15641 -2.17541 0
    endloop
  endfacet
  facet normal 0 0 1
    outer loop
      vertex -6.3 34.4172 0
      vertex -6.29096 -2.57178 0
      vertex -6.29096 34.3718 0
    endloop
  endfacet
  facet normal 0 0 1
    outer loop
      vertex -6.29096 -2.57178 0
      vertex -6.3 34.4172 0
      vertex -6.3 -2.61721 0
    endloop
  endfacet
  facet normal 1 -0 0
    outer loop
      vertex 83.4 -6.7 0
      vertex 83.4 38.5 -1.5
      vertex 83.4 38.5 0
    endloop
  endfacet
  facet normal 1 0 0
    outer loop
      vertex 83.4 38.5 -1.5
      vertex 83.4 -6.7 0
      vertex 83.4 -6.7 -1.5
    endloop
  endfacet
  facet normal 0 1 -0
    outer loop
      vertex 83.4 38.5 -1.5
      vertex -6.3 38.5 0
      vertex 83.4 38.5 0
    endloop
  endfacet
  facet normal 0 1 0
    outer loop
      vertex -6.3 38.5 0
      vertex 83.4 38.5 -1.5
      vertex -6.3 38.5 -1.5
    endloop
  endfacet
  facet normal 0 0 -1
    outer loop
      vertex 83.4 -6.7 -1.5
      vertex 82.2 -5.5 -1.5
      vertex 83.4 38.5 -1.5
    endloop
  endfacet
  facet normal 0 0 -1
    outer loop
      vertex -0.937258 -5.66274 -1.5
      vertex 82.2 -5.5 -1.5
      vertex 83.4 -6.7 -1.5
    endloop
  endfacet
  facet normal -0 0 -1
    outer loop
      vertex 82.2 -5.5 -1.5
      vertex -0.937258 -5.66274 -1.5
      vertex -0.794538 -5.5 -1.5
    endloop
  endfacet
  facet normal 0 0 -1
    outer loop
      vertex 83.4 -6.7 -1.5
      vertex -1.25196 -5.93873 -1.5
      vertex -0.937258 -5.66274 -1.5
    endloop
  endfacet
  facet normal 0 0 -1
    outer loop
      vertex 83.4 -6.7 -1.5
      vertex -1.6 -6.17128 -1.5
      vertex -1.25196 -5.93873 -1.5
    endloop
  endfacet
  facet normal 0 0 -1
    outer loop
      vertex 83.4 -6.7 -1.5
      vertex -1.97541 -6.35641 -1.5
      vertex -1.6 -6.17128 -1.5
    endloop
  endfacet
  facet normal 0 0 -1
    outer loop
      vertex 83.4 -6.7 -1.5
      vertex -2.37178 -6.49096 -1.5
      vertex -1.97541 -6.35641 -1.5
    endloop
  endfacet
  facet normal 0 0 -1
    outer loop
      vertex 83.4 -6.7 -1.5
      vertex -2.78232 -6.57262 -1.5
      vertex -2.37178 -6.49096 -1.5
    endloop
  endfacet
  facet normal 0 0 -1
    outer loop
      vertex 83.4 -6.7 -1.5
      vertex -3.2 -6.6 -1.5
      vertex -2.78232 -6.57262 -1.5
    endloop
  endfacet
  facet normal 0 0 -1
    outer loop
      vertex -6.3 -6.7 -1.5
      vertex -3.2 -6.6 -1.5
      vertex 83.4 -6.7 -1.5
    endloop
  endfacet
  facet normal 0 0 -1
    outer loop
      vertex -6.3 -6.7 -1.5
      vertex -3.61768 -6.57262 -1.5
      vertex -3.2 -6.6 -1.5
    endloop
  endfacet
  facet normal 0 0 -1
    outer loop
      vertex -6.3 -6.7 -1.5
      vertex -4.02822 -6.49096 -1.5
      vertex -3.61768 -6.57262 -1.5
    endloop
  endfacet
  facet normal 0 0 -1
    outer loop
      vertex -6.3 -6.7 -1.5
      vertex -4.42459 -6.35641 -1.5
      vertex -4.02822 -6.49096 -1.5
    endloop
  endfacet
  facet normal 0 0 -1
    outer loop
      vertex -6.3 -6.7 -1.5
      vertex -4.8 -6.17128 -1.5
      vertex -4.42459 -6.35641 -1.5
    endloop
  endfacet
  facet normal 0 0 -1
    outer loop
      vertex -6.3 -6.7 -1.5
      vertex -5.14804 -5.93873 -1.5
      vertex -4.8 -6.17128 -1.5
    endloop
  endfacet
  facet normal 0 0 -1
    outer loop
      vertex -6.3 -6.7 -1.5
      vertex -5.46274 -5.66274 -1.5
      vertex -5.14804 -5.93873 -1.5
    endloop
  endfacet
  facet normal 0 0 -1
    outer loop
      vertex -6.3 -6.7 -1.5
      vertex -5.73873 -5.34804 -1.5
      vertex -5.46274 -5.66274 -1.5
    endloop
  endfacet
  facet normal 0 0 -1
    outer loop
      vertex -6.3 -6.7 -1.5
      vertex -5.97128 -5 -1.5
      vertex -5.73873 -5.34804 -1.5
    endloop
  endfacet
  facet normal 0 0 -1
    outer loop
      vertex -6.3 -6.7 -1.5
      vertex -6.15641 -4.62459 -1.5
      vertex -5.97128 -5 -1.5
    endloop
  endfacet
  facet normal 0 0 -1
    outer loop
      vertex -6.3 -6.7 -1.5
      vertex -6.29096 -4.22822 -1.5
      vertex -6.15641 -4.62459 -1.5
    endloop
  endfacet
  facet normal -0 0 -1
    outer loop
      vertex -6.29096 -4.22822 -1.5
      vertex -6.3 -6.7 -1.5
      vertex -6.3 -4.18279 -1.5
    endloop
  endfacet
  facet normal 0 0 -1
    outer loop
      vertex 82.2 37.3 -1.5
      vertex 83.4 38.5 -1.5
      vertex 82.2 -5.5 -1.5
    endloop
  endfacet
  facet normal 0 0 -1
    outer loop
      vertex -0.937258 37.4627 -1.5
      vertex 82.2 37.3 -1.5
      vertex -0.794538 37.3 -1.5
    endloop
  endfacet
  facet normal 0 0 -1
    outer loop
      vertex 82.2 37.3 -1.5
      vertex -0.937258 37.4627 -1.5
      vertex 83.4 38.5 -1.5
    endloop
  endfacet
  facet normal 0 0 -1
    outer loop
      vertex -1.25196 37.7387 -1.5
      vertex 83.4 38.5 -1.5
      vertex -0.937258 37.4627 -1.5
    endloop
  endfacet
  facet normal 0 0 -1
    outer loop
      vertex -1.6 37.9713 -1.5
      vertex 83.4 38.5 -1.5
      vertex -1.25196 37.7387 -1.5
    endloop
  endfacet
  facet normal 0 0 -1
    outer loop
      vertex -1.97541 38.1564 -1.5
      vertex 83.4 38.5 -1.5
      vertex -1.6 37.9713 -1.5
    endloop
  endfacet
  facet normal 0 0 -1
    outer loop
      vertex -2.37178 38.291 -1.5
      vertex 83.4 38.5 -1.5
      vertex -1.97541 38.1564 -1.5
    endloop
  endfacet
  facet normal 0 0 -1
    outer loop
      vertex -2.78232 38.3726 -1.5
      vertex 83.4 38.5 -1.5
      vertex -2.37178 38.291 -1.5
    endloop
  endfacet
  facet normal 0 0 -1
    outer loop
      vertex -3.2 38.4 -1.5
      vertex 83.4 38.5 -1.5
      vertex -2.78232 38.3726 -1.5
    endloop
  endfacet
  facet normal 0 0 -1
    outer loop
      vertex -3.2 38.4 -1.5
      vertex -6.3 38.5 -1.5
      vertex 83.4 38.5 -1.5
    endloop
  endfacet
  facet normal 0 0 -1
    outer loop
      vertex -3.61768 38.3726 -1.5
      vertex -6.3 38.5 -1.5
      vertex -3.2 38.4 -1.5
    endloop
  endfacet
  facet normal 0 0 -1
    outer loop
      vertex -4.02822 38.291 -1.5
      vertex -6.3 38.5 -1.5
      vertex -3.61768 38.3726 -1.5
    endloop
  endfacet
  facet normal 0 0 -1
    outer loop
      vertex -4.42459 38.1564 -1.5
      vertex -6.3 38.5 -1.5
      vertex -4.02822 38.291 -1.5
    endloop
  endfacet
  facet normal 0 0 -1
    outer loop
      vertex -4.8 37.9713 -1.5
      vertex -6.3 38.5 -1.5
      vertex -4.42459 38.1564 -1.5
    endloop
  endfacet
  facet normal 0 0 -1
    outer loop
      vertex -5.14804 37.7387 -1.5
      vertex -6.3 38.5 -1.5
      vertex -4.8 37.9713 -1.5
    endloop
  endfacet
  facet normal 0 0 -1
    outer loop
      vertex -5.46274 37.4627 -1.5
      vertex -6.3 38.5 -1.5
      vertex -5.14804 37.7387 -1.5
    endloop
  endfacet
  facet normal 0 0 -1
    outer loop
      vertex -5.73873 37.148 -1.5
      vertex -6.3 38.5 -1.5
      vertex -5.46274 37.4627 -1.5
    endloop
  endfacet
  facet normal 0 0 -1
    outer loop
      vertex -5.97128 36.8 -1.5
      vertex -6.3 38.5 -1.5
      vertex -5.73873 37.148 -1.5
    endloop
  endfacet
  facet normal 0 0 -1
    outer loop
      vertex -6.15641 36.4246 -1.5
      vertex -6.3 38.5 -1.5
      vertex -5.97128 36.8 -1.5
    endloop
  endfacet
  facet normal 0 0 -1
    outer loop
      vertex -6.29096 36.0282 -1.5
      vertex -6.3 38.5 -1.5
      vertex -6.15641 36.4246 -1.5
    endloop
  endfacet
  facet normal 0 0 -1
    outer loop
      vertex -6.3 38.5 -1.5
      vertex -6.29096 36.0282 -1.5
      vertex -6.3 35.9828 -1.5
    endloop
  endfacet
  facet normal 0 0 -1
    outer loop
      vertex -5.14804 -0.861269 -1.5
      vertex -5.1 32.6292 -1.5
      vertex -5.1 -0.829172 -1.5
    endloop
  endfacet
  facet normal 0 0 -1
    outer loop
      vertex -5.14804 -0.861269 -1.5
      vertex -5.14804 32.6613 -1.5
      vertex -5.1 32.6292 -1.5
    endloop
  endfacet
  facet normal 0 0 -1
    outer loop
      vertex -5.46274 -1.13726 -1.5
      vertex -5.14804 32.6613 -1.5
      vertex -5.14804 -0.861269 -1.5
    endloop
  endfacet
  facet normal 0 0 -1
    outer loop
      vertex -5.46274 -1.13726 -1.5
      vertex -5.46274 32.9373 -1.5
      vertex -5.14804 32.6613 -1.5
    endloop
  endfacet
  facet normal 0 0 -1
    outer loop
      vertex -5.73873 -1.45196 -1.5
      vertex -5.46274 32.9373 -1.5
      vertex -5.46274 -1.13726 -1.5
    endloop
  endfacet
  facet normal 0 0 -1
    outer loop
      vertex -5.73873 -1.45196 -1.5
      vertex -5.73873 33.252 -1.5
      vertex -5.46274 32.9373 -1.5
    endloop
  endfacet
  facet normal 0 0 -1
    outer loop
      vertex -5.97128 -1.8 -1.5
      vertex -5.73873 33.252 -1.5
      vertex -5.73873 -1.45196 -1.5
    endloop
  endfacet
  facet normal 0 0 -1
    outer loop
      vertex -5.97128 -1.8 -1.5
      vertex -5.97128 33.6 -1.5
      vertex -5.73873 33.252 -1.5
    endloop
  endfacet
  facet normal 0 0 -1
    outer loop
      vertex -6.15641 -2.17541 -1.5
      vertex -5.97128 33.6 -1.5
      vertex -5.97128 -1.8 -1.5
    endloop
  endfacet
  facet normal 0 0 -1
    outer loop
      vertex -6.15641 -2.17541 -1.5
      vertex -6.15641 33.9754 -1.5
      vertex -5.97128 33.6 -1.5
    endloop
  endfacet
  facet normal 0 0 -1
    outer loop
      vertex -6.29096 -2.57178 -1.5
      vertex -6.15641 33.9754 -1.5
      vertex -6.15641 -2.17541 -1.5
    endloop
  endfacet
  facet normal 0 0 -1
    outer loop
      vertex -6.29096 -2.57178 -1.5
      vertex -6.29096 34.3718 -1.5
      vertex -6.15641 33.9754 -1.5
    endloop
  endfacet
  facet normal 0 0 -1
    outer loop
      vertex -6.3 -2.61721 -1.5
      vertex -6.29096 34.3718 -1.5
      vertex -6.29096 -2.57178 -1.5
    endloop
  endfacet
  facet normal -0 0 -1
    outer loop
      vertex -6.29096 34.3718 -1.5
      vertex -6.3 -2.61721 -1.5
      vertex -6.3 34.4172 -1.5
    endloop
  endfacet
  facet normal 0 -1 0
    outer loop
      vertex -6.3 -6.7 -1.5
      vertex 83.4 -6.7 0
      vertex -6.3 -6.7 0
    endloop
  endfacet
  facet normal 0 -1 -0
    outer loop
      vertex 83.4 -6.7 0
      vertex -6.3 -6.7 -1.5
      vertex 83.4 -6.7 -1.5
    endloop
  endfacet
  facet normal 1 -0 0
    outer loop
      vertex -5.1 -0.829172 0
      vertex -5.1 32.6292 -1.5
      vertex -5.1 32.6292 0
    endloop
  endfacet
  facet normal 1 0 0
    outer loop
      vertex -5.1 32.6292 -1.5
      vertex -5.1 -0.829172 0
      vertex -5.1 -0.829172 -1.5
    endloop
  endfacet
  facet normal -1 0 0
    outer loop
      vertex 82.2 -5.5 -1.5
      vertex 82.2 37.3 0
      vertex 82.2 37.3 -1.5
    endloop
  endfacet
  facet normal -1 -0 0
    outer loop
      vertex 82.2 37.3 0
      vertex 82.2 -5.5 -1.5
      vertex 82.2 -5.5 0
    endloop
  endfacet
  facet normal 0 -1 0
    outer loop
      vertex -0.794538 37.3 -1.5
      vertex 82.2 37.3 0
      vertex -0.794538 37.3 0
    endloop
  endfacet
  facet normal 0 -1 -0
    outer loop
      vertex 82.2 37.3 0
      vertex -0.794538 37.3 -1.5
      vertex 82.2 37.3 -1.5
    endloop
  endfacet
  facet normal 0 1 -0
    outer loop
      vertex 82.2 -5.5 -1.5
      vertex -0.794538 -5.5 0
      vertex 82.2 -5.5 0
    endloop
  endfacet
  facet normal 0 1 0
    outer loop
      vertex -0.794538 -5.5 0
      vertex 82.2 -5.5 -1.5
      vertex -0.794538 -5.5 -1.5
    endloop
  endfacet
  facet normal 0.997855 0.0654566 0
    outer loop
      vertex 52.25 16.05 10.6
      vertex 52.2226 16.4677 -4.4
      vertex 52.2226 16.4677 10.6
    endloop
  endfacet
  facet normal 0.997855 0.0654566 0
    outer loop
      vertex 52.2226 16.4677 -4.4
      vertex 52.25 16.05 10.6
      vertex 52.25 16.05 -4.4
    endloop
  endfacet
  facet normal -0.0654566 0.997855 0
    outer loop
      vertex 49.05 19.25 -4.4
      vertex 48.6323 19.2226 10.6
      vertex 49.05 19.25 10.6
    endloop
  endfacet
  facet normal -0.0654566 0.997855 0
    outer loop
      vertex 48.6323 19.2226 10.6
      vertex 49.05 19.25 -4.4
      vertex 48.6323 19.2226 -4.4
    endloop
  endfacet
  facet normal 0.659367 0.751821 -0
    outer loop
      vertex 51.3127 18.3127 -4.4
      vertex 50.998 18.5887 10.6
      vertex 51.3127 18.3127 10.6
    endloop
  endfacet
  facet normal 0.659367 0.751821 0
    outer loop
      vertex 50.998 18.5887 10.6
      vertex 51.3127 18.3127 -4.4
      vertex 50.998 18.5887 -4.4
    endloop
  endfacet
  facet normal -0.751821 0.659367 0
    outer loop
      vertex 46.5113 17.998 -4.4
      vertex 46.7873 18.3127 10.6
      vertex 46.7873 18.3127 -4.4
    endloop
  endfacet
  facet normal -0.751821 0.659367 0
    outer loop
      vertex 46.7873 18.3127 10.6
      vertex 46.5113 17.998 -4.4
      vertex 46.5113 17.998 10.6
    endloop
  endfacet
  facet normal -0.442237 0.896898 0
    outer loop
      vertex 47.8254 19.0064 -4.4
      vertex 47.45 18.8213 10.6
      vertex 47.8254 19.0064 10.6
    endloop
  endfacet
  facet normal -0.442237 0.896898 0
    outer loop
      vertex 47.45 18.8213 10.6
      vertex 47.8254 19.0064 -4.4
      vertex 47.45 18.8213 -4.4
    endloop
  endfacet
  facet normal 0.896898 0.442237 0
    outer loop
      vertex 52.0064 17.2746 10.6
      vertex 51.8213 17.65 -4.4
      vertex 51.8213 17.65 10.6
    endloop
  endfacet
  facet normal 0.896898 0.442237 0
    outer loop
      vertex 51.8213 17.65 -4.4
      vertex 52.0064 17.2746 10.6
      vertex 52.0064 17.2746 -4.4
    endloop
  endfacet
  facet normal 0.321526 0.946901 -0
    outer loop
      vertex 50.2746 19.0064 -4.4
      vertex 49.8782 19.141 10.6
      vertex 50.2746 19.0064 10.6
    endloop
  endfacet
  facet normal 0.321526 0.946901 0
    outer loop
      vertex 49.8782 19.141 10.6
      vertex 50.2746 19.0064 -4.4
      vertex 49.8782 19.141 -4.4
    endloop
  endfacet
  facet normal 0.442237 0.896898 -0
    outer loop
      vertex 50.65 18.8213 -4.4
      vertex 50.2746 19.0064 10.6
      vertex 50.65 18.8213 10.6
    endloop
  endfacet
  facet normal 0.442237 0.896898 0
    outer loop
      vertex 50.2746 19.0064 10.6
      vertex 50.65 18.8213 -4.4
      vertex 50.2746 19.0064 -4.4
    endloop
  endfacet
  facet normal -0.896898 0.442237 0
    outer loop
      vertex 46.0936 17.2746 -4.4
      vertex 46.2787 17.65 10.6
      vertex 46.2787 17.65 -4.4
    endloop
  endfacet
  facet normal -0.896898 0.442237 0
    outer loop
      vertex 46.2787 17.65 10.6
      vertex 46.0936 17.2746 -4.4
      vertex 46.0936 17.2746 10.6
    endloop
  endfacet
  facet normal -0.831388 0.555692 0
    outer loop
      vertex 46.2787 17.65 -4.4
      vertex 46.5113 17.998 10.6
      vertex 46.5113 17.998 -4.4
    endloop
  endfacet
  facet normal -0.831388 0.555692 0
    outer loop
      vertex 46.5113 17.998 10.6
      vertex 46.2787 17.65 -4.4
      vertex 46.2787 17.65 10.6
    endloop
  endfacet
  facet normal -0.98081 0.194967 0
    outer loop
      vertex 45.8774 16.4677 -4.4
      vertex 45.959 16.8782 10.6
      vertex 45.959 16.8782 -4.4
    endloop
  endfacet
  facet normal -0.98081 0.194967 0
    outer loop
      vertex 45.959 16.8782 10.6
      vertex 45.8774 16.4677 -4.4
      vertex 45.8774 16.4677 10.6
    endloop
  endfacet
  facet normal -0.555692 0.831388 0
    outer loop
      vertex 47.45 18.8213 -4.4
      vertex 47.102 18.5887 10.6
      vertex 47.45 18.8213 10.6
    endloop
  endfacet
  facet normal -0.555692 0.831388 0
    outer loop
      vertex 47.102 18.5887 10.6
      vertex 47.45 18.8213 -4.4
      vertex 47.102 18.5887 -4.4
    endloop
  endfacet
  facet normal -0.321526 0.946901 0
    outer loop
      vertex 48.2218 19.141 -4.4
      vertex 47.8254 19.0064 10.6
      vertex 48.2218 19.141 10.6
    endloop
  endfacet
  facet normal -0.321526 0.946901 0
    outer loop
      vertex 47.8254 19.0064 10.6
      vertex 48.2218 19.141 -4.4
      vertex 47.8254 19.0064 -4.4
    endloop
  endfacet
  facet normal 0.751821 -0.659367 0
    outer loop
      vertex 51.3127 13.7873 10.6
      vertex 51.5887 14.102 -4.4
      vertex 51.5887 14.102 10.6
    endloop
  endfacet
  facet normal 0.751821 -0.659367 0
    outer loop
      vertex 51.5887 14.102 -4.4
      vertex 51.3127 13.7873 10.6
      vertex 51.3127 13.7873 -4.4
    endloop
  endfacet
  facet normal 0.555692 -0.831388 0
    outer loop
      vertex 50.65 13.2787 -4.4
      vertex 50.998 13.5113 10.6
      vertex 50.65 13.2787 10.6
    endloop
  endfacet
  facet normal 0.555692 -0.831388 0
    outer loop
      vertex 50.998 13.5113 10.6
      vertex 50.65 13.2787 -4.4
      vertex 50.998 13.5113 -4.4
    endloop
  endfacet
  facet normal -0.555692 -0.831388 0
    outer loop
      vertex 47.102 13.5113 -4.4
      vertex 47.45 13.2787 10.6
      vertex 47.102 13.5113 10.6
    endloop
  endfacet
  facet normal -0.555692 -0.831388 -0
    outer loop
      vertex 47.45 13.2787 10.6
      vertex 47.102 13.5113 -4.4
      vertex 47.45 13.2787 -4.4
    endloop
  endfacet
  facet normal -0.194967 -0.98081 0
    outer loop
      vertex 48.2218 12.959 -4.4
      vertex 48.6323 12.8774 10.6
      vertex 48.2218 12.959 10.6
    endloop
  endfacet
  facet normal -0.194967 -0.98081 -0
    outer loop
      vertex 48.6323 12.8774 10.6
      vertex 48.2218 12.959 -4.4
      vertex 48.6323 12.8774 -4.4
    endloop
  endfacet
  facet normal -0.831388 -0.555692 0
    outer loop
      vertex 46.5113 14.102 -4.4
      vertex 46.2787 14.45 10.6
      vertex 46.2787 14.45 -4.4
    endloop
  endfacet
  facet normal -0.831388 -0.555692 0
    outer loop
      vertex 46.2787 14.45 10.6
      vertex 46.5113 14.102 -4.4
      vertex 46.5113 14.102 10.6
    endloop
  endfacet
  facet normal -0.751821 -0.659367 0
    outer loop
      vertex 46.7873 13.7873 -4.4
      vertex 46.5113 14.102 10.6
      vertex 46.5113 14.102 -4.4
    endloop
  endfacet
  facet normal -0.751821 -0.659367 0
    outer loop
      vertex 46.5113 14.102 10.6
      vertex 46.7873 13.7873 -4.4
      vertex 46.7873 13.7873 10.6
    endloop
  endfacet
  facet normal 0.946901 0.321526 0
    outer loop
      vertex 52.141 16.8782 10.6
      vertex 52.0064 17.2746 -4.4
      vertex 52.0064 17.2746 10.6
    endloop
  endfacet
  facet normal 0.946901 0.321526 0
    outer loop
      vertex 52.0064 17.2746 -4.4
      vertex 52.141 16.8782 10.6
      vertex 52.141 16.8782 -4.4
    endloop
  endfacet
  facet normal 0.98081 0.194967 0
    outer loop
      vertex 52.2226 16.4677 10.6
      vertex 52.141 16.8782 -4.4
      vertex 52.141 16.8782 10.6
    endloop
  endfacet
  facet normal 0.98081 0.194967 0
    outer loop
      vertex 52.141 16.8782 -4.4
      vertex 52.2226 16.4677 10.6
      vertex 52.2226 16.4677 -4.4
    endloop
  endfacet
  facet normal 0.751821 0.659367 0
    outer loop
      vertex 51.5887 17.998 10.6
      vertex 51.3127 18.3127 -4.4
      vertex 51.3127 18.3127 10.6
    endloop
  endfacet
  facet normal 0.751821 0.659367 0
    outer loop
      vertex 51.3127 18.3127 -4.4
      vertex 51.5887 17.998 10.6
      vertex 51.5887 17.998 -4.4
    endloop
  endfacet
  facet normal 0.831388 0.555692 0
    outer loop
      vertex 51.8213 17.65 10.6
      vertex 51.5887 17.998 -4.4
      vertex 51.5887 17.998 10.6
    endloop
  endfacet
  facet normal 0.831388 0.555692 0
    outer loop
      vertex 51.5887 17.998 -4.4
      vertex 51.8213 17.65 10.6
      vertex 51.8213 17.65 -4.4
    endloop
  endfacet
  facet normal 0.0654566 0.997855 -0
    outer loop
      vertex 49.4677 19.2226 -4.4
      vertex 49.05 19.25 10.6
      vertex 49.4677 19.2226 10.6
    endloop
  endfacet
  facet normal 0.0654566 0.997855 0
    outer loop
      vertex 49.05 19.25 10.6
      vertex 49.4677 19.2226 -4.4
      vertex 49.05 19.25 -4.4
    endloop
  endfacet
  facet normal 0.555692 0.831388 -0
    outer loop
      vertex 50.998 18.5887 -4.4
      vertex 50.65 18.8213 10.6
      vertex 50.998 18.5887 10.6
    endloop
  endfacet
  facet normal 0.555692 0.831388 0
    outer loop
      vertex 50.65 18.8213 10.6
      vertex 50.998 18.5887 -4.4
      vertex 50.65 18.8213 -4.4
    endloop
  endfacet
  facet normal 0 0 -1
    outer loop
      vertex 50.3 16.05 -4.4
      vertex 52.25 16.05 -4.4
      vertex 52.2226 15.6323 -4.4
    endloop
  endfacet
  facet normal 0 0 -1
    outer loop
      vertex 50.2893 15.8868 -4.4
      vertex 52.2226 15.6323 -4.4
      vertex 52.141 15.2218 -4.4
    endloop
  endfacet
  facet normal 0 0 -1
    outer loop
      vertex 52.25 16.05 -4.4
      vertex 50.3 16.05 -4.4
      vertex 52.2226 16.4677 -4.4
    endloop
  endfacet
  facet normal 0 0 -1
    outer loop
      vertex 50.2574 15.7265 -4.4
      vertex 52.141 15.2218 -4.4
      vertex 52.0064 14.8254 -4.4
    endloop
  endfacet
  facet normal 0 0 -1
    outer loop
      vertex 50.2893 16.2132 -4.4
      vertex 52.2226 16.4677 -4.4
      vertex 50.3 16.05 -4.4
    endloop
  endfacet
  facet normal 0 0 -1
    outer loop
      vertex 50.2048 15.5716 -4.4
      vertex 52.0064 14.8254 -4.4
      vertex 51.8213 14.45 -4.4
    endloop
  endfacet
  facet normal -0 0 -1
    outer loop
      vertex 52.2226 16.4677 -4.4
      vertex 50.2893 16.2132 -4.4
      vertex 52.141 16.8782 -4.4
    endloop
  endfacet
  facet normal 0 0 -1
    outer loop
      vertex 50.1325 15.425 -4.4
      vertex 51.8213 14.45 -4.4
      vertex 51.5887 14.102 -4.4
    endloop
  endfacet
  facet normal 0 0 -1
    outer loop
      vertex 50.2574 16.3735 -4.4
      vertex 52.141 16.8782 -4.4
      vertex 50.2893 16.2132 -4.4
    endloop
  endfacet
  facet normal 0 0 -1
    outer loop
      vertex 50.0417 15.289 -4.4
      vertex 51.5887 14.102 -4.4
      vertex 51.3127 13.7873 -4.4
    endloop
  endfacet
  facet normal -0 0 -1
    outer loop
      vertex 52.141 16.8782 -4.4
      vertex 50.2574 16.3735 -4.4
      vertex 52.0064 17.2746 -4.4
    endloop
  endfacet
  facet normal 0 0 -1
    outer loop
      vertex 49.9339 15.1661 -4.4
      vertex 51.3127 13.7873 -4.4
      vertex 50.998 13.5113 -4.4
    endloop
  endfacet
  facet normal 0 0 -1
    outer loop
      vertex 50.2048 16.5284 -4.4
      vertex 52.0064 17.2746 -4.4
      vertex 50.2574 16.3735 -4.4
    endloop
  endfacet
  facet normal 0 0 -1
    outer loop
      vertex 49.811 15.0583 -4.4
      vertex 50.998 13.5113 -4.4
      vertex 50.65 13.2787 -4.4
    endloop
  endfacet
  facet normal -0 0 -1
    outer loop
      vertex 52.0064 17.2746 -4.4
      vertex 50.2048 16.5284 -4.4
      vertex 51.8213 17.65 -4.4
    endloop
  endfacet
  facet normal 0 0 -1
    outer loop
      vertex 50.1325 16.675 -4.4
      vertex 51.8213 17.65 -4.4
      vertex 50.2048 16.5284 -4.4
    endloop
  endfacet
  facet normal 0 0 -1
    outer loop
      vertex 52.2226 15.6323 -4.4
      vertex 50.2893 15.8868 -4.4
      vertex 50.3 16.05 -4.4
    endloop
  endfacet
  facet normal 0 0 -1
    outer loop
      vertex 49.675 14.9675 -4.4
      vertex 50.65 13.2787 -4.4
      vertex 50.2746 13.0936 -4.4
    endloop
  endfacet
  facet normal 0 0 -1
    outer loop
      vertex 52.141 15.2218 -4.4
      vertex 50.2574 15.7265 -4.4
      vertex 50.2893 15.8868 -4.4
    endloop
  endfacet
  facet normal 0 0 -1
    outer loop
      vertex 52.0064 14.8254 -4.4
      vertex 50.2048 15.5716 -4.4
      vertex 50.2574 15.7265 -4.4
    endloop
  endfacet
  facet normal 0 0 -1
    outer loop
      vertex 51.8213 14.45 -4.4
      vertex 50.1325 15.425 -4.4
      vertex 50.2048 15.5716 -4.4
    endloop
  endfacet
  facet normal 0 0 -1
    outer loop
      vertex 51.5887 14.102 -4.4
      vertex 50.0417 15.289 -4.4
      vertex 50.1325 15.425 -4.4
    endloop
  endfacet
  facet normal 0 0 -1
    outer loop
      vertex 51.3127 13.7873 -4.4
      vertex 49.9339 15.1661 -4.4
      vertex 50.0417 15.289 -4.4
    endloop
  endfacet
  facet normal 0 0 -1
    outer loop
      vertex 49.5284 14.8952 -4.4
      vertex 50.2746 13.0936 -4.4
      vertex 49.8782 12.959 -4.4
    endloop
  endfacet
  facet normal 0 0 -1
    outer loop
      vertex 50.998 13.5113 -4.4
      vertex 49.811 15.0583 -4.4
      vertex 49.9339 15.1661 -4.4
    endloop
  endfacet
  facet normal 0 0 -1
    outer loop
      vertex 50.65 13.2787 -4.4
      vertex 49.675 14.9675 -4.4
      vertex 49.811 15.0583 -4.4
    endloop
  endfacet
  facet normal 0 0 -1
    outer loop
      vertex 50.2746 13.0936 -4.4
      vertex 49.5284 14.8952 -4.4
      vertex 49.675 14.9675 -4.4
    endloop
  endfacet
  facet normal 0 0 -1
    outer loop
      vertex 49.3735 14.8426 -4.4
      vertex 49.8782 12.959 -4.4
      vertex 49.4677 12.8774 -4.4
    endloop
  endfacet
  facet normal 0 0 -1
    outer loop
      vertex 49.8782 12.959 -4.4
      vertex 49.3735 14.8426 -4.4
      vertex 49.5284 14.8952 -4.4
    endloop
  endfacet
  facet normal 0 0 -1
    outer loop
      vertex 49.4677 12.8774 -4.4
      vertex 49.2132 14.8107 -4.4
      vertex 49.3735 14.8426 -4.4
    endloop
  endfacet
  facet normal 0 0 -1
    outer loop
      vertex 49.05 12.85 -4.4
      vertex 49.2132 14.8107 -4.4
      vertex 49.4677 12.8774 -4.4
    endloop
  endfacet
  facet normal 0 0 -1
    outer loop
      vertex 49.05 12.85 -4.4
      vertex 49.05 14.8 -4.4
      vertex 49.2132 14.8107 -4.4
    endloop
  endfacet
  facet normal 0 0 -1
    outer loop
      vertex 49.05 12.85 -4.4
      vertex 48.8868 14.8107 -4.4
      vertex 49.05 14.8 -4.4
    endloop
  endfacet
  facet normal 0 0 -1
    outer loop
      vertex 48.6323 12.8774 -4.4
      vertex 48.8868 14.8107 -4.4
      vertex 49.05 12.85 -4.4
    endloop
  endfacet
  facet normal -0 0 -1
    outer loop
      vertex 48.8868 14.8107 -4.4
      vertex 48.6323 12.8774 -4.4
      vertex 48.7265 14.8426 -4.4
    endloop
  endfacet
  facet normal 0 0 -1
    outer loop
      vertex 48.2218 12.959 -4.4
      vertex 48.7265 14.8426 -4.4
      vertex 48.6323 12.8774 -4.4
    endloop
  endfacet
  facet normal -0 0 -1
    outer loop
      vertex 48.7265 14.8426 -4.4
      vertex 48.2218 12.959 -4.4
      vertex 48.5716 14.8952 -4.4
    endloop
  endfacet
  facet normal 0 0 -1
    outer loop
      vertex 47.8254 13.0936 -4.4
      vertex 48.5716 14.8952 -4.4
      vertex 48.2218 12.959 -4.4
    endloop
  endfacet
  facet normal -0 0 -1
    outer loop
      vertex 48.5716 14.8952 -4.4
      vertex 47.8254 13.0936 -4.4
      vertex 48.425 14.9675 -4.4
    endloop
  endfacet
  facet normal 0 0 -1
    outer loop
      vertex 47.45 13.2787 -4.4
      vertex 48.425 14.9675 -4.4
      vertex 47.8254 13.0936 -4.4
    endloop
  endfacet
  facet normal -0 0 -1
    outer loop
      vertex 48.425 14.9675 -4.4
      vertex 47.45 13.2787 -4.4
      vertex 48.289 15.0583 -4.4
    endloop
  endfacet
  facet normal 0 0 -1
    outer loop
      vertex 47.102 13.5113 -4.4
      vertex 48.289 15.0583 -4.4
      vertex 47.45 13.2787 -4.4
    endloop
  endfacet
  facet normal -0 0 -1
    outer loop
      vertex 48.289 15.0583 -4.4
      vertex 47.102 13.5113 -4.4
      vertex 48.1661 15.1661 -4.4
    endloop
  endfacet
  facet normal 0 0 -1
    outer loop
      vertex 46.7873 13.7873 -4.4
      vertex 48.1661 15.1661 -4.4
      vertex 47.102 13.5113 -4.4
    endloop
  endfacet
  facet normal -0 0 -1
    outer loop
      vertex 48.1661 15.1661 -4.4
      vertex 46.7873 13.7873 -4.4
      vertex 48.0583 15.289 -4.4
    endloop
  endfacet
  facet normal 0 0 -1
    outer loop
      vertex 46.5113 14.102 -4.4
      vertex 48.0583 15.289 -4.4
      vertex 46.7873 13.7873 -4.4
    endloop
  endfacet
  facet normal -0 0 -1
    outer loop
      vertex 48.0583 15.289 -4.4
      vertex 46.5113 14.102 -4.4
      vertex 47.9675 15.425 -4.4
    endloop
  endfacet
  facet normal 0 0 -1
    outer loop
      vertex 46.2787 14.45 -4.4
      vertex 47.9675 15.425 -4.4
      vertex 46.5113 14.102 -4.4
    endloop
  endfacet
  facet normal -0 0 -1
    outer loop
      vertex 51.8213 17.65 -4.4
      vertex 50.1325 16.675 -4.4
      vertex 51.5887 17.998 -4.4
    endloop
  endfacet
  facet normal 0 0 -1
    outer loop
      vertex 50.0417 16.811 -4.4
      vertex 51.5887 17.998 -4.4
      vertex 50.1325 16.675 -4.4
    endloop
  endfacet
  facet normal -0 0 -1
    outer loop
      vertex 51.5887 17.998 -4.4
      vertex 50.0417 16.811 -4.4
      vertex 51.3127 18.3127 -4.4
    endloop
  endfacet
  facet normal 0 0 -1
    outer loop
      vertex 49.9339 16.9339 -4.4
      vertex 51.3127 18.3127 -4.4
      vertex 50.0417 16.811 -4.4
    endloop
  endfacet
  facet normal -0 0 -1
    outer loop
      vertex 51.3127 18.3127 -4.4
      vertex 49.9339 16.9339 -4.4
      vertex 50.998 18.5887 -4.4
    endloop
  endfacet
  facet normal 0 0 -1
    outer loop
      vertex 49.811 17.0417 -4.4
      vertex 50.998 18.5887 -4.4
      vertex 49.9339 16.9339 -4.4
    endloop
  endfacet
  facet normal -0 0 -1
    outer loop
      vertex 50.998 18.5887 -4.4
      vertex 49.811 17.0417 -4.4
      vertex 50.65 18.8213 -4.4
    endloop
  endfacet
  facet normal 0 0 -1
    outer loop
      vertex 49.675 17.1325 -4.4
      vertex 50.65 18.8213 -4.4
      vertex 49.811 17.0417 -4.4
    endloop
  endfacet
  facet normal -0 0 -1
    outer loop
      vertex 50.65 18.8213 -4.4
      vertex 49.675 17.1325 -4.4
      vertex 50.2746 19.0064 -4.4
    endloop
  endfacet
  facet normal 0 0 -1
    outer loop
      vertex 49.5284 17.2048 -4.4
      vertex 50.2746 19.0064 -4.4
      vertex 49.675 17.1325 -4.4
    endloop
  endfacet
  facet normal -0 0 -1
    outer loop
      vertex 50.2746 19.0064 -4.4
      vertex 49.5284 17.2048 -4.4
      vertex 49.8782 19.141 -4.4
    endloop
  endfacet
  facet normal 0 0 -1
    outer loop
      vertex 49.3735 17.2574 -4.4
      vertex 49.8782 19.141 -4.4
      vertex 49.5284 17.2048 -4.4
    endloop
  endfacet
  facet normal -0 0 -1
    outer loop
      vertex 49.8782 19.141 -4.4
      vertex 49.3735 17.2574 -4.4
      vertex 49.4677 19.2226 -4.4
    endloop
  endfacet
  facet normal 0 0 -1
    outer loop
      vertex 49.2132 17.2893 -4.4
      vertex 49.4677 19.2226 -4.4
      vertex 49.3735 17.2574 -4.4
    endloop
  endfacet
  facet normal 0 0 -1
    outer loop
      vertex 49.05 17.3 -4.4
      vertex 49.4677 19.2226 -4.4
      vertex 49.2132 17.2893 -4.4
    endloop
  endfacet
  facet normal 0 0 -1
    outer loop
      vertex 49.05 17.3 -4.4
      vertex 49.05 19.25 -4.4
      vertex 49.4677 19.2226 -4.4
    endloop
  endfacet
  facet normal 0 0 -1
    outer loop
      vertex 48.8868 17.2893 -4.4
      vertex 49.05 19.25 -4.4
      vertex 49.05 17.3 -4.4
    endloop
  endfacet
  facet normal 0 0 -1
    outer loop
      vertex 48.6323 19.2226 -4.4
      vertex 48.8868 17.2893 -4.4
      vertex 48.7265 17.2574 -4.4
    endloop
  endfacet
  facet normal 0 0 -1
    outer loop
      vertex 48.8868 17.2893 -4.4
      vertex 48.6323 19.2226 -4.4
      vertex 49.05 19.25 -4.4
    endloop
  endfacet
  facet normal 0 0 -1
    outer loop
      vertex 48.2218 19.141 -4.4
      vertex 48.7265 17.2574 -4.4
      vertex 48.5716 17.2048 -4.4
    endloop
  endfacet
  facet normal 0 0 -1
    outer loop
      vertex 47.8254 19.0064 -4.4
      vertex 48.5716 17.2048 -4.4
      vertex 48.425 17.1325 -4.4
    endloop
  endfacet
  facet normal 0 0 -1
    outer loop
      vertex 47.45 18.8213 -4.4
      vertex 48.425 17.1325 -4.4
      vertex 48.289 17.0417 -4.4
    endloop
  endfacet
  facet normal 0 0 -1
    outer loop
      vertex 48.7265 17.2574 -4.4
      vertex 48.2218 19.141 -4.4
      vertex 48.6323 19.2226 -4.4
    endloop
  endfacet
  facet normal 0 0 -1
    outer loop
      vertex 47.102 18.5887 -4.4
      vertex 48.289 17.0417 -4.4
      vertex 48.1661 16.9339 -4.4
    endloop
  endfacet
  facet normal 0 0 -1
    outer loop
      vertex 46.7873 18.3127 -4.4
      vertex 48.1661 16.9339 -4.4
      vertex 48.0583 16.811 -4.4
    endloop
  endfacet
  facet normal 0 0 -1
    outer loop
      vertex 46.5113 17.998 -4.4
      vertex 48.0583 16.811 -4.4
      vertex 47.9675 16.675 -4.4
    endloop
  endfacet
  facet normal 0 0 -1
    outer loop
      vertex 46.2787 17.65 -4.4
      vertex 47.9675 16.675 -4.4
      vertex 47.8951 16.5284 -4.4
    endloop
  endfacet
  facet normal 0 0 -1
    outer loop
      vertex 46.0936 17.2746 -4.4
      vertex 47.8951 16.5284 -4.4
      vertex 47.8426 16.3735 -4.4
    endloop
  endfacet
  facet normal 0 0 -1
    outer loop
      vertex 48.5716 17.2048 -4.4
      vertex 47.8254 19.0064 -4.4
      vertex 48.2218 19.141 -4.4
    endloop
  endfacet
  facet normal 0 0 -1
    outer loop
      vertex 45.959 16.8782 -4.4
      vertex 47.8426 16.3735 -4.4
      vertex 47.8107 16.2132 -4.4
    endloop
  endfacet
  facet normal 0 0 -1
    outer loop
      vertex 45.8774 16.4677 -4.4
      vertex 47.8107 16.2132 -4.4
      vertex 47.8 16.05 -4.4
    endloop
  endfacet
  facet normal -0 0 -1
    outer loop
      vertex 47.9675 15.425 -4.4
      vertex 46.2787 14.45 -4.4
      vertex 47.8951 15.5716 -4.4
    endloop
  endfacet
  facet normal 0 0 -1
    outer loop
      vertex 48.425 17.1325 -4.4
      vertex 47.45 18.8213 -4.4
      vertex 47.8254 19.0064 -4.4
    endloop
  endfacet
  facet normal 0 0 -1
    outer loop
      vertex 46.0936 14.8254 -4.4
      vertex 47.8951 15.5716 -4.4
      vertex 46.2787 14.45 -4.4
    endloop
  endfacet
  facet normal 0 0 -1
    outer loop
      vertex 48.289 17.0417 -4.4
      vertex 47.102 18.5887 -4.4
      vertex 47.45 18.8213 -4.4
    endloop
  endfacet
  facet normal -0 0 -1
    outer loop
      vertex 47.8951 15.5716 -4.4
      vertex 46.0936 14.8254 -4.4
      vertex 47.8426 15.7265 -4.4
    endloop
  endfacet
  facet normal 0 0 -1
    outer loop
      vertex 48.1661 16.9339 -4.4
      vertex 46.7873 18.3127 -4.4
      vertex 47.102 18.5887 -4.4
    endloop
  endfacet
  facet normal 0 0 -1
    outer loop
      vertex 45.959 15.2218 -4.4
      vertex 47.8426 15.7265 -4.4
      vertex 46.0936 14.8254 -4.4
    endloop
  endfacet
  facet normal 0 0 -1
    outer loop
      vertex 48.0583 16.811 -4.4
      vertex 46.5113 17.998 -4.4
      vertex 46.7873 18.3127 -4.4
    endloop
  endfacet
  facet normal -0 0 -1
    outer loop
      vertex 47.8426 15.7265 -4.4
      vertex 45.959 15.2218 -4.4
      vertex 47.8107 15.8868 -4.4
    endloop
  endfacet
  facet normal 0 0 -1
    outer loop
      vertex 47.9675 16.675 -4.4
      vertex 46.2787 17.65 -4.4
      vertex 46.5113 17.998 -4.4
    endloop
  endfacet
  facet normal 0 0 -1
    outer loop
      vertex 45.8774 15.6323 -4.4
      vertex 47.8107 15.8868 -4.4
      vertex 45.959 15.2218 -4.4
    endloop
  endfacet
  facet normal 0 0 -1
    outer loop
      vertex 47.8951 16.5284 -4.4
      vertex 46.0936 17.2746 -4.4
      vertex 46.2787 17.65 -4.4
    endloop
  endfacet
  facet normal -0 0 -1
    outer loop
      vertex 47.8107 15.8868 -4.4
      vertex 45.8774 15.6323 -4.4
      vertex 47.8 16.05 -4.4
    endloop
  endfacet
  facet normal 0 0 -1
    outer loop
      vertex 47.8426 16.3735 -4.4
      vertex 45.959 16.8782 -4.4
      vertex 46.0936 17.2746 -4.4
    endloop
  endfacet
  facet normal 0 0 -1
    outer loop
      vertex 45.85 16.05 -4.4
      vertex 47.8 16.05 -4.4
      vertex 45.8774 15.6323 -4.4
    endloop
  endfacet
  facet normal 0 0 -1
    outer loop
      vertex 47.8107 16.2132 -4.4
      vertex 45.8774 16.4677 -4.4
      vertex 45.959 16.8782 -4.4
    endloop
  endfacet
  facet normal 0 0 -1
    outer loop
      vertex 47.8 16.05 -4.4
      vertex 45.85 16.05 -4.4
      vertex 45.8774 16.4677 -4.4
    endloop
  endfacet
  facet normal -0.946901 0.321526 0
    outer loop
      vertex 45.959 16.8782 -4.4
      vertex 46.0936 17.2746 10.6
      vertex 46.0936 17.2746 -4.4
    endloop
  endfacet
  facet normal -0.946901 0.321526 0
    outer loop
      vertex 46.0936 17.2746 10.6
      vertex 45.959 16.8782 -4.4
      vertex 45.959 16.8782 10.6
    endloop
  endfacet
  facet normal -0.997855 0.0654566 0
    outer loop
      vertex 45.85 16.05 -4.4
      vertex 45.8774 16.4677 10.6
      vertex 45.8774 16.4677 -4.4
    endloop
  endfacet
  facet normal -0.997855 0.0654566 0
    outer loop
      vertex 45.8774 16.4677 10.6
      vertex 45.85 16.05 -4.4
      vertex 45.85 16.05 10.6
    endloop
  endfacet
  facet normal -0.659367 0.751821 0
    outer loop
      vertex 47.102 18.5887 -4.4
      vertex 46.7873 18.3127 10.6
      vertex 47.102 18.5887 10.6
    endloop
  endfacet
  facet normal -0.659367 0.751821 0
    outer loop
      vertex 46.7873 18.3127 10.6
      vertex 47.102 18.5887 -4.4
      vertex 46.7873 18.3127 -4.4
    endloop
  endfacet
  facet normal -0.194967 0.98081 0
    outer loop
      vertex 48.6323 19.2226 -4.4
      vertex 48.2218 19.141 10.6
      vertex 48.6323 19.2226 10.6
    endloop
  endfacet
  facet normal -0.194967 0.98081 0
    outer loop
      vertex 48.2218 19.141 10.6
      vertex 48.6323 19.2226 -4.4
      vertex 48.2218 19.141 -4.4
    endloop
  endfacet
  facet normal 0.194967 -0.98081 0
    outer loop
      vertex 49.4677 12.8774 -4.4
      vertex 49.8782 12.959 10.6
      vertex 49.4677 12.8774 10.6
    endloop
  endfacet
  facet normal 0.194967 -0.98081 0
    outer loop
      vertex 49.8782 12.959 10.6
      vertex 49.4677 12.8774 -4.4
      vertex 49.8782 12.959 -4.4
    endloop
  endfacet
  facet normal 0.442237 -0.896898 0
    outer loop
      vertex 50.2746 13.0936 -4.4
      vertex 50.65 13.2787 10.6
      vertex 50.2746 13.0936 10.6
    endloop
  endfacet
  facet normal 0.442237 -0.896898 0
    outer loop
      vertex 50.65 13.2787 10.6
      vertex 50.2746 13.0936 -4.4
      vertex 50.65 13.2787 -4.4
    endloop
  endfacet
  facet normal 0.659367 -0.751821 0
    outer loop
      vertex 50.998 13.5113 -4.4
      vertex 51.3127 13.7873 10.6
      vertex 50.998 13.5113 10.6
    endloop
  endfacet
  facet normal 0.659367 -0.751821 0
    outer loop
      vertex 51.3127 13.7873 10.6
      vertex 50.998 13.5113 -4.4
      vertex 51.3127 13.7873 -4.4
    endloop
  endfacet
  facet normal 0.946901 -0.321526 0
    outer loop
      vertex 52.0064 14.8254 10.6
      vertex 52.141 15.2218 -4.4
      vertex 52.141 15.2218 10.6
    endloop
  endfacet
  facet normal 0.946901 -0.321526 0
    outer loop
      vertex 52.141 15.2218 -4.4
      vertex 52.0064 14.8254 10.6
      vertex 52.0064 14.8254 -4.4
    endloop
  endfacet
  facet normal 0.831388 -0.555692 0
    outer loop
      vertex 51.5887 14.102 10.6
      vertex 51.8213 14.45 -4.4
      vertex 51.8213 14.45 10.6
    endloop
  endfacet
  facet normal 0.831388 -0.555692 0
    outer loop
      vertex 51.8213 14.45 -4.4
      vertex 51.5887 14.102 10.6
      vertex 51.5887 14.102 -4.4
    endloop
  endfacet
  facet normal -0.442237 -0.896898 0
    outer loop
      vertex 47.45 13.2787 -4.4
      vertex 47.8254 13.0936 10.6
      vertex 47.45 13.2787 10.6
    endloop
  endfacet
  facet normal -0.442237 -0.896898 -0
    outer loop
      vertex 47.8254 13.0936 10.6
      vertex 47.45 13.2787 -4.4
      vertex 47.8254 13.0936 -4.4
    endloop
  endfacet
  facet normal -0.321526 -0.946901 0
    outer loop
      vertex 47.8254 13.0936 -4.4
      vertex 48.2218 12.959 10.6
      vertex 47.8254 13.0936 10.6
    endloop
  endfacet
  facet normal -0.321526 -0.946901 -0
    outer loop
      vertex 48.2218 12.959 10.6
      vertex 47.8254 13.0936 -4.4
      vertex 48.2218 12.959 -4.4
    endloop
  endfacet
  facet normal -0.0654566 -0.997855 0
    outer loop
      vertex 48.6323 12.8774 -4.4
      vertex 49.05 12.85 10.6
      vertex 48.6323 12.8774 10.6
    endloop
  endfacet
  facet normal -0.0654566 -0.997855 -0
    outer loop
      vertex 49.05 12.85 10.6
      vertex 48.6323 12.8774 -4.4
      vertex 49.05 12.85 -4.4
    endloop
  endfacet
  facet normal -0.659367 -0.751821 0
    outer loop
      vertex 46.7873 13.7873 -4.4
      vertex 47.102 13.5113 10.6
      vertex 46.7873 13.7873 10.6
    endloop
  endfacet
  facet normal -0.659367 -0.751821 -0
    outer loop
      vertex 47.102 13.5113 10.6
      vertex 46.7873 13.7873 -4.4
      vertex 47.102 13.5113 -4.4
    endloop
  endfacet
  facet normal -0.896898 -0.442237 0
    outer loop
      vertex 46.2787 14.45 -4.4
      vertex 46.0936 14.8254 10.6
      vertex 46.0936 14.8254 -4.4
    endloop
  endfacet
  facet normal -0.896898 -0.442237 0
    outer loop
      vertex 46.0936 14.8254 10.6
      vertex 46.2787 14.45 -4.4
      vertex 46.2787 14.45 10.6
    endloop
  endfacet
  facet normal -0.98081 -0.194967 0
    outer loop
      vertex 45.959 15.2218 -4.4
      vertex 45.8774 15.6323 10.6
      vertex 45.8774 15.6323 -4.4
    endloop
  endfacet
  facet normal -0.98081 -0.194967 0
    outer loop
      vertex 45.8774 15.6323 10.6
      vertex 45.959 15.2218 -4.4
      vertex 45.959 15.2218 10.6
    endloop
  endfacet
  facet normal 0.194967 0.98081 -0
    outer loop
      vertex 49.8782 19.141 -4.4
      vertex 49.4677 19.2226 10.6
      vertex 49.8782 19.141 10.6
    endloop
  endfacet
  facet normal 0.194967 0.98081 0
    outer loop
      vertex 49.4677 19.2226 10.6
      vertex 49.8782 19.141 -4.4
      vertex 49.4677 19.2226 -4.4
    endloop
  endfacet
  facet normal -0.997855 -0.0654566 0
    outer loop
      vertex 45.8774 15.6323 -4.4
      vertex 45.85 16.05 10.6
      vertex 45.85 16.05 -4.4
    endloop
  endfacet
  facet normal -0.997855 -0.0654566 0
    outer loop
      vertex 45.85 16.05 10.6
      vertex 45.8774 15.6323 -4.4
      vertex 45.8774 15.6323 10.6
    endloop
  endfacet
  facet normal 0.321526 -0.946901 0
    outer loop
      vertex 49.8782 12.959 -4.4
      vertex 50.2746 13.0936 10.6
      vertex 49.8782 12.959 10.6
    endloop
  endfacet
  facet normal 0.321526 -0.946901 0
    outer loop
      vertex 50.2746 13.0936 10.6
      vertex 49.8782 12.959 -4.4
      vertex 50.2746 13.0936 -4.4
    endloop
  endfacet
  facet normal 0.98081 -0.194967 0
    outer loop
      vertex 52.141 15.2218 10.6
      vertex 52.2226 15.6323 -4.4
      vertex 52.2226 15.6323 10.6
    endloop
  endfacet
  facet normal 0.98081 -0.194967 0
    outer loop
      vertex 52.2226 15.6323 -4.4
      vertex 52.141 15.2218 10.6
      vertex 52.141 15.2218 -4.4
    endloop
  endfacet
  facet normal 0.896898 -0.442237 0
    outer loop
      vertex 51.8213 14.45 10.6
      vertex 52.0064 14.8254 -4.4
      vertex 52.0064 14.8254 10.6
    endloop
  endfacet
  facet normal 0.896898 -0.442237 0
    outer loop
      vertex 52.0064 14.8254 -4.4
      vertex 51.8213 14.45 10.6
      vertex 51.8213 14.45 -4.4
    endloop
  endfacet
  facet normal 0.0654566 -0.997855 0
    outer loop
      vertex 49.05 12.85 -4.4
      vertex 49.4677 12.8774 10.6
      vertex 49.05 12.85 10.6
    endloop
  endfacet
  facet normal 0.0654566 -0.997855 0
    outer loop
      vertex 49.4677 12.8774 10.6
      vertex 49.05 12.85 -4.4
      vertex 49.4677 12.8774 -4.4
    endloop
  endfacet
  facet normal -0.946901 -0.321526 0
    outer loop
      vertex 46.0936 14.8254 -4.4
      vertex 45.959 15.2218 10.6
      vertex 45.959 15.2218 -4.4
    endloop
  endfacet
  facet normal -0.946901 -0.321526 0
    outer loop
      vertex 45.959 15.2218 10.6
      vertex 46.0936 14.8254 -4.4
      vertex 46.0936 14.8254 10.6
    endloop
  endfacet
  facet normal 0.997855 -0.0654566 0
    outer loop
      vertex 52.2226 15.6323 10.6
      vertex 52.25 16.05 -4.4
      vertex 52.25 16.05 10.6
    endloop
  endfacet
  facet normal 0.997855 -0.0654566 0
    outer loop
      vertex 52.25 16.05 -4.4
      vertex 52.2226 15.6323 10.6
      vertex 52.2226 15.6323 -4.4
    endloop
  endfacet
  facet normal 0.555692 0.831388 -0
    outer loop
      vertex 50.998 30.5887 -4.4
      vertex 50.65 30.8213 10.6
      vertex 50.998 30.5887 10.6
    endloop
  endfacet
  facet normal 0.555692 0.831388 0
    outer loop
      vertex 50.65 30.8213 10.6
      vertex 50.998 30.5887 -4.4
      vertex 50.65 30.8213 -4.4
    endloop
  endfacet
  facet normal -0.98081 0.194967 0
    outer loop
      vertex 45.8774 28.4677 -4.4
      vertex 45.959 28.8782 10.6
      vertex 45.959 28.8782 -4.4
    endloop
  endfacet
  facet normal -0.98081 0.194967 0
    outer loop
      vertex 45.959 28.8782 10.6
      vertex 45.8774 28.4677 -4.4
      vertex 45.8774 28.4677 10.6
    endloop
  endfacet
  facet normal 0.997855 -0.0654566 0
    outer loop
      vertex 52.2226 27.6323 10.6
      vertex 52.25 28.05 -4.4
      vertex 52.25 28.05 10.6
    endloop
  endfacet
  facet normal 0.997855 -0.0654566 0
    outer loop
      vertex 52.25 28.05 -4.4
      vertex 52.2226 27.6323 10.6
      vertex 52.2226 27.6323 -4.4
    endloop
  endfacet
  facet normal -0.194967 -0.98081 0
    outer loop
      vertex 48.2218 24.959 -4.4
      vertex 48.6323 24.8774 10.6
      vertex 48.2218 24.959 10.6
    endloop
  endfacet
  facet normal -0.194967 -0.98081 -0
    outer loop
      vertex 48.6323 24.8774 10.6
      vertex 48.2218 24.959 -4.4
      vertex 48.6323 24.8774 -4.4
    endloop
  endfacet
  facet normal 0.442237 0.896898 -0
    outer loop
      vertex 50.65 30.8213 -4.4
      vertex 50.2746 31.0064 10.6
      vertex 50.65 30.8213 10.6
    endloop
  endfacet
  facet normal 0.442237 0.896898 0
    outer loop
      vertex 50.2746 31.0064 10.6
      vertex 50.65 30.8213 -4.4
      vertex 50.2746 31.0064 -4.4
    endloop
  endfacet
  facet normal -0.442237 0.896898 0
    outer loop
      vertex 47.8254 31.0064 -4.4
      vertex 47.45 30.8213 10.6
      vertex 47.8254 31.0064 10.6
    endloop
  endfacet
  facet normal -0.442237 0.896898 0
    outer loop
      vertex 47.45 30.8213 10.6
      vertex 47.8254 31.0064 -4.4
      vertex 47.45 30.8213 -4.4
    endloop
  endfacet
  facet normal -0.946901 0.321526 0
    outer loop
      vertex 45.959 28.8782 -4.4
      vertex 46.0936 29.2746 10.6
      vertex 46.0936 29.2746 -4.4
    endloop
  endfacet
  facet normal -0.946901 0.321526 0
    outer loop
      vertex 46.0936 29.2746 10.6
      vertex 45.959 28.8782 -4.4
      vertex 45.959 28.8782 10.6
    endloop
  endfacet
  facet normal -0.831388 -0.555692 0
    outer loop
      vertex 46.5113 26.102 -4.4
      vertex 46.2787 26.45 10.6
      vertex 46.2787 26.45 -4.4
    endloop
  endfacet
  facet normal -0.831388 -0.555692 0
    outer loop
      vertex 46.2787 26.45 10.6
      vertex 46.5113 26.102 -4.4
      vertex 46.5113 26.102 10.6
    endloop
  endfacet
  facet normal 0.946901 0.321526 0
    outer loop
      vertex 52.141 28.8782 10.6
      vertex 52.0064 29.2746 -4.4
      vertex 52.0064 29.2746 10.6
    endloop
  endfacet
  facet normal 0.946901 0.321526 0
    outer loop
      vertex 52.0064 29.2746 -4.4
      vertex 52.141 28.8782 10.6
      vertex 52.141 28.8782 -4.4
    endloop
  endfacet
  facet normal 0.896898 0.442237 0
    outer loop
      vertex 52.0064 29.2746 10.6
      vertex 51.8213 29.65 -4.4
      vertex 51.8213 29.65 10.6
    endloop
  endfacet
  facet normal 0.896898 0.442237 0
    outer loop
      vertex 51.8213 29.65 -4.4
      vertex 52.0064 29.2746 10.6
      vertex 52.0064 29.2746 -4.4
    endloop
  endfacet
  facet normal 0.659367 0.751821 -0
    outer loop
      vertex 51.3127 30.3127 -4.4
      vertex 50.998 30.5887 10.6
      vertex 51.3127 30.3127 10.6
    endloop
  endfacet
  facet normal 0.659367 0.751821 0
    outer loop
      vertex 50.998 30.5887 10.6
      vertex 51.3127 30.3127 -4.4
      vertex 50.998 30.5887 -4.4
    endloop
  endfacet
  facet normal 0.321526 0.946901 -0
    outer loop
      vertex 50.2746 31.0064 -4.4
      vertex 49.8782 31.141 10.6
      vertex 50.2746 31.0064 10.6
    endloop
  endfacet
  facet normal 0.321526 0.946901 0
    outer loop
      vertex 49.8782 31.141 10.6
      vertex 50.2746 31.0064 -4.4
      vertex 49.8782 31.141 -4.4
    endloop
  endfacet
  facet normal -0.0654566 0.997855 0
    outer loop
      vertex 49.05 31.25 -4.4
      vertex 48.6323 31.2226 10.6
      vertex 49.05 31.25 10.6
    endloop
  endfacet
  facet normal -0.0654566 0.997855 0
    outer loop
      vertex 48.6323 31.2226 10.6
      vertex 49.05 31.25 -4.4
      vertex 48.6323 31.2226 -4.4
    endloop
  endfacet
  facet normal 0.0654566 0.997855 -0
    outer loop
      vertex 49.4677 31.2226 -4.4
      vertex 49.05 31.25 10.6
      vertex 49.4677 31.2226 10.6
    endloop
  endfacet
  facet normal 0.0654566 0.997855 0
    outer loop
      vertex 49.05 31.25 10.6
      vertex 49.4677 31.2226 -4.4
      vertex 49.05 31.25 -4.4
    endloop
  endfacet
  facet normal 0 0 -1
    outer loop
      vertex 50.3 28.05 -4.4
      vertex 52.25 28.05 -4.4
      vertex 52.2226 27.6323 -4.4
    endloop
  endfacet
  facet normal 0 0 -1
    outer loop
      vertex 50.2893 27.8868 -4.4
      vertex 52.2226 27.6323 -4.4
      vertex 52.141 27.2218 -4.4
    endloop
  endfacet
  facet normal 0 0 -1
    outer loop
      vertex 52.25 28.05 -4.4
      vertex 50.3 28.05 -4.4
      vertex 52.2226 28.4677 -4.4
    endloop
  endfacet
  facet normal 0 0 -1
    outer loop
      vertex 50.2574 27.7265 -4.4
      vertex 52.141 27.2218 -4.4
      vertex 52.0064 26.8254 -4.4
    endloop
  endfacet
  facet normal 0 0 -1
    outer loop
      vertex 50.2893 28.2132 -4.4
      vertex 52.2226 28.4677 -4.4
      vertex 50.3 28.05 -4.4
    endloop
  endfacet
  facet normal 0 0 -1
    outer loop
      vertex 50.2048 27.5716 -4.4
      vertex 52.0064 26.8254 -4.4
      vertex 51.8213 26.45 -4.4
    endloop
  endfacet
  facet normal -0 0 -1
    outer loop
      vertex 52.2226 28.4677 -4.4
      vertex 50.2893 28.2132 -4.4
      vertex 52.141 28.8782 -4.4
    endloop
  endfacet
  facet normal 0 0 -1
    outer loop
      vertex 50.1325 27.425 -4.4
      vertex 51.8213 26.45 -4.4
      vertex 51.5887 26.102 -4.4
    endloop
  endfacet
  facet normal 0 0 -1
    outer loop
      vertex 50.2574 28.3735 -4.4
      vertex 52.141 28.8782 -4.4
      vertex 50.2893 28.2132 -4.4
    endloop
  endfacet
  facet normal 0 0 -1
    outer loop
      vertex 50.0417 27.289 -4.4
      vertex 51.5887 26.102 -4.4
      vertex 51.3127 25.7873 -4.4
    endloop
  endfacet
  facet normal -0 0 -1
    outer loop
      vertex 52.141 28.8782 -4.4
      vertex 50.2574 28.3735 -4.4
      vertex 52.0064 29.2746 -4.4
    endloop
  endfacet
  facet normal 0 0 -1
    outer loop
      vertex 49.9339 27.1661 -4.4
      vertex 51.3127 25.7873 -4.4
      vertex 50.998 25.5113 -4.4
    endloop
  endfacet
  facet normal 0 0 -1
    outer loop
      vertex 50.2048 28.5284 -4.4
      vertex 52.0064 29.2746 -4.4
      vertex 50.2574 28.3735 -4.4
    endloop
  endfacet
  facet normal 0 0 -1
    outer loop
      vertex 49.811 27.0583 -4.4
      vertex 50.998 25.5113 -4.4
      vertex 50.65 25.2787 -4.4
    endloop
  endfacet
  facet normal -0 0 -1
    outer loop
      vertex 52.0064 29.2746 -4.4
      vertex 50.2048 28.5284 -4.4
      vertex 51.8213 29.65 -4.4
    endloop
  endfacet
  facet normal 0 0 -1
    outer loop
      vertex 50.1325 28.675 -4.4
      vertex 51.8213 29.65 -4.4
      vertex 50.2048 28.5284 -4.4
    endloop
  endfacet
  facet normal 0 0 -1
    outer loop
      vertex 52.2226 27.6323 -4.4
      vertex 50.2893 27.8868 -4.4
      vertex 50.3 28.05 -4.4
    endloop
  endfacet
  facet normal 0 0 -1
    outer loop
      vertex 49.675 26.9675 -4.4
      vertex 50.65 25.2787 -4.4
      vertex 50.2746 25.0936 -4.4
    endloop
  endfacet
  facet normal 0 0 -1
    outer loop
      vertex 52.141 27.2218 -4.4
      vertex 50.2574 27.7265 -4.4
      vertex 50.2893 27.8868 -4.4
    endloop
  endfacet
  facet normal 0 0 -1
    outer loop
      vertex 52.0064 26.8254 -4.4
      vertex 50.2048 27.5716 -4.4
      vertex 50.2574 27.7265 -4.4
    endloop
  endfacet
  facet normal 0 0 -1
    outer loop
      vertex 51.8213 26.45 -4.4
      vertex 50.1325 27.425 -4.4
      vertex 50.2048 27.5716 -4.4
    endloop
  endfacet
  facet normal 0 0 -1
    outer loop
      vertex 51.5887 26.102 -4.4
      vertex 50.0417 27.289 -4.4
      vertex 50.1325 27.425 -4.4
    endloop
  endfacet
  facet normal 0 0 -1
    outer loop
      vertex 51.3127 25.7873 -4.4
      vertex 49.9339 27.1661 -4.4
      vertex 50.0417 27.289 -4.4
    endloop
  endfacet
  facet normal 0 0 -1
    outer loop
      vertex 49.5284 26.8951 -4.4
      vertex 50.2746 25.0936 -4.4
      vertex 49.8782 24.959 -4.4
    endloop
  endfacet
  facet normal 0 0 -1
    outer loop
      vertex 50.998 25.5113 -4.4
      vertex 49.811 27.0583 -4.4
      vertex 49.9339 27.1661 -4.4
    endloop
  endfacet
  facet normal 0 0 -1
    outer loop
      vertex 50.65 25.2787 -4.4
      vertex 49.675 26.9675 -4.4
      vertex 49.811 27.0583 -4.4
    endloop
  endfacet
  facet normal 0 0 -1
    outer loop
      vertex 50.2746 25.0936 -4.4
      vertex 49.5284 26.8951 -4.4
      vertex 49.675 26.9675 -4.4
    endloop
  endfacet
  facet normal 0 0 -1
    outer loop
      vertex 49.3735 26.8426 -4.4
      vertex 49.8782 24.959 -4.4
      vertex 49.4677 24.8774 -4.4
    endloop
  endfacet
  facet normal 0 0 -1
    outer loop
      vertex 49.8782 24.959 -4.4
      vertex 49.3735 26.8426 -4.4
      vertex 49.5284 26.8951 -4.4
    endloop
  endfacet
  facet normal 0 0 -1
    outer loop
      vertex 49.4677 24.8774 -4.4
      vertex 49.2132 26.8107 -4.4
      vertex 49.3735 26.8426 -4.4
    endloop
  endfacet
  facet normal 0 0 -1
    outer loop
      vertex 49.05 24.85 -4.4
      vertex 49.2132 26.8107 -4.4
      vertex 49.4677 24.8774 -4.4
    endloop
  endfacet
  facet normal 0 0 -1
    outer loop
      vertex 49.05 24.85 -4.4
      vertex 49.05 26.8 -4.4
      vertex 49.2132 26.8107 -4.4
    endloop
  endfacet
  facet normal 0 0 -1
    outer loop
      vertex 49.05 24.85 -4.4
      vertex 48.8868 26.8107 -4.4
      vertex 49.05 26.8 -4.4
    endloop
  endfacet
  facet normal 0 0 -1
    outer loop
      vertex 48.6323 24.8774 -4.4
      vertex 48.8868 26.8107 -4.4
      vertex 49.05 24.85 -4.4
    endloop
  endfacet
  facet normal -0 0 -1
    outer loop
      vertex 48.8868 26.8107 -4.4
      vertex 48.6323 24.8774 -4.4
      vertex 48.7265 26.8426 -4.4
    endloop
  endfacet
  facet normal 0 0 -1
    outer loop
      vertex 48.2218 24.959 -4.4
      vertex 48.7265 26.8426 -4.4
      vertex 48.6323 24.8774 -4.4
    endloop
  endfacet
  facet normal -0 0 -1
    outer loop
      vertex 48.7265 26.8426 -4.4
      vertex 48.2218 24.959 -4.4
      vertex 48.5716 26.8951 -4.4
    endloop
  endfacet
  facet normal 0 0 -1
    outer loop
      vertex 47.8254 25.0936 -4.4
      vertex 48.5716 26.8951 -4.4
      vertex 48.2218 24.959 -4.4
    endloop
  endfacet
  facet normal -0 0 -1
    outer loop
      vertex 48.5716 26.8951 -4.4
      vertex 47.8254 25.0936 -4.4
      vertex 48.425 26.9675 -4.4
    endloop
  endfacet
  facet normal 0 0 -1
    outer loop
      vertex 47.45 25.2787 -4.4
      vertex 48.425 26.9675 -4.4
      vertex 47.8254 25.0936 -4.4
    endloop
  endfacet
  facet normal -0 0 -1
    outer loop
      vertex 48.425 26.9675 -4.4
      vertex 47.45 25.2787 -4.4
      vertex 48.289 27.0583 -4.4
    endloop
  endfacet
  facet normal 0 0 -1
    outer loop
      vertex 47.102 25.5113 -4.4
      vertex 48.289 27.0583 -4.4
      vertex 47.45 25.2787 -4.4
    endloop
  endfacet
  facet normal -0 0 -1
    outer loop
      vertex 48.289 27.0583 -4.4
      vertex 47.102 25.5113 -4.4
      vertex 48.1661 27.1661 -4.4
    endloop
  endfacet
  facet normal 0 0 -1
    outer loop
      vertex 46.7873 25.7873 -4.4
      vertex 48.1661 27.1661 -4.4
      vertex 47.102 25.5113 -4.4
    endloop
  endfacet
  facet normal -0 0 -1
    outer loop
      vertex 48.1661 27.1661 -4.4
      vertex 46.7873 25.7873 -4.4
      vertex 48.0583 27.289 -4.4
    endloop
  endfacet
  facet normal 0 0 -1
    outer loop
      vertex 46.5113 26.102 -4.4
      vertex 48.0583 27.289 -4.4
      vertex 46.7873 25.7873 -4.4
    endloop
  endfacet
  facet normal -0 0 -1
    outer loop
      vertex 48.0583 27.289 -4.4
      vertex 46.5113 26.102 -4.4
      vertex 47.9675 27.425 -4.4
    endloop
  endfacet
  facet normal 0 0 -1
    outer loop
      vertex 46.2787 26.45 -4.4
      vertex 47.9675 27.425 -4.4
      vertex 46.5113 26.102 -4.4
    endloop
  endfacet
  facet normal -0 0 -1
    outer loop
      vertex 51.8213 29.65 -4.4
      vertex 50.1325 28.675 -4.4
      vertex 51.5887 29.998 -4.4
    endloop
  endfacet
  facet normal 0 0 -1
    outer loop
      vertex 50.0417 28.811 -4.4
      vertex 51.5887 29.998 -4.4
      vertex 50.1325 28.675 -4.4
    endloop
  endfacet
  facet normal -0 0 -1
    outer loop
      vertex 51.5887 29.998 -4.4
      vertex 50.0417 28.811 -4.4
      vertex 51.3127 30.3127 -4.4
    endloop
  endfacet
  facet normal 0 0 -1
    outer loop
      vertex 49.9339 28.9339 -4.4
      vertex 51.3127 30.3127 -4.4
      vertex 50.0417 28.811 -4.4
    endloop
  endfacet
  facet normal -0 0 -1
    outer loop
      vertex 51.3127 30.3127 -4.4
      vertex 49.9339 28.9339 -4.4
      vertex 50.998 30.5887 -4.4
    endloop
  endfacet
  facet normal 0 0 -1
    outer loop
      vertex 49.811 29.0417 -4.4
      vertex 50.998 30.5887 -4.4
      vertex 49.9339 28.9339 -4.4
    endloop
  endfacet
  facet normal -0 0 -1
    outer loop
      vertex 50.998 30.5887 -4.4
      vertex 49.811 29.0417 -4.4
      vertex 50.65 30.8213 -4.4
    endloop
  endfacet
  facet normal 0 0 -1
    outer loop
      vertex 49.675 29.1325 -4.4
      vertex 50.65 30.8213 -4.4
      vertex 49.811 29.0417 -4.4
    endloop
  endfacet
  facet normal -0 0 -1
    outer loop
      vertex 50.65 30.8213 -4.4
      vertex 49.675 29.1325 -4.4
      vertex 50.2746 31.0064 -4.4
    endloop
  endfacet
  facet normal 0 0 -1
    outer loop
      vertex 49.5284 29.2048 -4.4
      vertex 50.2746 31.0064 -4.4
      vertex 49.675 29.1325 -4.4
    endloop
  endfacet
  facet normal -0 0 -1
    outer loop
      vertex 50.2746 31.0064 -4.4
      vertex 49.5284 29.2048 -4.4
      vertex 49.8782 31.141 -4.4
    endloop
  endfacet
  facet normal 0 0 -1
    outer loop
      vertex 49.3735 29.2574 -4.4
      vertex 49.8782 31.141 -4.4
      vertex 49.5284 29.2048 -4.4
    endloop
  endfacet
  facet normal -0 0 -1
    outer loop
      vertex 49.8782 31.141 -4.4
      vertex 49.3735 29.2574 -4.4
      vertex 49.4677 31.2226 -4.4
    endloop
  endfacet
  facet normal 0 0 -1
    outer loop
      vertex 49.2132 29.2893 -4.4
      vertex 49.4677 31.2226 -4.4
      vertex 49.3735 29.2574 -4.4
    endloop
  endfacet
  facet normal 0 0 -1
    outer loop
      vertex 49.05 29.3 -4.4
      vertex 49.4677 31.2226 -4.4
      vertex 49.2132 29.2893 -4.4
    endloop
  endfacet
  facet normal 0 0 -1
    outer loop
      vertex 49.05 29.3 -4.4
      vertex 49.05 31.25 -4.4
      vertex 49.4677 31.2226 -4.4
    endloop
  endfacet
  facet normal 0 0 -1
    outer loop
      vertex 48.8868 29.2893 -4.4
      vertex 49.05 31.25 -4.4
      vertex 49.05 29.3 -4.4
    endloop
  endfacet
  facet normal 0 0 -1
    outer loop
      vertex 48.6323 31.2226 -4.4
      vertex 48.8868 29.2893 -4.4
      vertex 48.7265 29.2574 -4.4
    endloop
  endfacet
  facet normal 0 0 -1
    outer loop
      vertex 48.8868 29.2893 -4.4
      vertex 48.6323 31.2226 -4.4
      vertex 49.05 31.25 -4.4
    endloop
  endfacet
  facet normal 0 0 -1
    outer loop
      vertex 48.2218 31.141 -4.4
      vertex 48.7265 29.2574 -4.4
      vertex 48.5716 29.2048 -4.4
    endloop
  endfacet
  facet normal 0 0 -1
    outer loop
      vertex 47.8254 31.0064 -4.4
      vertex 48.5716 29.2048 -4.4
      vertex 48.425 29.1325 -4.4
    endloop
  endfacet
  facet normal 0 0 -1
    outer loop
      vertex 47.45 30.8213 -4.4
      vertex 48.425 29.1325 -4.4
      vertex 48.289 29.0417 -4.4
    endloop
  endfacet
  facet normal 0 0 -1
    outer loop
      vertex 48.7265 29.2574 -4.4
      vertex 48.2218 31.141 -4.4
      vertex 48.6323 31.2226 -4.4
    endloop
  endfacet
  facet normal 0 0 -1
    outer loop
      vertex 47.102 30.5887 -4.4
      vertex 48.289 29.0417 -4.4
      vertex 48.1661 28.9339 -4.4
    endloop
  endfacet
  facet normal 0 0 -1
    outer loop
      vertex 46.7873 30.3127 -4.4
      vertex 48.1661 28.9339 -4.4
      vertex 48.0583 28.811 -4.4
    endloop
  endfacet
  facet normal 0 0 -1
    outer loop
      vertex 46.5113 29.998 -4.4
      vertex 48.0583 28.811 -4.4
      vertex 47.9675 28.675 -4.4
    endloop
  endfacet
  facet normal 0 0 -1
    outer loop
      vertex 46.2787 29.65 -4.4
      vertex 47.9675 28.675 -4.4
      vertex 47.8951 28.5284 -4.4
    endloop
  endfacet
  facet normal 0 0 -1
    outer loop
      vertex 46.0936 29.2746 -4.4
      vertex 47.8951 28.5284 -4.4
      vertex 47.8426 28.3735 -4.4
    endloop
  endfacet
  facet normal 0 0 -1
    outer loop
      vertex 48.5716 29.2048 -4.4
      vertex 47.8254 31.0064 -4.4
      vertex 48.2218 31.141 -4.4
    endloop
  endfacet
  facet normal 0 0 -1
    outer loop
      vertex 45.959 28.8782 -4.4
      vertex 47.8426 28.3735 -4.4
      vertex 47.8107 28.2132 -4.4
    endloop
  endfacet
  facet normal 0 0 -1
    outer loop
      vertex 45.8774 28.4677 -4.4
      vertex 47.8107 28.2132 -4.4
      vertex 47.8 28.05 -4.4
    endloop
  endfacet
  facet normal -0 0 -1
    outer loop
      vertex 47.9675 27.425 -4.4
      vertex 46.2787 26.45 -4.4
      vertex 47.8951 27.5716 -4.4
    endloop
  endfacet
  facet normal 0 0 -1
    outer loop
      vertex 48.425 29.1325 -4.4
      vertex 47.45 30.8213 -4.4
      vertex 47.8254 31.0064 -4.4
    endloop
  endfacet
  facet normal 0 0 -1
    outer loop
      vertex 46.0936 26.8254 -4.4
      vertex 47.8951 27.5716 -4.4
      vertex 46.2787 26.45 -4.4
    endloop
  endfacet
  facet normal 0 0 -1
    outer loop
      vertex 48.289 29.0417 -4.4
      vertex 47.102 30.5887 -4.4
      vertex 47.45 30.8213 -4.4
    endloop
  endfacet
  facet normal -0 0 -1
    outer loop
      vertex 47.8951 27.5716 -4.4
      vertex 46.0936 26.8254 -4.4
      vertex 47.8426 27.7265 -4.4
    endloop
  endfacet
  facet normal 0 0 -1
    outer loop
      vertex 48.1661 28.9339 -4.4
      vertex 46.7873 30.3127 -4.4
      vertex 47.102 30.5887 -4.4
    endloop
  endfacet
  facet normal 0 0 -1
    outer loop
      vertex 45.959 27.2218 -4.4
      vertex 47.8426 27.7265 -4.4
      vertex 46.0936 26.8254 -4.4
    endloop
  endfacet
  facet normal 0 0 -1
    outer loop
      vertex 48.0583 28.811 -4.4
      vertex 46.5113 29.998 -4.4
      vertex 46.7873 30.3127 -4.4
    endloop
  endfacet
  facet normal -0 0 -1
    outer loop
      vertex 47.8426 27.7265 -4.4
      vertex 45.959 27.2218 -4.4
      vertex 47.8107 27.8868 -4.4
    endloop
  endfacet
  facet normal 0 0 -1
    outer loop
      vertex 47.9675 28.675 -4.4
      vertex 46.2787 29.65 -4.4
      vertex 46.5113 29.998 -4.4
    endloop
  endfacet
  facet normal 0 0 -1
    outer loop
      vertex 45.8774 27.6323 -4.4
      vertex 47.8107 27.8868 -4.4
      vertex 45.959 27.2218 -4.4
    endloop
  endfacet
  facet normal 0 0 -1
    outer loop
      vertex 47.8951 28.5284 -4.4
      vertex 46.0936 29.2746 -4.4
      vertex 46.2787 29.65 -4.4
    endloop
  endfacet
  facet normal -0 0 -1
    outer loop
      vertex 47.8107 27.8868 -4.4
      vertex 45.8774 27.6323 -4.4
      vertex 47.8 28.05 -4.4
    endloop
  endfacet
  facet normal 0 0 -1
    outer loop
      vertex 47.8426 28.3735 -4.4
      vertex 45.959 28.8782 -4.4
      vertex 46.0936 29.2746 -4.4
    endloop
  endfacet
  facet normal 0 0 -1
    outer loop
      vertex 45.85 28.05 -4.4
      vertex 47.8 28.05 -4.4
      vertex 45.8774 27.6323 -4.4
    endloop
  endfacet
  facet normal 0 0 -1
    outer loop
      vertex 47.8107 28.2132 -4.4
      vertex 45.8774 28.4677 -4.4
      vertex 45.959 28.8782 -4.4
    endloop
  endfacet
  facet normal 0 0 -1
    outer loop
      vertex 47.8 28.05 -4.4
      vertex 45.85 28.05 -4.4
      vertex 45.8774 28.4677 -4.4
    endloop
  endfacet
  facet normal -0.997855 -0.0654566 0
    outer loop
      vertex 45.8774 27.6323 -4.4
      vertex 45.85 28.05 10.6
      vertex 45.85 28.05 -4.4
    endloop
  endfacet
  facet normal -0.997855 -0.0654566 0
    outer loop
      vertex 45.85 28.05 10.6
      vertex 45.8774 27.6323 -4.4
      vertex 45.8774 27.6323 10.6
    endloop
  endfacet
  facet normal -0.831388 0.555692 0
    outer loop
      vertex 46.2787 29.65 -4.4
      vertex 46.5113 29.998 10.6
      vertex 46.5113 29.998 -4.4
    endloop
  endfacet
  facet normal -0.831388 0.555692 0
    outer loop
      vertex 46.5113 29.998 10.6
      vertex 46.2787 29.65 -4.4
      vertex 46.2787 29.65 10.6
    endloop
  endfacet
  facet normal -0.555692 0.831388 0
    outer loop
      vertex 47.45 30.8213 -4.4
      vertex 47.102 30.5887 10.6
      vertex 47.45 30.8213 10.6
    endloop
  endfacet
  facet normal -0.555692 0.831388 0
    outer loop
      vertex 47.102 30.5887 10.6
      vertex 47.45 30.8213 -4.4
      vertex 47.102 30.5887 -4.4
    endloop
  endfacet
  facet normal -0.659367 0.751821 0
    outer loop
      vertex 47.102 30.5887 -4.4
      vertex 46.7873 30.3127 10.6
      vertex 47.102 30.5887 10.6
    endloop
  endfacet
  facet normal -0.659367 0.751821 0
    outer loop
      vertex 46.7873 30.3127 10.6
      vertex 47.102 30.5887 -4.4
      vertex 46.7873 30.3127 -4.4
    endloop
  endfacet
  facet normal 0.997855 0.0654566 0
    outer loop
      vertex 52.25 28.05 10.6
      vertex 52.2226 28.4677 -4.4
      vertex 52.2226 28.4677 10.6
    endloop
  endfacet
  facet normal 0.997855 0.0654566 0
    outer loop
      vertex 52.2226 28.4677 -4.4
      vertex 52.25 28.05 10.6
      vertex 52.25 28.05 -4.4
    endloop
  endfacet
  facet normal 0.442237 -0.896898 0
    outer loop
      vertex 50.2746 25.0936 -4.4
      vertex 50.65 25.2787 10.6
      vertex 50.2746 25.0936 10.6
    endloop
  endfacet
  facet normal 0.442237 -0.896898 0
    outer loop
      vertex 50.65 25.2787 10.6
      vertex 50.2746 25.0936 -4.4
      vertex 50.65 25.2787 -4.4
    endloop
  endfacet
  facet normal 0.831388 -0.555692 0
    outer loop
      vertex 51.5887 26.102 10.6
      vertex 51.8213 26.45 -4.4
      vertex 51.8213 26.45 10.6
    endloop
  endfacet
  facet normal 0.831388 -0.555692 0
    outer loop
      vertex 51.8213 26.45 -4.4
      vertex 51.5887 26.102 10.6
      vertex 51.5887 26.102 -4.4
    endloop
  endfacet
  facet normal 0.751821 -0.659367 0
    outer loop
      vertex 51.3127 25.7873 10.6
      vertex 51.5887 26.102 -4.4
      vertex 51.5887 26.102 10.6
    endloop
  endfacet
  facet normal 0.751821 -0.659367 0
    outer loop
      vertex 51.5887 26.102 -4.4
      vertex 51.3127 25.7873 10.6
      vertex 51.3127 25.7873 -4.4
    endloop
  endfacet
  facet normal 0.555692 -0.831388 0
    outer loop
      vertex 50.65 25.2787 -4.4
      vertex 50.998 25.5113 10.6
      vertex 50.65 25.2787 10.6
    endloop
  endfacet
  facet normal 0.555692 -0.831388 0
    outer loop
      vertex 50.998 25.5113 10.6
      vertex 50.65 25.2787 -4.4
      vertex 50.998 25.5113 -4.4
    endloop
  endfacet
  facet normal 0.0654566 -0.997855 0
    outer loop
      vertex 49.05 24.85 -4.4
      vertex 49.4677 24.8774 10.6
      vertex 49.05 24.85 10.6
    endloop
  endfacet
  facet normal 0.0654566 -0.997855 0
    outer loop
      vertex 49.4677 24.8774 10.6
      vertex 49.05 24.85 -4.4
      vertex 49.4677 24.8774 -4.4
    endloop
  endfacet
  facet normal -0.442237 -0.896898 0
    outer loop
      vertex 47.45 25.2787 -4.4
      vertex 47.8254 25.0936 10.6
      vertex 47.45 25.2787 10.6
    endloop
  endfacet
  facet normal -0.442237 -0.896898 -0
    outer loop
      vertex 47.8254 25.0936 10.6
      vertex 47.45 25.2787 -4.4
      vertex 47.8254 25.0936 -4.4
    endloop
  endfacet
  facet normal -0.555692 -0.831388 0
    outer loop
      vertex 47.102 25.5113 -4.4
      vertex 47.45 25.2787 10.6
      vertex 47.102 25.5113 10.6
    endloop
  endfacet
  facet normal -0.555692 -0.831388 -0
    outer loop
      vertex 47.45 25.2787 10.6
      vertex 47.102 25.5113 -4.4
      vertex 47.45 25.2787 -4.4
    endloop
  endfacet
  facet normal 0.831388 0.555692 0
    outer loop
      vertex 51.8213 29.65 10.6
      vertex 51.5887 29.998 -4.4
      vertex 51.5887 29.998 10.6
    endloop
  endfacet
  facet normal 0.831388 0.555692 0
    outer loop
      vertex 51.5887 29.998 -4.4
      vertex 51.8213 29.65 10.6
      vertex 51.8213 29.65 -4.4
    endloop
  endfacet
  facet normal 0.751821 0.659367 0
    outer loop
      vertex 51.5887 29.998 10.6
      vertex 51.3127 30.3127 -4.4
      vertex 51.3127 30.3127 10.6
    endloop
  endfacet
  facet normal 0.751821 0.659367 0
    outer loop
      vertex 51.3127 30.3127 -4.4
      vertex 51.5887 29.998 10.6
      vertex 51.5887 29.998 -4.4
    endloop
  endfacet
  facet normal -0.997855 0.0654566 0
    outer loop
      vertex 45.85 28.05 -4.4
      vertex 45.8774 28.4677 10.6
      vertex 45.8774 28.4677 -4.4
    endloop
  endfacet
  facet normal -0.997855 0.0654566 0
    outer loop
      vertex 45.8774 28.4677 10.6
      vertex 45.85 28.05 -4.4
      vertex 45.85 28.05 10.6
    endloop
  endfacet
  facet normal -0.896898 0.442237 0
    outer loop
      vertex 46.0936 29.2746 -4.4
      vertex 46.2787 29.65 10.6
      vertex 46.2787 29.65 -4.4
    endloop
  endfacet
  facet normal -0.896898 0.442237 0
    outer loop
      vertex 46.2787 29.65 10.6
      vertex 46.0936 29.2746 -4.4
      vertex 46.0936 29.2746 10.6
    endloop
  endfacet
  facet normal -0.194967 0.98081 0
    outer loop
      vertex 48.6323 31.2226 -4.4
      vertex 48.2218 31.141 10.6
      vertex 48.6323 31.2226 10.6
    endloop
  endfacet
  facet normal -0.194967 0.98081 0
    outer loop
      vertex 48.2218 31.141 10.6
      vertex 48.6323 31.2226 -4.4
      vertex 48.2218 31.141 -4.4
    endloop
  endfacet
  facet normal -0.321526 0.946901 0
    outer loop
      vertex 48.2218 31.141 -4.4
      vertex 47.8254 31.0064 10.6
      vertex 48.2218 31.141 10.6
    endloop
  endfacet
  facet normal -0.321526 0.946901 0
    outer loop
      vertex 47.8254 31.0064 10.6
      vertex 48.2218 31.141 -4.4
      vertex 47.8254 31.0064 -4.4
    endloop
  endfacet
  facet normal -0.751821 0.659367 0
    outer loop
      vertex 46.5113 29.998 -4.4
      vertex 46.7873 30.3127 10.6
      vertex 46.7873 30.3127 -4.4
    endloop
  endfacet
  facet normal -0.751821 0.659367 0
    outer loop
      vertex 46.7873 30.3127 10.6
      vertex 46.5113 29.998 -4.4
      vertex 46.5113 29.998 10.6
    endloop
  endfacet
  facet normal 0.194967 -0.98081 0
    outer loop
      vertex 49.4677 24.8774 -4.4
      vertex 49.8782 24.959 10.6
      vertex 49.4677 24.8774 10.6
    endloop
  endfacet
  facet normal 0.194967 -0.98081 0
    outer loop
      vertex 49.8782 24.959 10.6
      vertex 49.4677 24.8774 -4.4
      vertex 49.8782 24.959 -4.4
    endloop
  endfacet
  facet normal 0.98081 -0.194967 0
    outer loop
      vertex 52.141 27.2218 10.6
      vertex 52.2226 27.6323 -4.4
      vertex 52.2226 27.6323 10.6
    endloop
  endfacet
  facet normal 0.98081 -0.194967 0
    outer loop
      vertex 52.2226 27.6323 -4.4
      vertex 52.141 27.2218 10.6
      vertex 52.141 27.2218 -4.4
    endloop
  endfacet
  facet normal 0.946901 -0.321526 0
    outer loop
      vertex 52.0064 26.8254 10.6
      vertex 52.141 27.2218 -4.4
      vertex 52.141 27.2218 10.6
    endloop
  endfacet
  facet normal 0.946901 -0.321526 0
    outer loop
      vertex 52.141 27.2218 -4.4
      vertex 52.0064 26.8254 10.6
      vertex 52.0064 26.8254 -4.4
    endloop
  endfacet
  facet normal 0.321526 -0.946901 0
    outer loop
      vertex 49.8782 24.959 -4.4
      vertex 50.2746 25.0936 10.6
      vertex 49.8782 24.959 10.6
    endloop
  endfacet
  facet normal 0.321526 -0.946901 0
    outer loop
      vertex 50.2746 25.0936 10.6
      vertex 49.8782 24.959 -4.4
      vertex 50.2746 25.0936 -4.4
    endloop
  endfacet
  facet normal 0.659367 -0.751821 0
    outer loop
      vertex 50.998 25.5113 -4.4
      vertex 51.3127 25.7873 10.6
      vertex 50.998 25.5113 10.6
    endloop
  endfacet
  facet normal 0.659367 -0.751821 0
    outer loop
      vertex 51.3127 25.7873 10.6
      vertex 50.998 25.5113 -4.4
      vertex 51.3127 25.7873 -4.4
    endloop
  endfacet
  facet normal -0.0654566 -0.997855 0
    outer loop
      vertex 48.6323 24.8774 -4.4
      vertex 49.05 24.85 10.6
      vertex 48.6323 24.8774 10.6
    endloop
  endfacet
  facet normal -0.0654566 -0.997855 -0
    outer loop
      vertex 49.05 24.85 10.6
      vertex 48.6323 24.8774 -4.4
      vertex 49.05 24.85 -4.4
    endloop
  endfacet
  facet normal -0.321526 -0.946901 0
    outer loop
      vertex 47.8254 25.0936 -4.4
      vertex 48.2218 24.959 10.6
      vertex 47.8254 25.0936 10.6
    endloop
  endfacet
  facet normal -0.321526 -0.946901 -0
    outer loop
      vertex 48.2218 24.959 10.6
      vertex 47.8254 25.0936 -4.4
      vertex 48.2218 24.959 -4.4
    endloop
  endfacet
  facet normal -0.896898 -0.442237 0
    outer loop
      vertex 46.2787 26.45 -4.4
      vertex 46.0936 26.8254 10.6
      vertex 46.0936 26.8254 -4.4
    endloop
  endfacet
  facet normal -0.896898 -0.442237 0
    outer loop
      vertex 46.0936 26.8254 10.6
      vertex 46.2787 26.45 -4.4
      vertex 46.2787 26.45 10.6
    endloop
  endfacet
  facet normal -0.98081 -0.194967 0
    outer loop
      vertex 45.959 27.2218 -4.4
      vertex 45.8774 27.6323 10.6
      vertex 45.8774 27.6323 -4.4
    endloop
  endfacet
  facet normal -0.98081 -0.194967 0
    outer loop
      vertex 45.8774 27.6323 10.6
      vertex 45.959 27.2218 -4.4
      vertex 45.959 27.2218 10.6
    endloop
  endfacet
  facet normal -0.751821 -0.659367 0
    outer loop
      vertex 46.7873 25.7873 -4.4
      vertex 46.5113 26.102 10.6
      vertex 46.5113 26.102 -4.4
    endloop
  endfacet
  facet normal -0.751821 -0.659367 0
    outer loop
      vertex 46.5113 26.102 10.6
      vertex 46.7873 25.7873 -4.4
      vertex 46.7873 25.7873 10.6
    endloop
  endfacet
  facet normal -0.659367 -0.751821 0
    outer loop
      vertex 46.7873 25.7873 -4.4
      vertex 47.102 25.5113 10.6
      vertex 46.7873 25.7873 10.6
    endloop
  endfacet
  facet normal -0.659367 -0.751821 -0
    outer loop
      vertex 47.102 25.5113 10.6
      vertex 46.7873 25.7873 -4.4
      vertex 47.102 25.5113 -4.4
    endloop
  endfacet
  facet normal 0.98081 0.194967 0
    outer loop
      vertex 52.2226 28.4677 10.6
      vertex 52.141 28.8782 -4.4
      vertex 52.141 28.8782 10.6
    endloop
  endfacet
  facet normal 0.98081 0.194967 0
    outer loop
      vertex 52.141 28.8782 -4.4
      vertex 52.2226 28.4677 10.6
      vertex 52.2226 28.4677 -4.4
    endloop
  endfacet
  facet normal 0.194967 0.98081 -0
    outer loop
      vertex 49.8782 31.141 -4.4
      vertex 49.4677 31.2226 10.6
      vertex 49.8782 31.141 10.6
    endloop
  endfacet
  facet normal 0.194967 0.98081 0
    outer loop
      vertex 49.4677 31.2226 10.6
      vertex 49.8782 31.141 -4.4
      vertex 49.4677 31.2226 -4.4
    endloop
  endfacet
  facet normal 0.896898 -0.442237 0
    outer loop
      vertex 51.8213 26.45 10.6
      vertex 52.0064 26.8254 -4.4
      vertex 52.0064 26.8254 10.6
    endloop
  endfacet
  facet normal 0.896898 -0.442237 0
    outer loop
      vertex 52.0064 26.8254 -4.4
      vertex 51.8213 26.45 10.6
      vertex 51.8213 26.45 -4.4
    endloop
  endfacet
  facet normal -0.946901 -0.321526 0
    outer loop
      vertex 46.0936 26.8254 -4.4
      vertex 45.959 27.2218 10.6
      vertex 45.959 27.2218 -4.4
    endloop
  endfacet
  facet normal -0.946901 -0.321526 0
    outer loop
      vertex 45.959 27.2218 10.6
      vertex 46.0936 26.8254 -4.4
      vertex 46.0936 26.8254 10.6
    endloop
  endfacet
  facet normal 0.831473 0.555565 0
    outer loop
      vertex -0.428719 -1.8 10.6
      vertex -0.661269 -1.45196 -6
      vertex -0.661269 -1.45196 10.6
    endloop
  endfacet
  facet normal 0.831473 0.555565 0
    outer loop
      vertex -0.661269 -1.45196 -6
      vertex -0.428719 -1.8 10.6
      vertex -0.428719 -1.8 -6
    endloop
  endfacet
  facet normal 0.195089 0.980786 -0
    outer loop
      vertex -2.37178 -0.309037 -6
      vertex -2.78232 -0.227376 10.6
      vertex -2.37178 -0.309037 10.6
    endloop
  endfacet
  facet normal 0.195089 0.980786 0
    outer loop
      vertex -2.78232 -0.227376 10.6
      vertex -2.37178 -0.309037 -6
      vertex -2.78232 -0.227376 -6
    endloop
  endfacet
  facet normal 0.321436 0.946931 -0
    outer loop
      vertex -1.97541 -0.443585 -6
      vertex -2.37178 -0.309037 10.6
      vertex -1.97541 -0.443585 10.6
    endloop
  endfacet
  facet normal 0.321436 0.946931 0
    outer loop
      vertex -2.37178 -0.309037 10.6
      vertex -1.97541 -0.443585 -6
      vertex -2.37178 -0.309037 -6
    endloop
  endfacet
  facet normal -0.442291 0.896872 0
    outer loop
      vertex -4.42459 -0.443585 -6
      vertex -4.8 -0.628718 10.6
      vertex -4.42459 -0.443585 10.6
    endloop
  endfacet
  facet normal -0.442291 0.896872 0
    outer loop
      vertex -4.8 -0.628718 10.6
      vertex -4.42459 -0.443585 -6
      vertex -4.8 -0.628718 -6
    endloop
  endfacet
  facet normal -0.896874 0.442285 0
    outer loop
      vertex -6.15641 -2.17541 -6
      vertex -5.97128 -1.8 -1.5
      vertex -5.97128 -1.8 -6
    endloop
  endfacet
  facet normal -0.896874 0.442285 0
    outer loop
      vertex -5.97128 -1.8 -1.5
      vertex -6.15641 -2.17541 -6
      vertex -6.15641 -2.17541 -1.5
    endloop
  endfacet
  facet normal -0.896874 0.442285 0
    outer loop
      vertex -6.15641 -2.17541 0
      vertex -5.97128 -1.8 10.6
      vertex -5.97128 -1.8 0
    endloop
  endfacet
  facet normal -0.896874 0.442285 0
    outer loop
      vertex -5.97128 -1.8 10.6
      vertex -6.15641 -2.17541 0
      vertex -6.15641 -2.17541 10.6
    endloop
  endfacet
  facet normal 0.997859 -0.0654031 0
    outer loop
      vertex -0.0273762 -3.81768 10.6
      vertex 0 -3.4 -6
      vertex 0 -3.4 10.6
    endloop
  endfacet
  facet normal 0.997859 -0.0654031 0
    outer loop
      vertex 0 -3.4 -6
      vertex -0.0273762 -3.81768 10.6
      vertex -0.0273762 -3.81768 -6
    endloop
  endfacet
  facet normal 0.442285 -0.896874 0
    outer loop
      vertex -1.97541 -6.35641 0
      vertex -1.6 -6.17128 10.6
      vertex -1.97541 -6.35641 10.6
    endloop
  endfacet
  facet normal 0.442285 -0.896874 0
    outer loop
      vertex -1.6 -6.17128 10.6
      vertex -1.97541 -6.35641 0
      vertex -1.6 -6.17128 0
    endloop
  endfacet
  facet normal 0.442285 -0.896874 0
    outer loop
      vertex -1.97541 -6.35641 -6
      vertex -1.6 -6.17128 -1.5
      vertex -1.97541 -6.35641 -1.5
    endloop
  endfacet
  facet normal 0.442285 -0.896874 0
    outer loop
      vertex -1.6 -6.17128 -1.5
      vertex -1.97541 -6.35641 -6
      vertex -1.6 -6.17128 -6
    endloop
  endfacet
  facet normal 0.659352 0.751834 -0
    outer loop
      vertex -0.937258 -1.13726 -6
      vertex -1.25196 -0.861269 10.6
      vertex -0.937258 -1.13726 10.6
    endloop
  endfacet
  facet normal 0.659352 0.751834 0
    outer loop
      vertex -1.25196 -0.861269 10.6
      vertex -0.937258 -1.13726 -6
      vertex -1.25196 -0.861269 -6
    endloop
  endfacet
  facet normal 0.0654027 0.997859 -0
    outer loop
      vertex -2.78232 -0.227376 -6
      vertex -3.2 -0.2 10.6
      vertex -2.78232 -0.227376 10.6
    endloop
  endfacet
  facet normal 0.0654027 0.997859 0
    outer loop
      vertex -3.2 -0.2 10.6
      vertex -2.78232 -0.227376 -6
      vertex -3.2 -0.2 -6
    endloop
  endfacet
  facet normal 0.555567 0.831472 -0
    outer loop
      vertex -1.25196 -0.861269 -6
      vertex -1.6 -0.628718 10.6
      vertex -1.25196 -0.861269 10.6
    endloop
  endfacet
  facet normal 0.555567 0.831472 0
    outer loop
      vertex -1.6 -0.628718 10.6
      vertex -1.25196 -0.861269 -6
      vertex -1.6 -0.628718 -6
    endloop
  endfacet
  facet normal -0.997858 0.0654122 0
    outer loop
      vertex -6.4 -3.4 -6
      vertex -6.37262 -2.98232 10.6
      vertex -6.37262 -2.98232 -6
    endloop
  endfacet
  facet normal -0.997858 0.0654122 0
    outer loop
      vertex -6.37262 -2.98232 10.6
      vertex -6.4 -3.4 -6
      vertex -6.4 -3.4 10.6
    endloop
  endfacet
  facet normal -0.980771 0.195161 0
    outer loop
      vertex -6.29096 -2.57178 -6
      vertex -6.3 -2.61721 -1.5
      vertex -6.29096 -2.57178 -1.5
    endloop
  endfacet
  facet normal -0.980788 0.195078 0
    outer loop
      vertex -6.3 -2.61721 -1.5
      vertex -6.37262 -2.98232 -6
      vertex -6.3 -2.61721 0
    endloop
  endfacet
  facet normal -0.980786 0.195087 -7.79243e-07
    outer loop
      vertex -6.37262 -2.98232 -6
      vertex -6.3 -2.61721 -1.5
      vertex -6.29096 -2.57178 -6
    endloop
  endfacet
  facet normal -0.980771 0.195161 0
    outer loop
      vertex -6.3 -2.61721 0
      vertex -6.29096 -2.57178 10.6
      vertex -6.29096 -2.57178 0
    endloop
  endfacet
  facet normal -0.980788 0.195078 0
    outer loop
      vertex -6.37262 -2.98232 10.6
      vertex -6.3 -2.61721 0
      vertex -6.37262 -2.98232 -6
    endloop
  endfacet
  facet normal -0.980786 0.195087 3.30811e-07
    outer loop
      vertex -6.3 -2.61721 0
      vertex -6.37262 -2.98232 10.6
      vertex -6.29096 -2.57178 10.6
    endloop
  endfacet
  facet normal -0.751833 0.659353 0
    outer loop
      vertex -5.73873 -1.45196 -6
      vertex -5.46274 -1.13726 -1.5
      vertex -5.46274 -1.13726 -6
    endloop
  endfacet
  facet normal -0.751833 0.659353 0
    outer loop
      vertex -5.46274 -1.13726 -1.5
      vertex -5.73873 -1.45196 -6
      vertex -5.73873 -1.45196 -1.5
    endloop
  endfacet
  facet normal -0.751833 0.659353 0
    outer loop
      vertex -5.73873 -1.45196 0
      vertex -5.46274 -1.13726 10.6
      vertex -5.46274 -1.13726 0
    endloop
  endfacet
  facet normal -0.751833 0.659353 0
    outer loop
      vertex -5.46274 -1.13726 10.6
      vertex -5.73873 -1.45196 0
      vertex -5.73873 -1.45196 10.6
    endloop
  endfacet
  facet normal -0.555567 0.831472 -1.60055e-07
    outer loop
      vertex -4.8 -0.628718 10.6
      vertex -5.1 -0.829172 0
      vertex -5.14804 -0.861269 10.6
    endloop
  endfacet
  facet normal -0.555571 0.831469 0
    outer loop
      vertex -4.8 -0.628718 -6
      vertex -5.1 -0.829172 0
      vertex -4.8 -0.628718 10.6
    endloop
  endfacet
  facet normal -0.555571 0.831469 0
    outer loop
      vertex -5.1 -0.829172 0
      vertex -4.8 -0.628718 -6
      vertex -5.1 -0.829172 -1.5
    endloop
  endfacet
  facet normal -0.555567 0.831472 3.77018e-07
    outer loop
      vertex -5.14804 -0.861269 -6
      vertex -5.1 -0.829172 -1.5
      vertex -4.8 -0.628718 -6
    endloop
  endfacet
  facet normal -0.555543 0.831488 0
    outer loop
      vertex -5.1 -0.829172 -1.5
      vertex -5.14804 -0.861269 -6
      vertex -5.14804 -0.861269 -1.5
    endloop
  endfacet
  facet normal -0.555543 0.831488 0
    outer loop
      vertex -5.14804 -0.861269 10.6
      vertex -5.1 -0.829172 0
      vertex -5.14804 -0.861269 0
    endloop
  endfacet
  facet normal -0.659355 0.751832 0
    outer loop
      vertex -5.14804 -0.861269 -6
      vertex -5.46274 -1.13726 -1.5
      vertex -5.14804 -0.861269 -1.5
    endloop
  endfacet
  facet normal -0.659355 0.751832 0
    outer loop
      vertex -5.46274 -1.13726 -1.5
      vertex -5.14804 -0.861269 -6
      vertex -5.46274 -1.13726 -6
    endloop
  endfacet
  facet normal -0.659355 0.751832 0
    outer loop
      vertex -5.14804 -0.861269 0
      vertex -5.46274 -1.13726 10.6
      vertex -5.14804 -0.861269 10.6
    endloop
  endfacet
  facet normal -0.659355 0.751832 0
    outer loop
      vertex -5.46274 -1.13726 10.6
      vertex -5.14804 -0.861269 0
      vertex -5.46274 -1.13726 0
    endloop
  endfacet
  facet normal 0.980786 -0.195086 0
    outer loop
      vertex -0.109036 -4.22822 10.6
      vertex -0.0273762 -3.81768 -6
      vertex -0.0273762 -3.81768 10.6
    endloop
  endfacet
  facet normal 0.980786 -0.195086 0
    outer loop
      vertex -0.0273762 -3.81768 -6
      vertex -0.109036 -4.22822 10.6
      vertex -0.109036 -4.22822 -6
    endloop
  endfacet
  facet normal -0.195087 -0.980786 0
    outer loop
      vertex -4.02822 -6.49096 0
      vertex -3.61768 -6.57262 10.6
      vertex -4.02822 -6.49096 10.6
    endloop
  endfacet
  facet normal -0.195087 -0.980786 -0
    outer loop
      vertex -3.61768 -6.57262 10.6
      vertex -4.02822 -6.49096 0
      vertex -3.61768 -6.57262 0
    endloop
  endfacet
  facet normal -0.195087 -0.980786 0
    outer loop
      vertex -4.02822 -6.49096 -6
      vertex -3.61768 -6.57262 -1.5
      vertex -4.02822 -6.49096 -1.5
    endloop
  endfacet
  facet normal -0.195087 -0.980786 -0
    outer loop
      vertex -3.61768 -6.57262 -1.5
      vertex -4.02822 -6.49096 -6
      vertex -3.61768 -6.57262 -6
    endloop
  endfacet
  facet normal 0.321441 -0.94693 0
    outer loop
      vertex -2.37178 -6.49096 0
      vertex -1.97541 -6.35641 10.6
      vertex -2.37178 -6.49096 10.6
    endloop
  endfacet
  facet normal 0.321441 -0.94693 0
    outer loop
      vertex -1.97541 -6.35641 10.6
      vertex -2.37178 -6.49096 0
      vertex -1.97541 -6.35641 0
    endloop
  endfacet
  facet normal 0.321441 -0.94693 0
    outer loop
      vertex -2.37178 -6.49096 -6
      vertex -1.97541 -6.35641 -1.5
      vertex -2.37178 -6.49096 -1.5
    endloop
  endfacet
  facet normal 0.321441 -0.94693 0
    outer loop
      vertex -1.97541 -6.35641 -1.5
      vertex -2.37178 -6.49096 -6
      vertex -1.97541 -6.35641 -6
    endloop
  endfacet
  facet normal 0.751834 0.659352 0
    outer loop
      vertex -0.661269 -1.45196 10.6
      vertex -0.937258 -1.13726 -6
      vertex -0.937258 -1.13726 10.6
    endloop
  endfacet
  facet normal 0.751834 0.659352 0
    outer loop
      vertex -0.937258 -1.13726 -6
      vertex -0.661269 -1.45196 10.6
      vertex -0.661269 -1.45196 -6
    endloop
  endfacet
  facet normal -0.0654027 0.997859 0
    outer loop
      vertex -3.2 -0.2 -6
      vertex -3.61768 -0.227376 10.6
      vertex -3.2 -0.2 10.6
    endloop
  endfacet
  facet normal -0.0654027 0.997859 0
    outer loop
      vertex -3.61768 -0.227376 10.6
      vertex -3.2 -0.2 -6
      vertex -3.61768 -0.227376 -6
    endloop
  endfacet
  facet normal 0.442291 0.896872 -0
    outer loop
      vertex -1.6 -0.628718 -6
      vertex -1.97541 -0.443585 10.6
      vertex -1.6 -0.628718 10.6
    endloop
  endfacet
  facet normal 0.442291 0.896872 0
    outer loop
      vertex -1.97541 -0.443585 10.6
      vertex -1.6 -0.628718 -6
      vertex -1.97541 -0.443585 -6
    endloop
  endfacet
  facet normal -0.94693 0.321441 0
    outer loop
      vertex -6.29096 -2.57178 -6
      vertex -6.15641 -2.17541 -1.5
      vertex -6.15641 -2.17541 -6
    endloop
  endfacet
  facet normal -0.94693 0.321441 0
    outer loop
      vertex -6.15641 -2.17541 -1.5
      vertex -6.29096 -2.57178 -6
      vertex -6.29096 -2.57178 -1.5
    endloop
  endfacet
  facet normal -0.94693 0.321441 0
    outer loop
      vertex -6.29096 -2.57178 0
      vertex -6.15641 -2.17541 10.6
      vertex -6.15641 -2.17541 0
    endloop
  endfacet
  facet normal -0.94693 0.321441 0
    outer loop
      vertex -6.15641 -2.17541 10.6
      vertex -6.29096 -2.57178 0
      vertex -6.29096 -2.57178 10.6
    endloop
  endfacet
  facet normal -0.831473 0.555565 0
    outer loop
      vertex -5.97128 -1.8 -6
      vertex -5.73873 -1.45196 -1.5
      vertex -5.73873 -1.45196 -6
    endloop
  endfacet
  facet normal -0.831473 0.555565 0
    outer loop
      vertex -5.73873 -1.45196 -1.5
      vertex -5.97128 -1.8 -6
      vertex -5.97128 -1.8 -1.5
    endloop
  endfacet
  facet normal -0.831473 0.555565 0
    outer loop
      vertex -5.97128 -1.8 0
      vertex -5.73873 -1.45196 10.6
      vertex -5.73873 -1.45196 0
    endloop
  endfacet
  facet normal -0.831473 0.555565 0
    outer loop
      vertex -5.73873 -1.45196 10.6
      vertex -5.97128 -1.8 0
      vertex -5.97128 -1.8 10.6
    endloop
  endfacet
  facet normal -0.195089 0.980786 0
    outer loop
      vertex -3.61768 -0.227376 -6
      vertex -4.02822 -0.309037 10.6
      vertex -3.61768 -0.227376 10.6
    endloop
  endfacet
  facet normal -0.195089 0.980786 0
    outer loop
      vertex -4.02822 -0.309037 10.6
      vertex -3.61768 -0.227376 -6
      vertex -4.02822 -0.309037 -6
    endloop
  endfacet
  facet normal -0.321436 0.946931 0
    outer loop
      vertex -4.02822 -0.309037 -6
      vertex -4.42459 -0.443585 10.6
      vertex -4.02822 -0.309037 10.6
    endloop
  endfacet
  facet normal -0.321436 0.946931 0
    outer loop
      vertex -4.42459 -0.443585 10.6
      vertex -4.02822 -0.309037 -6
      vertex -4.42459 -0.443585 -6
    endloop
  endfacet
  facet normal 0.997859 0.0654031 0
    outer loop
      vertex 0 -3.4 10.6
      vertex -0.0273762 -2.98232 -6
      vertex -0.0273762 -2.98232 10.6
    endloop
  endfacet
  facet normal 0.997859 0.0654031 0
    outer loop
      vertex -0.0273762 -2.98232 -6
      vertex 0 -3.4 10.6
      vertex 0 -3.4 -6
    endloop
  endfacet
  facet normal -0.0654122 -0.997858 0
    outer loop
      vertex -3.61768 -6.57262 0
      vertex -3.2 -6.6 10.6
      vertex -3.61768 -6.57262 10.6
    endloop
  endfacet
  facet normal -0.0654122 -0.997858 -0
    outer loop
      vertex -3.2 -6.6 10.6
      vertex -3.61768 -6.57262 0
      vertex -3.2 -6.6 0
    endloop
  endfacet
  facet normal -0.0654122 -0.997858 0
    outer loop
      vertex -3.61768 -6.57262 -6
      vertex -3.2 -6.6 -1.5
      vertex -3.61768 -6.57262 -1.5
    endloop
  endfacet
  facet normal -0.0654122 -0.997858 -0
    outer loop
      vertex -3.2 -6.6 -1.5
      vertex -3.61768 -6.57262 -6
      vertex -3.2 -6.6 -6
    endloop
  endfacet
  facet normal -0.997858 -0.0654122 0
    outer loop
      vertex -6.37262 -3.81768 -6
      vertex -6.4 -3.4 10.6
      vertex -6.4 -3.4 -6
    endloop
  endfacet
  facet normal -0.997858 -0.0654122 0
    outer loop
      vertex -6.4 -3.4 10.6
      vertex -6.37262 -3.81768 -6
      vertex -6.37262 -3.81768 10.6
    endloop
  endfacet
  facet normal -0.831473 -0.555565 0
    outer loop
      vertex -5.73873 -5.34804 -6
      vertex -5.97128 -5 -1.5
      vertex -5.97128 -5 -6
    endloop
  endfacet
  facet normal -0.831473 -0.555565 0
    outer loop
      vertex -5.97128 -5 -1.5
      vertex -5.73873 -5.34804 -6
      vertex -5.73873 -5.34804 -1.5
    endloop
  endfacet
  facet normal -0.831473 -0.555565 0
    outer loop
      vertex -5.73873 -5.34804 0
      vertex -5.97128 -5 10.6
      vertex -5.97128 -5 0
    endloop
  endfacet
  facet normal -0.831473 -0.555565 0
    outer loop
      vertex -5.97128 -5 10.6
      vertex -5.73873 -5.34804 0
      vertex -5.73873 -5.34804 10.6
    endloop
  endfacet
  facet normal -0.980788 -0.195078 -0
    outer loop
      vertex -6.3 -4.18279 0
      vertex -6.37262 -3.81768 -6
      vertex -6.3 -4.18279 -1.5
    endloop
  endfacet
  facet normal -0.980786 -0.195087 -7.79243e-07
    outer loop
      vertex -6.29096 -4.22822 -6
      vertex -6.3 -4.18279 -1.5
      vertex -6.37262 -3.81768 -6
    endloop
  endfacet
  facet normal -0.980771 -0.195161 0
    outer loop
      vertex -6.3 -4.18279 -1.5
      vertex -6.29096 -4.22822 -6
      vertex -6.29096 -4.22822 -1.5
    endloop
  endfacet
  facet normal -0.980788 -0.195078 0
    outer loop
      vertex -6.37262 -3.81768 -6
      vertex -6.3 -4.18279 0
      vertex -6.37262 -3.81768 10.6
    endloop
  endfacet
  facet normal -0.980771 -0.195161 -0
    outer loop
      vertex -6.29096 -4.22822 10.6
      vertex -6.3 -4.18279 0
      vertex -6.29096 -4.22822 0
    endloop
  endfacet
  facet normal -0.980786 -0.195087 3.30811e-07
    outer loop
      vertex -6.3 -4.18279 0
      vertex -6.29096 -4.22822 10.6
      vertex -6.37262 -3.81768 10.6
    endloop
  endfacet
  facet normal -0.896874 -0.442285 0
    outer loop
      vertex -5.97128 -5 0
      vertex -6.15641 -4.62459 10.6
      vertex -6.15641 -4.62459 0
    endloop
  endfacet
  facet normal -0.896874 -0.442285 0
    outer loop
      vertex -6.15641 -4.62459 10.6
      vertex -5.97128 -5 0
      vertex -5.97128 -5 10.6
    endloop
  endfacet
  facet normal -0.896874 -0.442285 0
    outer loop
      vertex -5.97128 -5 -6
      vertex -6.15641 -4.62459 -1.5
      vertex -6.15641 -4.62459 -6
    endloop
  endfacet
  facet normal -0.896874 -0.442285 0
    outer loop
      vertex -6.15641 -4.62459 -1.5
      vertex -5.97128 -5 -6
      vertex -5.97128 -5 -1.5
    endloop
  endfacet
  facet normal 0.195087 -0.980786 0
    outer loop
      vertex -2.78232 -6.57262 -6
      vertex -2.37178 -6.49096 -1.5
      vertex -2.78232 -6.57262 -1.5
    endloop
  endfacet
  facet normal 0.195087 -0.980786 0
    outer loop
      vertex -2.37178 -6.49096 -1.5
      vertex -2.78232 -6.57262 -6
      vertex -2.37178 -6.49096 -6
    endloop
  endfacet
  facet normal 0.195087 -0.980786 0
    outer loop
      vertex -2.78232 -6.57262 0
      vertex -2.37178 -6.49096 10.6
      vertex -2.78232 -6.57262 10.6
    endloop
  endfacet
  facet normal 0.195087 -0.980786 0
    outer loop
      vertex -2.37178 -6.49096 10.6
      vertex -2.78232 -6.57262 0
      vertex -2.37178 -6.49096 0
    endloop
  endfacet
  facet normal 0.896871 0.442293 0
    outer loop
      vertex -0.243585 -2.17541 10.6
      vertex -0.428719 -1.8 -6
      vertex -0.428719 -1.8 10.6
    endloop
  endfacet
  facet normal 0.896871 0.442293 0
    outer loop
      vertex -0.428719 -1.8 -6
      vertex -0.243585 -2.17541 10.6
      vertex -0.243585 -2.17541 -6
    endloop
  endfacet
  facet normal 0.94693 0.321438 0
    outer loop
      vertex -0.109036 -2.57178 10.6
      vertex -0.243585 -2.17541 -6
      vertex -0.243585 -2.17541 10.6
    endloop
  endfacet
  facet normal 0.94693 0.321438 0
    outer loop
      vertex -0.243585 -2.17541 -6
      vertex -0.109036 -2.57178 10.6
      vertex -0.109036 -2.57178 -6
    endloop
  endfacet
  facet normal 0.980786 0.195086 0
    outer loop
      vertex -0.0273762 -2.98232 10.6
      vertex -0.109036 -2.57178 -6
      vertex -0.109036 -2.57178 10.6
    endloop
  endfacet
  facet normal 0.980786 0.195086 0
    outer loop
      vertex -0.109036 -2.57178 -6
      vertex -0.0273762 -2.98232 10.6
      vertex -0.0273762 -2.98232 -6
    endloop
  endfacet
  facet normal 0.94693 -0.321438 0
    outer loop
      vertex -0.243585 -4.62459 10.6
      vertex -0.109036 -4.22822 -6
      vertex -0.109036 -4.22822 10.6
    endloop
  endfacet
  facet normal 0.94693 -0.321438 0
    outer loop
      vertex -0.109036 -4.22822 -6
      vertex -0.243585 -4.62459 10.6
      vertex -0.243585 -4.62459 -6
    endloop
  endfacet
  facet normal 0.555565 -0.831473 0
    outer loop
      vertex -1.6 -6.17128 0
      vertex -1.25196 -5.93873 10.6
      vertex -1.6 -6.17128 10.6
    endloop
  endfacet
  facet normal 0.555565 -0.831473 0
    outer loop
      vertex -1.25196 -5.93873 10.6
      vertex -1.6 -6.17128 0
      vertex -1.25196 -5.93873 0
    endloop
  endfacet
  facet normal 0.555565 -0.831473 0
    outer loop
      vertex -1.6 -6.17128 -6
      vertex -1.25196 -5.93873 -1.5
      vertex -1.6 -6.17128 -1.5
    endloop
  endfacet
  facet normal 0.555565 -0.831473 0
    outer loop
      vertex -1.25196 -5.93873 -1.5
      vertex -1.6 -6.17128 -6
      vertex -1.25196 -5.93873 -6
    endloop
  endfacet
  facet normal 0.751831 -0.659356 0
    outer loop
      vertex -0.661269 -5.34804 10.6
      vertex -0.794538 -5.5 0
      vertex -0.661269 -5.34804 -6
    endloop
  endfacet
  facet normal 0.751834 -0.659352 -1.04997e-07
    outer loop
      vertex -0.937258 -5.66274 10.6
      vertex -0.794538 -5.5 0
      vertex -0.661269 -5.34804 10.6
    endloop
  endfacet
  facet normal 0.751838 -0.659348 0
    outer loop
      vertex -0.794538 -5.5 0
      vertex -0.937258 -5.66274 10.6
      vertex -0.937258 -5.66274 0
    endloop
  endfacet
  facet normal 0.751831 -0.659356 0
    outer loop
      vertex -0.794538 -5.5 -1.5
      vertex -0.661269 -5.34804 -6
      vertex -0.794538 -5.5 0
    endloop
  endfacet
  facet normal 0.751838 -0.659348 0
    outer loop
      vertex -0.937258 -5.66274 -6
      vertex -0.794538 -5.5 -1.5
      vertex -0.937258 -5.66274 -1.5
    endloop
  endfacet
  facet normal 0.751834 -0.659352 2.47325e-07
    outer loop
      vertex -0.794538 -5.5 -1.5
      vertex -0.937258 -5.66274 -6
      vertex -0.661269 -5.34804 -6
    endloop
  endfacet
  facet normal 0.831473 -0.555565 0
    outer loop
      vertex -0.661269 -5.34804 10.6
      vertex -0.428719 -5 -6
      vertex -0.428719 -5 10.6
    endloop
  endfacet
  facet normal 0.831473 -0.555565 0
    outer loop
      vertex -0.428719 -5 -6
      vertex -0.661269 -5.34804 10.6
      vertex -0.661269 -5.34804 -6
    endloop
  endfacet
  facet normal 0.896871 -0.442293 0
    outer loop
      vertex -0.428719 -5 10.6
      vertex -0.243585 -4.62459 -6
      vertex -0.243585 -4.62459 10.6
    endloop
  endfacet
  facet normal 0.896871 -0.442293 0
    outer loop
      vertex -0.243585 -4.62459 -6
      vertex -0.428719 -5 10.6
      vertex -0.428719 -5 -6
    endloop
  endfacet
  facet normal 0 0 -1
    outer loop
      vertex -1.95 -3.4 -6
      vertex 0 -3.4 -6
      vertex -0.0273762 -3.81768 -6
    endloop
  endfacet
  facet normal 0 0 -1
    outer loop
      vertex -1.96069 -3.56316 -6
      vertex -0.0273762 -3.81768 -6
      vertex -0.109036 -4.22822 -6
    endloop
  endfacet
  facet normal 0 0 -1
    outer loop
      vertex 0 -3.4 -6
      vertex -1.95 -3.4 -6
      vertex -0.0273762 -2.98232 -6
    endloop
  endfacet
  facet normal 0 0 -1
    outer loop
      vertex -1.99259 -3.72352 -6
      vertex -0.109036 -4.22822 -6
      vertex -0.243585 -4.62459 -6
    endloop
  endfacet
  facet normal 0 0 -1
    outer loop
      vertex -1.96069 -3.23684 -6
      vertex -0.0273762 -2.98232 -6
      vertex -1.95 -3.4 -6
    endloop
  endfacet
  facet normal 0 0 -1
    outer loop
      vertex -2.04515 -3.87835 -6
      vertex -0.243585 -4.62459 -6
      vertex -0.428719 -5 -6
    endloop
  endfacet
  facet normal -0 0 -1
    outer loop
      vertex -0.0273762 -2.98232 -6
      vertex -1.96069 -3.23684 -6
      vertex -0.109036 -2.57178 -6
    endloop
  endfacet
  facet normal 0 0 -1
    outer loop
      vertex -2.11747 -4.025 -6
      vertex -0.428719 -5 -6
      vertex -0.661269 -5.34804 -6
    endloop
  endfacet
  facet normal 0 0 -1
    outer loop
      vertex -1.99259 -3.07648 -6
      vertex -0.109036 -2.57178 -6
      vertex -1.96069 -3.23684 -6
    endloop
  endfacet
  facet normal 0 0 -1
    outer loop
      vertex -2.20831 -4.16095 -6
      vertex -0.661269 -5.34804 -6
      vertex -0.937258 -5.66274 -6
    endloop
  endfacet
  facet normal -0 0 -1
    outer loop
      vertex -0.109036 -2.57178 -6
      vertex -1.99259 -3.07648 -6
      vertex -0.243585 -2.17541 -6
    endloop
  endfacet
  facet normal 0 0 -1
    outer loop
      vertex -2.31612 -4.28388 -6
      vertex -0.937258 -5.66274 -6
      vertex -1.25196 -5.93873 -6
    endloop
  endfacet
  facet normal 0 0 -1
    outer loop
      vertex -2.04515 -2.92165 -6
      vertex -0.243585 -2.17541 -6
      vertex -1.99259 -3.07648 -6
    endloop
  endfacet
  facet normal 0 0 -1
    outer loop
      vertex -2.43905 -4.39169 -6
      vertex -1.25196 -5.93873 -6
      vertex -1.6 -6.17128 -6
    endloop
  endfacet
  facet normal -0 0 -1
    outer loop
      vertex -0.243585 -2.17541 -6
      vertex -2.04515 -2.92165 -6
      vertex -0.428719 -1.8 -6
    endloop
  endfacet
  facet normal 0 0 -1
    outer loop
      vertex -2.11747 -2.775 -6
      vertex -0.428719 -1.8 -6
      vertex -2.04515 -2.92165 -6
    endloop
  endfacet
  facet normal 0 0 -1
    outer loop
      vertex -0.0273762 -3.81768 -6
      vertex -1.96069 -3.56316 -6
      vertex -1.95 -3.4 -6
    endloop
  endfacet
  facet normal 0 0 -1
    outer loop
      vertex -2.575 -4.48253 -6
      vertex -1.6 -6.17128 -6
      vertex -1.97541 -6.35641 -6
    endloop
  endfacet
  facet normal 0 0 -1
    outer loop
      vertex -0.109036 -4.22822 -6
      vertex -1.99259 -3.72352 -6
      vertex -1.96069 -3.56316 -6
    endloop
  endfacet
  facet normal 0 0 -1
    outer loop
      vertex -0.243585 -4.62459 -6
      vertex -2.04515 -3.87835 -6
      vertex -1.99259 -3.72352 -6
    endloop
  endfacet
  facet normal 0 0 -1
    outer loop
      vertex -0.428719 -5 -6
      vertex -2.11747 -4.025 -6
      vertex -2.04515 -3.87835 -6
    endloop
  endfacet
  facet normal 0 0 -1
    outer loop
      vertex -0.661269 -5.34804 -6
      vertex -2.20831 -4.16095 -6
      vertex -2.11747 -4.025 -6
    endloop
  endfacet
  facet normal 0 0 -1
    outer loop
      vertex -0.937258 -5.66274 -6
      vertex -2.31612 -4.28388 -6
      vertex -2.20831 -4.16095 -6
    endloop
  endfacet
  facet normal 0 0 -1
    outer loop
      vertex -2.72165 -4.55485 -6
      vertex -1.97541 -6.35641 -6
      vertex -2.37178 -6.49096 -6
    endloop
  endfacet
  facet normal 0 0 -1
    outer loop
      vertex -1.25196 -5.93873 -6
      vertex -2.43905 -4.39169 -6
      vertex -2.31612 -4.28388 -6
    endloop
  endfacet
  facet normal 0 0 -1
    outer loop
      vertex -1.6 -6.17128 -6
      vertex -2.575 -4.48253 -6
      vertex -2.43905 -4.39169 -6
    endloop
  endfacet
  facet normal 0 0 -1
    outer loop
      vertex -1.97541 -6.35641 -6
      vertex -2.72165 -4.55485 -6
      vertex -2.575 -4.48253 -6
    endloop
  endfacet
  facet normal 0 0 -1
    outer loop
      vertex -2.87648 -4.60741 -6
      vertex -2.37178 -6.49096 -6
      vertex -2.78232 -6.57262 -6
    endloop
  endfacet
  facet normal 0 0 -1
    outer loop
      vertex -2.37178 -6.49096 -6
      vertex -2.87648 -4.60741 -6
      vertex -2.72165 -4.55485 -6
    endloop
  endfacet
  facet normal 0 0 -1
    outer loop
      vertex -2.78232 -6.57262 -6
      vertex -3.03684 -4.63931 -6
      vertex -2.87648 -4.60741 -6
    endloop
  endfacet
  facet normal 0 0 -1
    outer loop
      vertex -3.2 -6.6 -6
      vertex -3.03684 -4.63931 -6
      vertex -2.78232 -6.57262 -6
    endloop
  endfacet
  facet normal 0 0 -1
    outer loop
      vertex -3.2 -6.6 -6
      vertex -3.2 -4.65 -6
      vertex -3.03684 -4.63931 -6
    endloop
  endfacet
  facet normal 0 0 -1
    outer loop
      vertex -3.2 -6.6 -6
      vertex -3.36316 -4.63931 -6
      vertex -3.2 -4.65 -6
    endloop
  endfacet
  facet normal 0 0 -1
    outer loop
      vertex -3.61768 -6.57262 -6
      vertex -3.36316 -4.63931 -6
      vertex -3.2 -6.6 -6
    endloop
  endfacet
  facet normal -0 0 -1
    outer loop
      vertex -3.36316 -4.63931 -6
      vertex -3.61768 -6.57262 -6
      vertex -3.52352 -4.60741 -6
    endloop
  endfacet
  facet normal 0 0 -1
    outer loop
      vertex -4.02822 -6.49096 -6
      vertex -3.52352 -4.60741 -6
      vertex -3.61768 -6.57262 -6
    endloop
  endfacet
  facet normal -0 0 -1
    outer loop
      vertex -3.52352 -4.60741 -6
      vertex -4.02822 -6.49096 -6
      vertex -3.67835 -4.55485 -6
    endloop
  endfacet
  facet normal 0 0 -1
    outer loop
      vertex -4.42459 -6.35641 -6
      vertex -3.67835 -4.55485 -6
      vertex -4.02822 -6.49096 -6
    endloop
  endfacet
  facet normal -0 0 -1
    outer loop
      vertex -3.67835 -4.55485 -6
      vertex -4.42459 -6.35641 -6
      vertex -3.825 -4.48253 -6
    endloop
  endfacet
  facet normal 0 0 -1
    outer loop
      vertex -4.8 -6.17128 -6
      vertex -3.825 -4.48253 -6
      vertex -4.42459 -6.35641 -6
    endloop
  endfacet
  facet normal -0 0 -1
    outer loop
      vertex -3.825 -4.48253 -6
      vertex -4.8 -6.17128 -6
      vertex -3.96095 -4.39169 -6
    endloop
  endfacet
  facet normal 0 0 -1
    outer loop
      vertex -5.14804 -5.93873 -6
      vertex -3.96095 -4.39169 -6
      vertex -4.8 -6.17128 -6
    endloop
  endfacet
  facet normal -0 0 -1
    outer loop
      vertex -3.96095 -4.39169 -6
      vertex -5.14804 -5.93873 -6
      vertex -4.08388 -4.28388 -6
    endloop
  endfacet
  facet normal 0 0 -1
    outer loop
      vertex -5.46274 -5.66274 -6
      vertex -4.08388 -4.28388 -6
      vertex -5.14804 -5.93873 -6
    endloop
  endfacet
  facet normal -0 0 -1
    outer loop
      vertex -4.08388 -4.28388 -6
      vertex -5.46274 -5.66274 -6
      vertex -4.19169 -4.16095 -6
    endloop
  endfacet
  facet normal 0 0 -1
    outer loop
      vertex -5.73873 -5.34804 -6
      vertex -4.19169 -4.16095 -6
      vertex -5.46274 -5.66274 -6
    endloop
  endfacet
  facet normal -0 0 -1
    outer loop
      vertex -4.19169 -4.16095 -6
      vertex -5.73873 -5.34804 -6
      vertex -4.28253 -4.025 -6
    endloop
  endfacet
  facet normal 0 0 -1
    outer loop
      vertex -5.97128 -5 -6
      vertex -4.28253 -4.025 -6
      vertex -5.73873 -5.34804 -6
    endloop
  endfacet
  facet normal -0 0 -1
    outer loop
      vertex -0.428719 -1.8 -6
      vertex -2.11747 -2.775 -6
      vertex -0.661269 -1.45196 -6
    endloop
  endfacet
  facet normal 0 0 -1
    outer loop
      vertex -2.20831 -2.63905 -6
      vertex -0.661269 -1.45196 -6
      vertex -2.11747 -2.775 -6
    endloop
  endfacet
  facet normal -0 0 -1
    outer loop
      vertex -0.661269 -1.45196 -6
      vertex -2.20831 -2.63905 -6
      vertex -0.937258 -1.13726 -6
    endloop
  endfacet
  facet normal 0 0 -1
    outer loop
      vertex -2.31612 -2.51612 -6
      vertex -0.937258 -1.13726 -6
      vertex -2.20831 -2.63905 -6
    endloop
  endfacet
  facet normal -0 0 -1
    outer loop
      vertex -0.937258 -1.13726 -6
      vertex -2.31612 -2.51612 -6
      vertex -1.25196 -0.861269 -6
    endloop
  endfacet
  facet normal 0 0 -1
    outer loop
      vertex -2.43905 -2.40831 -6
      vertex -1.25196 -0.861269 -6
      vertex -2.31612 -2.51612 -6
    endloop
  endfacet
  facet normal -0 0 -1
    outer loop
      vertex -1.25196 -0.861269 -6
      vertex -2.43905 -2.40831 -6
      vertex -1.6 -0.628718 -6
    endloop
  endfacet
  facet normal 0 0 -1
    outer loop
      vertex -2.575 -2.31747 -6
      vertex -1.6 -0.628718 -6
      vertex -2.43905 -2.40831 -6
    endloop
  endfacet
  facet normal -0 0 -1
    outer loop
      vertex -1.6 -0.628718 -6
      vertex -2.575 -2.31747 -6
      vertex -1.97541 -0.443585 -6
    endloop
  endfacet
  facet normal 0 0 -1
    outer loop
      vertex -2.72165 -2.24515 -6
      vertex -1.97541 -0.443585 -6
      vertex -2.575 -2.31747 -6
    endloop
  endfacet
  facet normal -0 0 -1
    outer loop
      vertex -1.97541 -0.443585 -6
      vertex -2.72165 -2.24515 -6
      vertex -2.37178 -0.309037 -6
    endloop
  endfacet
  facet normal 0 0 -1
    outer loop
      vertex -2.87648 -2.19259 -6
      vertex -2.37178 -0.309037 -6
      vertex -2.72165 -2.24515 -6
    endloop
  endfacet
  facet normal -0 0 -1
    outer loop
      vertex -2.37178 -0.309037 -6
      vertex -2.87648 -2.19259 -6
      vertex -2.78232 -0.227376 -6
    endloop
  endfacet
  facet normal 0 0 -1
    outer loop
      vertex -3.03684 -2.16069 -6
      vertex -2.78232 -0.227376 -6
      vertex -2.87648 -2.19259 -6
    endloop
  endfacet
  facet normal 0 0 -1
    outer loop
      vertex -3.2 -2.15 -6
      vertex -2.78232 -0.227376 -6
      vertex -3.03684 -2.16069 -6
    endloop
  endfacet
  facet normal 0 0 -1
    outer loop
      vertex -3.2 -2.15 -6
      vertex -3.2 -0.2 -6
      vertex -2.78232 -0.227376 -6
    endloop
  endfacet
  facet normal 0 0 -1
    outer loop
      vertex -3.36316 -2.16069 -6
      vertex -3.2 -0.2 -6
      vertex -3.2 -2.15 -6
    endloop
  endfacet
  facet normal 0 0 -1
    outer loop
      vertex -3.61768 -0.227376 -6
      vertex -3.36316 -2.16069 -6
      vertex -3.52352 -2.19259 -6
    endloop
  endfacet
  facet normal 0 0 -1
    outer loop
      vertex -3.36316 -2.16069 -6
      vertex -3.61768 -0.227376 -6
      vertex -3.2 -0.2 -6
    endloop
  endfacet
  facet normal 0 0 -1
    outer loop
      vertex -4.02822 -0.309037 -6
      vertex -3.52352 -2.19259 -6
      vertex -3.67835 -2.24515 -6
    endloop
  endfacet
  facet normal 0 0 -1
    outer loop
      vertex -4.42459 -0.443585 -6
      vertex -3.67835 -2.24515 -6
      vertex -3.825 -2.31747 -6
    endloop
  endfacet
  facet normal 0 0 -1
    outer loop
      vertex -4.8 -0.628718 -6
      vertex -3.825 -2.31747 -6
      vertex -3.96095 -2.40831 -6
    endloop
  endfacet
  facet normal 0 0 -1
    outer loop
      vertex -3.52352 -2.19259 -6
      vertex -4.02822 -0.309037 -6
      vertex -3.61768 -0.227376 -6
    endloop
  endfacet
  facet normal 0 0 -1
    outer loop
      vertex -5.14804 -0.861269 -6
      vertex -3.96095 -2.40831 -6
      vertex -4.08388 -2.51612 -6
    endloop
  endfacet
  facet normal 0 0 -1
    outer loop
      vertex -5.46274 -1.13726 -6
      vertex -4.08388 -2.51612 -6
      vertex -4.19169 -2.63905 -6
    endloop
  endfacet
  facet normal 0 0 -1
    outer loop
      vertex -5.73873 -1.45196 -6
      vertex -4.19169 -2.63905 -6
      vertex -4.28253 -2.775 -6
    endloop
  endfacet
  facet normal 0 0 -1
    outer loop
      vertex -5.97128 -1.8 -6
      vertex -4.28253 -2.775 -6
      vertex -4.35485 -2.92165 -6
    endloop
  endfacet
  facet normal 0 0 -1
    outer loop
      vertex -6.15641 -2.17541 -6
      vertex -4.35485 -2.92165 -6
      vertex -4.40741 -3.07648 -6
    endloop
  endfacet
  facet normal 0 0 -1
    outer loop
      vertex -3.67835 -2.24515 -6
      vertex -4.42459 -0.443585 -6
      vertex -4.02822 -0.309037 -6
    endloop
  endfacet
  facet normal 0 0 -1
    outer loop
      vertex -6.29096 -2.57178 -6
      vertex -4.40741 -3.07648 -6
      vertex -4.43931 -3.23684 -6
    endloop
  endfacet
  facet normal 0 0 -1
    outer loop
      vertex -6.37262 -2.98232 -6
      vertex -4.43931 -3.23684 -6
      vertex -4.45 -3.4 -6
    endloop
  endfacet
  facet normal -0 0 -1
    outer loop
      vertex -4.28253 -4.025 -6
      vertex -5.97128 -5 -6
      vertex -4.35485 -3.87835 -6
    endloop
  endfacet
  facet normal 0 0 -1
    outer loop
      vertex -3.825 -2.31747 -6
      vertex -4.8 -0.628718 -6
      vertex -4.42459 -0.443585 -6
    endloop
  endfacet
  facet normal 0 0 -1
    outer loop
      vertex -6.15641 -4.62459 -6
      vertex -4.35485 -3.87835 -6
      vertex -5.97128 -5 -6
    endloop
  endfacet
  facet normal 0 0 -1
    outer loop
      vertex -3.96095 -2.40831 -6
      vertex -5.14804 -0.861269 -6
      vertex -4.8 -0.628718 -6
    endloop
  endfacet
  facet normal -0 0 -1
    outer loop
      vertex -4.35485 -3.87835 -6
      vertex -6.15641 -4.62459 -6
      vertex -4.40741 -3.72352 -6
    endloop
  endfacet
  facet normal 0 0 -1
    outer loop
      vertex -4.08388 -2.51612 -6
      vertex -5.46274 -1.13726 -6
      vertex -5.14804 -0.861269 -6
    endloop
  endfacet
  facet normal 0 0 -1
    outer loop
      vertex -6.29096 -4.22822 -6
      vertex -4.40741 -3.72352 -6
      vertex -6.15641 -4.62459 -6
    endloop
  endfacet
  facet normal 0 0 -1
    outer loop
      vertex -4.19169 -2.63905 -6
      vertex -5.73873 -1.45196 -6
      vertex -5.46274 -1.13726 -6
    endloop
  endfacet
  facet normal -0 0 -1
    outer loop
      vertex -4.40741 -3.72352 -6
      vertex -6.29096 -4.22822 -6
      vertex -4.43931 -3.56316 -6
    endloop
  endfacet
  facet normal 0 0 -1
    outer loop
      vertex -4.28253 -2.775 -6
      vertex -5.97128 -1.8 -6
      vertex -5.73873 -1.45196 -6
    endloop
  endfacet
  facet normal 0 0 -1
    outer loop
      vertex -6.37262 -3.81768 -6
      vertex -4.43931 -3.56316 -6
      vertex -6.29096 -4.22822 -6
    endloop
  endfacet
  facet normal 0 0 -1
    outer loop
      vertex -4.35485 -2.92165 -6
      vertex -6.15641 -2.17541 -6
      vertex -5.97128 -1.8 -6
    endloop
  endfacet
  facet normal -0 0 -1
    outer loop
      vertex -4.43931 -3.56316 -6
      vertex -6.37262 -3.81768 -6
      vertex -4.45 -3.4 -6
    endloop
  endfacet
  facet normal 0 0 -1
    outer loop
      vertex -4.40741 -3.07648 -6
      vertex -6.29096 -2.57178 -6
      vertex -6.15641 -2.17541 -6
    endloop
  endfacet
  facet normal 0 0 -1
    outer loop
      vertex -6.4 -3.4 -6
      vertex -4.45 -3.4 -6
      vertex -6.37262 -3.81768 -6
    endloop
  endfacet
  facet normal 0 0 -1
    outer loop
      vertex -4.43931 -3.23684 -6
      vertex -6.37262 -2.98232 -6
      vertex -6.29096 -2.57178 -6
    endloop
  endfacet
  facet normal 0 0 -1
    outer loop
      vertex -4.45 -3.4 -6
      vertex -6.4 -3.4 -6
      vertex -6.37262 -2.98232 -6
    endloop
  endfacet
  facet normal -0.94693 -0.321441 0
    outer loop
      vertex -6.15641 -4.62459 0
      vertex -6.29096 -4.22822 10.6
      vertex -6.29096 -4.22822 0
    endloop
  endfacet
  facet normal -0.94693 -0.321441 0
    outer loop
      vertex -6.29096 -4.22822 10.6
      vertex -6.15641 -4.62459 0
      vertex -6.15641 -4.62459 10.6
    endloop
  endfacet
  facet normal -0.94693 -0.321441 0
    outer loop
      vertex -6.15641 -4.62459 -6
      vertex -6.29096 -4.22822 -1.5
      vertex -6.29096 -4.22822 -6
    endloop
  endfacet
  facet normal -0.94693 -0.321441 0
    outer loop
      vertex -6.29096 -4.22822 -1.5
      vertex -6.15641 -4.62459 -6
      vertex -6.15641 -4.62459 -1.5
    endloop
  endfacet
  facet normal 0.659351 -0.751835 0
    outer loop
      vertex -1.25196 -5.93873 -6
      vertex -0.937258 -5.66274 -1.5
      vertex -1.25196 -5.93873 -1.5
    endloop
  endfacet
  facet normal 0.659351 -0.751835 0
    outer loop
      vertex -0.937258 -5.66274 -1.5
      vertex -1.25196 -5.93873 -6
      vertex -0.937258 -5.66274 -6
    endloop
  endfacet
  facet normal 0.659351 -0.751835 0
    outer loop
      vertex -1.25196 -5.93873 0
      vertex -0.937258 -5.66274 10.6
      vertex -1.25196 -5.93873 10.6
    endloop
  endfacet
  facet normal 0.659351 -0.751835 0
    outer loop
      vertex -0.937258 -5.66274 10.6
      vertex -1.25196 -5.93873 0
      vertex -0.937258 -5.66274 0
    endloop
  endfacet
  facet normal -0.442285 -0.896874 0
    outer loop
      vertex -4.8 -6.17128 0
      vertex -4.42459 -6.35641 10.6
      vertex -4.8 -6.17128 10.6
    endloop
  endfacet
  facet normal -0.442285 -0.896874 -0
    outer loop
      vertex -4.42459 -6.35641 10.6
      vertex -4.8 -6.17128 0
      vertex -4.42459 -6.35641 0
    endloop
  endfacet
  facet normal -0.442285 -0.896874 0
    outer loop
      vertex -4.8 -6.17128 -6
      vertex -4.42459 -6.35641 -1.5
      vertex -4.8 -6.17128 -1.5
    endloop
  endfacet
  facet normal -0.442285 -0.896874 -0
    outer loop
      vertex -4.42459 -6.35641 -1.5
      vertex -4.8 -6.17128 -6
      vertex -4.42459 -6.35641 -6
    endloop
  endfacet
  facet normal -0.321441 -0.94693 0
    outer loop
      vertex -4.42459 -6.35641 0
      vertex -4.02822 -6.49096 10.6
      vertex -4.42459 -6.35641 10.6
    endloop
  endfacet
  facet normal -0.321441 -0.94693 -0
    outer loop
      vertex -4.02822 -6.49096 10.6
      vertex -4.42459 -6.35641 0
      vertex -4.02822 -6.49096 0
    endloop
  endfacet
  facet normal -0.321441 -0.94693 0
    outer loop
      vertex -4.42459 -6.35641 -6
      vertex -4.02822 -6.49096 -1.5
      vertex -4.42459 -6.35641 -1.5
    endloop
  endfacet
  facet normal -0.321441 -0.94693 -0
    outer loop
      vertex -4.02822 -6.49096 -1.5
      vertex -4.42459 -6.35641 -6
      vertex -4.02822 -6.49096 -6
    endloop
  endfacet
  facet normal -0.659353 -0.751833 0
    outer loop
      vertex -5.46274 -5.66274 -6
      vertex -5.14804 -5.93873 -1.5
      vertex -5.46274 -5.66274 -1.5
    endloop
  endfacet
  facet normal -0.659353 -0.751833 -0
    outer loop
      vertex -5.14804 -5.93873 -1.5
      vertex -5.46274 -5.66274 -6
      vertex -5.14804 -5.93873 -6
    endloop
  endfacet
  facet normal -0.659353 -0.751833 0
    outer loop
      vertex -5.46274 -5.66274 0
      vertex -5.14804 -5.93873 10.6
      vertex -5.46274 -5.66274 10.6
    endloop
  endfacet
  facet normal -0.659353 -0.751833 -0
    outer loop
      vertex -5.14804 -5.93873 10.6
      vertex -5.46274 -5.66274 0
      vertex -5.14804 -5.93873 0
    endloop
  endfacet
  facet normal 0.0654122 -0.997858 0
    outer loop
      vertex -3.2 -6.6 0
      vertex -2.78232 -6.57262 10.6
      vertex -3.2 -6.6 10.6
    endloop
  endfacet
  facet normal 0.0654122 -0.997858 0
    outer loop
      vertex -2.78232 -6.57262 10.6
      vertex -3.2 -6.6 0
      vertex -2.78232 -6.57262 0
    endloop
  endfacet
  facet normal 0.0654122 -0.997858 0
    outer loop
      vertex -3.2 -6.6 -6
      vertex -2.78232 -6.57262 -1.5
      vertex -3.2 -6.6 -1.5
    endloop
  endfacet
  facet normal 0.0654122 -0.997858 0
    outer loop
      vertex -2.78232 -6.57262 -1.5
      vertex -3.2 -6.6 -6
      vertex -2.78232 -6.57262 -6
    endloop
  endfacet
  facet normal -0.751833 -0.659353 0
    outer loop
      vertex -5.46274 -5.66274 0
      vertex -5.73873 -5.34804 10.6
      vertex -5.73873 -5.34804 0
    endloop
  endfacet
  facet normal -0.751833 -0.659353 0
    outer loop
      vertex -5.73873 -5.34804 10.6
      vertex -5.46274 -5.66274 0
      vertex -5.46274 -5.66274 10.6
    endloop
  endfacet
  facet normal -0.751833 -0.659353 0
    outer loop
      vertex -5.46274 -5.66274 -6
      vertex -5.73873 -5.34804 -1.5
      vertex -5.73873 -5.34804 -6
    endloop
  endfacet
  facet normal -0.751833 -0.659353 0
    outer loop
      vertex -5.73873 -5.34804 -1.5
      vertex -5.46274 -5.66274 -6
      vertex -5.46274 -5.66274 -1.5
    endloop
  endfacet
  facet normal -0.555565 -0.831473 0
    outer loop
      vertex -5.14804 -5.93873 0
      vertex -4.8 -6.17128 10.6
      vertex -5.14804 -5.93873 10.6
    endloop
  endfacet
  facet normal -0.555565 -0.831473 -0
    outer loop
      vertex -4.8 -6.17128 10.6
      vertex -5.14804 -5.93873 0
      vertex -4.8 -6.17128 0
    endloop
  endfacet
  facet normal -0.555565 -0.831473 0
    outer loop
      vertex -5.14804 -5.93873 -6
      vertex -4.8 -6.17128 -1.5
      vertex -5.14804 -5.93873 -1.5
    endloop
  endfacet
  facet normal -0.555565 -0.831473 -0
    outer loop
      vertex -4.8 -6.17128 -1.5
      vertex -5.14804 -5.93873 -6
      vertex -4.8 -6.17128 -6
    endloop
  endfacet
  facet normal 0.555648 0.831418 -0
    outer loop
      vertex -1.25196 37.7387 0
      vertex -1.6 37.9713 10.6
      vertex -1.25196 37.7387 10.6
    endloop
  endfacet
  facet normal 0.555648 0.831418 0
    outer loop
      vertex -1.6 37.9713 10.6
      vertex -1.25196 37.7387 0
      vertex -1.6 37.9713 0
    endloop
  endfacet
  facet normal 0.555648 0.831418 -0
    outer loop
      vertex -1.25196 37.7387 -6
      vertex -1.6 37.9713 -1.5
      vertex -1.25196 37.7387 -1.5
    endloop
  endfacet
  facet normal 0.555648 0.831418 0
    outer loop
      vertex -1.6 37.9713 -1.5
      vertex -1.25196 37.7387 -6
      vertex -1.6 37.9713 -6
    endloop
  endfacet
  facet normal -0.980746 0.195285 0
    outer loop
      vertex -6.29096 36.0282 -6
      vertex -6.3 35.9828 -1.5
      vertex -6.29096 36.0282 -1.5
    endloop
  endfacet
  facet normal -0.980787 0.195083 0
    outer loop
      vertex -6.3 35.9828 -1.5
      vertex -6.37262 35.6177 -6
      vertex -6.3 35.9828 0
    endloop
  endfacet
  facet normal -0.980782 0.195105 -1.88803e-06
    outer loop
      vertex -6.37262 35.6177 -6
      vertex -6.3 35.9828 -1.5
      vertex -6.29096 36.0282 -6
    endloop
  endfacet
  facet normal -0.980746 0.195285 0
    outer loop
      vertex -6.3 35.9828 0
      vertex -6.29096 36.0282 10.6
      vertex -6.29096 36.0282 0
    endloop
  endfacet
  facet normal -0.980787 0.195083 0
    outer loop
      vertex -6.37262 35.6177 10.6
      vertex -6.3 35.9828 0
      vertex -6.37262 35.6177 -6
    endloop
  endfacet
  facet normal -0.980782 0.195105 8.01522e-07
    outer loop
      vertex -6.3 35.9828 0
      vertex -6.37262 35.6177 10.6
      vertex -6.29096 36.0282 10.6
    endloop
  endfacet
  facet normal 0.980782 -0.195105 0
    outer loop
      vertex -0.109036 34.3718 10.6
      vertex -0.0273762 34.7823 -6
      vertex -0.0273762 34.7823 10.6
    endloop
  endfacet
  facet normal 0.980782 -0.195105 0
    outer loop
      vertex -0.0273762 34.7823 -6
      vertex -0.109036 34.3718 10.6
      vertex -0.109036 34.3718 -6
    endloop
  endfacet
  facet normal -0.194949 -0.980813 0
    outer loop
      vertex -4.02822 32.109 -6
      vertex -3.61768 32.0274 10.6
      vertex -4.02822 32.109 10.6
    endloop
  endfacet
  facet normal -0.194949 -0.980813 -0
    outer loop
      vertex -3.61768 32.0274 10.6
      vertex -4.02822 32.109 -6
      vertex -3.61768 32.0274 -6
    endloop
  endfacet
  facet normal -0.442228 0.896903 0
    outer loop
      vertex -4.42459 38.1564 0
      vertex -4.8 37.9713 10.6
      vertex -4.42459 38.1564 10.6
    endloop
  endfacet
  facet normal -0.442228 0.896903 0
    outer loop
      vertex -4.8 37.9713 10.6
      vertex -4.42459 38.1564 0
      vertex -4.8 37.9713 0
    endloop
  endfacet
  facet normal -0.442228 0.896903 0
    outer loop
      vertex -4.42459 38.1564 -6
      vertex -4.8 37.9713 -1.5
      vertex -4.42459 38.1564 -1.5
    endloop
  endfacet
  facet normal -0.442228 0.896903 0
    outer loop
      vertex -4.8 37.9713 -1.5
      vertex -4.42459 38.1564 -6
      vertex -4.8 37.9713 -6
    endloop
  endfacet
  facet normal -0.946937 0.321419 0
    outer loop
      vertex -6.29096 36.0282 -6
      vertex -6.15641 36.4246 -1.5
      vertex -6.15641 36.4246 -6
    endloop
  endfacet
  facet normal -0.946937 0.321419 0
    outer loop
      vertex -6.15641 36.4246 -1.5
      vertex -6.29096 36.0282 -6
      vertex -6.29096 36.0282 -1.5
    endloop
  endfacet
  facet normal -0.946937 0.321419 0
    outer loop
      vertex -6.29096 36.0282 0
      vertex -6.15641 36.4246 10.6
      vertex -6.15641 36.4246 0
    endloop
  endfacet
  facet normal -0.946937 0.321419 0
    outer loop
      vertex -6.15641 36.4246 10.6
      vertex -6.29096 36.0282 0
      vertex -6.29096 36.0282 10.6
    endloop
  endfacet
  facet normal 0.896866 0.442303 0
    outer loop
      vertex -0.243585 36.4246 10.6
      vertex -0.428719 36.8 -6
      vertex -0.428719 36.8 10.6
    endloop
  endfacet
  facet normal 0.896866 0.442303 0
    outer loop
      vertex -0.428719 36.8 -6
      vertex -0.243585 36.4246 10.6
      vertex -0.243585 36.4246 -6
    endloop
  endfacet
  facet normal 0.831443 0.55561 0
    outer loop
      vertex -0.428719 36.8 10.6
      vertex -0.661269 37.148 -6
      vertex -0.661269 37.148 10.6
    endloop
  endfacet
  facet normal 0.831443 0.55561 0
    outer loop
      vertex -0.661269 37.148 -6
      vertex -0.428719 36.8 10.6
      vertex -0.428719 36.8 -6
    endloop
  endfacet
  facet normal 0.321548 0.946893 -0
    outer loop
      vertex -1.97541 38.1564 -6
      vertex -2.37178 38.291 -1.5
      vertex -1.97541 38.1564 -1.5
    endloop
  endfacet
  facet normal 0.321548 0.946893 0
    outer loop
      vertex -2.37178 38.291 -1.5
      vertex -1.97541 38.1564 -6
      vertex -2.37178 38.291 -6
    endloop
  endfacet
  facet normal 0.321548 0.946893 -0
    outer loop
      vertex -1.97541 38.1564 0
      vertex -2.37178 38.291 10.6
      vertex -1.97541 38.1564 10.6
    endloop
  endfacet
  facet normal 0.321548 0.946893 0
    outer loop
      vertex -2.37178 38.291 10.6
      vertex -1.97541 38.1564 0
      vertex -2.37178 38.291 0
    endloop
  endfacet
  facet normal 0.194949 0.980813 -0
    outer loop
      vertex -2.37178 38.291 -6
      vertex -2.78232 38.3726 -1.5
      vertex -2.37178 38.291 -1.5
    endloop
  endfacet
  facet normal 0.194949 0.980813 0
    outer loop
      vertex -2.78232 38.3726 -1.5
      vertex -2.37178 38.291 -6
      vertex -2.78232 38.3726 -6
    endloop
  endfacet
  facet normal 0.194949 0.980813 -0
    outer loop
      vertex -2.37178 38.291 0
      vertex -2.78232 38.3726 10.6
      vertex -2.37178 38.291 10.6
    endloop
  endfacet
  facet normal 0.194949 0.980813 0
    outer loop
      vertex -2.78232 38.3726 10.6
      vertex -2.37178 38.291 0
      vertex -2.78232 38.3726 0
    endloop
  endfacet
  facet normal 0.0654598 0.997855 -0
    outer loop
      vertex -2.78232 38.3726 -6
      vertex -3.2 38.4 -1.5
      vertex -2.78232 38.3726 -1.5
    endloop
  endfacet
  facet normal 0.0654598 0.997855 0
    outer loop
      vertex -3.2 38.4 -1.5
      vertex -2.78232 38.3726 -6
      vertex -3.2 38.4 -6
    endloop
  endfacet
  facet normal 0.0654598 0.997855 -0
    outer loop
      vertex -2.78232 38.3726 0
      vertex -3.2 38.4 10.6
      vertex -2.78232 38.3726 10.6
    endloop
  endfacet
  facet normal 0.0654598 0.997855 0
    outer loop
      vertex -3.2 38.4 10.6
      vertex -2.78232 38.3726 0
      vertex -3.2 38.4 0
    endloop
  endfacet
  facet normal 0 0 -1
    outer loop
      vertex -1.95 35.2 -6
      vertex 0 35.2 -6
      vertex -0.0273762 34.7823 -6
    endloop
  endfacet
  facet normal 0 0 -1
    outer loop
      vertex -1.96069 35.0368 -6
      vertex -0.0273762 34.7823 -6
      vertex -0.109036 34.3718 -6
    endloop
  endfacet
  facet normal 0 0 -1
    outer loop
      vertex 0 35.2 -6
      vertex -1.95 35.2 -6
      vertex -0.0273762 35.6177 -6
    endloop
  endfacet
  facet normal 0 0 -1
    outer loop
      vertex -1.99259 34.8765 -6
      vertex -0.109036 34.3718 -6
      vertex -0.243585 33.9754 -6
    endloop
  endfacet
  facet normal 0 0 -1
    outer loop
      vertex -1.96069 35.3632 -6
      vertex -0.0273762 35.6177 -6
      vertex -1.95 35.2 -6
    endloop
  endfacet
  facet normal 0 0 -1
    outer loop
      vertex -2.04515 34.7216 -6
      vertex -0.243585 33.9754 -6
      vertex -0.428719 33.6 -6
    endloop
  endfacet
  facet normal -0 0 -1
    outer loop
      vertex -0.0273762 35.6177 -6
      vertex -1.96069 35.3632 -6
      vertex -0.109036 36.0282 -6
    endloop
  endfacet
  facet normal 0 0 -1
    outer loop
      vertex -2.11747 34.575 -6
      vertex -0.428719 33.6 -6
      vertex -0.661269 33.252 -6
    endloop
  endfacet
  facet normal 0 0 -1
    outer loop
      vertex -1.99259 35.5235 -6
      vertex -0.109036 36.0282 -6
      vertex -1.96069 35.3632 -6
    endloop
  endfacet
  facet normal 0 0 -1
    outer loop
      vertex -2.20831 34.439 -6
      vertex -0.661269 33.252 -6
      vertex -0.937258 32.9373 -6
    endloop
  endfacet
  facet normal -0 0 -1
    outer loop
      vertex -0.109036 36.0282 -6
      vertex -1.99259 35.5235 -6
      vertex -0.243585 36.4246 -6
    endloop
  endfacet
  facet normal 0 0 -1
    outer loop
      vertex -2.31612 34.3161 -6
      vertex -0.937258 32.9373 -6
      vertex -1.25196 32.6613 -6
    endloop
  endfacet
  facet normal 0 0 -1
    outer loop
      vertex -2.04515 35.6784 -6
      vertex -0.243585 36.4246 -6
      vertex -1.99259 35.5235 -6
    endloop
  endfacet
  facet normal 0 0 -1
    outer loop
      vertex -2.43905 34.2083 -6
      vertex -1.25196 32.6613 -6
      vertex -1.6 32.4287 -6
    endloop
  endfacet
  facet normal -0 0 -1
    outer loop
      vertex -0.243585 36.4246 -6
      vertex -2.04515 35.6784 -6
      vertex -0.428719 36.8 -6
    endloop
  endfacet
  facet normal 0 0 -1
    outer loop
      vertex -2.11747 35.825 -6
      vertex -0.428719 36.8 -6
      vertex -2.04515 35.6784 -6
    endloop
  endfacet
  facet normal 0 0 -1
    outer loop
      vertex -0.0273762 34.7823 -6
      vertex -1.96069 35.0368 -6
      vertex -1.95 35.2 -6
    endloop
  endfacet
  facet normal 0 0 -1
    outer loop
      vertex -2.575 34.1175 -6
      vertex -1.6 32.4287 -6
      vertex -1.97541 32.2436 -6
    endloop
  endfacet
  facet normal 0 0 -1
    outer loop
      vertex -0.109036 34.3718 -6
      vertex -1.99259 34.8765 -6
      vertex -1.96069 35.0368 -6
    endloop
  endfacet
  facet normal 0 0 -1
    outer loop
      vertex -0.243585 33.9754 -6
      vertex -2.04515 34.7216 -6
      vertex -1.99259 34.8765 -6
    endloop
  endfacet
  facet normal 0 0 -1
    outer loop
      vertex -0.428719 33.6 -6
      vertex -2.11747 34.575 -6
      vertex -2.04515 34.7216 -6
    endloop
  endfacet
  facet normal 0 0 -1
    outer loop
      vertex -0.661269 33.252 -6
      vertex -2.20831 34.439 -6
      vertex -2.11747 34.575 -6
    endloop
  endfacet
  facet normal 0 0 -1
    outer loop
      vertex -0.937258 32.9373 -6
      vertex -2.31612 34.3161 -6
      vertex -2.20831 34.439 -6
    endloop
  endfacet
  facet normal 0 0 -1
    outer loop
      vertex -2.72165 34.0452 -6
      vertex -1.97541 32.2436 -6
      vertex -2.37178 32.109 -6
    endloop
  endfacet
  facet normal 0 0 -1
    outer loop
      vertex -1.25196 32.6613 -6
      vertex -2.43905 34.2083 -6
      vertex -2.31612 34.3161 -6
    endloop
  endfacet
  facet normal 0 0 -1
    outer loop
      vertex -1.6 32.4287 -6
      vertex -2.575 34.1175 -6
      vertex -2.43905 34.2083 -6
    endloop
  endfacet
  facet normal 0 0 -1
    outer loop
      vertex -1.97541 32.2436 -6
      vertex -2.72165 34.0452 -6
      vertex -2.575 34.1175 -6
    endloop
  endfacet
  facet normal 0 0 -1
    outer loop
      vertex -2.87648 33.9926 -6
      vertex -2.37178 32.109 -6
      vertex -2.78232 32.0274 -6
    endloop
  endfacet
  facet normal 0 0 -1
    outer loop
      vertex -2.37178 32.109 -6
      vertex -2.87648 33.9926 -6
      vertex -2.72165 34.0452 -6
    endloop
  endfacet
  facet normal 0 0 -1
    outer loop
      vertex -2.78232 32.0274 -6
      vertex -3.03684 33.9607 -6
      vertex -2.87648 33.9926 -6
    endloop
  endfacet
  facet normal 0 0 -1
    outer loop
      vertex -3.2 32 -6
      vertex -3.03684 33.9607 -6
      vertex -2.78232 32.0274 -6
    endloop
  endfacet
  facet normal 0 0 -1
    outer loop
      vertex -3.2 32 -6
      vertex -3.2 33.95 -6
      vertex -3.03684 33.9607 -6
    endloop
  endfacet
  facet normal 0 0 -1
    outer loop
      vertex -3.2 32 -6
      vertex -3.36316 33.9607 -6
      vertex -3.2 33.95 -6
    endloop
  endfacet
  facet normal 0 0 -1
    outer loop
      vertex -3.61768 32.0274 -6
      vertex -3.36316 33.9607 -6
      vertex -3.2 32 -6
    endloop
  endfacet
  facet normal -0 0 -1
    outer loop
      vertex -3.36316 33.9607 -6
      vertex -3.61768 32.0274 -6
      vertex -3.52352 33.9926 -6
    endloop
  endfacet
  facet normal 0 0 -1
    outer loop
      vertex -4.02822 32.109 -6
      vertex -3.52352 33.9926 -6
      vertex -3.61768 32.0274 -6
    endloop
  endfacet
  facet normal -0 0 -1
    outer loop
      vertex -3.52352 33.9926 -6
      vertex -4.02822 32.109 -6
      vertex -3.67835 34.0452 -6
    endloop
  endfacet
  facet normal 0 0 -1
    outer loop
      vertex -4.42459 32.2436 -6
      vertex -3.67835 34.0452 -6
      vertex -4.02822 32.109 -6
    endloop
  endfacet
  facet normal -0 0 -1
    outer loop
      vertex -3.67835 34.0452 -6
      vertex -4.42459 32.2436 -6
      vertex -3.825 34.1175 -6
    endloop
  endfacet
  facet normal 0 0 -1
    outer loop
      vertex -4.8 32.4287 -6
      vertex -3.825 34.1175 -6
      vertex -4.42459 32.2436 -6
    endloop
  endfacet
  facet normal -0 0 -1
    outer loop
      vertex -3.825 34.1175 -6
      vertex -4.8 32.4287 -6
      vertex -3.96095 34.2083 -6
    endloop
  endfacet
  facet normal 0 0 -1
    outer loop
      vertex -5.14804 32.6613 -6
      vertex -3.96095 34.2083 -6
      vertex -4.8 32.4287 -6
    endloop
  endfacet
  facet normal -0 0 -1
    outer loop
      vertex -3.96095 34.2083 -6
      vertex -5.14804 32.6613 -6
      vertex -4.08388 34.3161 -6
    endloop
  endfacet
  facet normal 0 0 -1
    outer loop
      vertex -5.46274 32.9373 -6
      vertex -4.08388 34.3161 -6
      vertex -5.14804 32.6613 -6
    endloop
  endfacet
  facet normal -0 0 -1
    outer loop
      vertex -4.08388 34.3161 -6
      vertex -5.46274 32.9373 -6
      vertex -4.19169 34.439 -6
    endloop
  endfacet
  facet normal 0 0 -1
    outer loop
      vertex -5.73873 33.252 -6
      vertex -4.19169 34.439 -6
      vertex -5.46274 32.9373 -6
    endloop
  endfacet
  facet normal -0 0 -1
    outer loop
      vertex -4.19169 34.439 -6
      vertex -5.73873 33.252 -6
      vertex -4.28253 34.575 -6
    endloop
  endfacet
  facet normal 0 0 -1
    outer loop
      vertex -5.97128 33.6 -6
      vertex -4.28253 34.575 -6
      vertex -5.73873 33.252 -6
    endloop
  endfacet
  facet normal -0 0 -1
    outer loop
      vertex -0.428719 36.8 -6
      vertex -2.11747 35.825 -6
      vertex -0.661269 37.148 -6
    endloop
  endfacet
  facet normal 0 0 -1
    outer loop
      vertex -2.20831 35.961 -6
      vertex -0.661269 37.148 -6
      vertex -2.11747 35.825 -6
    endloop
  endfacet
  facet normal -0 0 -1
    outer loop
      vertex -0.661269 37.148 -6
      vertex -2.20831 35.961 -6
      vertex -0.937258 37.4627 -6
    endloop
  endfacet
  facet normal 0 0 -1
    outer loop
      vertex -2.31612 36.0839 -6
      vertex -0.937258 37.4627 -6
      vertex -2.20831 35.961 -6
    endloop
  endfacet
  facet normal -0 0 -1
    outer loop
      vertex -0.937258 37.4627 -6
      vertex -2.31612 36.0839 -6
      vertex -1.25196 37.7387 -6
    endloop
  endfacet
  facet normal 0 0 -1
    outer loop
      vertex -2.43905 36.1917 -6
      vertex -1.25196 37.7387 -6
      vertex -2.31612 36.0839 -6
    endloop
  endfacet
  facet normal -0 0 -1
    outer loop
      vertex -1.25196 37.7387 -6
      vertex -2.43905 36.1917 -6
      vertex -1.6 37.9713 -6
    endloop
  endfacet
  facet normal 0 0 -1
    outer loop
      vertex -2.575 36.2825 -6
      vertex -1.6 37.9713 -6
      vertex -2.43905 36.1917 -6
    endloop
  endfacet
  facet normal -0 0 -1
    outer loop
      vertex -1.6 37.9713 -6
      vertex -2.575 36.2825 -6
      vertex -1.97541 38.1564 -6
    endloop
  endfacet
  facet normal 0 0 -1
    outer loop
      vertex -2.72165 36.3549 -6
      vertex -1.97541 38.1564 -6
      vertex -2.575 36.2825 -6
    endloop
  endfacet
  facet normal -0 0 -1
    outer loop
      vertex -1.97541 38.1564 -6
      vertex -2.72165 36.3549 -6
      vertex -2.37178 38.291 -6
    endloop
  endfacet
  facet normal 0 0 -1
    outer loop
      vertex -2.87648 36.4074 -6
      vertex -2.37178 38.291 -6
      vertex -2.72165 36.3549 -6
    endloop
  endfacet
  facet normal -0 0 -1
    outer loop
      vertex -2.37178 38.291 -6
      vertex -2.87648 36.4074 -6
      vertex -2.78232 38.3726 -6
    endloop
  endfacet
  facet normal 0 0 -1
    outer loop
      vertex -3.03684 36.4393 -6
      vertex -2.78232 38.3726 -6
      vertex -2.87648 36.4074 -6
    endloop
  endfacet
  facet normal 0 0 -1
    outer loop
      vertex -3.2 36.45 -6
      vertex -2.78232 38.3726 -6
      vertex -3.03684 36.4393 -6
    endloop
  endfacet
  facet normal 0 0 -1
    outer loop
      vertex -3.2 36.45 -6
      vertex -3.2 38.4 -6
      vertex -2.78232 38.3726 -6
    endloop
  endfacet
  facet normal 0 0 -1
    outer loop
      vertex -3.36316 36.4393 -6
      vertex -3.2 38.4 -6
      vertex -3.2 36.45 -6
    endloop
  endfacet
  facet normal 0 0 -1
    outer loop
      vertex -3.61768 38.3726 -6
      vertex -3.36316 36.4393 -6
      vertex -3.52352 36.4074 -6
    endloop
  endfacet
  facet normal 0 0 -1
    outer loop
      vertex -3.36316 36.4393 -6
      vertex -3.61768 38.3726 -6
      vertex -3.2 38.4 -6
    endloop
  endfacet
  facet normal 0 0 -1
    outer loop
      vertex -4.02822 38.291 -6
      vertex -3.52352 36.4074 -6
      vertex -3.67835 36.3549 -6
    endloop
  endfacet
  facet normal 0 0 -1
    outer loop
      vertex -4.42459 38.1564 -6
      vertex -3.67835 36.3549 -6
      vertex -3.825 36.2825 -6
    endloop
  endfacet
  facet normal 0 0 -1
    outer loop
      vertex -4.8 37.9713 -6
      vertex -3.825 36.2825 -6
      vertex -3.96095 36.1917 -6
    endloop
  endfacet
  facet normal 0 0 -1
    outer loop
      vertex -3.52352 36.4074 -6
      vertex -4.02822 38.291 -6
      vertex -3.61768 38.3726 -6
    endloop
  endfacet
  facet normal 0 0 -1
    outer loop
      vertex -5.14804 37.7387 -6
      vertex -3.96095 36.1917 -6
      vertex -4.08388 36.0839 -6
    endloop
  endfacet
  facet normal 0 0 -1
    outer loop
      vertex -5.46274 37.4627 -6
      vertex -4.08388 36.0839 -6
      vertex -4.19169 35.961 -6
    endloop
  endfacet
  facet normal 0 0 -1
    outer loop
      vertex -5.73873 37.148 -6
      vertex -4.19169 35.961 -6
      vertex -4.28253 35.825 -6
    endloop
  endfacet
  facet normal 0 0 -1
    outer loop
      vertex -5.97128 36.8 -6
      vertex -4.28253 35.825 -6
      vertex -4.35485 35.6784 -6
    endloop
  endfacet
  facet normal 0 0 -1
    outer loop
      vertex -6.15641 36.4246 -6
      vertex -4.35485 35.6784 -6
      vertex -4.40741 35.5235 -6
    endloop
  endfacet
  facet normal 0 0 -1
    outer loop
      vertex -3.67835 36.3549 -6
      vertex -4.42459 38.1564 -6
      vertex -4.02822 38.291 -6
    endloop
  endfacet
  facet normal 0 0 -1
    outer loop
      vertex -6.29096 36.0282 -6
      vertex -4.40741 35.5235 -6
      vertex -4.43931 35.3632 -6
    endloop
  endfacet
  facet normal 0 0 -1
    outer loop
      vertex -6.37262 35.6177 -6
      vertex -4.43931 35.3632 -6
      vertex -4.45 35.2 -6
    endloop
  endfacet
  facet normal -0 0 -1
    outer loop
      vertex -4.28253 34.575 -6
      vertex -5.97128 33.6 -6
      vertex -4.35485 34.7216 -6
    endloop
  endfacet
  facet normal 0 0 -1
    outer loop
      vertex -3.825 36.2825 -6
      vertex -4.8 37.9713 -6
      vertex -4.42459 38.1564 -6
    endloop
  endfacet
  facet normal 0 0 -1
    outer loop
      vertex -6.15641 33.9754 -6
      vertex -4.35485 34.7216 -6
      vertex -5.97128 33.6 -6
    endloop
  endfacet
  facet normal 0 0 -1
    outer loop
      vertex -3.96095 36.1917 -6
      vertex -5.14804 37.7387 -6
      vertex -4.8 37.9713 -6
    endloop
  endfacet
  facet normal -0 0 -1
    outer loop
      vertex -4.35485 34.7216 -6
      vertex -6.15641 33.9754 -6
      vertex -4.40741 34.8765 -6
    endloop
  endfacet
  facet normal 0 0 -1
    outer loop
      vertex -4.08388 36.0839 -6
      vertex -5.46274 37.4627 -6
      vertex -5.14804 37.7387 -6
    endloop
  endfacet
  facet normal 0 0 -1
    outer loop
      vertex -6.29096 34.3718 -6
      vertex -4.40741 34.8765 -6
      vertex -6.15641 33.9754 -6
    endloop
  endfacet
  facet normal 0 0 -1
    outer loop
      vertex -4.19169 35.961 -6
      vertex -5.73873 37.148 -6
      vertex -5.46274 37.4627 -6
    endloop
  endfacet
  facet normal -0 0 -1
    outer loop
      vertex -4.40741 34.8765 -6
      vertex -6.29096 34.3718 -6
      vertex -4.43931 35.0368 -6
    endloop
  endfacet
  facet normal 0 0 -1
    outer loop
      vertex -4.28253 35.825 -6
      vertex -5.97128 36.8 -6
      vertex -5.73873 37.148 -6
    endloop
  endfacet
  facet normal 0 0 -1
    outer loop
      vertex -6.37262 34.7823 -6
      vertex -4.43931 35.0368 -6
      vertex -6.29096 34.3718 -6
    endloop
  endfacet
  facet normal 0 0 -1
    outer loop
      vertex -4.35485 35.6784 -6
      vertex -6.15641 36.4246 -6
      vertex -5.97128 36.8 -6
    endloop
  endfacet
  facet normal -0 0 -1
    outer loop
      vertex -4.43931 35.0368 -6
      vertex -6.37262 34.7823 -6
      vertex -4.45 35.2 -6
    endloop
  endfacet
  facet normal 0 0 -1
    outer loop
      vertex -4.40741 35.5235 -6
      vertex -6.29096 36.0282 -6
      vertex -6.15641 36.4246 -6
    endloop
  endfacet
  facet normal 0 0 -1
    outer loop
      vertex -6.4 35.2 -6
      vertex -4.45 35.2 -6
      vertex -6.37262 34.7823 -6
    endloop
  endfacet
  facet normal 0 0 -1
    outer loop
      vertex -4.43931 35.3632 -6
      vertex -6.37262 35.6177 -6
      vertex -6.29096 36.0282 -6
    endloop
  endfacet
  facet normal 0 0 -1
    outer loop
      vertex -4.45 35.2 -6
      vertex -6.4 35.2 -6
      vertex -6.37262 35.6177 -6
    endloop
  endfacet
  facet normal -0.997859 0.0654091 0
    outer loop
      vertex -6.4 35.2 -6
      vertex -6.37262 35.6177 10.6
      vertex -6.37262 35.6177 -6
    endloop
  endfacet
  facet normal -0.997859 0.0654091 0
    outer loop
      vertex -6.37262 35.6177 10.6
      vertex -6.4 35.2 -6
      vertex -6.4 35.2 10.6
    endloop
  endfacet
  facet normal -0.831443 0.55561 0
    outer loop
      vertex -5.97128 36.8 0
      vertex -5.73873 37.148 10.6
      vertex -5.73873 37.148 0
    endloop
  endfacet
  facet normal -0.831443 0.55561 0
    outer loop
      vertex -5.73873 37.148 10.6
      vertex -5.97128 36.8 0
      vertex -5.97128 36.8 10.6
    endloop
  endfacet
  facet normal -0.831443 0.55561 0
    outer loop
      vertex -5.97128 36.8 -6
      vertex -5.73873 37.148 -1.5
      vertex -5.73873 37.148 -6
    endloop
  endfacet
  facet normal -0.831443 0.55561 0
    outer loop
      vertex -5.73873 37.148 -1.5
      vertex -5.97128 36.8 -6
      vertex -5.97128 36.8 -1.5
    endloop
  endfacet
  facet normal -0.555648 0.831418 0
    outer loop
      vertex -4.8 37.9713 -6
      vertex -5.14804 37.7387 -1.5
      vertex -4.8 37.9713 -1.5
    endloop
  endfacet
  facet normal -0.555648 0.831418 0
    outer loop
      vertex -5.14804 37.7387 -1.5
      vertex -4.8 37.9713 -6
      vertex -5.14804 37.7387 -6
    endloop
  endfacet
  facet normal -0.555648 0.831418 0
    outer loop
      vertex -4.8 37.9713 0
      vertex -5.14804 37.7387 10.6
      vertex -4.8 37.9713 10.6
    endloop
  endfacet
  facet normal -0.555648 0.831418 0
    outer loop
      vertex -5.14804 37.7387 10.6
      vertex -4.8 37.9713 0
      vertex -5.14804 37.7387 0
    endloop
  endfacet
  facet normal -0.321548 0.946893 0
    outer loop
      vertex -4.02822 38.291 0
      vertex -4.42459 38.1564 10.6
      vertex -4.02822 38.291 10.6
    endloop
  endfacet
  facet normal -0.321548 0.946893 0
    outer loop
      vertex -4.42459 38.1564 10.6
      vertex -4.02822 38.291 0
      vertex -4.42459 38.1564 0
    endloop
  endfacet
  facet normal -0.321548 0.946893 0
    outer loop
      vertex -4.02822 38.291 -6
      vertex -4.42459 38.1564 -1.5
      vertex -4.02822 38.291 -1.5
    endloop
  endfacet
  facet normal -0.321548 0.946893 0
    outer loop
      vertex -4.42459 38.1564 -1.5
      vertex -4.02822 38.291 -6
      vertex -4.42459 38.1564 -6
    endloop
  endfacet
  facet normal 0.997859 -0.0654 0
    outer loop
      vertex -0.0273762 34.7823 10.6
      vertex 0 35.2 -6
      vertex 0 35.2 10.6
    endloop
  endfacet
  facet normal 0.997859 -0.0654 0
    outer loop
      vertex 0 35.2 -6
      vertex -0.0273762 34.7823 10.6
      vertex -0.0273762 34.7823 -6
    endloop
  endfacet
  facet normal 0.442228 -0.896903 0
    outer loop
      vertex -1.97541 32.2436 -6
      vertex -1.6 32.4287 10.6
      vertex -1.97541 32.2436 10.6
    endloop
  endfacet
  facet normal 0.442228 -0.896903 0
    outer loop
      vertex -1.6 32.4287 10.6
      vertex -1.97541 32.2436 -6
      vertex -1.6 32.4287 -6
    endloop
  endfacet
  facet normal 0.831443 -0.55561 0
    outer loop
      vertex -0.661269 33.252 10.6
      vertex -0.428719 33.6 -6
      vertex -0.428719 33.6 10.6
    endloop
  endfacet
  facet normal 0.831443 -0.55561 0
    outer loop
      vertex -0.428719 33.6 -6
      vertex -0.661269 33.252 10.6
      vertex -0.661269 33.252 -6
    endloop
  endfacet
  facet normal -0.0654598 -0.997855 0
    outer loop
      vertex -3.61768 32.0274 -6
      vertex -3.2 32 10.6
      vertex -3.61768 32.0274 10.6
    endloop
  endfacet
  facet normal -0.0654598 -0.997855 -0
    outer loop
      vertex -3.2 32 10.6
      vertex -3.61768 32.0274 -6
      vertex -3.2 32 -6
    endloop
  endfacet
  facet normal -0.555579 -0.831464 -0
    outer loop
      vertex -5.14804 32.6613 -1.5
      vertex -5.14804 32.6613 -6
      vertex -5.1 32.6292 -1.5
    endloop
  endfacet
  facet normal -0.555579 -0.831464 0
    outer loop
      vertex -5.1 32.6292 0
      vertex -5.14804 32.6613 10.6
      vertex -5.14804 32.6613 0
    endloop
  endfacet
  facet normal -0.555648 -0.831418 -4.55235e-07
    outer loop
      vertex -5.14804 32.6613 10.6
      vertex -5.1 32.6292 0
      vertex -4.8 32.4287 10.6
    endloop
  endfacet
  facet normal -0.555659 -0.83141 0
    outer loop
      vertex -4.8 32.4287 -6
      vertex -5.1 32.6292 0
      vertex -5.1 32.6292 -1.5
    endloop
  endfacet
  facet normal -0.555648 -0.831418 1.07233e-06
    outer loop
      vertex -4.8 32.4287 -6
      vertex -5.1 32.6292 -1.5
      vertex -5.14804 32.6613 -6
    endloop
  endfacet
  facet normal -0.555659 -0.83141 0
    outer loop
      vertex -5.1 32.6292 0
      vertex -4.8 32.4287 -6
      vertex -4.8 32.4287 10.6
    endloop
  endfacet
  facet normal -0.831443 -0.55561 0
    outer loop
      vertex -5.73873 33.252 0
      vertex -5.97128 33.6 10.6
      vertex -5.97128 33.6 0
    endloop
  endfacet
  facet normal -0.831443 -0.55561 0
    outer loop
      vertex -5.97128 33.6 10.6
      vertex -5.73873 33.252 0
      vertex -5.73873 33.252 10.6
    endloop
  endfacet
  facet normal -0.831443 -0.55561 0
    outer loop
      vertex -5.73873 33.252 -6
      vertex -5.97128 33.6 -1.5
      vertex -5.97128 33.6 -6
    endloop
  endfacet
  facet normal -0.831443 -0.55561 0
    outer loop
      vertex -5.97128 33.6 -1.5
      vertex -5.73873 33.252 -6
      vertex -5.73873 33.252 -1.5
    endloop
  endfacet
  facet normal 0.980782 0.195105 0
    outer loop
      vertex -0.0273762 35.6177 10.6
      vertex -0.109036 36.0282 -6
      vertex -0.109036 36.0282 10.6
    endloop
  endfacet
  facet normal 0.980782 0.195105 0
    outer loop
      vertex -0.109036 36.0282 -6
      vertex -0.0273762 35.6177 10.6
      vertex -0.0273762 35.6177 -6
    endloop
  endfacet
  facet normal 0.946938 0.321417 0
    outer loop
      vertex -0.109036 36.0282 10.6
      vertex -0.243585 36.4246 -6
      vertex -0.243585 36.4246 10.6
    endloop
  endfacet
  facet normal 0.946938 0.321417 0
    outer loop
      vertex -0.243585 36.4246 -6
      vertex -0.109036 36.0282 10.6
      vertex -0.109036 36.0282 -6
    endloop
  endfacet
  facet normal 0.751758 0.65944 0
    outer loop
      vertex -0.937258 37.4627 10.6
      vertex -0.794538 37.3 0
      vertex -0.937258 37.4627 0
    endloop
  endfacet
  facet normal 0.751917 0.659258 -0
    outer loop
      vertex -0.661269 37.148 -6
      vertex -0.794538 37.3 0
      vertex -0.661269 37.148 10.6
    endloop
  endfacet
  facet normal 0.751834 0.659352 2.38312e-06
    outer loop
      vertex -0.661269 37.148 10.6
      vertex -0.794538 37.3 0
      vertex -0.937258 37.4627 10.6
    endloop
  endfacet
  facet normal 0.751758 0.65944 0
    outer loop
      vertex -0.794538 37.3 -1.5
      vertex -0.937258 37.4627 -6
      vertex -0.937258 37.4627 -1.5
    endloop
  endfacet
  facet normal 0.751834 0.659352 -5.61358e-06
    outer loop
      vertex -0.794538 37.3 -1.5
      vertex -0.661269 37.148 -6
      vertex -0.937258 37.4627 -6
    endloop
  endfacet
  facet normal 0.751917 0.659258 0
    outer loop
      vertex -0.794538 37.3 0
      vertex -0.661269 37.148 -6
      vertex -0.794538 37.3 -1.5
    endloop
  endfacet
  facet normal 0.659364 0.751824 -0
    outer loop
      vertex -0.937258 37.4627 0
      vertex -1.25196 37.7387 10.6
      vertex -0.937258 37.4627 10.6
    endloop
  endfacet
  facet normal 0.659364 0.751824 0
    outer loop
      vertex -1.25196 37.7387 10.6
      vertex -0.937258 37.4627 0
      vertex -1.25196 37.7387 0
    endloop
  endfacet
  facet normal 0.659364 0.751824 -0
    outer loop
      vertex -0.937258 37.4627 -6
      vertex -1.25196 37.7387 -1.5
      vertex -0.937258 37.4627 -1.5
    endloop
  endfacet
  facet normal 0.659364 0.751824 0
    outer loop
      vertex -1.25196 37.7387 -1.5
      vertex -0.937258 37.4627 -6
      vertex -1.25196 37.7387 -6
    endloop
  endfacet
  facet normal -0.0654598 0.997855 0
    outer loop
      vertex -3.2 38.4 -6
      vertex -3.61768 38.3726 -1.5
      vertex -3.2 38.4 -1.5
    endloop
  endfacet
  facet normal -0.0654598 0.997855 0
    outer loop
      vertex -3.61768 38.3726 -1.5
      vertex -3.2 38.4 -6
      vertex -3.61768 38.3726 -6
    endloop
  endfacet
  facet normal -0.0654598 0.997855 0
    outer loop
      vertex -3.2 38.4 0
      vertex -3.61768 38.3726 10.6
      vertex -3.2 38.4 10.6
    endloop
  endfacet
  facet normal -0.0654598 0.997855 0
    outer loop
      vertex -3.61768 38.3726 10.6
      vertex -3.2 38.4 0
      vertex -3.61768 38.3726 0
    endloop
  endfacet
  facet normal 0.442228 0.896903 -0
    outer loop
      vertex -1.6 37.9713 -6
      vertex -1.97541 38.1564 -1.5
      vertex -1.6 37.9713 -1.5
    endloop
  endfacet
  facet normal 0.442228 0.896903 0
    outer loop
      vertex -1.97541 38.1564 -1.5
      vertex -1.6 37.9713 -6
      vertex -1.97541 38.1564 -6
    endloop
  endfacet
  facet normal 0.442228 0.896903 -0
    outer loop
      vertex -1.6 37.9713 0
      vertex -1.97541 38.1564 10.6
      vertex -1.6 37.9713 10.6
    endloop
  endfacet
  facet normal 0.442228 0.896903 0
    outer loop
      vertex -1.97541 38.1564 10.6
      vertex -1.6 37.9713 0
      vertex -1.97541 38.1564 0
    endloop
  endfacet
  facet normal -0.89687 0.442295 0
    outer loop
      vertex -6.15641 36.4246 -6
      vertex -5.97128 36.8 -1.5
      vertex -5.97128 36.8 -6
    endloop
  endfacet
  facet normal -0.89687 0.442295 0
    outer loop
      vertex -5.97128 36.8 -1.5
      vertex -6.15641 36.4246 -6
      vertex -6.15641 36.4246 -1.5
    endloop
  endfacet
  facet normal -0.89687 0.442295 0
    outer loop
      vertex -6.15641 36.4246 0
      vertex -5.97128 36.8 10.6
      vertex -5.97128 36.8 0
    endloop
  endfacet
  facet normal -0.89687 0.442295 0
    outer loop
      vertex -5.97128 36.8 10.6
      vertex -6.15641 36.4246 0
      vertex -6.15641 36.4246 10.6
    endloop
  endfacet
  facet normal -0.194949 0.980813 0
    outer loop
      vertex -3.61768 38.3726 -6
      vertex -4.02822 38.291 -1.5
      vertex -3.61768 38.3726 -1.5
    endloop
  endfacet
  facet normal -0.194949 0.980813 0
    outer loop
      vertex -4.02822 38.291 -1.5
      vertex -3.61768 38.3726 -6
      vertex -4.02822 38.291 -6
    endloop
  endfacet
  facet normal -0.194949 0.980813 0
    outer loop
      vertex -3.61768 38.3726 0
      vertex -4.02822 38.291 10.6
      vertex -3.61768 38.3726 10.6
    endloop
  endfacet
  facet normal -0.194949 0.980813 0
    outer loop
      vertex -4.02822 38.291 10.6
      vertex -3.61768 38.3726 0
      vertex -4.02822 38.291 0
    endloop
  endfacet
  facet normal -0.659367 0.751821 0
    outer loop
      vertex -5.14804 37.7387 0
      vertex -5.46274 37.4627 10.6
      vertex -5.14804 37.7387 10.6
    endloop
  endfacet
  facet normal -0.659367 0.751821 0
    outer loop
      vertex -5.46274 37.4627 10.6
      vertex -5.14804 37.7387 0
      vertex -5.46274 37.4627 0
    endloop
  endfacet
  facet normal -0.659367 0.751821 0
    outer loop
      vertex -5.14804 37.7387 -6
      vertex -5.46274 37.4627 -1.5
      vertex -5.14804 37.7387 -1.5
    endloop
  endfacet
  facet normal -0.659367 0.751821 0
    outer loop
      vertex -5.46274 37.4627 -1.5
      vertex -5.14804 37.7387 -6
      vertex -5.46274 37.4627 -6
    endloop
  endfacet
  facet normal -0.751833 0.659353 0
    outer loop
      vertex -5.73873 37.148 0
      vertex -5.46274 37.4627 10.6
      vertex -5.46274 37.4627 0
    endloop
  endfacet
  facet normal -0.751833 0.659353 0
    outer loop
      vertex -5.46274 37.4627 10.6
      vertex -5.73873 37.148 0
      vertex -5.73873 37.148 10.6
    endloop
  endfacet
  facet normal -0.751833 0.659353 0
    outer loop
      vertex -5.73873 37.148 -6
      vertex -5.46274 37.4627 -1.5
      vertex -5.46274 37.4627 -6
    endloop
  endfacet
  facet normal -0.751833 0.659353 0
    outer loop
      vertex -5.46274 37.4627 -1.5
      vertex -5.73873 37.148 -6
      vertex -5.73873 37.148 -1.5
    endloop
  endfacet
  facet normal 0.997859 0.0654 0
    outer loop
      vertex 0 35.2 10.6
      vertex -0.0273762 35.6177 -6
      vertex -0.0273762 35.6177 10.6
    endloop
  endfacet
  facet normal 0.997859 0.0654 0
    outer loop
      vertex -0.0273762 35.6177 -6
      vertex 0 35.2 10.6
      vertex 0 35.2 -6
    endloop
  endfacet
  facet normal 0.194949 -0.980813 0
    outer loop
      vertex -2.78232 32.0274 -6
      vertex -2.37178 32.109 10.6
      vertex -2.78232 32.0274 10.6
    endloop
  endfacet
  facet normal 0.194949 -0.980813 0
    outer loop
      vertex -2.37178 32.109 10.6
      vertex -2.78232 32.0274 -6
      vertex -2.37178 32.109 -6
    endloop
  endfacet
  facet normal 0.751834 -0.659352 0
    outer loop
      vertex -0.937258 32.9373 10.6
      vertex -0.661269 33.252 -6
      vertex -0.661269 33.252 10.6
    endloop
  endfacet
  facet normal 0.751834 -0.659352 0
    outer loop
      vertex -0.661269 33.252 -6
      vertex -0.937258 32.9373 10.6
      vertex -0.937258 32.9373 -6
    endloop
  endfacet
  facet normal 0.555648 -0.831418 0
    outer loop
      vertex -1.6 32.4287 -6
      vertex -1.25196 32.6613 10.6
      vertex -1.6 32.4287 10.6
    endloop
  endfacet
  facet normal 0.555648 -0.831418 0
    outer loop
      vertex -1.25196 32.6613 10.6
      vertex -1.6 32.4287 -6
      vertex -1.25196 32.6613 -6
    endloop
  endfacet
  facet normal 0.946938 -0.321417 0
    outer loop
      vertex -0.243585 33.9754 10.6
      vertex -0.109036 34.3718 -6
      vertex -0.109036 34.3718 10.6
    endloop
  endfacet
  facet normal 0.946938 -0.321417 0
    outer loop
      vertex -0.109036 34.3718 -6
      vertex -0.243585 33.9754 10.6
      vertex -0.243585 33.9754 -6
    endloop
  endfacet
  facet normal 0.0654598 -0.997855 0
    outer loop
      vertex -3.2 32 -6
      vertex -2.78232 32.0274 10.6
      vertex -3.2 32 10.6
    endloop
  endfacet
  facet normal 0.0654598 -0.997855 0
    outer loop
      vertex -2.78232 32.0274 10.6
      vertex -3.2 32 -6
      vertex -2.78232 32.0274 -6
    endloop
  endfacet
  facet normal -0.321548 -0.946893 0
    outer loop
      vertex -4.42459 32.2436 -6
      vertex -4.02822 32.109 10.6
      vertex -4.42459 32.2436 10.6
    endloop
  endfacet
  facet normal -0.321548 -0.946893 -0
    outer loop
      vertex -4.02822 32.109 10.6
      vertex -4.42459 32.2436 -6
      vertex -4.02822 32.109 -6
    endloop
  endfacet
  facet normal -0.89687 -0.442295 0
    outer loop
      vertex -5.97128 33.6 0
      vertex -6.15641 33.9754 10.6
      vertex -6.15641 33.9754 0
    endloop
  endfacet
  facet normal -0.89687 -0.442295 0
    outer loop
      vertex -6.15641 33.9754 10.6
      vertex -5.97128 33.6 0
      vertex -5.97128 33.6 10.6
    endloop
  endfacet
  facet normal -0.89687 -0.442295 0
    outer loop
      vertex -5.97128 33.6 -6
      vertex -6.15641 33.9754 -1.5
      vertex -6.15641 33.9754 -6
    endloop
  endfacet
  facet normal -0.89687 -0.442295 0
    outer loop
      vertex -6.15641 33.9754 -1.5
      vertex -5.97128 33.6 -6
      vertex -5.97128 33.6 -1.5
    endloop
  endfacet
  facet normal -0.980787 -0.195083 -0
    outer loop
      vertex -6.3 34.4172 0
      vertex -6.37262 34.7823 -6
      vertex -6.3 34.4172 -1.5
    endloop
  endfacet
  facet normal -0.980782 -0.195105 -1.88803e-06
    outer loop
      vertex -6.29096 34.3718 -6
      vertex -6.3 34.4172 -1.5
      vertex -6.37262 34.7823 -6
    endloop
  endfacet
  facet normal -0.980746 -0.195285 0
    outer loop
      vertex -6.3 34.4172 -1.5
      vertex -6.29096 34.3718 -6
      vertex -6.29096 34.3718 -1.5
    endloop
  endfacet
  facet normal -0.980787 -0.195083 0
    outer loop
      vertex -6.37262 34.7823 -6
      vertex -6.3 34.4172 0
      vertex -6.37262 34.7823 10.6
    endloop
  endfacet
  facet normal -0.980746 -0.195285 -0
    outer loop
      vertex -6.29096 34.3718 10.6
      vertex -6.3 34.4172 0
      vertex -6.29096 34.3718 0
    endloop
  endfacet
  facet normal -0.980782 -0.195105 8.01522e-07
    outer loop
      vertex -6.3 34.4172 0
      vertex -6.29096 34.3718 10.6
      vertex -6.37262 34.7823 10.6
    endloop
  endfacet
  facet normal -0.751833 -0.659353 0
    outer loop
      vertex -5.46274 32.9373 -6
      vertex -5.73873 33.252 -1.5
      vertex -5.73873 33.252 -6
    endloop
  endfacet
  facet normal -0.751833 -0.659353 0
    outer loop
      vertex -5.73873 33.252 -1.5
      vertex -5.46274 32.9373 -6
      vertex -5.46274 32.9373 -1.5
    endloop
  endfacet
  facet normal -0.751833 -0.659353 0
    outer loop
      vertex -5.46274 32.9373 0
      vertex -5.73873 33.252 10.6
      vertex -5.73873 33.252 0
    endloop
  endfacet
  facet normal -0.751833 -0.659353 0
    outer loop
      vertex -5.73873 33.252 10.6
      vertex -5.46274 32.9373 0
      vertex -5.46274 32.9373 10.6
    endloop
  endfacet
  facet normal -0.997859 -0.0654091 0
    outer loop
      vertex -6.37262 34.7823 -6
      vertex -6.4 35.2 10.6
      vertex -6.4 35.2 -6
    endloop
  endfacet
  facet normal -0.997859 -0.0654091 0
    outer loop
      vertex -6.4 35.2 10.6
      vertex -6.37262 34.7823 -6
      vertex -6.37262 34.7823 10.6
    endloop
  endfacet
  facet normal 0.321548 -0.946893 0
    outer loop
      vertex -2.37178 32.109 -6
      vertex -1.97541 32.2436 10.6
      vertex -2.37178 32.109 10.6
    endloop
  endfacet
  facet normal 0.321548 -0.946893 0
    outer loop
      vertex -1.97541 32.2436 10.6
      vertex -2.37178 32.109 -6
      vertex -1.97541 32.2436 -6
    endloop
  endfacet
  facet normal 0.659364 -0.751824 0
    outer loop
      vertex -1.25196 32.6613 -6
      vertex -0.937258 32.9373 10.6
      vertex -1.25196 32.6613 10.6
    endloop
  endfacet
  facet normal 0.659364 -0.751824 0
    outer loop
      vertex -0.937258 32.9373 10.6
      vertex -1.25196 32.6613 -6
      vertex -0.937258 32.9373 -6
    endloop
  endfacet
  facet normal 0.896866 -0.442303 0
    outer loop
      vertex -0.428719 33.6 10.6
      vertex -0.243585 33.9754 -6
      vertex -0.243585 33.9754 10.6
    endloop
  endfacet
  facet normal 0.896866 -0.442303 0
    outer loop
      vertex -0.243585 33.9754 -6
      vertex -0.428719 33.6 10.6
      vertex -0.428719 33.6 -6
    endloop
  endfacet
  facet normal -0.442228 -0.896903 0
    outer loop
      vertex -4.8 32.4287 -6
      vertex -4.42459 32.2436 10.6
      vertex -4.8 32.4287 10.6
    endloop
  endfacet
  facet normal -0.442228 -0.896903 -0
    outer loop
      vertex -4.42459 32.2436 10.6
      vertex -4.8 32.4287 -6
      vertex -4.42459 32.2436 -6
    endloop
  endfacet
  facet normal -0.946937 -0.321419 0
    outer loop
      vertex -6.15641 33.9754 -6
      vertex -6.29096 34.3718 -1.5
      vertex -6.29096 34.3718 -6
    endloop
  endfacet
  facet normal -0.946937 -0.321419 0
    outer loop
      vertex -6.29096 34.3718 -1.5
      vertex -6.15641 33.9754 -6
      vertex -6.15641 33.9754 -1.5
    endloop
  endfacet
  facet normal -0.946937 -0.321419 0
    outer loop
      vertex -6.15641 33.9754 0
      vertex -6.29096 34.3718 10.6
      vertex -6.29096 34.3718 0
    endloop
  endfacet
  facet normal -0.946937 -0.321419 0
    outer loop
      vertex -6.29096 34.3718 10.6
      vertex -6.15641 33.9754 0
      vertex -6.15641 33.9754 10.6
    endloop
  endfacet
  facet normal -0.659367 -0.751821 0
    outer loop
      vertex -5.46274 32.9373 -6
      vertex -5.14804 32.6613 -1.5
      vertex -5.46274 32.9373 -1.5
    endloop
  endfacet
  facet normal -0.659367 -0.751821 -0
    outer loop
      vertex -5.14804 32.6613 -1.5
      vertex -5.46274 32.9373 -6
      vertex -5.14804 32.6613 -6
    endloop
  endfacet
  facet normal -0.659367 -0.751821 0
    outer loop
      vertex -5.46274 32.9373 0
      vertex -5.14804 32.6613 10.6
      vertex -5.46274 32.9373 10.6
    endloop
  endfacet
  facet normal -0.659367 -0.751821 -0
    outer loop
      vertex -5.14804 32.6613 10.6
      vertex -5.46274 32.9373 0
      vertex -5.14804 32.6613 0
    endloop
  endfacet
  facet normal -0.997858 -0.0654233 0
    outer loop
      vertex 50.3 16.05 -4.4
      vertex 50.2893 16.2132 5.6
      vertex 50.2893 16.2132 -4.4
    endloop
  endfacet
  facet normal -0.997858 -0.0654233 0
    outer loop
      vertex 50.2893 16.2132 5.6
      vertex 50.3 16.05 -4.4
      vertex 50.3 16.05 5.6
    endloop
  endfacet
  facet normal 0.997858 -0.0654233 0
    outer loop
      vertex 47.8 16.05 5.6
      vertex 47.8107 16.2132 -4.4
      vertex 47.8107 16.2132 5.6
    endloop
  endfacet
  facet normal 0.997858 -0.0654233 0
    outer loop
      vertex 47.8107 16.2132 -4.4
      vertex 47.8 16.05 5.6
      vertex 47.8 16.05 -4.4
    endloop
  endfacet
  facet normal 0.0654233 -0.997858 0
    outer loop
      vertex 48.8868 17.2893 -4.4
      vertex 49.05 17.3 5.6
      vertex 48.8868 17.2893 5.6
    endloop
  endfacet
  facet normal 0.0654233 -0.997858 0
    outer loop
      vertex 49.05 17.3 5.6
      vertex 48.8868 17.2893 -4.4
      vertex 49.05 17.3 -4.4
    endloop
  endfacet
  facet normal -0.659414 -0.75178 0
    outer loop
      vertex 49.811 17.0417 -4.4
      vertex 49.9339 16.9339 5.6
      vertex 49.811 17.0417 5.6
    endloop
  endfacet
  facet normal -0.659414 -0.75178 -0
    outer loop
      vertex 49.9339 16.9339 5.6
      vertex 49.811 17.0417 -4.4
      vertex 49.9339 16.9339 -4.4
    endloop
  endfacet
  facet normal 0.75178 -0.659414 0
    outer loop
      vertex 48.0583 16.811 5.6
      vertex 48.1661 16.9339 -4.4
      vertex 48.1661 16.9339 5.6
    endloop
  endfacet
  facet normal 0.75178 -0.659414 0
    outer loop
      vertex 48.1661 16.9339 -4.4
      vertex 48.0583 16.811 5.6
      vertex 48.0583 16.811 -4.4
    endloop
  endfacet
  facet normal 0.442313 -0.896861 0
    outer loop
      vertex 48.425 17.1325 -4.4
      vertex 48.5716 17.2048 5.6
      vertex 48.425 17.1325 5.6
    endloop
  endfacet
  facet normal 0.442313 -0.896861 0
    outer loop
      vertex 48.5716 17.2048 5.6
      vertex 48.425 17.1325 -4.4
      vertex 48.5716 17.2048 -4.4
    endloop
  endfacet
  facet normal 0.831674 0.555265 0
    outer loop
      vertex 48.0583 15.289 5.6
      vertex 47.9675 15.425 -4.4
      vertex 47.9675 15.425 5.6
    endloop
  endfacet
  facet normal 0.831674 0.555265 0
    outer loop
      vertex 47.9675 15.425 -4.4
      vertex 48.0583 15.289 5.6
      vertex 48.0583 15.289 -4.4
    endloop
  endfacet
  facet normal -0.946896 -0.321541 0
    outer loop
      vertex 50.2574 16.3735 -4.4
      vertex 50.2048 16.5284 5.6
      vertex 50.2048 16.5284 -4.4
    endloop
  endfacet
  facet normal -0.946896 -0.321541 0
    outer loop
      vertex 50.2048 16.5284 5.6
      vertex 50.2574 16.3735 -4.4
      vertex 50.2574 16.3735 5.6
    endloop
  endfacet
  facet normal -0.980768 -0.195175 0
    outer loop
      vertex 50.2893 16.2132 -4.4
      vertex 50.2574 16.3735 5.6
      vertex 50.2574 16.3735 -4.4
    endloop
  endfacet
  facet normal -0.980768 -0.195175 0
    outer loop
      vertex 50.2574 16.3735 5.6
      vertex 50.2893 16.2132 -4.4
      vertex 50.2893 16.2132 5.6
    endloop
  endfacet
  facet normal -0.831674 -0.555265 0
    outer loop
      vertex 50.1325 16.675 -4.4
      vertex 50.0417 16.811 5.6
      vertex 50.0417 16.811 -4.4
    endloop
  endfacet
  facet normal -0.831674 -0.555265 0
    outer loop
      vertex 50.0417 16.811 5.6
      vertex 50.1325 16.675 -4.4
      vertex 50.1325 16.675 5.6
    endloop
  endfacet
  facet normal -0.321541 -0.946896 0
    outer loop
      vertex 49.3735 17.2574 -4.4
      vertex 49.5284 17.2048 5.6
      vertex 49.3735 17.2574 5.6
    endloop
  endfacet
  facet normal -0.321541 -0.946896 -0
    outer loop
      vertex 49.5284 17.2048 5.6
      vertex 49.3735 17.2574 -4.4
      vertex 49.5284 17.2048 -4.4
    endloop
  endfacet
  facet normal -0.195175 -0.980768 0
    outer loop
      vertex 49.2132 17.2893 -4.4
      vertex 49.3735 17.2574 5.6
      vertex 49.2132 17.2893 5.6
    endloop
  endfacet
  facet normal -0.195175 -0.980768 -0
    outer loop
      vertex 49.3735 17.2574 5.6
      vertex 49.2132 17.2893 -4.4
      vertex 49.3735 17.2574 -4.4
    endloop
  endfacet
  facet normal -0.555265 -0.831674 0
    outer loop
      vertex 49.675 17.1325 -4.4
      vertex 49.811 17.0417 5.6
      vertex 49.675 17.1325 5.6
    endloop
  endfacet
  facet normal -0.555265 -0.831674 -0
    outer loop
      vertex 49.811 17.0417 5.6
      vertex 49.675 17.1325 -4.4
      vertex 49.811 17.0417 -4.4
    endloop
  endfacet
  facet normal 0.896618 -0.442805 0
    outer loop
      vertex 47.8951 16.5284 5.6
      vertex 47.9675 16.675 -4.4
      vertex 47.9675 16.675 5.6
    endloop
  endfacet
  facet normal 0.896618 -0.442805 0
    outer loop
      vertex 47.9675 16.675 -4.4
      vertex 47.8951 16.5284 5.6
      vertex 47.8951 16.5284 -4.4
    endloop
  endfacet
  facet normal 0.831674 -0.555265 0
    outer loop
      vertex 47.9675 16.675 5.6
      vertex 48.0583 16.811 -4.4
      vertex 48.0583 16.811 5.6
    endloop
  endfacet
  facet normal 0.831674 -0.555265 0
    outer loop
      vertex 48.0583 16.811 -4.4
      vertex 47.9675 16.675 5.6
      vertex 47.9675 16.675 -4.4
    endloop
  endfacet
  facet normal 0.980768 -0.195175 0
    outer loop
      vertex 47.8107 16.2132 5.6
      vertex 47.8426 16.3735 -4.4
      vertex 47.8426 16.3735 5.6
    endloop
  endfacet
  facet normal 0.980768 -0.195175 0
    outer loop
      vertex 47.8426 16.3735 -4.4
      vertex 47.8107 16.2132 5.6
      vertex 47.8107 16.2132 -4.4
    endloop
  endfacet
  facet normal 0 0 -1
    outer loop
      vertex 50.2893 15.8868 5.6
      vertex 50.2893 16.2132 5.6
      vertex 50.3 16.05 5.6
    endloop
  endfacet
  facet normal 0 0 -1
    outer loop
      vertex 50.2574 15.7265 5.6
      vertex 50.2893 16.2132 5.6
      vertex 50.2893 15.8868 5.6
    endloop
  endfacet
  facet normal 0 0 -1
    outer loop
      vertex 50.2574 15.7265 5.6
      vertex 50.2574 16.3735 5.6
      vertex 50.2893 16.2132 5.6
    endloop
  endfacet
  facet normal 0 0 -1
    outer loop
      vertex 50.2048 15.5716 5.6
      vertex 50.2574 16.3735 5.6
      vertex 50.2574 15.7265 5.6
    endloop
  endfacet
  facet normal 0 0 -1
    outer loop
      vertex 50.2048 15.5716 5.6
      vertex 50.2048 16.5284 5.6
      vertex 50.2574 16.3735 5.6
    endloop
  endfacet
  facet normal 0 0 -1
    outer loop
      vertex 50.1325 15.425 5.6
      vertex 50.2048 16.5284 5.6
      vertex 50.2048 15.5716 5.6
    endloop
  endfacet
  facet normal 0 0 -1
    outer loop
      vertex 50.1325 15.425 5.6
      vertex 50.1325 16.675 5.6
      vertex 50.2048 16.5284 5.6
    endloop
  endfacet
  facet normal 0 0 -1
    outer loop
      vertex 50.0417 15.289 5.6
      vertex 50.1325 16.675 5.6
      vertex 50.1325 15.425 5.6
    endloop
  endfacet
  facet normal 0 0 -1
    outer loop
      vertex 50.0417 15.289 5.6
      vertex 50.0417 16.811 5.6
      vertex 50.1325 16.675 5.6
    endloop
  endfacet
  facet normal 0 0 -1
    outer loop
      vertex 49.9339 15.1661 5.6
      vertex 50.0417 16.811 5.6
      vertex 50.0417 15.289 5.6
    endloop
  endfacet
  facet normal 0 0 -1
    outer loop
      vertex 49.9339 15.1661 5.6
      vertex 49.9339 16.9339 5.6
      vertex 50.0417 16.811 5.6
    endloop
  endfacet
  facet normal 0 0 -1
    outer loop
      vertex 49.811 15.0583 5.6
      vertex 49.9339 16.9339 5.6
      vertex 49.9339 15.1661 5.6
    endloop
  endfacet
  facet normal 0 0 -1
    outer loop
      vertex 49.811 15.0583 5.6
      vertex 49.811 17.0417 5.6
      vertex 49.9339 16.9339 5.6
    endloop
  endfacet
  facet normal 0 0 -1
    outer loop
      vertex 49.675 14.9675 5.6
      vertex 49.811 17.0417 5.6
      vertex 49.811 15.0583 5.6
    endloop
  endfacet
  facet normal 0 0 -1
    outer loop
      vertex 49.675 14.9675 5.6
      vertex 49.675 17.1325 5.6
      vertex 49.811 17.0417 5.6
    endloop
  endfacet
  facet normal 0 0 -1
    outer loop
      vertex 49.5284 14.8952 5.6
      vertex 49.675 17.1325 5.6
      vertex 49.675 14.9675 5.6
    endloop
  endfacet
  facet normal 0 0 -1
    outer loop
      vertex 49.5284 14.8952 5.6
      vertex 49.5284 17.2048 5.6
      vertex 49.675 17.1325 5.6
    endloop
  endfacet
  facet normal 0 0 -1
    outer loop
      vertex 49.3735 14.8426 5.6
      vertex 49.5284 17.2048 5.6
      vertex 49.5284 14.8952 5.6
    endloop
  endfacet
  facet normal 0 0 -1
    outer loop
      vertex 49.3735 14.8426 5.6
      vertex 49.3735 17.2574 5.6
      vertex 49.5284 17.2048 5.6
    endloop
  endfacet
  facet normal 0 0 -1
    outer loop
      vertex 49.2132 14.8107 5.6
      vertex 49.3735 17.2574 5.6
      vertex 49.3735 14.8426 5.6
    endloop
  endfacet
  facet normal 0 0 -1
    outer loop
      vertex 49.2132 14.8107 5.6
      vertex 49.2132 17.2893 5.6
      vertex 49.3735 17.2574 5.6
    endloop
  endfacet
  facet normal 0 0 -1
    outer loop
      vertex 49.05 14.8 5.6
      vertex 49.2132 17.2893 5.6
      vertex 49.2132 14.8107 5.6
    endloop
  endfacet
  facet normal 0 0 -1
    outer loop
      vertex 49.05 14.8 5.6
      vertex 49.05 17.3 5.6
      vertex 49.2132 17.2893 5.6
    endloop
  endfacet
  facet normal 0 0 -1
    outer loop
      vertex 48.8868 14.8107 5.6
      vertex 49.05 17.3 5.6
      vertex 49.05 14.8 5.6
    endloop
  endfacet
  facet normal 0 0 -1
    outer loop
      vertex 48.8868 14.8107 5.6
      vertex 48.8868 17.2893 5.6
      vertex 49.05 17.3 5.6
    endloop
  endfacet
  facet normal 0 0 -1
    outer loop
      vertex 48.7265 14.8426 5.6
      vertex 48.8868 17.2893 5.6
      vertex 48.8868 14.8107 5.6
    endloop
  endfacet
  facet normal 0 0 -1
    outer loop
      vertex 48.7265 14.8426 5.6
      vertex 48.7265 17.2574 5.6
      vertex 48.8868 17.2893 5.6
    endloop
  endfacet
  facet normal 0 0 -1
    outer loop
      vertex 48.5716 14.8952 5.6
      vertex 48.7265 17.2574 5.6
      vertex 48.7265 14.8426 5.6
    endloop
  endfacet
  facet normal 0 0 -1
    outer loop
      vertex 48.5716 14.8952 5.6
      vertex 48.5716 17.2048 5.6
      vertex 48.7265 17.2574 5.6
    endloop
  endfacet
  facet normal 0 0 -1
    outer loop
      vertex 48.425 14.9675 5.6
      vertex 48.5716 17.2048 5.6
      vertex 48.5716 14.8952 5.6
    endloop
  endfacet
  facet normal 0 0 -1
    outer loop
      vertex 48.425 14.9675 5.6
      vertex 48.425 17.1325 5.6
      vertex 48.5716 17.2048 5.6
    endloop
  endfacet
  facet normal 0 0 -1
    outer loop
      vertex 48.289 15.0583 5.6
      vertex 48.425 17.1325 5.6
      vertex 48.425 14.9675 5.6
    endloop
  endfacet
  facet normal 0 0 -1
    outer loop
      vertex 48.289 15.0583 5.6
      vertex 48.289 17.0417 5.6
      vertex 48.425 17.1325 5.6
    endloop
  endfacet
  facet normal 0 0 -1
    outer loop
      vertex 48.1661 15.1661 5.6
      vertex 48.289 17.0417 5.6
      vertex 48.289 15.0583 5.6
    endloop
  endfacet
  facet normal 0 0 -1
    outer loop
      vertex 48.1661 15.1661 5.6
      vertex 48.1661 16.9339 5.6
      vertex 48.289 17.0417 5.6
    endloop
  endfacet
  facet normal 0 0 -1
    outer loop
      vertex 48.0583 15.289 5.6
      vertex 48.1661 16.9339 5.6
      vertex 48.1661 15.1661 5.6
    endloop
  endfacet
  facet normal 0 0 -1
    outer loop
      vertex 48.0583 15.289 5.6
      vertex 48.0583 16.811 5.6
      vertex 48.1661 16.9339 5.6
    endloop
  endfacet
  facet normal 0 0 -1
    outer loop
      vertex 47.9675 15.425 5.6
      vertex 48.0583 16.811 5.6
      vertex 48.0583 15.289 5.6
    endloop
  endfacet
  facet normal 0 0 -1
    outer loop
      vertex 47.9675 15.425 5.6
      vertex 47.9675 16.675 5.6
      vertex 48.0583 16.811 5.6
    endloop
  endfacet
  facet normal 0 0 -1
    outer loop
      vertex 47.8951 15.5716 5.6
      vertex 47.9675 16.675 5.6
      vertex 47.9675 15.425 5.6
    endloop
  endfacet
  facet normal 0 0 -1
    outer loop
      vertex 47.8951 15.5716 5.6
      vertex 47.8951 16.5284 5.6
      vertex 47.9675 16.675 5.6
    endloop
  endfacet
  facet normal 0 0 -1
    outer loop
      vertex 47.8426 15.7265 5.6
      vertex 47.8951 16.5284 5.6
      vertex 47.8951 15.5716 5.6
    endloop
  endfacet
  facet normal 0 0 -1
    outer loop
      vertex 47.8426 15.7265 5.6
      vertex 47.8426 16.3735 5.6
      vertex 47.8951 16.5284 5.6
    endloop
  endfacet
  facet normal 0 0 -1
    outer loop
      vertex 47.8107 15.8868 5.6
      vertex 47.8426 16.3735 5.6
      vertex 47.8426 15.7265 5.6
    endloop
  endfacet
  facet normal 0 0 -1
    outer loop
      vertex 47.8107 15.8868 5.6
      vertex 47.8107 16.2132 5.6
      vertex 47.8426 16.3735 5.6
    endloop
  endfacet
  facet normal 0 -0 -1
    outer loop
      vertex 47.8107 16.2132 5.6
      vertex 47.8107 15.8868 5.6
      vertex 47.8 16.05 5.6
    endloop
  endfacet
  facet normal 0.659414 -0.75178 0
    outer loop
      vertex 48.1661 16.9339 -4.4
      vertex 48.289 17.0417 5.6
      vertex 48.1661 16.9339 5.6
    endloop
  endfacet
  facet normal 0.659414 -0.75178 0
    outer loop
      vertex 48.289 17.0417 5.6
      vertex 48.1661 16.9339 -4.4
      vertex 48.289 17.0417 -4.4
    endloop
  endfacet
  facet normal 0.195175 -0.980768 0
    outer loop
      vertex 48.7265 17.2574 -4.4
      vertex 48.8868 17.2893 5.6
      vertex 48.7265 17.2574 5.6
    endloop
  endfacet
  facet normal 0.195175 -0.980768 0
    outer loop
      vertex 48.8868 17.2893 5.6
      vertex 48.7265 17.2574 -4.4
      vertex 48.8868 17.2893 -4.4
    endloop
  endfacet
  facet normal -0.659414 0.75178 0
    outer loop
      vertex 49.9339 15.1661 -4.4
      vertex 49.811 15.0583 5.6
      vertex 49.9339 15.1661 5.6
    endloop
  endfacet
  facet normal -0.659414 0.75178 0
    outer loop
      vertex 49.811 15.0583 5.6
      vertex 49.9339 15.1661 -4.4
      vertex 49.811 15.0583 -4.4
    endloop
  endfacet
  facet normal -0.442313 0.896861 0
    outer loop
      vertex 49.675 14.9675 -4.4
      vertex 49.5284 14.8952 5.6
      vertex 49.675 14.9675 5.6
    endloop
  endfacet
  facet normal -0.442313 0.896861 0
    outer loop
      vertex 49.5284 14.8952 5.6
      vertex 49.675 14.9675 -4.4
      vertex 49.5284 14.8952 -4.4
    endloop
  endfacet
  facet normal -0.980768 0.195175 0
    outer loop
      vertex 50.2574 15.7265 -4.4
      vertex 50.2893 15.8868 5.6
      vertex 50.2893 15.8868 -4.4
    endloop
  endfacet
  facet normal -0.980768 0.195175 0
    outer loop
      vertex 50.2893 15.8868 5.6
      vertex 50.2574 15.7265 -4.4
      vertex 50.2574 15.7265 5.6
    endloop
  endfacet
  facet normal -0.946896 0.321541 0
    outer loop
      vertex 50.2048 15.5716 -4.4
      vertex 50.2574 15.7265 5.6
      vertex 50.2574 15.7265 -4.4
    endloop
  endfacet
  facet normal -0.946896 0.321541 0
    outer loop
      vertex 50.2574 15.7265 5.6
      vertex 50.2048 15.5716 -4.4
      vertex 50.2048 15.5716 5.6
    endloop
  endfacet
  facet normal 0.321541 0.946896 -0
    outer loop
      vertex 48.7265 14.8426 -4.4
      vertex 48.5716 14.8952 5.6
      vertex 48.7265 14.8426 5.6
    endloop
  endfacet
  facet normal 0.321541 0.946896 0
    outer loop
      vertex 48.5716 14.8952 5.6
      vertex 48.7265 14.8426 -4.4
      vertex 48.5716 14.8952 -4.4
    endloop
  endfacet
  facet normal 0.442313 0.896861 -0
    outer loop
      vertex 48.5716 14.8952 -4.4
      vertex 48.425 14.9675 5.6
      vertex 48.5716 14.8952 5.6
    endloop
  endfacet
  facet normal 0.442313 0.896861 0
    outer loop
      vertex 48.425 14.9675 5.6
      vertex 48.5716 14.8952 -4.4
      vertex 48.425 14.9675 -4.4
    endloop
  endfacet
  facet normal 0.896618 0.442805 0
    outer loop
      vertex 47.9675 15.425 5.6
      vertex 47.8951 15.5716 -4.4
      vertex 47.8951 15.5716 5.6
    endloop
  endfacet
  facet normal 0.896618 0.442805 0
    outer loop
      vertex 47.8951 15.5716 -4.4
      vertex 47.9675 15.425 5.6
      vertex 47.9675 15.425 -4.4
    endloop
  endfacet
  facet normal -0.896861 -0.442313 0
    outer loop
      vertex 50.2048 16.5284 -4.4
      vertex 50.1325 16.675 5.6
      vertex 50.1325 16.675 -4.4
    endloop
  endfacet
  facet normal -0.896861 -0.442313 0
    outer loop
      vertex 50.1325 16.675 5.6
      vertex 50.2048 16.5284 -4.4
      vertex 50.2048 16.5284 5.6
    endloop
  endfacet
  facet normal -0.75178 -0.659414 0
    outer loop
      vertex 50.0417 16.811 -4.4
      vertex 49.9339 16.9339 5.6
      vertex 49.9339 16.9339 -4.4
    endloop
  endfacet
  facet normal -0.75178 -0.659414 0
    outer loop
      vertex 49.9339 16.9339 5.6
      vertex 50.0417 16.811 -4.4
      vertex 50.0417 16.811 5.6
    endloop
  endfacet
  facet normal -0.0654233 -0.997858 0
    outer loop
      vertex 49.05 17.3 -4.4
      vertex 49.2132 17.2893 5.6
      vertex 49.05 17.3 5.6
    endloop
  endfacet
  facet normal -0.0654233 -0.997858 -0
    outer loop
      vertex 49.2132 17.2893 5.6
      vertex 49.05 17.3 -4.4
      vertex 49.2132 17.2893 -4.4
    endloop
  endfacet
  facet normal -0.442313 -0.896861 0
    outer loop
      vertex 49.5284 17.2048 -4.4
      vertex 49.675 17.1325 5.6
      vertex 49.5284 17.2048 5.6
    endloop
  endfacet
  facet normal -0.442313 -0.896861 -0
    outer loop
      vertex 49.675 17.1325 5.6
      vertex 49.5284 17.2048 -4.4
      vertex 49.675 17.1325 -4.4
    endloop
  endfacet
  facet normal 0.947082 -0.320993 0
    outer loop
      vertex 47.8426 16.3735 5.6
      vertex 47.8951 16.5284 -4.4
      vertex 47.8951 16.5284 5.6
    endloop
  endfacet
  facet normal 0.947082 -0.320993 0
    outer loop
      vertex 47.8951 16.5284 -4.4
      vertex 47.8426 16.3735 5.6
      vertex 47.8426 16.3735 -4.4
    endloop
  endfacet
  facet normal 0.555265 -0.831674 0
    outer loop
      vertex 48.289 17.0417 -4.4
      vertex 48.425 17.1325 5.6
      vertex 48.289 17.0417 5.6
    endloop
  endfacet
  facet normal 0.555265 -0.831674 0
    outer loop
      vertex 48.425 17.1325 5.6
      vertex 48.289 17.0417 -4.4
      vertex 48.425 17.1325 -4.4
    endloop
  endfacet
  facet normal 0.321541 -0.946896 0
    outer loop
      vertex 48.5716 17.2048 -4.4
      vertex 48.7265 17.2574 5.6
      vertex 48.5716 17.2048 5.6
    endloop
  endfacet
  facet normal 0.321541 -0.946896 0
    outer loop
      vertex 48.7265 17.2574 5.6
      vertex 48.5716 17.2048 -4.4
      vertex 48.7265 17.2574 -4.4
    endloop
  endfacet
  facet normal -0.321541 0.946896 0
    outer loop
      vertex 49.5284 14.8952 -4.4
      vertex 49.3735 14.8426 5.6
      vertex 49.5284 14.8952 5.6
    endloop
  endfacet
  facet normal -0.321541 0.946896 0
    outer loop
      vertex 49.3735 14.8426 5.6
      vertex 49.5284 14.8952 -4.4
      vertex 49.3735 14.8426 -4.4
    endloop
  endfacet
  facet normal -0.0654233 0.997858 0
    outer loop
      vertex 49.2132 14.8107 -4.4
      vertex 49.05 14.8 5.6
      vertex 49.2132 14.8107 5.6
    endloop
  endfacet
  facet normal -0.0654233 0.997858 0
    outer loop
      vertex 49.05 14.8 5.6
      vertex 49.2132 14.8107 -4.4
      vertex 49.05 14.8 -4.4
    endloop
  endfacet
  facet normal -0.195175 0.980768 0
    outer loop
      vertex 49.3735 14.8426 -4.4
      vertex 49.2132 14.8107 5.6
      vertex 49.3735 14.8426 5.6
    endloop
  endfacet
  facet normal -0.195175 0.980768 0
    outer loop
      vertex 49.2132 14.8107 5.6
      vertex 49.3735 14.8426 -4.4
      vertex 49.2132 14.8107 -4.4
    endloop
  endfacet
  facet normal -0.555265 0.831674 0
    outer loop
      vertex 49.811 15.0583 -4.4
      vertex 49.675 14.9675 5.6
      vertex 49.811 15.0583 5.6
    endloop
  endfacet
  facet normal -0.555265 0.831674 0
    outer loop
      vertex 49.675 14.9675 5.6
      vertex 49.811 15.0583 -4.4
      vertex 49.675 14.9675 -4.4
    endloop
  endfacet
  facet normal -0.896861 0.442313 0
    outer loop
      vertex 50.1325 15.425 -4.4
      vertex 50.2048 15.5716 5.6
      vertex 50.2048 15.5716 -4.4
    endloop
  endfacet
  facet normal -0.896861 0.442313 0
    outer loop
      vertex 50.2048 15.5716 5.6
      vertex 50.1325 15.425 -4.4
      vertex 50.1325 15.425 5.6
    endloop
  endfacet
  facet normal -0.75178 0.659414 0
    outer loop
      vertex 49.9339 15.1661 -4.4
      vertex 50.0417 15.289 5.6
      vertex 50.0417 15.289 -4.4
    endloop
  endfacet
  facet normal -0.75178 0.659414 0
    outer loop
      vertex 50.0417 15.289 5.6
      vertex 49.9339 15.1661 -4.4
      vertex 49.9339 15.1661 5.6
    endloop
  endfacet
  facet normal -0.831674 0.555265 0
    outer loop
      vertex 50.0417 15.289 -4.4
      vertex 50.1325 15.425 5.6
      vertex 50.1325 15.425 -4.4
    endloop
  endfacet
  facet normal -0.831674 0.555265 0
    outer loop
      vertex 50.1325 15.425 5.6
      vertex 50.0417 15.289 -4.4
      vertex 50.0417 15.289 5.6
    endloop
  endfacet
  facet normal 0.195175 0.980768 -0
    outer loop
      vertex 48.8868 14.8107 -4.4
      vertex 48.7265 14.8426 5.6
      vertex 48.8868 14.8107 5.6
    endloop
  endfacet
  facet normal 0.195175 0.980768 0
    outer loop
      vertex 48.7265 14.8426 5.6
      vertex 48.8868 14.8107 -4.4
      vertex 48.7265 14.8426 -4.4
    endloop
  endfacet
  facet normal 0.659414 0.75178 -0
    outer loop
      vertex 48.289 15.0583 -4.4
      vertex 48.1661 15.1661 5.6
      vertex 48.289 15.0583 5.6
    endloop
  endfacet
  facet normal 0.659414 0.75178 0
    outer loop
      vertex 48.1661 15.1661 5.6
      vertex 48.289 15.0583 -4.4
      vertex 48.1661 15.1661 -4.4
    endloop
  endfacet
  facet normal 0.0654233 0.997858 -0
    outer loop
      vertex 49.05 14.8 -4.4
      vertex 48.8868 14.8107 5.6
      vertex 49.05 14.8 5.6
    endloop
  endfacet
  facet normal 0.0654233 0.997858 0
    outer loop
      vertex 48.8868 14.8107 5.6
      vertex 49.05 14.8 -4.4
      vertex 48.8868 14.8107 -4.4
    endloop
  endfacet
  facet normal 0.555265 0.831674 -0
    outer loop
      vertex 48.425 14.9675 -4.4
      vertex 48.289 15.0583 5.6
      vertex 48.425 14.9675 5.6
    endloop
  endfacet
  facet normal 0.555265 0.831674 0
    outer loop
      vertex 48.289 15.0583 5.6
      vertex 48.425 14.9675 -4.4
      vertex 48.289 15.0583 -4.4
    endloop
  endfacet
  facet normal 0.75178 0.659414 0
    outer loop
      vertex 48.1661 15.1661 5.6
      vertex 48.0583 15.289 -4.4
      vertex 48.0583 15.289 5.6
    endloop
  endfacet
  facet normal 0.75178 0.659414 0
    outer loop
      vertex 48.0583 15.289 -4.4
      vertex 48.1661 15.1661 5.6
      vertex 48.1661 15.1661 -4.4
    endloop
  endfacet
  facet normal 0.947082 0.320993 0
    outer loop
      vertex 47.8951 15.5716 5.6
      vertex 47.8426 15.7265 -4.4
      vertex 47.8426 15.7265 5.6
    endloop
  endfacet
  facet normal 0.947082 0.320993 0
    outer loop
      vertex 47.8426 15.7265 -4.4
      vertex 47.8951 15.5716 5.6
      vertex 47.8951 15.5716 -4.4
    endloop
  endfacet
  facet normal 0.997858 0.0654233 0
    outer loop
      vertex 47.8107 15.8868 5.6
      vertex 47.8 16.05 -4.4
      vertex 47.8 16.05 5.6
    endloop
  endfacet
  facet normal 0.997858 0.0654233 0
    outer loop
      vertex 47.8 16.05 -4.4
      vertex 47.8107 15.8868 5.6
      vertex 47.8107 15.8868 -4.4
    endloop
  endfacet
  facet normal 0.980768 0.195175 0
    outer loop
      vertex 47.8426 15.7265 5.6
      vertex 47.8107 15.8868 -4.4
      vertex 47.8107 15.8868 5.6
    endloop
  endfacet
  facet normal 0.980768 0.195175 0
    outer loop
      vertex 47.8107 15.8868 -4.4
      vertex 47.8426 15.7265 5.6
      vertex 47.8426 15.7265 -4.4
    endloop
  endfacet
  facet normal -0.997858 0.0654233 0
    outer loop
      vertex 50.2893 15.8868 -4.4
      vertex 50.3 16.05 5.6
      vertex 50.3 16.05 -4.4
    endloop
  endfacet
  facet normal -0.997858 0.0654233 0
    outer loop
      vertex 50.3 16.05 5.6
      vertex 50.2893 15.8868 -4.4
      vertex 50.2893 15.8868 5.6
    endloop
  endfacet
  facet normal 0.980768 -0.195175 0
    outer loop
      vertex 47.8107 28.2132 5.6
      vertex 47.8426 28.3735 -4.4
      vertex 47.8426 28.3735 5.6
    endloop
  endfacet
  facet normal 0.980768 -0.195175 0
    outer loop
      vertex 47.8426 28.3735 -4.4
      vertex 47.8107 28.2132 5.6
      vertex 47.8107 28.2132 -4.4
    endloop
  endfacet
  facet normal 0.320993 0.947082 -0
    outer loop
      vertex 48.7265 26.8426 -4.4
      vertex 48.5716 26.8951 5.6
      vertex 48.7265 26.8426 5.6
    endloop
  endfacet
  facet normal 0.320993 0.947082 0
    outer loop
      vertex 48.5716 26.8951 5.6
      vertex 48.7265 26.8426 -4.4
      vertex 48.5716 26.8951 -4.4
    endloop
  endfacet
  facet normal -0.442313 -0.896861 0
    outer loop
      vertex 49.5284 29.2048 -4.4
      vertex 49.675 29.1325 5.6
      vertex 49.5284 29.2048 5.6
    endloop
  endfacet
  facet normal -0.442313 -0.896861 -0
    outer loop
      vertex 49.675 29.1325 5.6
      vertex 49.5284 29.2048 -4.4
      vertex 49.675 29.1325 -4.4
    endloop
  endfacet
  facet normal 0.442313 -0.896861 0
    outer loop
      vertex 48.425 29.1325 -4.4
      vertex 48.5716 29.2048 5.6
      vertex 48.425 29.1325 5.6
    endloop
  endfacet
  facet normal 0.442313 -0.896861 0
    outer loop
      vertex 48.5716 29.2048 5.6
      vertex 48.425 29.1325 -4.4
      vertex 48.5716 29.2048 -4.4
    endloop
  endfacet
  facet normal 0.947082 -0.320993 0
    outer loop
      vertex 47.8426 28.3735 5.6
      vertex 47.8951 28.5284 -4.4
      vertex 47.8951 28.5284 5.6
    endloop
  endfacet
  facet normal 0.947082 -0.320993 0
    outer loop
      vertex 47.8951 28.5284 -4.4
      vertex 47.8426 28.3735 5.6
      vertex 47.8426 28.3735 -4.4
    endloop
  endfacet
  facet normal 0.896618 0.442805 0
    outer loop
      vertex 47.9675 27.425 5.6
      vertex 47.8951 27.5716 -4.4
      vertex 47.8951 27.5716 5.6
    endloop
  endfacet
  facet normal 0.896618 0.442805 0
    outer loop
      vertex 47.8951 27.5716 -4.4
      vertex 47.9675 27.425 5.6
      vertex 47.9675 27.425 -4.4
    endloop
  endfacet
  facet normal -0.980768 -0.195175 0
    outer loop
      vertex 50.2893 28.2132 -4.4
      vertex 50.2574 28.3735 5.6
      vertex 50.2574 28.3735 -4.4
    endloop
  endfacet
  facet normal -0.980768 -0.195175 0
    outer loop
      vertex 50.2574 28.3735 5.6
      vertex 50.2893 28.2132 -4.4
      vertex 50.2893 28.2132 5.6
    endloop
  endfacet
  facet normal -0.946896 -0.321541 0
    outer loop
      vertex 50.2574 28.3735 -4.4
      vertex 50.2048 28.5284 5.6
      vertex 50.2048 28.5284 -4.4
    endloop
  endfacet
  facet normal -0.946896 -0.321541 0
    outer loop
      vertex 50.2048 28.5284 5.6
      vertex 50.2574 28.3735 -4.4
      vertex 50.2574 28.3735 5.6
    endloop
  endfacet
  facet normal -0.831674 -0.555265 0
    outer loop
      vertex 50.1325 28.675 -4.4
      vertex 50.0417 28.811 5.6
      vertex 50.0417 28.811 -4.4
    endloop
  endfacet
  facet normal -0.831674 -0.555265 0
    outer loop
      vertex 50.0417 28.811 5.6
      vertex 50.1325 28.675 -4.4
      vertex 50.1325 28.675 5.6
    endloop
  endfacet
  facet normal -0.75178 -0.659414 0
    outer loop
      vertex 50.0417 28.811 -4.4
      vertex 49.9339 28.9339 5.6
      vertex 49.9339 28.9339 -4.4
    endloop
  endfacet
  facet normal -0.75178 -0.659414 0
    outer loop
      vertex 49.9339 28.9339 5.6
      vertex 50.0417 28.811 -4.4
      vertex 50.0417 28.811 5.6
    endloop
  endfacet
  facet normal -0.321541 -0.946896 0
    outer loop
      vertex 49.3735 29.2574 -4.4
      vertex 49.5284 29.2048 5.6
      vertex 49.3735 29.2574 5.6
    endloop
  endfacet
  facet normal -0.321541 -0.946896 -0
    outer loop
      vertex 49.5284 29.2048 5.6
      vertex 49.3735 29.2574 -4.4
      vertex 49.5284 29.2048 -4.4
    endloop
  endfacet
  facet normal -0.195175 -0.980768 0
    outer loop
      vertex 49.2132 29.2893 -4.4
      vertex 49.3735 29.2574 5.6
      vertex 49.2132 29.2893 5.6
    endloop
  endfacet
  facet normal -0.195175 -0.980768 -0
    outer loop
      vertex 49.3735 29.2574 5.6
      vertex 49.2132 29.2893 -4.4
      vertex 49.3735 29.2574 -4.4
    endloop
  endfacet
  facet normal 0.997858 -0.0654233 0
    outer loop
      vertex 47.8 28.05 5.6
      vertex 47.8107 28.2132 -4.4
      vertex 47.8107 28.2132 5.6
    endloop
  endfacet
  facet normal 0.997858 -0.0654233 0
    outer loop
      vertex 47.8107 28.2132 -4.4
      vertex 47.8 28.05 5.6
      vertex 47.8 28.05 -4.4
    endloop
  endfacet
  facet normal 0.831674 -0.555265 0
    outer loop
      vertex 47.9675 28.675 5.6
      vertex 48.0583 28.811 -4.4
      vertex 48.0583 28.811 5.6
    endloop
  endfacet
  facet normal 0.831674 -0.555265 0
    outer loop
      vertex 48.0583 28.811 -4.4
      vertex 47.9675 28.675 5.6
      vertex 47.9675 28.675 -4.4
    endloop
  endfacet
  facet normal 0.75178 -0.659414 0
    outer loop
      vertex 48.0583 28.811 5.6
      vertex 48.1661 28.9339 -4.4
      vertex 48.1661 28.9339 5.6
    endloop
  endfacet
  facet normal 0.75178 -0.659414 0
    outer loop
      vertex 48.1661 28.9339 -4.4
      vertex 48.0583 28.811 5.6
      vertex 48.0583 28.811 -4.4
    endloop
  endfacet
  facet normal -0.980768 0.195175 0
    outer loop
      vertex 50.2574 27.7265 -4.4
      vertex 50.2893 27.8868 5.6
      vertex 50.2893 27.8868 -4.4
    endloop
  endfacet
  facet normal -0.980768 0.195175 0
    outer loop
      vertex 50.2893 27.8868 5.6
      vertex 50.2574 27.7265 -4.4
      vertex 50.2574 27.7265 5.6
    endloop
  endfacet
  facet normal -0.320993 0.947082 0
    outer loop
      vertex 49.5284 26.8951 -4.4
      vertex 49.3735 26.8426 5.6
      vertex 49.5284 26.8951 5.6
    endloop
  endfacet
  facet normal -0.320993 0.947082 0
    outer loop
      vertex 49.3735 26.8426 5.6
      vertex 49.5284 26.8951 -4.4
      vertex 49.3735 26.8426 -4.4
    endloop
  endfacet
  facet normal -0.75178 0.659414 0
    outer loop
      vertex 49.9339 27.1661 -4.4
      vertex 50.0417 27.289 5.6
      vertex 50.0417 27.289 -4.4
    endloop
  endfacet
  facet normal -0.75178 0.659414 0
    outer loop
      vertex 50.0417 27.289 5.6
      vertex 49.9339 27.1661 -4.4
      vertex 49.9339 27.1661 5.6
    endloop
  endfacet
  facet normal -0.659414 0.75178 0
    outer loop
      vertex 49.9339 27.1661 -4.4
      vertex 49.811 27.0583 5.6
      vertex 49.9339 27.1661 5.6
    endloop
  endfacet
  facet normal -0.659414 0.75178 0
    outer loop
      vertex 49.811 27.0583 5.6
      vertex 49.9339 27.1661 -4.4
      vertex 49.811 27.0583 -4.4
    endloop
  endfacet
  facet normal -0.442805 0.896618 0
    outer loop
      vertex 49.675 26.9675 -4.4
      vertex 49.5284 26.8951 5.6
      vertex 49.675 26.9675 5.6
    endloop
  endfacet
  facet normal -0.442805 0.896618 0
    outer loop
      vertex 49.5284 26.8951 5.6
      vertex 49.675 26.9675 -4.4
      vertex 49.5284 26.8951 -4.4
    endloop
  endfacet
  facet normal 0.555265 0.831674 -0
    outer loop
      vertex 48.425 26.9675 -4.4
      vertex 48.289 27.0583 5.6
      vertex 48.425 26.9675 5.6
    endloop
  endfacet
  facet normal 0.555265 0.831674 0
    outer loop
      vertex 48.289 27.0583 5.6
      vertex 48.425 26.9675 -4.4
      vertex 48.289 27.0583 -4.4
    endloop
  endfacet
  facet normal 0.980768 0.195175 0
    outer loop
      vertex 47.8426 27.7265 5.6
      vertex 47.8107 27.8868 -4.4
      vertex 47.8107 27.8868 5.6
    endloop
  endfacet
  facet normal 0.980768 0.195175 0
    outer loop
      vertex 47.8107 27.8868 -4.4
      vertex 47.8426 27.7265 5.6
      vertex 47.8426 27.7265 -4.4
    endloop
  endfacet
  facet normal -0.896861 -0.442313 0
    outer loop
      vertex 50.2048 28.5284 -4.4
      vertex 50.1325 28.675 5.6
      vertex 50.1325 28.675 -4.4
    endloop
  endfacet
  facet normal -0.896861 -0.442313 0
    outer loop
      vertex 50.1325 28.675 5.6
      vertex 50.2048 28.5284 -4.4
      vertex 50.2048 28.5284 5.6
    endloop
  endfacet
  facet normal -0.659414 -0.75178 0
    outer loop
      vertex 49.811 29.0417 -4.4
      vertex 49.9339 28.9339 5.6
      vertex 49.811 29.0417 5.6
    endloop
  endfacet
  facet normal -0.659414 -0.75178 -0
    outer loop
      vertex 49.9339 28.9339 5.6
      vertex 49.811 29.0417 -4.4
      vertex 49.9339 28.9339 -4.4
    endloop
  endfacet
  facet normal 0.0654233 -0.997858 0
    outer loop
      vertex 48.8868 29.2893 -4.4
      vertex 49.05 29.3 5.6
      vertex 48.8868 29.2893 5.6
    endloop
  endfacet
  facet normal 0.0654233 -0.997858 0
    outer loop
      vertex 49.05 29.3 5.6
      vertex 48.8868 29.2893 -4.4
      vertex 49.05 29.3 -4.4
    endloop
  endfacet
  facet normal -0.0654233 -0.997858 0
    outer loop
      vertex 49.05 29.3 -4.4
      vertex 49.2132 29.2893 5.6
      vertex 49.05 29.3 5.6
    endloop
  endfacet
  facet normal -0.0654233 -0.997858 -0
    outer loop
      vertex 49.2132 29.2893 5.6
      vertex 49.05 29.3 -4.4
      vertex 49.2132 29.2893 -4.4
    endloop
  endfacet
  facet normal 0 0 -1
    outer loop
      vertex 50.2893 27.8868 5.6
      vertex 50.2893 28.2132 5.6
      vertex 50.3 28.05 5.6
    endloop
  endfacet
  facet normal 0 0 -1
    outer loop
      vertex 50.2574 27.7265 5.6
      vertex 50.2893 28.2132 5.6
      vertex 50.2893 27.8868 5.6
    endloop
  endfacet
  facet normal 0 0 -1
    outer loop
      vertex 50.2574 27.7265 5.6
      vertex 50.2574 28.3735 5.6
      vertex 50.2893 28.2132 5.6
    endloop
  endfacet
  facet normal 0 0 -1
    outer loop
      vertex 50.2048 27.5716 5.6
      vertex 50.2574 28.3735 5.6
      vertex 50.2574 27.7265 5.6
    endloop
  endfacet
  facet normal 0 0 -1
    outer loop
      vertex 50.2048 27.5716 5.6
      vertex 50.2048 28.5284 5.6
      vertex 50.2574 28.3735 5.6
    endloop
  endfacet
  facet normal 0 0 -1
    outer loop
      vertex 50.1325 27.425 5.6
      vertex 50.2048 28.5284 5.6
      vertex 50.2048 27.5716 5.6
    endloop
  endfacet
  facet normal 0 0 -1
    outer loop
      vertex 50.1325 27.425 5.6
      vertex 50.1325 28.675 5.6
      vertex 50.2048 28.5284 5.6
    endloop
  endfacet
  facet normal 0 0 -1
    outer loop
      vertex 50.0417 27.289 5.6
      vertex 50.1325 28.675 5.6
      vertex 50.1325 27.425 5.6
    endloop
  endfacet
  facet normal 0 0 -1
    outer loop
      vertex 50.0417 27.289 5.6
      vertex 50.0417 28.811 5.6
      vertex 50.1325 28.675 5.6
    endloop
  endfacet
  facet normal 0 0 -1
    outer loop
      vertex 49.9339 27.1661 5.6
      vertex 50.0417 28.811 5.6
      vertex 50.0417 27.289 5.6
    endloop
  endfacet
  facet normal 0 0 -1
    outer loop
      vertex 49.9339 27.1661 5.6
      vertex 49.9339 28.9339 5.6
      vertex 50.0417 28.811 5.6
    endloop
  endfacet
  facet normal 0 0 -1
    outer loop
      vertex 49.811 27.0583 5.6
      vertex 49.9339 28.9339 5.6
      vertex 49.9339 27.1661 5.6
    endloop
  endfacet
  facet normal 0 0 -1
    outer loop
      vertex 49.811 27.0583 5.6
      vertex 49.811 29.0417 5.6
      vertex 49.9339 28.9339 5.6
    endloop
  endfacet
  facet normal 0 0 -1
    outer loop
      vertex 49.675 26.9675 5.6
      vertex 49.811 29.0417 5.6
      vertex 49.811 27.0583 5.6
    endloop
  endfacet
  facet normal 0 0 -1
    outer loop
      vertex 49.675 26.9675 5.6
      vertex 49.675 29.1325 5.6
      vertex 49.811 29.0417 5.6
    endloop
  endfacet
  facet normal 0 0 -1
    outer loop
      vertex 49.5284 26.8951 5.6
      vertex 49.675 29.1325 5.6
      vertex 49.675 26.9675 5.6
    endloop
  endfacet
  facet normal 0 0 -1
    outer loop
      vertex 49.5284 26.8951 5.6
      vertex 49.5284 29.2048 5.6
      vertex 49.675 29.1325 5.6
    endloop
  endfacet
  facet normal 0 0 -1
    outer loop
      vertex 49.3735 26.8426 5.6
      vertex 49.5284 29.2048 5.6
      vertex 49.5284 26.8951 5.6
    endloop
  endfacet
  facet normal 0 0 -1
    outer loop
      vertex 49.3735 26.8426 5.6
      vertex 49.3735 29.2574 5.6
      vertex 49.5284 29.2048 5.6
    endloop
  endfacet
  facet normal 0 0 -1
    outer loop
      vertex 49.2132 26.8107 5.6
      vertex 49.3735 29.2574 5.6
      vertex 49.3735 26.8426 5.6
    endloop
  endfacet
  facet normal 0 0 -1
    outer loop
      vertex 49.2132 26.8107 5.6
      vertex 49.2132 29.2893 5.6
      vertex 49.3735 29.2574 5.6
    endloop
  endfacet
  facet normal 0 0 -1
    outer loop
      vertex 49.05 26.8 5.6
      vertex 49.2132 29.2893 5.6
      vertex 49.2132 26.8107 5.6
    endloop
  endfacet
  facet normal 0 0 -1
    outer loop
      vertex 49.05 26.8 5.6
      vertex 49.05 29.3 5.6
      vertex 49.2132 29.2893 5.6
    endloop
  endfacet
  facet normal 0 0 -1
    outer loop
      vertex 48.8868 26.8107 5.6
      vertex 49.05 29.3 5.6
      vertex 49.05 26.8 5.6
    endloop
  endfacet
  facet normal 0 0 -1
    outer loop
      vertex 48.8868 26.8107 5.6
      vertex 48.8868 29.2893 5.6
      vertex 49.05 29.3 5.6
    endloop
  endfacet
  facet normal 0 0 -1
    outer loop
      vertex 48.7265 26.8426 5.6
      vertex 48.8868 29.2893 5.6
      vertex 48.8868 26.8107 5.6
    endloop
  endfacet
  facet normal 0 0 -1
    outer loop
      vertex 48.7265 26.8426 5.6
      vertex 48.7265 29.2574 5.6
      vertex 48.8868 29.2893 5.6
    endloop
  endfacet
  facet normal 0 0 -1
    outer loop
      vertex 48.5716 26.8951 5.6
      vertex 48.7265 29.2574 5.6
      vertex 48.7265 26.8426 5.6
    endloop
  endfacet
  facet normal 0 0 -1
    outer loop
      vertex 48.5716 26.8951 5.6
      vertex 48.5716 29.2048 5.6
      vertex 48.7265 29.2574 5.6
    endloop
  endfacet
  facet normal 0 0 -1
    outer loop
      vertex 48.425 26.9675 5.6
      vertex 48.5716 29.2048 5.6
      vertex 48.5716 26.8951 5.6
    endloop
  endfacet
  facet normal 0 0 -1
    outer loop
      vertex 48.425 26.9675 5.6
      vertex 48.425 29.1325 5.6
      vertex 48.5716 29.2048 5.6
    endloop
  endfacet
  facet normal 0 0 -1
    outer loop
      vertex 48.289 27.0583 5.6
      vertex 48.425 29.1325 5.6
      vertex 48.425 26.9675 5.6
    endloop
  endfacet
  facet normal 0 0 -1
    outer loop
      vertex 48.289 27.0583 5.6
      vertex 48.289 29.0417 5.6
      vertex 48.425 29.1325 5.6
    endloop
  endfacet
  facet normal 0 0 -1
    outer loop
      vertex 48.1661 27.1661 5.6
      vertex 48.289 29.0417 5.6
      vertex 48.289 27.0583 5.6
    endloop
  endfacet
  facet normal 0 0 -1
    outer loop
      vertex 48.1661 27.1661 5.6
      vertex 48.1661 28.9339 5.6
      vertex 48.289 29.0417 5.6
    endloop
  endfacet
  facet normal 0 0 -1
    outer loop
      vertex 48.0583 27.289 5.6
      vertex 48.1661 28.9339 5.6
      vertex 48.1661 27.1661 5.6
    endloop
  endfacet
  facet normal 0 0 -1
    outer loop
      vertex 48.0583 27.289 5.6
      vertex 48.0583 28.811 5.6
      vertex 48.1661 28.9339 5.6
    endloop
  endfacet
  facet normal 0 0 -1
    outer loop
      vertex 47.9675 27.425 5.6
      vertex 48.0583 28.811 5.6
      vertex 48.0583 27.289 5.6
    endloop
  endfacet
  facet normal 0 0 -1
    outer loop
      vertex 47.9675 27.425 5.6
      vertex 47.9675 28.675 5.6
      vertex 48.0583 28.811 5.6
    endloop
  endfacet
  facet normal 0 0 -1
    outer loop
      vertex 47.8951 27.5716 5.6
      vertex 47.9675 28.675 5.6
      vertex 47.9675 27.425 5.6
    endloop
  endfacet
  facet normal 0 0 -1
    outer loop
      vertex 47.8951 27.5716 5.6
      vertex 47.8951 28.5284 5.6
      vertex 47.9675 28.675 5.6
    endloop
  endfacet
  facet normal 0 0 -1
    outer loop
      vertex 47.8426 27.7265 5.6
      vertex 47.8951 28.5284 5.6
      vertex 47.8951 27.5716 5.6
    endloop
  endfacet
  facet normal 0 0 -1
    outer loop
      vertex 47.8426 27.7265 5.6
      vertex 47.8426 28.3735 5.6
      vertex 47.8951 28.5284 5.6
    endloop
  endfacet
  facet normal 0 0 -1
    outer loop
      vertex 47.8107 27.8868 5.6
      vertex 47.8426 28.3735 5.6
      vertex 47.8426 27.7265 5.6
    endloop
  endfacet
  facet normal 0 0 -1
    outer loop
      vertex 47.8107 27.8868 5.6
      vertex 47.8107 28.2132 5.6
      vertex 47.8426 28.3735 5.6
    endloop
  endfacet
  facet normal 0 -0 -1
    outer loop
      vertex 47.8107 28.2132 5.6
      vertex 47.8107 27.8868 5.6
      vertex 47.8 28.05 5.6
    endloop
  endfacet
  facet normal 0.896618 -0.442805 0
    outer loop
      vertex 47.8951 28.5284 5.6
      vertex 47.9675 28.675 -4.4
      vertex 47.9675 28.675 5.6
    endloop
  endfacet
  facet normal 0.896618 -0.442805 0
    outer loop
      vertex 47.9675 28.675 -4.4
      vertex 47.8951 28.5284 5.6
      vertex 47.8951 28.5284 -4.4
    endloop
  endfacet
  facet normal 0.195175 -0.980768 0
    outer loop
      vertex 48.7265 29.2574 -4.4
      vertex 48.8868 29.2893 5.6
      vertex 48.7265 29.2574 5.6
    endloop
  endfacet
  facet normal 0.195175 -0.980768 0
    outer loop
      vertex 48.8868 29.2893 5.6
      vertex 48.7265 29.2574 -4.4
      vertex 48.8868 29.2893 -4.4
    endloop
  endfacet
  facet normal 0.321541 -0.946896 0
    outer loop
      vertex 48.5716 29.2048 -4.4
      vertex 48.7265 29.2574 5.6
      vertex 48.5716 29.2048 5.6
    endloop
  endfacet
  facet normal 0.321541 -0.946896 0
    outer loop
      vertex 48.7265 29.2574 5.6
      vertex 48.5716 29.2048 -4.4
      vertex 48.7265 29.2574 -4.4
    endloop
  endfacet
  facet normal 0.555265 -0.831674 0
    outer loop
      vertex 48.289 29.0417 -4.4
      vertex 48.425 29.1325 5.6
      vertex 48.289 29.0417 5.6
    endloop
  endfacet
  facet normal 0.555265 -0.831674 0
    outer loop
      vertex 48.425 29.1325 5.6
      vertex 48.289 29.0417 -4.4
      vertex 48.425 29.1325 -4.4
    endloop
  endfacet
  facet normal 0.659414 -0.75178 0
    outer loop
      vertex 48.1661 28.9339 -4.4
      vertex 48.289 29.0417 5.6
      vertex 48.1661 28.9339 5.6
    endloop
  endfacet
  facet normal 0.659414 -0.75178 0
    outer loop
      vertex 48.289 29.0417 5.6
      vertex 48.1661 28.9339 -4.4
      vertex 48.289 29.0417 -4.4
    endloop
  endfacet
  facet normal -0.997858 -0.0654233 0
    outer loop
      vertex 50.3 28.05 -4.4
      vertex 50.2893 28.2132 5.6
      vertex 50.2893 28.2132 -4.4
    endloop
  endfacet
  facet normal -0.997858 -0.0654233 0
    outer loop
      vertex 50.2893 28.2132 5.6
      vertex 50.3 28.05 -4.4
      vertex 50.3 28.05 5.6
    endloop
  endfacet
  facet normal -0.0654233 0.997858 0
    outer loop
      vertex 49.2132 26.8107 -4.4
      vertex 49.05 26.8 5.6
      vertex 49.2132 26.8107 5.6
    endloop
  endfacet
  facet normal -0.0654233 0.997858 0
    outer loop
      vertex 49.05 26.8 5.6
      vertex 49.2132 26.8107 -4.4
      vertex 49.05 26.8 -4.4
    endloop
  endfacet
  facet normal -0.946896 0.321541 0
    outer loop
      vertex 50.2048 27.5716 -4.4
      vertex 50.2574 27.7265 5.6
      vertex 50.2574 27.7265 -4.4
    endloop
  endfacet
  facet normal -0.946896 0.321541 0
    outer loop
      vertex 50.2574 27.7265 5.6
      vertex 50.2048 27.5716 -4.4
      vertex 50.2048 27.5716 5.6
    endloop
  endfacet
  facet normal -0.195175 0.980768 0
    outer loop
      vertex 49.3735 26.8426 -4.4
      vertex 49.2132 26.8107 5.6
      vertex 49.3735 26.8426 5.6
    endloop
  endfacet
  facet normal -0.195175 0.980768 0
    outer loop
      vertex 49.2132 26.8107 5.6
      vertex 49.3735 26.8426 -4.4
      vertex 49.2132 26.8107 -4.4
    endloop
  endfacet
  facet normal -0.555265 0.831674 0
    outer loop
      vertex 49.811 27.0583 -4.4
      vertex 49.675 26.9675 5.6
      vertex 49.811 27.0583 5.6
    endloop
  endfacet
  facet normal -0.555265 0.831674 0
    outer loop
      vertex 49.675 26.9675 5.6
      vertex 49.811 27.0583 -4.4
      vertex 49.675 26.9675 -4.4
    endloop
  endfacet
  facet normal -0.896861 0.442313 0
    outer loop
      vertex 50.1325 27.425 -4.4
      vertex 50.2048 27.5716 5.6
      vertex 50.2048 27.5716 -4.4
    endloop
  endfacet
  facet normal -0.896861 0.442313 0
    outer loop
      vertex 50.2048 27.5716 5.6
      vertex 50.1325 27.425 -4.4
      vertex 50.1325 27.425 5.6
    endloop
  endfacet
  facet normal 0.195175 0.980768 -0
    outer loop
      vertex 48.8868 26.8107 -4.4
      vertex 48.7265 26.8426 5.6
      vertex 48.8868 26.8107 5.6
    endloop
  endfacet
  facet normal 0.195175 0.980768 0
    outer loop
      vertex 48.7265 26.8426 5.6
      vertex 48.8868 26.8107 -4.4
      vertex 48.7265 26.8426 -4.4
    endloop
  endfacet
  facet normal 0.0654233 0.997858 -0
    outer loop
      vertex 49.05 26.8 -4.4
      vertex 48.8868 26.8107 5.6
      vertex 49.05 26.8 5.6
    endloop
  endfacet
  facet normal 0.0654233 0.997858 0
    outer loop
      vertex 48.8868 26.8107 5.6
      vertex 49.05 26.8 -4.4
      vertex 48.8868 26.8107 -4.4
    endloop
  endfacet
  facet normal 0.442805 0.896618 -0
    outer loop
      vertex 48.5716 26.8951 -4.4
      vertex 48.425 26.9675 5.6
      vertex 48.5716 26.8951 5.6
    endloop
  endfacet
  facet normal 0.442805 0.896618 0
    outer loop
      vertex 48.425 26.9675 5.6
      vertex 48.5716 26.8951 -4.4
      vertex 48.425 26.9675 -4.4
    endloop
  endfacet
  facet normal 0.659414 0.75178 -0
    outer loop
      vertex 48.289 27.0583 -4.4
      vertex 48.1661 27.1661 5.6
      vertex 48.289 27.0583 5.6
    endloop
  endfacet
  facet normal 0.659414 0.75178 0
    outer loop
      vertex 48.1661 27.1661 5.6
      vertex 48.289 27.0583 -4.4
      vertex 48.1661 27.1661 -4.4
    endloop
  endfacet
  facet normal 0.947082 0.320993 0
    outer loop
      vertex 47.8951 27.5716 5.6
      vertex 47.8426 27.7265 -4.4
      vertex 47.8426 27.7265 5.6
    endloop
  endfacet
  facet normal 0.947082 0.320993 0
    outer loop
      vertex 47.8426 27.7265 -4.4
      vertex 47.8951 27.5716 5.6
      vertex 47.8951 27.5716 -4.4
    endloop
  endfacet
  facet normal 0.997858 0.0654233 0
    outer loop
      vertex 47.8107 27.8868 5.6
      vertex 47.8 28.05 -4.4
      vertex 47.8 28.05 5.6
    endloop
  endfacet
  facet normal 0.997858 0.0654233 0
    outer loop
      vertex 47.8 28.05 -4.4
      vertex 47.8107 27.8868 5.6
      vertex 47.8107 27.8868 -4.4
    endloop
  endfacet
  facet normal 0.831674 0.555265 0
    outer loop
      vertex 48.0583 27.289 5.6
      vertex 47.9675 27.425 -4.4
      vertex 47.9675 27.425 5.6
    endloop
  endfacet
  facet normal 0.831674 0.555265 0
    outer loop
      vertex 47.9675 27.425 -4.4
      vertex 48.0583 27.289 5.6
      vertex 48.0583 27.289 -4.4
    endloop
  endfacet
  facet normal 0.75178 0.659414 0
    outer loop
      vertex 48.1661 27.1661 5.6
      vertex 48.0583 27.289 -4.4
      vertex 48.0583 27.289 5.6
    endloop
  endfacet
  facet normal 0.75178 0.659414 0
    outer loop
      vertex 48.0583 27.289 -4.4
      vertex 48.1661 27.1661 5.6
      vertex 48.1661 27.1661 -4.4
    endloop
  endfacet
  facet normal -0.555265 -0.831674 0
    outer loop
      vertex 49.675 29.1325 -4.4
      vertex 49.811 29.0417 5.6
      vertex 49.675 29.1325 5.6
    endloop
  endfacet
  facet normal -0.555265 -0.831674 -0
    outer loop
      vertex 49.811 29.0417 5.6
      vertex 49.675 29.1325 -4.4
      vertex 49.811 29.0417 -4.4
    endloop
  endfacet
  facet normal -0.831674 0.555265 0
    outer loop
      vertex 50.0417 27.289 -4.4
      vertex 50.1325 27.425 5.6
      vertex 50.1325 27.425 -4.4
    endloop
  endfacet
  facet normal -0.831674 0.555265 0
    outer loop
      vertex 50.1325 27.425 5.6
      vertex 50.0417 27.289 -4.4
      vertex 50.0417 27.289 5.6
    endloop
  endfacet
  facet normal -0.997858 0.0654233 0
    outer loop
      vertex 50.2893 27.8868 -4.4
      vertex 50.3 28.05 5.6
      vertex 50.3 28.05 -4.4
    endloop
  endfacet
  facet normal -0.997858 0.0654233 0
    outer loop
      vertex 50.3 28.05 5.6
      vertex 50.2893 27.8868 -4.4
      vertex 50.2893 27.8868 5.6
    endloop
  endfacet
  facet normal -0.896872 -0.44229 0
    outer loop
      vertex -2.04515 -2.92165 -6
      vertex -2.11747 -2.775 5.6
      vertex -2.11747 -2.775 -6
    endloop
  endfacet
  facet normal -0.896872 -0.44229 0
    outer loop
      vertex -2.11747 -2.775 5.6
      vertex -2.04515 -2.92165 -6
      vertex -2.04515 -2.92165 5.6
    endloop
  endfacet
  facet normal -0.831466 -0.555575 0
    outer loop
      vertex -2.11747 -2.775 -6
      vertex -2.20831 -2.63905 5.6
      vertex -2.20831 -2.63905 -6
    endloop
  endfacet
  facet normal -0.831466 -0.555575 0
    outer loop
      vertex -2.20831 -2.63905 5.6
      vertex -2.11747 -2.775 -6
      vertex -2.11747 -2.775 5.6
    endloop
  endfacet
  facet normal -0.321452 -0.946926 0
    outer loop
      vertex -2.87648 -2.19259 -6
      vertex -2.72165 -2.24515 5.6
      vertex -2.87648 -2.19259 5.6
    endloop
  endfacet
  facet normal -0.321452 -0.946926 -0
    outer loop
      vertex -2.72165 -2.24515 5.6
      vertex -2.87648 -2.19259 -6
      vertex -2.72165 -2.24515 -6
    endloop
  endfacet
  facet normal 0.44229 -0.896872 0
    outer loop
      vertex -3.825 -2.31747 -6
      vertex -3.67835 -2.24515 5.6
      vertex -3.825 -2.31747 5.6
    endloop
  endfacet
  facet normal 0.44229 -0.896872 0
    outer loop
      vertex -3.67835 -2.24515 5.6
      vertex -3.825 -2.31747 -6
      vertex -3.67835 -2.24515 -6
    endloop
  endfacet
  facet normal 0.896872 -0.44229 0
    outer loop
      vertex -4.35485 -2.92165 5.6
      vertex -4.28253 -2.775 -6
      vertex -4.28253 -2.775 5.6
    endloop
  endfacet
  facet normal 0.896872 -0.44229 0
    outer loop
      vertex -4.28253 -2.775 -6
      vertex -4.35485 -2.92165 5.6
      vertex -4.35485 -2.92165 -6
    endloop
  endfacet
  facet normal -0.555575 -0.831466 0
    outer loop
      vertex -2.575 -2.31747 -6
      vertex -2.43905 -2.40831 5.6
      vertex -2.575 -2.31747 5.6
    endloop
  endfacet
  facet normal -0.555575 -0.831466 -0
    outer loop
      vertex -2.43905 -2.40831 5.6
      vertex -2.575 -2.31747 -6
      vertex -2.43905 -2.40831 -6
    endloop
  endfacet
  facet normal 0.831466 -0.555575 0
    outer loop
      vertex -4.28253 -2.775 5.6
      vertex -4.19169 -2.63905 -6
      vertex -4.19169 -2.63905 5.6
    endloop
  endfacet
  facet normal 0.831466 -0.555575 0
    outer loop
      vertex -4.19169 -2.63905 -6
      vertex -4.28253 -2.775 5.6
      vertex -4.28253 -2.775 -6
    endloop
  endfacet
  facet normal 0.321452 -0.946926 0
    outer loop
      vertex -3.67835 -2.24515 -6
      vertex -3.52352 -2.19259 5.6
      vertex -3.67835 -2.24515 5.6
    endloop
  endfacet
  facet normal 0.321452 -0.946926 0
    outer loop
      vertex -3.52352 -2.19259 5.6
      vertex -3.67835 -2.24515 -6
      vertex -3.52352 -2.19259 -6
    endloop
  endfacet
  facet normal 0.75183 -0.659357 0
    outer loop
      vertex -4.19169 -2.63905 5.6
      vertex -4.08388 -2.51612 -6
      vertex -4.08388 -2.51612 5.6
    endloop
  endfacet
  facet normal 0.75183 -0.659357 0
    outer loop
      vertex -4.08388 -2.51612 -6
      vertex -4.19169 -2.63905 5.6
      vertex -4.19169 -2.63905 -6
    endloop
  endfacet
  facet normal -0.555575 0.831466 0
    outer loop
      vertex -2.43905 -4.39169 -6
      vertex -2.575 -4.48253 5.6
      vertex -2.43905 -4.39169 5.6
    endloop
  endfacet
  facet normal -0.555575 0.831466 0
    outer loop
      vertex -2.575 -4.48253 5.6
      vertex -2.43905 -4.39169 -6
      vertex -2.575 -4.48253 -6
    endloop
  endfacet
  facet normal -0.946926 0.321452 0
    outer loop
      vertex -2.04515 -3.87835 -6
      vertex -1.99259 -3.72352 5.6
      vertex -1.99259 -3.72352 -6
    endloop
  endfacet
  facet normal -0.946926 0.321452 0
    outer loop
      vertex -1.99259 -3.72352 5.6
      vertex -2.04515 -3.87835 -6
      vertex -2.04515 -3.87835 5.6
    endloop
  endfacet
  facet normal 0.659357 0.75183 -0
    outer loop
      vertex -3.96095 -4.39169 -6
      vertex -4.08388 -4.28388 5.6
      vertex -3.96095 -4.39169 5.6
    endloop
  endfacet
  facet normal 0.659357 0.75183 0
    outer loop
      vertex -4.08388 -4.28388 5.6
      vertex -3.96095 -4.39169 -6
      vertex -4.08388 -4.28388 -6
    endloop
  endfacet
  facet normal 0.896872 0.44229 0
    outer loop
      vertex -4.28253 -4.025 5.6
      vertex -4.35485 -3.87835 -6
      vertex -4.35485 -3.87835 5.6
    endloop
  endfacet
  facet normal 0.896872 0.44229 0
    outer loop
      vertex -4.35485 -3.87835 -6
      vertex -4.28253 -4.025 5.6
      vertex -4.28253 -4.025 -6
    endloop
  endfacet
  facet normal -0.946926 -0.321452 0
    outer loop
      vertex -1.99259 -3.07648 -6
      vertex -2.04515 -2.92165 5.6
      vertex -2.04515 -2.92165 -6
    endloop
  endfacet
  facet normal -0.946926 -0.321452 0
    outer loop
      vertex -2.04515 -2.92165 5.6
      vertex -1.99259 -3.07648 -6
      vertex -1.99259 -3.07648 5.6
    endloop
  endfacet
  facet normal -0.659357 -0.75183 0
    outer loop
      vertex -2.43905 -2.40831 -6
      vertex -2.31612 -2.51612 5.6
      vertex -2.43905 -2.40831 5.6
    endloop
  endfacet
  facet normal -0.659357 -0.75183 -0
    outer loop
      vertex -2.31612 -2.51612 5.6
      vertex -2.43905 -2.40831 -6
      vertex -2.31612 -2.51612 -6
    endloop
  endfacet
  facet normal 0.0653783 -0.997861 0
    outer loop
      vertex -3.36316 -2.16069 -6
      vertex -3.2 -2.15 5.6
      vertex -3.36316 -2.16069 5.6
    endloop
  endfacet
  facet normal 0.0653783 -0.997861 0
    outer loop
      vertex -3.2 -2.15 5.6
      vertex -3.36316 -2.16069 -6
      vertex -3.2 -2.15 -6
    endloop
  endfacet
  facet normal -0.195105 -0.980782 0
    outer loop
      vertex -3.03684 -2.16069 -6
      vertex -2.87648 -2.19259 5.6
      vertex -3.03684 -2.16069 5.6
    endloop
  endfacet
  facet normal -0.195105 -0.980782 -0
    outer loop
      vertex -2.87648 -2.19259 5.6
      vertex -3.03684 -2.16069 -6
      vertex -2.87648 -2.19259 -6
    endloop
  endfacet
  facet normal -0.44229 -0.896872 0
    outer loop
      vertex -2.72165 -2.24515 -6
      vertex -2.575 -2.31747 5.6
      vertex -2.72165 -2.24515 5.6
    endloop
  endfacet
  facet normal -0.44229 -0.896872 -0
    outer loop
      vertex -2.575 -2.31747 5.6
      vertex -2.72165 -2.24515 -6
      vertex -2.575 -2.31747 -6
    endloop
  endfacet
  facet normal 0.997861 -0.0653783 0
    outer loop
      vertex -4.45 -3.4 5.6
      vertex -4.43931 -3.23684 -6
      vertex -4.43931 -3.23684 5.6
    endloop
  endfacet
  facet normal 0.997861 -0.0653783 0
    outer loop
      vertex -4.43931 -3.23684 -6
      vertex -4.45 -3.4 5.6
      vertex -4.45 -3.4 -6
    endloop
  endfacet
  facet normal 0.946926 -0.321452 0
    outer loop
      vertex -4.40741 -3.07648 5.6
      vertex -4.35485 -2.92165 -6
      vertex -4.35485 -2.92165 5.6
    endloop
  endfacet
  facet normal 0.946926 -0.321452 0
    outer loop
      vertex -4.35485 -2.92165 -6
      vertex -4.40741 -3.07648 5.6
      vertex -4.40741 -3.07648 -6
    endloop
  endfacet
  facet normal 0.195105 -0.980782 0
    outer loop
      vertex -3.52352 -2.19259 -6
      vertex -3.36316 -2.16069 5.6
      vertex -3.52352 -2.19259 5.6
    endloop
  endfacet
  facet normal 0.195105 -0.980782 0
    outer loop
      vertex -3.36316 -2.16069 5.6
      vertex -3.52352 -2.19259 -6
      vertex -3.36316 -2.16069 -6
    endloop
  endfacet
  facet normal 0.659357 -0.75183 0
    outer loop
      vertex -4.08388 -2.51612 -6
      vertex -3.96095 -2.40831 5.6
      vertex -4.08388 -2.51612 5.6
    endloop
  endfacet
  facet normal 0.659357 -0.75183 0
    outer loop
      vertex -3.96095 -2.40831 5.6
      vertex -4.08388 -2.51612 -6
      vertex -3.96095 -2.40831 -6
    endloop
  endfacet
  facet normal 0.555575 -0.831466 0
    outer loop
      vertex -3.96095 -2.40831 -6
      vertex -3.825 -2.31747 5.6
      vertex -3.96095 -2.40831 5.6
    endloop
  endfacet
  facet normal 0.555575 -0.831466 0
    outer loop
      vertex -3.825 -2.31747 5.6
      vertex -3.96095 -2.40831 -6
      vertex -3.825 -2.31747 -6
    endloop
  endfacet
  facet normal -0.997861 -0.0653783 0
    outer loop
      vertex -1.95 -3.4 -6
      vertex -1.96069 -3.23684 5.6
      vertex -1.96069 -3.23684 -6
    endloop
  endfacet
  facet normal -0.997861 -0.0653783 0
    outer loop
      vertex -1.96069 -3.23684 5.6
      vertex -1.95 -3.4 -6
      vertex -1.95 -3.4 5.6
    endloop
  endfacet
  facet normal -0.997861 0.0653783 0
    outer loop
      vertex -1.96069 -3.56316 -6
      vertex -1.95 -3.4 5.6
      vertex -1.95 -3.4 -6
    endloop
  endfacet
  facet normal -0.997861 0.0653783 0
    outer loop
      vertex -1.95 -3.4 5.6
      vertex -1.96069 -3.56316 -6
      vertex -1.96069 -3.56316 5.6
    endloop
  endfacet
  facet normal -0.980782 0.195105 0
    outer loop
      vertex -1.99259 -3.72352 -6
      vertex -1.96069 -3.56316 5.6
      vertex -1.96069 -3.56316 -6
    endloop
  endfacet
  facet normal -0.980782 0.195105 0
    outer loop
      vertex -1.96069 -3.56316 5.6
      vertex -1.99259 -3.72352 -6
      vertex -1.99259 -3.72352 5.6
    endloop
  endfacet
  facet normal 0.831466 0.555575 0
    outer loop
      vertex -4.19169 -4.16095 5.6
      vertex -4.28253 -4.025 -6
      vertex -4.28253 -4.025 5.6
    endloop
  endfacet
  facet normal 0.831466 0.555575 0
    outer loop
      vertex -4.28253 -4.025 -6
      vertex -4.19169 -4.16095 5.6
      vertex -4.19169 -4.16095 -6
    endloop
  endfacet
  facet normal -0.195105 0.980782 0
    outer loop
      vertex -2.87648 -4.60741 -6
      vertex -3.03684 -4.63931 5.6
      vertex -2.87648 -4.60741 5.6
    endloop
  endfacet
  facet normal -0.195105 0.980782 0
    outer loop
      vertex -3.03684 -4.63931 5.6
      vertex -2.87648 -4.60741 -6
      vertex -3.03684 -4.63931 -6
    endloop
  endfacet
  facet normal -0.980782 -0.195105 0
    outer loop
      vertex -1.96069 -3.23684 -6
      vertex -1.99259 -3.07648 5.6
      vertex -1.99259 -3.07648 -6
    endloop
  endfacet
  facet normal -0.980782 -0.195105 0
    outer loop
      vertex -1.99259 -3.07648 5.6
      vertex -1.96069 -3.23684 -6
      vertex -1.96069 -3.23684 5.6
    endloop
  endfacet
  facet normal -0.75183 -0.659357 0
    outer loop
      vertex -2.20831 -2.63905 -6
      vertex -2.31612 -2.51612 5.6
      vertex -2.31612 -2.51612 -6
    endloop
  endfacet
  facet normal -0.75183 -0.659357 0
    outer loop
      vertex -2.31612 -2.51612 5.6
      vertex -2.20831 -2.63905 -6
      vertex -2.20831 -2.63905 5.6
    endloop
  endfacet
  facet normal -0.0653783 -0.997861 0
    outer loop
      vertex -3.2 -2.15 -6
      vertex -3.03684 -2.16069 5.6
      vertex -3.2 -2.15 5.6
    endloop
  endfacet
  facet normal -0.0653783 -0.997861 -0
    outer loop
      vertex -3.03684 -2.16069 5.6
      vertex -3.2 -2.15 -6
      vertex -3.03684 -2.16069 -6
    endloop
  endfacet
  facet normal 0 0 -1
    outer loop
      vertex -1.96069 -3.56316 5.6
      vertex -1.96069 -3.23684 5.6
      vertex -1.95 -3.4 5.6
    endloop
  endfacet
  facet normal 0 0 -1
    outer loop
      vertex -1.99259 -3.72352 5.6
      vertex -1.96069 -3.23684 5.6
      vertex -1.96069 -3.56316 5.6
    endloop
  endfacet
  facet normal 0 0 -1
    outer loop
      vertex -1.99259 -3.72352 5.6
      vertex -1.99259 -3.07648 5.6
      vertex -1.96069 -3.23684 5.6
    endloop
  endfacet
  facet normal 0 0 -1
    outer loop
      vertex -2.04515 -3.87835 5.6
      vertex -1.99259 -3.07648 5.6
      vertex -1.99259 -3.72352 5.6
    endloop
  endfacet
  facet normal 0 0 -1
    outer loop
      vertex -2.04515 -3.87835 5.6
      vertex -2.04515 -2.92165 5.6
      vertex -1.99259 -3.07648 5.6
    endloop
  endfacet
  facet normal 0 0 -1
    outer loop
      vertex -2.11747 -4.025 5.6
      vertex -2.04515 -2.92165 5.6
      vertex -2.04515 -3.87835 5.6
    endloop
  endfacet
  facet normal 0 0 -1
    outer loop
      vertex -2.11747 -4.025 5.6
      vertex -2.11747 -2.775 5.6
      vertex -2.04515 -2.92165 5.6
    endloop
  endfacet
  facet normal 0 0 -1
    outer loop
      vertex -2.20831 -4.16095 5.6
      vertex -2.11747 -2.775 5.6
      vertex -2.11747 -4.025 5.6
    endloop
  endfacet
  facet normal 0 0 -1
    outer loop
      vertex -2.20831 -4.16095 5.6
      vertex -2.20831 -2.63905 5.6
      vertex -2.11747 -2.775 5.6
    endloop
  endfacet
  facet normal 0 0 -1
    outer loop
      vertex -2.31612 -4.28388 5.6
      vertex -2.20831 -2.63905 5.6
      vertex -2.20831 -4.16095 5.6
    endloop
  endfacet
  facet normal 0 0 -1
    outer loop
      vertex -2.31612 -4.28388 5.6
      vertex -2.31612 -2.51612 5.6
      vertex -2.20831 -2.63905 5.6
    endloop
  endfacet
  facet normal 0 0 -1
    outer loop
      vertex -2.43905 -4.39169 5.6
      vertex -2.31612 -2.51612 5.6
      vertex -2.31612 -4.28388 5.6
    endloop
  endfacet
  facet normal 0 0 -1
    outer loop
      vertex -2.43905 -4.39169 5.6
      vertex -2.43905 -2.40831 5.6
      vertex -2.31612 -2.51612 5.6
    endloop
  endfacet
  facet normal 0 0 -1
    outer loop
      vertex -2.575 -4.48253 5.6
      vertex -2.43905 -2.40831 5.6
      vertex -2.43905 -4.39169 5.6
    endloop
  endfacet
  facet normal 0 0 -1
    outer loop
      vertex -2.575 -4.48253 5.6
      vertex -2.575 -2.31747 5.6
      vertex -2.43905 -2.40831 5.6
    endloop
  endfacet
  facet normal 0 0 -1
    outer loop
      vertex -2.72165 -4.55485 5.6
      vertex -2.575 -2.31747 5.6
      vertex -2.575 -4.48253 5.6
    endloop
  endfacet
  facet normal 0 0 -1
    outer loop
      vertex -2.72165 -4.55485 5.6
      vertex -2.72165 -2.24515 5.6
      vertex -2.575 -2.31747 5.6
    endloop
  endfacet
  facet normal 0 0 -1
    outer loop
      vertex -2.87648 -4.60741 5.6
      vertex -2.72165 -2.24515 5.6
      vertex -2.72165 -4.55485 5.6
    endloop
  endfacet
  facet normal 0 0 -1
    outer loop
      vertex -2.87648 -4.60741 5.6
      vertex -2.87648 -2.19259 5.6
      vertex -2.72165 -2.24515 5.6
    endloop
  endfacet
  facet normal 0 0 -1
    outer loop
      vertex -3.03684 -4.63931 5.6
      vertex -2.87648 -2.19259 5.6
      vertex -2.87648 -4.60741 5.6
    endloop
  endfacet
  facet normal 0 0 -1
    outer loop
      vertex -3.03684 -4.63931 5.6
      vertex -3.03684 -2.16069 5.6
      vertex -2.87648 -2.19259 5.6
    endloop
  endfacet
  facet normal 0 0 -1
    outer loop
      vertex -3.2 -4.65 5.6
      vertex -3.03684 -2.16069 5.6
      vertex -3.03684 -4.63931 5.6
    endloop
  endfacet
  facet normal 0 0 -1
    outer loop
      vertex -3.2 -4.65 5.6
      vertex -3.2 -2.15 5.6
      vertex -3.03684 -2.16069 5.6
    endloop
  endfacet
  facet normal 0 0 -1
    outer loop
      vertex -3.36316 -4.63931 5.6
      vertex -3.2 -2.15 5.6
      vertex -3.2 -4.65 5.6
    endloop
  endfacet
  facet normal 0 0 -1
    outer loop
      vertex -3.36316 -4.63931 5.6
      vertex -3.36316 -2.16069 5.6
      vertex -3.2 -2.15 5.6
    endloop
  endfacet
  facet normal 0 0 -1
    outer loop
      vertex -3.52352 -4.60741 5.6
      vertex -3.36316 -2.16069 5.6
      vertex -3.36316 -4.63931 5.6
    endloop
  endfacet
  facet normal 0 0 -1
    outer loop
      vertex -3.52352 -4.60741 5.6
      vertex -3.52352 -2.19259 5.6
      vertex -3.36316 -2.16069 5.6
    endloop
  endfacet
  facet normal 0 0 -1
    outer loop
      vertex -3.67835 -4.55485 5.6
      vertex -3.52352 -2.19259 5.6
      vertex -3.52352 -4.60741 5.6
    endloop
  endfacet
  facet normal 0 0 -1
    outer loop
      vertex -3.67835 -4.55485 5.6
      vertex -3.67835 -2.24515 5.6
      vertex -3.52352 -2.19259 5.6
    endloop
  endfacet
  facet normal 0 0 -1
    outer loop
      vertex -3.825 -4.48253 5.6
      vertex -3.67835 -2.24515 5.6
      vertex -3.67835 -4.55485 5.6
    endloop
  endfacet
  facet normal 0 0 -1
    outer loop
      vertex -3.825 -4.48253 5.6
      vertex -3.825 -2.31747 5.6
      vertex -3.67835 -2.24515 5.6
    endloop
  endfacet
  facet normal 0 0 -1
    outer loop
      vertex -3.96095 -4.39169 5.6
      vertex -3.825 -2.31747 5.6
      vertex -3.825 -4.48253 5.6
    endloop
  endfacet
  facet normal 0 0 -1
    outer loop
      vertex -3.96095 -4.39169 5.6
      vertex -3.96095 -2.40831 5.6
      vertex -3.825 -2.31747 5.6
    endloop
  endfacet
  facet normal 0 0 -1
    outer loop
      vertex -4.08388 -4.28388 5.6
      vertex -3.96095 -2.40831 5.6
      vertex -3.96095 -4.39169 5.6
    endloop
  endfacet
  facet normal 0 0 -1
    outer loop
      vertex -4.08388 -4.28388 5.6
      vertex -4.08388 -2.51612 5.6
      vertex -3.96095 -2.40831 5.6
    endloop
  endfacet
  facet normal 0 0 -1
    outer loop
      vertex -4.19169 -4.16095 5.6
      vertex -4.08388 -2.51612 5.6
      vertex -4.08388 -4.28388 5.6
    endloop
  endfacet
  facet normal 0 0 -1
    outer loop
      vertex -4.19169 -4.16095 5.6
      vertex -4.19169 -2.63905 5.6
      vertex -4.08388 -2.51612 5.6
    endloop
  endfacet
  facet normal 0 0 -1
    outer loop
      vertex -4.28253 -4.025 5.6
      vertex -4.19169 -2.63905 5.6
      vertex -4.19169 -4.16095 5.6
    endloop
  endfacet
  facet normal 0 0 -1
    outer loop
      vertex -4.28253 -4.025 5.6
      vertex -4.28253 -2.775 5.6
      vertex -4.19169 -2.63905 5.6
    endloop
  endfacet
  facet normal 0 0 -1
    outer loop
      vertex -4.35485 -3.87835 5.6
      vertex -4.28253 -2.775 5.6
      vertex -4.28253 -4.025 5.6
    endloop
  endfacet
  facet normal 0 0 -1
    outer loop
      vertex -4.35485 -3.87835 5.6
      vertex -4.35485 -2.92165 5.6
      vertex -4.28253 -2.775 5.6
    endloop
  endfacet
  facet normal 0 0 -1
    outer loop
      vertex -4.40741 -3.72352 5.6
      vertex -4.35485 -2.92165 5.6
      vertex -4.35485 -3.87835 5.6
    endloop
  endfacet
  facet normal 0 0 -1
    outer loop
      vertex -4.40741 -3.72352 5.6
      vertex -4.40741 -3.07648 5.6
      vertex -4.35485 -2.92165 5.6
    endloop
  endfacet
  facet normal 0 0 -1
    outer loop
      vertex -4.43931 -3.56316 5.6
      vertex -4.40741 -3.07648 5.6
      vertex -4.40741 -3.72352 5.6
    endloop
  endfacet
  facet normal 0 0 -1
    outer loop
      vertex -4.43931 -3.56316 5.6
      vertex -4.43931 -3.23684 5.6
      vertex -4.40741 -3.07648 5.6
    endloop
  endfacet
  facet normal 0 -0 -1
    outer loop
      vertex -4.43931 -3.23684 5.6
      vertex -4.43931 -3.56316 5.6
      vertex -4.45 -3.4 5.6
    endloop
  endfacet
  facet normal 0.980782 -0.195105 0
    outer loop
      vertex -4.43931 -3.23684 5.6
      vertex -4.40741 -3.07648 -6
      vertex -4.40741 -3.07648 5.6
    endloop
  endfacet
  facet normal 0.980782 -0.195105 0
    outer loop
      vertex -4.40741 -3.07648 -6
      vertex -4.43931 -3.23684 5.6
      vertex -4.43931 -3.23684 -6
    endloop
  endfacet
  facet normal -0.831466 0.555575 0
    outer loop
      vertex -2.20831 -4.16095 -6
      vertex -2.11747 -4.025 5.6
      vertex -2.11747 -4.025 -6
    endloop
  endfacet
  facet normal -0.831466 0.555575 0
    outer loop
      vertex -2.11747 -4.025 5.6
      vertex -2.20831 -4.16095 -6
      vertex -2.20831 -4.16095 5.6
    endloop
  endfacet
  facet normal -0.896872 0.44229 0
    outer loop
      vertex -2.11747 -4.025 -6
      vertex -2.04515 -3.87835 5.6
      vertex -2.04515 -3.87835 -6
    endloop
  endfacet
  facet normal -0.896872 0.44229 0
    outer loop
      vertex -2.04515 -3.87835 5.6
      vertex -2.11747 -4.025 -6
      vertex -2.11747 -4.025 5.6
    endloop
  endfacet
  facet normal 0.0653783 0.997861 -0
    outer loop
      vertex -3.2 -4.65 -6
      vertex -3.36316 -4.63931 5.6
      vertex -3.2 -4.65 5.6
    endloop
  endfacet
  facet normal 0.0653783 0.997861 0
    outer loop
      vertex -3.36316 -4.63931 5.6
      vertex -3.2 -4.65 -6
      vertex -3.36316 -4.63931 -6
    endloop
  endfacet
  facet normal 0.997861 0.0653783 0
    outer loop
      vertex -4.43931 -3.56316 5.6
      vertex -4.45 -3.4 -6
      vertex -4.45 -3.4 5.6
    endloop
  endfacet
  facet normal 0.997861 0.0653783 0
    outer loop
      vertex -4.45 -3.4 -6
      vertex -4.43931 -3.56316 5.6
      vertex -4.43931 -3.56316 -6
    endloop
  endfacet
  facet normal 0.946926 0.321452 0
    outer loop
      vertex -4.35485 -3.87835 5.6
      vertex -4.40741 -3.72352 -6
      vertex -4.40741 -3.72352 5.6
    endloop
  endfacet
  facet normal 0.946926 0.321452 0
    outer loop
      vertex -4.40741 -3.72352 -6
      vertex -4.35485 -3.87835 5.6
      vertex -4.35485 -3.87835 -6
    endloop
  endfacet
  facet normal 0.75183 0.659357 0
    outer loop
      vertex -4.08388 -4.28388 5.6
      vertex -4.19169 -4.16095 -6
      vertex -4.19169 -4.16095 5.6
    endloop
  endfacet
  facet normal 0.75183 0.659357 0
    outer loop
      vertex -4.19169 -4.16095 -6
      vertex -4.08388 -4.28388 5.6
      vertex -4.08388 -4.28388 -6
    endloop
  endfacet
  facet normal -0.44229 0.896872 0
    outer loop
      vertex -2.575 -4.48253 -6
      vertex -2.72165 -4.55485 5.6
      vertex -2.575 -4.48253 5.6
    endloop
  endfacet
  facet normal -0.44229 0.896872 0
    outer loop
      vertex -2.72165 -4.55485 5.6
      vertex -2.575 -4.48253 -6
      vertex -2.72165 -4.55485 -6
    endloop
  endfacet
  facet normal -0.321452 0.946926 0
    outer loop
      vertex -2.72165 -4.55485 -6
      vertex -2.87648 -4.60741 5.6
      vertex -2.72165 -4.55485 5.6
    endloop
  endfacet
  facet normal -0.321452 0.946926 0
    outer loop
      vertex -2.87648 -4.60741 5.6
      vertex -2.72165 -4.55485 -6
      vertex -2.87648 -4.60741 -6
    endloop
  endfacet
  facet normal -0.659357 0.75183 0
    outer loop
      vertex -2.31612 -4.28388 -6
      vertex -2.43905 -4.39169 5.6
      vertex -2.31612 -4.28388 5.6
    endloop
  endfacet
  facet normal -0.659357 0.75183 0
    outer loop
      vertex -2.43905 -4.39169 5.6
      vertex -2.31612 -4.28388 -6
      vertex -2.43905 -4.39169 -6
    endloop
  endfacet
  facet normal -0.0653783 0.997861 0
    outer loop
      vertex -3.03684 -4.63931 -6
      vertex -3.2 -4.65 5.6
      vertex -3.03684 -4.63931 5.6
    endloop
  endfacet
  facet normal -0.0653783 0.997861 0
    outer loop
      vertex -3.2 -4.65 5.6
      vertex -3.03684 -4.63931 -6
      vertex -3.2 -4.65 -6
    endloop
  endfacet
  facet normal 0.44229 0.896872 -0
    outer loop
      vertex -3.67835 -4.55485 -6
      vertex -3.825 -4.48253 5.6
      vertex -3.67835 -4.55485 5.6
    endloop
  endfacet
  facet normal 0.44229 0.896872 0
    outer loop
      vertex -3.825 -4.48253 5.6
      vertex -3.67835 -4.55485 -6
      vertex -3.825 -4.48253 -6
    endloop
  endfacet
  facet normal 0.321452 0.946926 -0
    outer loop
      vertex -3.52352 -4.60741 -6
      vertex -3.67835 -4.55485 5.6
      vertex -3.52352 -4.60741 5.6
    endloop
  endfacet
  facet normal 0.321452 0.946926 0
    outer loop
      vertex -3.67835 -4.55485 5.6
      vertex -3.52352 -4.60741 -6
      vertex -3.67835 -4.55485 -6
    endloop
  endfacet
  facet normal 0.980782 0.195105 0
    outer loop
      vertex -4.40741 -3.72352 5.6
      vertex -4.43931 -3.56316 -6
      vertex -4.43931 -3.56316 5.6
    endloop
  endfacet
  facet normal 0.980782 0.195105 0
    outer loop
      vertex -4.43931 -3.56316 -6
      vertex -4.40741 -3.72352 5.6
      vertex -4.40741 -3.72352 -6
    endloop
  endfacet
  facet normal -0.75183 0.659357 0
    outer loop
      vertex -2.31612 -4.28388 -6
      vertex -2.20831 -4.16095 5.6
      vertex -2.20831 -4.16095 -6
    endloop
  endfacet
  facet normal -0.75183 0.659357 0
    outer loop
      vertex -2.20831 -4.16095 5.6
      vertex -2.31612 -4.28388 -6
      vertex -2.31612 -4.28388 5.6
    endloop
  endfacet
  facet normal 0.555575 0.831466 -0
    outer loop
      vertex -3.825 -4.48253 -6
      vertex -3.96095 -4.39169 5.6
      vertex -3.825 -4.48253 5.6
    endloop
  endfacet
  facet normal 0.555575 0.831466 0
    outer loop
      vertex -3.96095 -4.39169 5.6
      vertex -3.825 -4.48253 -6
      vertex -3.96095 -4.39169 -6
    endloop
  endfacet
  facet normal 0.195105 0.980782 -0
    outer loop
      vertex -3.36316 -4.63931 -6
      vertex -3.52352 -4.60741 5.6
      vertex -3.36316 -4.63931 5.6
    endloop
  endfacet
  facet normal 0.195105 0.980782 0
    outer loop
      vertex -3.52352 -4.60741 5.6
      vertex -3.36316 -4.63931 -6
      vertex -3.52352 -4.60741 -6
    endloop
  endfacet
  facet normal -0.896812 -0.442411 0
    outer loop
      vertex -2.04515 35.6784 -6
      vertex -2.11747 35.825 5.6
      vertex -2.11747 35.825 -6
    endloop
  endfacet
  facet normal -0.896812 -0.442411 0
    outer loop
      vertex -2.11747 35.825 5.6
      vertex -2.04515 35.6784 -6
      vertex -2.04515 35.6784 5.6
    endloop
  endfacet
  facet normal 0.94697 -0.321322 0
    outer loop
      vertex -4.40741 35.5235 5.6
      vertex -4.35485 35.6784 -6
      vertex -4.35485 35.6784 5.6
    endloop
  endfacet
  facet normal 0.94697 -0.321322 0
    outer loop
      vertex -4.35485 35.6784 -6
      vertex -4.40741 35.5235 5.6
      vertex -4.40741 35.5235 -6
    endloop
  endfacet
  facet normal -0.831561 -0.555434 0
    outer loop
      vertex -2.11747 35.825 -6
      vertex -2.20831 35.961 5.6
      vertex -2.20831 35.961 -6
    endloop
  endfacet
  facet normal -0.831561 -0.555434 0
    outer loop
      vertex -2.20831 35.961 5.6
      vertex -2.11747 35.825 -6
      vertex -2.11747 35.825 5.6
    endloop
  endfacet
  facet normal -0.195105 -0.980782 0
    outer loop
      vertex -3.03684 36.4393 -6
      vertex -2.87648 36.4074 5.6
      vertex -3.03684 36.4393 5.6
    endloop
  endfacet
  facet normal -0.195105 -0.980782 -0
    outer loop
      vertex -2.87648 36.4074 5.6
      vertex -3.03684 36.4393 -6
      vertex -2.87648 36.4074 -6
    endloop
  endfacet
  facet normal -0.321123 -0.947038 0
    outer loop
      vertex -2.87648 36.4074 -6
      vertex -2.72165 36.3549 5.6
      vertex -2.87648 36.4074 5.6
    endloop
  endfacet
  facet normal -0.321123 -0.947038 -0
    outer loop
      vertex -2.72165 36.3549 5.6
      vertex -2.87648 36.4074 -6
      vertex -2.72165 36.3549 -6
    endloop
  endfacet
  facet normal 0.321123 -0.947038 0
    outer loop
      vertex -3.67835 36.3549 -6
      vertex -3.52352 36.4074 5.6
      vertex -3.67835 36.3549 5.6
    endloop
  endfacet
  facet normal 0.321123 -0.947038 0
    outer loop
      vertex -3.52352 36.4074 5.6
      vertex -3.67835 36.3549 -6
      vertex -3.52352 36.4074 -6
    endloop
  endfacet
  facet normal 0.896812 -0.442411 0
    outer loop
      vertex -4.35485 35.6784 5.6
      vertex -4.28253 35.825 -6
      vertex -4.28253 35.825 5.6
    endloop
  endfacet
  facet normal 0.896812 -0.442411 0
    outer loop
      vertex -4.28253 35.825 -6
      vertex -4.35485 35.6784 5.6
      vertex -4.35485 35.6784 -6
    endloop
  endfacet
  facet normal -0.442191 0.896921 0
    outer loop
      vertex -2.575 34.1175 -6
      vertex -2.72165 34.0452 5.6
      vertex -2.575 34.1175 5.6
    endloop
  endfacet
  facet normal -0.442191 0.896921 0
    outer loop
      vertex -2.72165 34.0452 5.6
      vertex -2.575 34.1175 -6
      vertex -2.72165 34.0452 -6
    endloop
  endfacet
  facet normal -0.659323 -0.75186 0
    outer loop
      vertex -2.43905 36.1917 -6
      vertex -2.31612 36.0839 5.6
      vertex -2.43905 36.1917 5.6
    endloop
  endfacet
  facet normal -0.659323 -0.75186 -0
    outer loop
      vertex -2.31612 36.0839 5.6
      vertex -2.43905 36.1917 -6
      vertex -2.31612 36.0839 -6
    endloop
  endfacet
  facet normal -0.0654392 -0.997857 0
    outer loop
      vertex -3.2 36.45 -6
      vertex -3.03684 36.4393 5.6
      vertex -3.2 36.45 5.6
    endloop
  endfacet
  facet normal -0.0654392 -0.997857 -0
    outer loop
      vertex -3.03684 36.4393 5.6
      vertex -3.2 36.45 -6
      vertex -3.03684 36.4393 -6
    endloop
  endfacet
  facet normal -0.555406 -0.831579 0
    outer loop
      vertex -2.575 36.2825 -6
      vertex -2.43905 36.1917 5.6
      vertex -2.575 36.2825 5.6
    endloop
  endfacet
  facet normal -0.555406 -0.831579 -0
    outer loop
      vertex -2.43905 36.1917 5.6
      vertex -2.575 36.2825 -6
      vertex -2.43905 36.1917 -6
    endloop
  endfacet
  facet normal 0.75175 -0.659448 0
    outer loop
      vertex -4.19169 35.961 5.6
      vertex -4.08388 36.0839 -6
      vertex -4.08388 36.0839 5.6
    endloop
  endfacet
  facet normal 0.75175 -0.659448 0
    outer loop
      vertex -4.08388 36.0839 -6
      vertex -4.19169 35.961 5.6
      vertex -4.19169 35.961 -6
    endloop
  endfacet
  facet normal 0.442683 -0.896678 0
    outer loop
      vertex -3.825 36.2825 -6
      vertex -3.67835 36.3549 5.6
      vertex -3.825 36.2825 5.6
    endloop
  endfacet
  facet normal 0.442683 -0.896678 0
    outer loop
      vertex -3.67835 36.3549 5.6
      vertex -3.825 36.2825 -6
      vertex -3.67835 36.3549 -6
    endloop
  endfacet
  facet normal 0.555406 -0.831579 0
    outer loop
      vertex -3.96095 36.1917 -6
      vertex -3.825 36.2825 5.6
      vertex -3.96095 36.1917 5.6
    endloop
  endfacet
  facet normal 0.555406 -0.831579 0
    outer loop
      vertex -3.825 36.2825 5.6
      vertex -3.96095 36.1917 -6
      vertex -3.825 36.2825 -6
    endloop
  endfacet
  facet normal -0.980768 0.195175 0
    outer loop
      vertex -1.99259 34.8765 -6
      vertex -1.96069 35.0368 5.6
      vertex -1.96069 35.0368 -6
    endloop
  endfacet
  facet normal -0.980768 0.195175 0
    outer loop
      vertex -1.96069 35.0368 5.6
      vertex -1.99259 34.8765 -6
      vertex -1.99259 34.8765 5.6
    endloop
  endfacet
  facet normal -0.94697 0.321322 0
    outer loop
      vertex -2.04515 34.7216 -6
      vertex -1.99259 34.8765 5.6
      vertex -1.99259 34.8765 -6
    endloop
  endfacet
  facet normal -0.94697 0.321322 0
    outer loop
      vertex -1.99259 34.8765 5.6
      vertex -2.04515 34.7216 -6
      vertex -2.04515 34.7216 5.6
    endloop
  endfacet
  facet normal 0.0654392 0.997857 -0
    outer loop
      vertex -3.2 33.95 -6
      vertex -3.36316 33.9607 5.6
      vertex -3.2 33.95 5.6
    endloop
  endfacet
  facet normal 0.0654392 0.997857 0
    outer loop
      vertex -3.36316 33.9607 5.6
      vertex -3.2 33.95 -6
      vertex -3.36316 33.9607 -6
    endloop
  endfacet
  facet normal -0.321671 0.946851 0
    outer loop
      vertex -2.72165 34.0452 -6
      vertex -2.87648 33.9926 5.6
      vertex -2.72165 34.0452 5.6
    endloop
  endfacet
  facet normal -0.321671 0.946851 0
    outer loop
      vertex -2.87648 33.9926 5.6
      vertex -2.72165 34.0452 -6
      vertex -2.87648 33.9926 -6
    endloop
  endfacet
  facet normal -0.555406 0.831579 0
    outer loop
      vertex -2.43905 34.2083 -6
      vertex -2.575 34.1175 5.6
      vertex -2.43905 34.2083 5.6
    endloop
  endfacet
  facet normal -0.555406 0.831579 0
    outer loop
      vertex -2.575 34.1175 5.6
      vertex -2.43905 34.2083 -6
      vertex -2.575 34.1175 -6
    endloop
  endfacet
  facet normal -0.94697 -0.321322 0
    outer loop
      vertex -1.99259 35.5235 -6
      vertex -2.04515 35.6784 5.6
      vertex -2.04515 35.6784 -6
    endloop
  endfacet
  facet normal -0.94697 -0.321322 0
    outer loop
      vertex -2.04515 35.6784 5.6
      vertex -1.99259 35.5235 -6
      vertex -1.99259 35.5235 5.6
    endloop
  endfacet
  facet normal -0.75175 -0.659448 0
    outer loop
      vertex -2.20831 35.961 -6
      vertex -2.31612 36.0839 5.6
      vertex -2.31612 36.0839 -6
    endloop
  endfacet
  facet normal -0.75175 -0.659448 0
    outer loop
      vertex -2.31612 36.0839 5.6
      vertex -2.20831 35.961 -6
      vertex -2.20831 35.961 5.6
    endloop
  endfacet
  facet normal -0.442683 -0.896678 0
    outer loop
      vertex -2.72165 36.3549 -6
      vertex -2.575 36.2825 5.6
      vertex -2.72165 36.3549 5.6
    endloop
  endfacet
  facet normal -0.442683 -0.896678 -0
    outer loop
      vertex -2.575 36.2825 5.6
      vertex -2.72165 36.3549 -6
      vertex -2.575 36.2825 -6
    endloop
  endfacet
  facet normal 0.997862 -0.0653624 0
    outer loop
      vertex -4.45 35.2 5.6
      vertex -4.43931 35.3632 -6
      vertex -4.43931 35.3632 5.6
    endloop
  endfacet
  facet normal 0.997862 -0.0653624 0
    outer loop
      vertex -4.43931 35.3632 -6
      vertex -4.45 35.2 5.6
      vertex -4.45 35.2 -6
    endloop
  endfacet
  facet normal 0.980768 -0.195175 0
    outer loop
      vertex -4.43931 35.3632 5.6
      vertex -4.40741 35.5235 -6
      vertex -4.40741 35.5235 5.6
    endloop
  endfacet
  facet normal 0.980768 -0.195175 0
    outer loop
      vertex -4.40741 35.5235 -6
      vertex -4.43931 35.3632 5.6
      vertex -4.43931 35.3632 -6
    endloop
  endfacet
  facet normal 0.831561 -0.555434 0
    outer loop
      vertex -4.28253 35.825 5.6
      vertex -4.19169 35.961 -6
      vertex -4.19169 35.961 5.6
    endloop
  endfacet
  facet normal 0.831561 -0.555434 0
    outer loop
      vertex -4.19169 35.961 -6
      vertex -4.28253 35.825 5.6
      vertex -4.28253 35.825 -6
    endloop
  endfacet
  facet normal 0.0654392 -0.997857 0
    outer loop
      vertex -3.36316 36.4393 -6
      vertex -3.2 36.45 5.6
      vertex -3.36316 36.4393 5.6
    endloop
  endfacet
  facet normal 0.0654392 -0.997857 0
    outer loop
      vertex -3.2 36.45 5.6
      vertex -3.36316 36.4393 -6
      vertex -3.2 36.45 -6
    endloop
  endfacet
  facet normal 0.195105 -0.980782 0
    outer loop
      vertex -3.52352 36.4074 -6
      vertex -3.36316 36.4393 5.6
      vertex -3.52352 36.4074 5.6
    endloop
  endfacet
  facet normal 0.195105 -0.980782 0
    outer loop
      vertex -3.36316 36.4393 5.6
      vertex -3.52352 36.4074 -6
      vertex -3.36316 36.4393 -6
    endloop
  endfacet
  facet normal 0.659323 -0.75186 0
    outer loop
      vertex -4.08388 36.0839 -6
      vertex -3.96095 36.1917 5.6
      vertex -4.08388 36.0839 5.6
    endloop
  endfacet
  facet normal 0.659323 -0.75186 0
    outer loop
      vertex -3.96095 36.1917 5.6
      vertex -4.08388 36.0839 -6
      vertex -3.96095 36.1917 -6
    endloop
  endfacet
  facet normal -0.997862 -0.0653624 0
    outer loop
      vertex -1.95 35.2 -6
      vertex -1.96069 35.3632 5.6
      vertex -1.96069 35.3632 -6
    endloop
  endfacet
  facet normal -0.997862 -0.0653624 0
    outer loop
      vertex -1.96069 35.3632 5.6
      vertex -1.95 35.2 -6
      vertex -1.95 35.2 5.6
    endloop
  endfacet
  facet normal -0.997862 0.0653624 0
    outer loop
      vertex -1.96069 35.0368 -6
      vertex -1.95 35.2 5.6
      vertex -1.95 35.2 -6
    endloop
  endfacet
  facet normal -0.997862 0.0653624 0
    outer loop
      vertex -1.95 35.2 5.6
      vertex -1.96069 35.0368 -6
      vertex -1.96069 35.0368 5.6
    endloop
  endfacet
  facet normal 0.831561 0.555434 0
    outer loop
      vertex -4.19169 34.439 5.6
      vertex -4.28253 34.575 -6
      vertex -4.28253 34.575 5.6
    endloop
  endfacet
  facet normal 0.831561 0.555434 0
    outer loop
      vertex -4.28253 34.575 -6
      vertex -4.19169 34.439 5.6
      vertex -4.19169 34.439 -6
    endloop
  endfacet
  facet normal -0.195105 0.980782 0
    outer loop
      vertex -2.87648 33.9926 -6
      vertex -3.03684 33.9607 5.6
      vertex -2.87648 33.9926 5.6
    endloop
  endfacet
  facet normal -0.195105 0.980782 0
    outer loop
      vertex -3.03684 33.9607 5.6
      vertex -2.87648 33.9926 -6
      vertex -3.03684 33.9607 -6
    endloop
  endfacet
  facet normal -0.980768 -0.195175 0
    outer loop
      vertex -1.96069 35.3632 -6
      vertex -1.99259 35.5235 5.6
      vertex -1.99259 35.5235 -6
    endloop
  endfacet
  facet normal -0.980768 -0.195175 0
    outer loop
      vertex -1.99259 35.5235 5.6
      vertex -1.96069 35.3632 -6
      vertex -1.96069 35.3632 5.6
    endloop
  endfacet
  facet normal 0 0 -1
    outer loop
      vertex -1.96069 35.0368 5.6
      vertex -1.96069 35.3632 5.6
      vertex -1.95 35.2 5.6
    endloop
  endfacet
  facet normal 0 0 -1
    outer loop
      vertex -1.99259 34.8765 5.6
      vertex -1.96069 35.3632 5.6
      vertex -1.96069 35.0368 5.6
    endloop
  endfacet
  facet normal 0 0 -1
    outer loop
      vertex -1.99259 34.8765 5.6
      vertex -1.99259 35.5235 5.6
      vertex -1.96069 35.3632 5.6
    endloop
  endfacet
  facet normal 0 0 -1
    outer loop
      vertex -2.04515 34.7216 5.6
      vertex -1.99259 35.5235 5.6
      vertex -1.99259 34.8765 5.6
    endloop
  endfacet
  facet normal 0 0 -1
    outer loop
      vertex -2.04515 34.7216 5.6
      vertex -2.04515 35.6784 5.6
      vertex -1.99259 35.5235 5.6
    endloop
  endfacet
  facet normal 0 0 -1
    outer loop
      vertex -2.11747 34.575 5.6
      vertex -2.04515 35.6784 5.6
      vertex -2.04515 34.7216 5.6
    endloop
  endfacet
  facet normal 0 0 -1
    outer loop
      vertex -2.11747 34.575 5.6
      vertex -2.11747 35.825 5.6
      vertex -2.04515 35.6784 5.6
    endloop
  endfacet
  facet normal 0 0 -1
    outer loop
      vertex -2.20831 34.439 5.6
      vertex -2.11747 35.825 5.6
      vertex -2.11747 34.575 5.6
    endloop
  endfacet
  facet normal 0 0 -1
    outer loop
      vertex -2.20831 34.439 5.6
      vertex -2.20831 35.961 5.6
      vertex -2.11747 35.825 5.6
    endloop
  endfacet
  facet normal 0 0 -1
    outer loop
      vertex -2.31612 34.3161 5.6
      vertex -2.20831 35.961 5.6
      vertex -2.20831 34.439 5.6
    endloop
  endfacet
  facet normal 0 0 -1
    outer loop
      vertex -2.31612 34.3161 5.6
      vertex -2.31612 36.0839 5.6
      vertex -2.20831 35.961 5.6
    endloop
  endfacet
  facet normal 0 0 -1
    outer loop
      vertex -2.43905 34.2083 5.6
      vertex -2.31612 36.0839 5.6
      vertex -2.31612 34.3161 5.6
    endloop
  endfacet
  facet normal 0 0 -1
    outer loop
      vertex -2.43905 34.2083 5.6
      vertex -2.43905 36.1917 5.6
      vertex -2.31612 36.0839 5.6
    endloop
  endfacet
  facet normal 0 0 -1
    outer loop
      vertex -2.575 34.1175 5.6
      vertex -2.43905 36.1917 5.6
      vertex -2.43905 34.2083 5.6
    endloop
  endfacet
  facet normal 0 0 -1
    outer loop
      vertex -2.575 34.1175 5.6
      vertex -2.575 36.2825 5.6
      vertex -2.43905 36.1917 5.6
    endloop
  endfacet
  facet normal 0 0 -1
    outer loop
      vertex -2.72165 34.0452 5.6
      vertex -2.575 36.2825 5.6
      vertex -2.575 34.1175 5.6
    endloop
  endfacet
  facet normal 0 0 -1
    outer loop
      vertex -2.72165 34.0452 5.6
      vertex -2.72165 36.3549 5.6
      vertex -2.575 36.2825 5.6
    endloop
  endfacet
  facet normal 0 0 -1
    outer loop
      vertex -2.87648 33.9926 5.6
      vertex -2.72165 36.3549 5.6
      vertex -2.72165 34.0452 5.6
    endloop
  endfacet
  facet normal 0 0 -1
    outer loop
      vertex -2.87648 33.9926 5.6
      vertex -2.87648 36.4074 5.6
      vertex -2.72165 36.3549 5.6
    endloop
  endfacet
  facet normal 0 0 -1
    outer loop
      vertex -3.03684 33.9607 5.6
      vertex -2.87648 36.4074 5.6
      vertex -2.87648 33.9926 5.6
    endloop
  endfacet
  facet normal 0 0 -1
    outer loop
      vertex -3.03684 33.9607 5.6
      vertex -3.03684 36.4393 5.6
      vertex -2.87648 36.4074 5.6
    endloop
  endfacet
  facet normal 0 0 -1
    outer loop
      vertex -3.2 33.95 5.6
      vertex -3.03684 36.4393 5.6
      vertex -3.03684 33.9607 5.6
    endloop
  endfacet
  facet normal 0 0 -1
    outer loop
      vertex -3.2 33.95 5.6
      vertex -3.2 36.45 5.6
      vertex -3.03684 36.4393 5.6
    endloop
  endfacet
  facet normal 0 0 -1
    outer loop
      vertex -3.36316 33.9607 5.6
      vertex -3.2 36.45 5.6
      vertex -3.2 33.95 5.6
    endloop
  endfacet
  facet normal 0 0 -1
    outer loop
      vertex -3.36316 33.9607 5.6
      vertex -3.36316 36.4393 5.6
      vertex -3.2 36.45 5.6
    endloop
  endfacet
  facet normal 0 0 -1
    outer loop
      vertex -3.52352 33.9926 5.6
      vertex -3.36316 36.4393 5.6
      vertex -3.36316 33.9607 5.6
    endloop
  endfacet
  facet normal 0 0 -1
    outer loop
      vertex -3.52352 33.9926 5.6
      vertex -3.52352 36.4074 5.6
      vertex -3.36316 36.4393 5.6
    endloop
  endfacet
  facet normal 0 0 -1
    outer loop
      vertex -3.67835 34.0452 5.6
      vertex -3.52352 36.4074 5.6
      vertex -3.52352 33.9926 5.6
    endloop
  endfacet
  facet normal 0 0 -1
    outer loop
      vertex -3.67835 34.0452 5.6
      vertex -3.67835 36.3549 5.6
      vertex -3.52352 36.4074 5.6
    endloop
  endfacet
  facet normal 0 0 -1
    outer loop
      vertex -3.825 34.1175 5.6
      vertex -3.67835 36.3549 5.6
      vertex -3.67835 34.0452 5.6
    endloop
  endfacet
  facet normal 0 0 -1
    outer loop
      vertex -3.825 34.1175 5.6
      vertex -3.825 36.2825 5.6
      vertex -3.67835 36.3549 5.6
    endloop
  endfacet
  facet normal 0 0 -1
    outer loop
      vertex -3.96095 34.2083 5.6
      vertex -3.825 36.2825 5.6
      vertex -3.825 34.1175 5.6
    endloop
  endfacet
  facet normal 0 0 -1
    outer loop
      vertex -3.96095 34.2083 5.6
      vertex -3.96095 36.1917 5.6
      vertex -3.825 36.2825 5.6
    endloop
  endfacet
  facet normal 0 0 -1
    outer loop
      vertex -4.08388 34.3161 5.6
      vertex -3.96095 36.1917 5.6
      vertex -3.96095 34.2083 5.6
    endloop
  endfacet
  facet normal 0 0 -1
    outer loop
      vertex -4.08388 34.3161 5.6
      vertex -4.08388 36.0839 5.6
      vertex -3.96095 36.1917 5.6
    endloop
  endfacet
  facet normal 0 0 -1
    outer loop
      vertex -4.19169 34.439 5.6
      vertex -4.08388 36.0839 5.6
      vertex -4.08388 34.3161 5.6
    endloop
  endfacet
  facet normal 0 0 -1
    outer loop
      vertex -4.19169 34.439 5.6
      vertex -4.19169 35.961 5.6
      vertex -4.08388 36.0839 5.6
    endloop
  endfacet
  facet normal 0 0 -1
    outer loop
      vertex -4.28253 34.575 5.6
      vertex -4.19169 35.961 5.6
      vertex -4.19169 34.439 5.6
    endloop
  endfacet
  facet normal 0 0 -1
    outer loop
      vertex -4.28253 34.575 5.6
      vertex -4.28253 35.825 5.6
      vertex -4.19169 35.961 5.6
    endloop
  endfacet
  facet normal 0 0 -1
    outer loop
      vertex -4.35485 34.7216 5.6
      vertex -4.28253 35.825 5.6
      vertex -4.28253 34.575 5.6
    endloop
  endfacet
  facet normal 0 0 -1
    outer loop
      vertex -4.35485 34.7216 5.6
      vertex -4.35485 35.6784 5.6
      vertex -4.28253 35.825 5.6
    endloop
  endfacet
  facet normal 0 0 -1
    outer loop
      vertex -4.40741 34.8765 5.6
      vertex -4.35485 35.6784 5.6
      vertex -4.35485 34.7216 5.6
    endloop
  endfacet
  facet normal 0 0 -1
    outer loop
      vertex -4.40741 34.8765 5.6
      vertex -4.40741 35.5235 5.6
      vertex -4.35485 35.6784 5.6
    endloop
  endfacet
  facet normal 0 0 -1
    outer loop
      vertex -4.43931 35.0368 5.6
      vertex -4.40741 35.5235 5.6
      vertex -4.40741 34.8765 5.6
    endloop
  endfacet
  facet normal 0 0 -1
    outer loop
      vertex -4.43931 35.0368 5.6
      vertex -4.43931 35.3632 5.6
      vertex -4.40741 35.5235 5.6
    endloop
  endfacet
  facet normal 0 -0 -1
    outer loop
      vertex -4.43931 35.3632 5.6
      vertex -4.43931 35.0368 5.6
      vertex -4.45 35.2 5.6
    endloop
  endfacet
  facet normal -0.659323 0.75186 0
    outer loop
      vertex -2.31612 34.3161 -6
      vertex -2.43905 34.2083 5.6
      vertex -2.31612 34.3161 5.6
    endloop
  endfacet
  facet normal -0.659323 0.75186 0
    outer loop
      vertex -2.43905 34.2083 5.6
      vertex -2.31612 34.3161 -6
      vertex -2.43905 34.2083 -6
    endloop
  endfacet
  facet normal -0.831561 0.555434 0
    outer loop
      vertex -2.20831 34.439 -6
      vertex -2.11747 34.575 5.6
      vertex -2.11747 34.575 -6
    endloop
  endfacet
  facet normal -0.831561 0.555434 0
    outer loop
      vertex -2.11747 34.575 5.6
      vertex -2.20831 34.439 -6
      vertex -2.20831 34.439 5.6
    endloop
  endfacet
  facet normal 0.442191 0.896921 -0
    outer loop
      vertex -3.67835 34.0452 -6
      vertex -3.825 34.1175 5.6
      vertex -3.67835 34.0452 5.6
    endloop
  endfacet
  facet normal 0.442191 0.896921 0
    outer loop
      vertex -3.825 34.1175 5.6
      vertex -3.67835 34.0452 -6
      vertex -3.825 34.1175 -6
    endloop
  endfacet
  facet normal 0.997862 0.0653624 0
    outer loop
      vertex -4.43931 35.0368 5.6
      vertex -4.45 35.2 -6
      vertex -4.45 35.2 5.6
    endloop
  endfacet
  facet normal 0.997862 0.0653624 0
    outer loop
      vertex -4.45 35.2 -6
      vertex -4.43931 35.0368 5.6
      vertex -4.43931 35.0368 -6
    endloop
  endfacet
  facet normal 0.94697 0.321322 0
    outer loop
      vertex -4.35485 34.7216 5.6
      vertex -4.40741 34.8765 -6
      vertex -4.40741 34.8765 5.6
    endloop
  endfacet
  facet normal 0.94697 0.321322 0
    outer loop
      vertex -4.40741 34.8765 -6
      vertex -4.35485 34.7216 5.6
      vertex -4.35485 34.7216 -6
    endloop
  endfacet
  facet normal 0.896812 0.442411 0
    outer loop
      vertex -4.28253 34.575 5.6
      vertex -4.35485 34.7216 -6
      vertex -4.35485 34.7216 5.6
    endloop
  endfacet
  facet normal 0.896812 0.442411 0
    outer loop
      vertex -4.35485 34.7216 -6
      vertex -4.28253 34.575 5.6
      vertex -4.28253 34.575 -6
    endloop
  endfacet
  facet normal -0.896812 0.442411 0
    outer loop
      vertex -2.11747 34.575 -6
      vertex -2.04515 34.7216 5.6
      vertex -2.04515 34.7216 -6
    endloop
  endfacet
  facet normal -0.896812 0.442411 0
    outer loop
      vertex -2.04515 34.7216 5.6
      vertex -2.11747 34.575 -6
      vertex -2.11747 34.575 5.6
    endloop
  endfacet
  facet normal 0.659323 0.75186 -0
    outer loop
      vertex -3.96095 34.2083 -6
      vertex -4.08388 34.3161 5.6
      vertex -3.96095 34.2083 5.6
    endloop
  endfacet
  facet normal 0.659323 0.75186 0
    outer loop
      vertex -4.08388 34.3161 5.6
      vertex -3.96095 34.2083 -6
      vertex -4.08388 34.3161 -6
    endloop
  endfacet
  facet normal -0.0654392 0.997857 0
    outer loop
      vertex -3.03684 33.9607 -6
      vertex -3.2 33.95 5.6
      vertex -3.03684 33.9607 5.6
    endloop
  endfacet
  facet normal -0.0654392 0.997857 0
    outer loop
      vertex -3.2 33.95 5.6
      vertex -3.03684 33.9607 -6
      vertex -3.2 33.95 -6
    endloop
  endfacet
  facet normal 0.321671 0.946851 -0
    outer loop
      vertex -3.52352 33.9926 -6
      vertex -3.67835 34.0452 5.6
      vertex -3.52352 33.9926 5.6
    endloop
  endfacet
  facet normal 0.321671 0.946851 0
    outer loop
      vertex -3.67835 34.0452 5.6
      vertex -3.52352 33.9926 -6
      vertex -3.67835 34.0452 -6
    endloop
  endfacet
  facet normal 0.555406 0.831579 -0
    outer loop
      vertex -3.825 34.1175 -6
      vertex -3.96095 34.2083 5.6
      vertex -3.825 34.1175 5.6
    endloop
  endfacet
  facet normal 0.555406 0.831579 0
    outer loop
      vertex -3.96095 34.2083 5.6
      vertex -3.825 34.1175 -6
      vertex -3.96095 34.2083 -6
    endloop
  endfacet
  facet normal 0.980768 0.195175 0
    outer loop
      vertex -4.40741 34.8765 5.6
      vertex -4.43931 35.0368 -6
      vertex -4.43931 35.0368 5.6
    endloop
  endfacet
  facet normal 0.980768 0.195175 0
    outer loop
      vertex -4.43931 35.0368 -6
      vertex -4.40741 34.8765 5.6
      vertex -4.40741 34.8765 -6
    endloop
  endfacet
  facet normal 0.75175 0.659448 0
    outer loop
      vertex -4.08388 34.3161 5.6
      vertex -4.19169 34.439 -6
      vertex -4.19169 34.439 5.6
    endloop
  endfacet
  facet normal 0.75175 0.659448 0
    outer loop
      vertex -4.19169 34.439 -6
      vertex -4.08388 34.3161 5.6
      vertex -4.08388 34.3161 -6
    endloop
  endfacet
  facet normal -0.75175 0.659448 0
    outer loop
      vertex -2.31612 34.3161 -6
      vertex -2.20831 34.439 5.6
      vertex -2.20831 34.439 -6
    endloop
  endfacet
  facet normal -0.75175 0.659448 0
    outer loop
      vertex -2.20831 34.439 5.6
      vertex -2.31612 34.3161 -6
      vertex -2.31612 34.3161 5.6
    endloop
  endfacet
  facet normal 0.195105 0.980782 -0
    outer loop
      vertex -3.36316 33.9607 -6
      vertex -3.52352 33.9926 5.6
      vertex -3.36316 33.9607 5.6
    endloop
  endfacet
  facet normal 0.195105 0.980782 0
    outer loop
      vertex -3.52352 33.9926 5.6
      vertex -3.36316 33.9607 -6
      vertex -3.52352 33.9926 -6
    endloop
  endfacet
  facet normal -0.555774 -0.831334 0
    outer loop
      vertex 59.45 26.7919 10.6
      vertex 59.7001 26.6247 12.6
      vertex 59.45 26.7919 12.6
    endloop
  endfacet
  facet normal -0.555774 -0.831334 -0
    outer loop
      vertex 59.7001 26.6247 12.6
      vertex 59.45 26.7919 10.6
      vertex 59.7001 26.6247 10.6
    endloop
  endfacet
  facet normal 0.980785 -0.195093 0
    outer loop
      vertex 56.0197 25.1002 12.6
      vertex 56.0784 25.3953 10.6
      vertex 56.0784 25.3953 12.6
    endloop
  endfacet
  facet normal 0.980785 -0.195093 0
    outer loop
      vertex 56.0784 25.3953 10.6
      vertex 56.0197 25.1002 12.6
      vertex 56.0197 25.1002 10.6
    endloop
  endfacet
  facet normal 0.195093 0.980785 -0
    outer loop
      vertex 57.9998 22.5197 10.6
      vertex 57.7047 22.5784 12.6
      vertex 57.9998 22.5197 12.6
    endloop
  endfacet
  facet normal 0.195093 0.980785 0
    outer loop
      vertex 57.7047 22.5784 12.6
      vertex 57.9998 22.5197 10.6
      vertex 57.7047 22.5784 10.6
    endloop
  endfacet
  facet normal 0.442153 -0.89694 0
    outer loop
      vertex 57.15 26.7919 10.6
      vertex 57.4198 26.9249 12.6
      vertex 57.15 26.7919 12.6
    endloop
  endfacet
  facet normal 0.442153 -0.89694 0
    outer loop
      vertex 57.4198 26.9249 12.6
      vertex 57.15 26.7919 10.6
      vertex 57.4198 26.9249 10.6
    endloop
  endfacet
  facet normal 0.946941 -0.321408 0
    outer loop
      vertex 56.0784 25.3953 12.6
      vertex 56.1751 25.6802 10.6
      vertex 56.1751 25.6802 12.6
    endloop
  endfacet
  facet normal 0.946941 -0.321408 0
    outer loop
      vertex 56.1751 25.6802 10.6
      vertex 56.0784 25.3953 12.6
      vertex 56.0784 25.3953 10.6
    endloop
  endfacet
  facet normal 0.831436 0.55562 0
    outer loop
      vertex 56.4753 23.3998 12.6
      vertex 56.3081 23.65 10.6
      vertex 56.3081 23.65 12.6
    endloop
  endfacet
  facet normal 0.831436 0.55562 0
    outer loop
      vertex 56.3081 23.65 10.6
      vertex 56.4753 23.3998 12.6
      vertex 56.4753 23.3998 10.6
    endloop
  endfacet
  facet normal -0.946941 -0.321408 0
    outer loop
      vertex 60.5216 25.3953 10.6
      vertex 60.4249 25.6802 12.6
      vertex 60.4249 25.6802 10.6
    endloop
  endfacet
  facet normal -0.946941 -0.321408 0
    outer loop
      vertex 60.4249 25.6802 12.6
      vertex 60.5216 25.3953 10.6
      vertex 60.5216 25.3953 12.6
    endloop
  endfacet
  facet normal -0.659398 -0.751794 0
    outer loop
      vertex 59.7001 26.6247 10.6
      vertex 59.9263 26.4263 12.6
      vertex 59.7001 26.6247 12.6
    endloop
  endfacet
  facet normal -0.659398 -0.751794 -0
    outer loop
      vertex 59.9263 26.4263 12.6
      vertex 59.7001 26.6247 10.6
      vertex 59.9263 26.4263 10.6
    endloop
  endfacet
  facet normal -0.442153 -0.89694 0
    outer loop
      vertex 59.1802 26.9249 10.6
      vertex 59.45 26.7919 12.6
      vertex 59.1802 26.9249 12.6
    endloop
  endfacet
  facet normal -0.442153 -0.89694 -0
    outer loop
      vertex 59.45 26.7919 12.6
      vertex 59.1802 26.9249 10.6
      vertex 59.45 26.7919 10.6
    endloop
  endfacet
  facet normal 0.0654821 -0.997854 0
    outer loop
      vertex 57.9998 27.0803 10.6
      vertex 58.3 27.1 12.6
      vertex 57.9998 27.0803 12.6
    endloop
  endfacet
  facet normal 0.0654821 -0.997854 0
    outer loop
      vertex 58.3 27.1 12.6
      vertex 57.9998 27.0803 10.6
      vertex 58.3 27.1 10.6
    endloop
  endfacet
  facet normal -0.0654821 -0.997854 0
    outer loop
      vertex 58.3 27.1 10.6
      vertex 58.6002 27.0803 12.6
      vertex 58.3 27.1 12.6
    endloop
  endfacet
  facet normal -0.0654821 -0.997854 -0
    outer loop
      vertex 58.6002 27.0803 12.6
      vertex 58.3 27.1 10.6
      vertex 58.6002 27.0803 10.6
    endloop
  endfacet
  facet normal 0.997854 0.0654821 0
    outer loop
      vertex 56.0197 24.4998 12.6
      vertex 56 24.8 10.6
      vertex 56 24.8 12.6
    endloop
  endfacet
  facet normal 0.997854 0.0654821 0
    outer loop
      vertex 56 24.8 10.6
      vertex 56.0197 24.4998 12.6
      vertex 56.0197 24.4998 10.6
    endloop
  endfacet
  facet normal 0.831334 -0.555774 0
    outer loop
      vertex 56.3081 25.95 12.6
      vertex 56.4753 26.2001 10.6
      vertex 56.4753 26.2001 12.6
    endloop
  endfacet
  facet normal 0.831334 -0.555774 0
    outer loop
      vertex 56.4753 26.2001 10.6
      vertex 56.3081 25.95 12.6
      vertex 56.3081 25.95 10.6
    endloop
  endfacet
  facet normal 0.55562 -0.831436 0
    outer loop
      vertex 56.8998 26.6247 10.6
      vertex 57.15 26.7919 12.6
      vertex 56.8998 26.6247 12.6
    endloop
  endfacet
  facet normal 0.55562 -0.831436 0
    outer loop
      vertex 57.15 26.7919 12.6
      vertex 56.8998 26.6247 10.6
      vertex 57.15 26.7919 10.6
    endloop
  endfacet
  facet normal 0.195093 -0.980785 0
    outer loop
      vertex 57.7047 27.0216 10.6
      vertex 57.9998 27.0803 12.6
      vertex 57.7047 27.0216 12.6
    endloop
  endfacet
  facet normal 0.195093 -0.980785 0
    outer loop
      vertex 57.9998 27.0803 12.6
      vertex 57.7047 27.0216 10.6
      vertex 57.9998 27.0803 10.6
    endloop
  endfacet
  facet normal 0.659563 -0.751649 0
    outer loop
      vertex 56.6737 26.4263 10.6
      vertex 56.8998 26.6247 12.6
      vertex 56.6737 26.4263 12.6
    endloop
  endfacet
  facet normal 0.659563 -0.751649 0
    outer loop
      vertex 56.8998 26.6247 12.6
      vertex 56.6737 26.4263 10.6
      vertex 56.8998 26.6247 10.6
    endloop
  endfacet
  facet normal -0.997854 -0.0654821 0
    outer loop
      vertex 60.6 24.8 10.6
      vertex 60.5803 25.1002 12.6
      vertex 60.5803 25.1002 10.6
    endloop
  endfacet
  facet normal -0.997854 -0.0654821 0
    outer loop
      vertex 60.5803 25.1002 12.6
      vertex 60.6 24.8 10.6
      vertex 60.6 24.8 12.6
    endloop
  endfacet
  facet normal -0.195093 0.980785 0
    outer loop
      vertex 58.8953 22.5784 10.6
      vertex 58.6002 22.5197 12.6
      vertex 58.8953 22.5784 12.6
    endloop
  endfacet
  facet normal -0.195093 0.980785 0
    outer loop
      vertex 58.6002 22.5197 12.6
      vertex 58.8953 22.5784 10.6
      vertex 58.6002 22.5197 10.6
    endloop
  endfacet
  facet normal -0.946941 0.321408 0
    outer loop
      vertex 60.4249 23.9198 10.6
      vertex 60.5216 24.2047 12.6
      vertex 60.5216 24.2047 10.6
    endloop
  endfacet
  facet normal -0.946941 0.321408 0
    outer loop
      vertex 60.5216 24.2047 12.6
      vertex 60.4249 23.9198 10.6
      vertex 60.4249 23.9198 12.6
    endloop
  endfacet
  facet normal -0.321408 0.946941 0
    outer loop
      vertex 59.1802 22.6751 10.6
      vertex 58.8953 22.5784 12.6
      vertex 59.1802 22.6751 12.6
    endloop
  endfacet
  facet normal -0.321408 0.946941 0
    outer loop
      vertex 58.8953 22.5784 12.6
      vertex 59.1802 22.6751 10.6
      vertex 58.8953 22.5784 10.6
    endloop
  endfacet
  facet normal -0.831436 0.55562 0
    outer loop
      vertex 60.1247 23.3998 10.6
      vertex 60.2919 23.65 12.6
      vertex 60.2919 23.65 10.6
    endloop
  endfacet
  facet normal -0.831436 0.55562 0
    outer loop
      vertex 60.2919 23.65 12.6
      vertex 60.1247 23.3998 10.6
      vertex 60.1247 23.3998 12.6
    endloop
  endfacet
  facet normal -0.980785 -0.195093 0
    outer loop
      vertex 60.5803 25.1002 10.6
      vertex 60.5216 25.3953 12.6
      vertex 60.5216 25.3953 10.6
    endloop
  endfacet
  facet normal -0.980785 -0.195093 0
    outer loop
      vertex 60.5216 25.3953 12.6
      vertex 60.5803 25.1002 10.6
      vertex 60.5803 25.1002 12.6
    endloop
  endfacet
  facet normal -0.89694 -0.442153 0
    outer loop
      vertex 60.4249 25.6802 10.6
      vertex 60.2919 25.95 12.6
      vertex 60.2919 25.95 10.6
    endloop
  endfacet
  facet normal -0.89694 -0.442153 0
    outer loop
      vertex 60.2919 25.95 12.6
      vertex 60.4249 25.6802 10.6
      vertex 60.4249 25.6802 12.6
    endloop
  endfacet
  facet normal -0.831334 -0.555774 0
    outer loop
      vertex 60.2919 25.95 10.6
      vertex 60.1247 26.2001 12.6
      vertex 60.1247 26.2001 10.6
    endloop
  endfacet
  facet normal -0.831334 -0.555774 0
    outer loop
      vertex 60.1247 26.2001 12.6
      vertex 60.2919 25.95 10.6
      vertex 60.2919 25.95 12.6
    endloop
  endfacet
  facet normal -0.751794 -0.659398 0
    outer loop
      vertex 60.1247 26.2001 10.6
      vertex 59.9263 26.4263 12.6
      vertex 59.9263 26.4263 10.6
    endloop
  endfacet
  facet normal -0.751794 -0.659398 0
    outer loop
      vertex 59.9263 26.4263 12.6
      vertex 60.1247 26.2001 10.6
      vertex 60.1247 26.2001 12.6
    endloop
  endfacet
  facet normal -0.321408 -0.946941 0
    outer loop
      vertex 58.8953 27.0216 10.6
      vertex 59.1802 26.9249 12.6
      vertex 58.8953 27.0216 12.6
    endloop
  endfacet
  facet normal -0.321408 -0.946941 -0
    outer loop
      vertex 59.1802 26.9249 12.6
      vertex 58.8953 27.0216 10.6
      vertex 59.1802 26.9249 10.6
    endloop
  endfacet
  facet normal 0.751794 -0.659398 0
    outer loop
      vertex 56.4753 26.2001 12.6
      vertex 56.6737 26.4263 10.6
      vertex 56.6737 26.4263 12.6
    endloop
  endfacet
  facet normal 0.751794 -0.659398 0
    outer loop
      vertex 56.6737 26.4263 10.6
      vertex 56.4753 26.2001 12.6
      vertex 56.4753 26.2001 10.6
    endloop
  endfacet
  facet normal -0.997854 0.0654821 0
    outer loop
      vertex 60.5803 24.4998 10.6
      vertex 60.6 24.8 12.6
      vertex 60.6 24.8 10.6
    endloop
  endfacet
  facet normal -0.997854 0.0654821 0
    outer loop
      vertex 60.6 24.8 12.6
      vertex 60.5803 24.4998 10.6
      vertex 60.5803 24.4998 12.6
    endloop
  endfacet
  facet normal -0.980785 0.195093 0
    outer loop
      vertex 60.5216 24.2047 10.6
      vertex 60.5803 24.4998 12.6
      vertex 60.5803 24.4998 10.6
    endloop
  endfacet
  facet normal -0.980785 0.195093 0
    outer loop
      vertex 60.5803 24.4998 12.6
      vertex 60.5216 24.2047 10.6
      vertex 60.5216 24.2047 12.6
    endloop
  endfacet
  facet normal -0.555774 0.831334 0
    outer loop
      vertex 59.7001 22.9753 10.6
      vertex 59.45 22.8081 12.6
      vertex 59.7001 22.9753 12.6
    endloop
  endfacet
  facet normal -0.555774 0.831334 0
    outer loop
      vertex 59.45 22.8081 12.6
      vertex 59.7001 22.9753 10.6
      vertex 59.45 22.8081 10.6
    endloop
  endfacet
  facet normal -0.751649 0.659563 0
    outer loop
      vertex 59.9263 23.1737 10.6
      vertex 60.1247 23.3998 12.6
      vertex 60.1247 23.3998 10.6
    endloop
  endfacet
  facet normal -0.751649 0.659563 0
    outer loop
      vertex 60.1247 23.3998 12.6
      vertex 59.9263 23.1737 10.6
      vertex 59.9263 23.1737 12.6
    endloop
  endfacet
  facet normal -0.659398 0.751794 0
    outer loop
      vertex 59.9263 23.1737 10.6
      vertex 59.7001 22.9753 12.6
      vertex 59.9263 23.1737 12.6
    endloop
  endfacet
  facet normal -0.659398 0.751794 0
    outer loop
      vertex 59.7001 22.9753 12.6
      vertex 59.9263 23.1737 10.6
      vertex 59.7001 22.9753 10.6
    endloop
  endfacet
  facet normal -0.89694 0.442153 0
    outer loop
      vertex 60.2919 23.65 10.6
      vertex 60.4249 23.9198 12.6
      vertex 60.4249 23.9198 10.6
    endloop
  endfacet
  facet normal -0.89694 0.442153 0
    outer loop
      vertex 60.4249 23.9198 12.6
      vertex 60.2919 23.65 10.6
      vertex 60.2919 23.65 12.6
    endloop
  endfacet
  facet normal 0.0654821 0.997854 -0
    outer loop
      vertex 58.3 22.5 10.6
      vertex 57.9998 22.5197 12.6
      vertex 58.3 22.5 12.6
    endloop
  endfacet
  facet normal 0.0654821 0.997854 0
    outer loop
      vertex 57.9998 22.5197 12.6
      vertex 58.3 22.5 10.6
      vertex 57.9998 22.5197 10.6
    endloop
  endfacet
  facet normal -0.0654821 0.997854 0
    outer loop
      vertex 58.6002 22.5197 10.6
      vertex 58.3 22.5 12.6
      vertex 58.6002 22.5197 12.6
    endloop
  endfacet
  facet normal -0.0654821 0.997854 0
    outer loop
      vertex 58.3 22.5 12.6
      vertex 58.6002 22.5197 10.6
      vertex 58.3 22.5 10.6
    endloop
  endfacet
  facet normal 0.321408 0.946941 -0
    outer loop
      vertex 57.7047 22.5784 10.6
      vertex 57.4198 22.6751 12.6
      vertex 57.7047 22.5784 12.6
    endloop
  endfacet
  facet normal 0.321408 0.946941 0
    outer loop
      vertex 57.4198 22.6751 12.6
      vertex 57.7047 22.5784 10.6
      vertex 57.4198 22.6751 10.6
    endloop
  endfacet
  facet normal 0.55562 0.831436 -0
    outer loop
      vertex 57.15 22.8081 10.6
      vertex 56.8998 22.9753 12.6
      vertex 57.15 22.8081 12.6
    endloop
  endfacet
  facet normal 0.55562 0.831436 0
    outer loop
      vertex 56.8998 22.9753 12.6
      vertex 57.15 22.8081 10.6
      vertex 56.8998 22.9753 10.6
    endloop
  endfacet
  facet normal 0.89694 0.442153 0
    outer loop
      vertex 56.3081 23.65 12.6
      vertex 56.1751 23.9198 10.6
      vertex 56.1751 23.9198 12.6
    endloop
  endfacet
  facet normal 0.89694 0.442153 0
    outer loop
      vertex 56.1751 23.9198 10.6
      vertex 56.3081 23.65 12.6
      vertex 56.3081 23.65 10.6
    endloop
  endfacet
  facet normal 0.980785 0.195093 0
    outer loop
      vertex 56.0784 24.2047 12.6
      vertex 56.0197 24.4998 10.6
      vertex 56.0197 24.4998 12.6
    endloop
  endfacet
  facet normal 0.980785 0.195093 0
    outer loop
      vertex 56.0197 24.4998 10.6
      vertex 56.0784 24.2047 12.6
      vertex 56.0784 24.2047 10.6
    endloop
  endfacet
  facet normal 0.751649 0.659563 0
    outer loop
      vertex 56.6737 23.1737 12.6
      vertex 56.4753 23.3998 10.6
      vertex 56.4753 23.3998 12.6
    endloop
  endfacet
  facet normal 0.751649 0.659563 0
    outer loop
      vertex 56.4753 23.3998 10.6
      vertex 56.6737 23.1737 12.6
      vertex 56.6737 23.1737 10.6
    endloop
  endfacet
  facet normal 0.659563 0.751649 -0
    outer loop
      vertex 56.8998 22.9753 10.6
      vertex 56.6737 23.1737 12.6
      vertex 56.8998 22.9753 12.6
    endloop
  endfacet
  facet normal 0.659563 0.751649 0
    outer loop
      vertex 56.6737 23.1737 12.6
      vertex 56.8998 22.9753 10.6
      vertex 56.6737 23.1737 10.6
    endloop
  endfacet
  facet normal -0.195093 -0.980785 0
    outer loop
      vertex 58.6002 27.0803 10.6
      vertex 58.8953 27.0216 12.6
      vertex 58.6002 27.0803 12.6
    endloop
  endfacet
  facet normal -0.195093 -0.980785 -0
    outer loop
      vertex 58.8953 27.0216 12.6
      vertex 58.6002 27.0803 10.6
      vertex 58.8953 27.0216 10.6
    endloop
  endfacet
  facet normal 0.997854 -0.0654821 0
    outer loop
      vertex 56 24.8 12.6
      vertex 56.0197 25.1002 10.6
      vertex 56.0197 25.1002 12.6
    endloop
  endfacet
  facet normal 0.997854 -0.0654821 0
    outer loop
      vertex 56.0197 25.1002 10.6
      vertex 56 24.8 12.6
      vertex 56 24.8 10.6
    endloop
  endfacet
  facet normal 0.89694 -0.442153 0
    outer loop
      vertex 56.1751 25.6802 12.6
      vertex 56.3081 25.95 10.6
      vertex 56.3081 25.95 12.6
    endloop
  endfacet
  facet normal 0.89694 -0.442153 0
    outer loop
      vertex 56.3081 25.95 10.6
      vertex 56.1751 25.6802 12.6
      vertex 56.1751 25.6802 10.6
    endloop
  endfacet
  facet normal 0.321408 -0.946941 0
    outer loop
      vertex 57.4198 26.9249 10.6
      vertex 57.7047 27.0216 12.6
      vertex 57.4198 26.9249 12.6
    endloop
  endfacet
  facet normal 0.321408 -0.946941 0
    outer loop
      vertex 57.7047 27.0216 12.6
      vertex 57.4198 26.9249 10.6
      vertex 57.7047 27.0216 10.6
    endloop
  endfacet
  facet normal -0.442153 0.89694 0
    outer loop
      vertex 59.45 22.8081 10.6
      vertex 59.1802 22.6751 12.6
      vertex 59.45 22.8081 12.6
    endloop
  endfacet
  facet normal -0.442153 0.89694 0
    outer loop
      vertex 59.1802 22.6751 12.6
      vertex 59.45 22.8081 10.6
      vertex 59.1802 22.6751 10.6
    endloop
  endfacet
  facet normal 0.442153 0.89694 -0
    outer loop
      vertex 57.4198 22.6751 10.6
      vertex 57.15 22.8081 12.6
      vertex 57.4198 22.6751 12.6
    endloop
  endfacet
  facet normal 0.442153 0.89694 0
    outer loop
      vertex 57.15 22.8081 12.6
      vertex 57.4198 22.6751 10.6
      vertex 57.15 22.8081 10.6
    endloop
  endfacet
  facet normal 0.946941 0.321408 0
    outer loop
      vertex 56.1751 23.9198 12.6
      vertex 56.0784 24.2047 10.6
      vertex 56.0784 24.2047 12.6
    endloop
  endfacet
  facet normal 0.946941 0.321408 0
    outer loop
      vertex 56.0784 24.2047 10.6
      vertex 56.1751 23.9198 12.6
      vertex 56.1751 23.9198 10.6
    endloop
  endfacet
  facet normal -0.555774 -0.831334 0
    outer loop
      vertex 69.95 26.7919 10.6
      vertex 70.2001 26.6247 12.6
      vertex 69.95 26.7919 12.6
    endloop
  endfacet
  facet normal -0.555774 -0.831334 -0
    outer loop
      vertex 70.2001 26.6247 12.6
      vertex 69.95 26.7919 10.6
      vertex 70.2001 26.6247 10.6
    endloop
  endfacet
  facet normal 0.980785 -0.195093 0
    outer loop
      vertex 66.5197 25.1002 12.6
      vertex 66.5784 25.3953 10.6
      vertex 66.5784 25.3953 12.6
    endloop
  endfacet
  facet normal 0.980785 -0.195093 0
    outer loop
      vertex 66.5784 25.3953 10.6
      vertex 66.5197 25.1002 12.6
      vertex 66.5197 25.1002 10.6
    endloop
  endfacet
  facet normal 0.195093 0.980785 -0
    outer loop
      vertex 68.4998 22.5197 10.6
      vertex 68.2047 22.5784 12.6
      vertex 68.4998 22.5197 12.6
    endloop
  endfacet
  facet normal 0.195093 0.980785 0
    outer loop
      vertex 68.2047 22.5784 12.6
      vertex 68.4998 22.5197 10.6
      vertex 68.2047 22.5784 10.6
    endloop
  endfacet
  facet normal 0.442153 -0.89694 0
    outer loop
      vertex 67.65 26.7919 10.6
      vertex 67.9198 26.9249 12.6
      vertex 67.65 26.7919 12.6
    endloop
  endfacet
  facet normal 0.442153 -0.89694 0
    outer loop
      vertex 67.9198 26.9249 12.6
      vertex 67.65 26.7919 10.6
      vertex 67.9198 26.9249 10.6
    endloop
  endfacet
  facet normal 0.946941 -0.321408 0
    outer loop
      vertex 66.5784 25.3953 12.6
      vertex 66.6751 25.6802 10.6
      vertex 66.6751 25.6802 12.6
    endloop
  endfacet
  facet normal 0.946941 -0.321408 0
    outer loop
      vertex 66.6751 25.6802 10.6
      vertex 66.5784 25.3953 12.6
      vertex 66.5784 25.3953 10.6
    endloop
  endfacet
  facet normal -0.946941 0.321408 0
    outer loop
      vertex 70.9249 23.9198 10.6
      vertex 71.0216 24.2047 12.6
      vertex 71.0216 24.2047 10.6
    endloop
  endfacet
  facet normal -0.946941 0.321408 0
    outer loop
      vertex 71.0216 24.2047 12.6
      vertex 70.9249 23.9198 10.6
      vertex 70.9249 23.9198 12.6
    endloop
  endfacet
  facet normal -0.89694 -0.442153 0
    outer loop
      vertex 70.9249 25.6802 10.6
      vertex 70.7919 25.95 12.6
      vertex 70.7919 25.95 10.6
    endloop
  endfacet
  facet normal -0.89694 -0.442153 0
    outer loop
      vertex 70.7919 25.95 12.6
      vertex 70.9249 25.6802 10.6
      vertex 70.9249 25.6802 12.6
    endloop
  endfacet
  facet normal -0.980785 -0.195093 0
    outer loop
      vertex 71.0803 25.1002 10.6
      vertex 71.0216 25.3953 12.6
      vertex 71.0216 25.3953 10.6
    endloop
  endfacet
  facet normal -0.980785 -0.195093 0
    outer loop
      vertex 71.0216 25.3953 12.6
      vertex 71.0803 25.1002 10.6
      vertex 71.0803 25.1002 12.6
    endloop
  endfacet
  facet normal -0.831334 -0.555774 0
    outer loop
      vertex 70.7919 25.95 10.6
      vertex 70.6247 26.2001 12.6
      vertex 70.6247 26.2001 10.6
    endloop
  endfacet
  facet normal -0.831334 -0.555774 0
    outer loop
      vertex 70.6247 26.2001 12.6
      vertex 70.7919 25.95 10.6
      vertex 70.7919 25.95 12.6
    endloop
  endfacet
  facet normal -0.659398 -0.751794 0
    outer loop
      vertex 70.2001 26.6247 10.6
      vertex 70.4263 26.4263 12.6
      vertex 70.2001 26.6247 12.6
    endloop
  endfacet
  facet normal -0.659398 -0.751794 -0
    outer loop
      vertex 70.4263 26.4263 12.6
      vertex 70.2001 26.6247 10.6
      vertex 70.4263 26.4263 10.6
    endloop
  endfacet
  facet normal -0.321408 -0.946941 0
    outer loop
      vertex 69.3953 27.0216 10.6
      vertex 69.6802 26.9249 12.6
      vertex 69.3953 27.0216 12.6
    endloop
  endfacet
  facet normal -0.321408 -0.946941 -0
    outer loop
      vertex 69.6802 26.9249 12.6
      vertex 69.3953 27.0216 10.6
      vertex 69.6802 26.9249 10.6
    endloop
  endfacet
  facet normal 0.0654821 -0.997854 0
    outer loop
      vertex 68.4998 27.0803 10.6
      vertex 68.8 27.1 12.6
      vertex 68.4998 27.0803 12.6
    endloop
  endfacet
  facet normal 0.0654821 -0.997854 0
    outer loop
      vertex 68.8 27.1 12.6
      vertex 68.4998 27.0803 10.6
      vertex 68.8 27.1 10.6
    endloop
  endfacet
  facet normal 0.831334 -0.555774 0
    outer loop
      vertex 66.8081 25.95 12.6
      vertex 66.9753 26.2001 10.6
      vertex 66.9753 26.2001 12.6
    endloop
  endfacet
  facet normal 0.831334 -0.555774 0
    outer loop
      vertex 66.9753 26.2001 10.6
      vertex 66.8081 25.95 12.6
      vertex 66.8081 25.95 10.6
    endloop
  endfacet
  facet normal 0.55562 -0.831436 0
    outer loop
      vertex 67.3998 26.6247 10.6
      vertex 67.65 26.7919 12.6
      vertex 67.3998 26.6247 12.6
    endloop
  endfacet
  facet normal 0.55562 -0.831436 0
    outer loop
      vertex 67.65 26.7919 12.6
      vertex 67.3998 26.6247 10.6
      vertex 67.65 26.7919 10.6
    endloop
  endfacet
  facet normal 0.195093 -0.980785 0
    outer loop
      vertex 68.2047 27.0216 10.6
      vertex 68.4998 27.0803 12.6
      vertex 68.2047 27.0216 12.6
    endloop
  endfacet
  facet normal 0.195093 -0.980785 0
    outer loop
      vertex 68.4998 27.0803 12.6
      vertex 68.2047 27.0216 10.6
      vertex 68.4998 27.0803 10.6
    endloop
  endfacet
  facet normal -0.997854 -0.0654821 0
    outer loop
      vertex 71.1 24.8 10.6
      vertex 71.0803 25.1002 12.6
      vertex 71.0803 25.1002 10.6
    endloop
  endfacet
  facet normal -0.997854 -0.0654821 0
    outer loop
      vertex 71.0803 25.1002 12.6
      vertex 71.1 24.8 10.6
      vertex 71.1 24.8 12.6
    endloop
  endfacet
  facet normal -0.195093 0.980785 0
    outer loop
      vertex 69.3953 22.5784 10.6
      vertex 69.1002 22.5197 12.6
      vertex 69.3953 22.5784 12.6
    endloop
  endfacet
  facet normal -0.195093 0.980785 0
    outer loop
      vertex 69.1002 22.5197 12.6
      vertex 69.3953 22.5784 10.6
      vertex 69.1002 22.5197 10.6
    endloop
  endfacet
  facet normal -0.831436 0.55562 0
    outer loop
      vertex 70.6247 23.3998 10.6
      vertex 70.7919 23.65 12.6
      vertex 70.7919 23.65 10.6
    endloop
  endfacet
  facet normal -0.831436 0.55562 0
    outer loop
      vertex 70.7919 23.65 12.6
      vertex 70.6247 23.3998 10.6
      vertex 70.6247 23.3998 12.6
    endloop
  endfacet
  facet normal 0.0654821 0.997854 -0
    outer loop
      vertex 68.8 22.5 10.6
      vertex 68.4998 22.5197 12.6
      vertex 68.8 22.5 12.6
    endloop
  endfacet
  facet normal 0.0654821 0.997854 0
    outer loop
      vertex 68.4998 22.5197 12.6
      vertex 68.8 22.5 10.6
      vertex 68.4998 22.5197 10.6
    endloop
  endfacet
  facet normal 0.55562 0.831436 -0
    outer loop
      vertex 67.65 22.8081 10.6
      vertex 67.3998 22.9753 12.6
      vertex 67.65 22.8081 12.6
    endloop
  endfacet
  facet normal 0.55562 0.831436 0
    outer loop
      vertex 67.3998 22.9753 12.6
      vertex 67.65 22.8081 10.6
      vertex 67.3998 22.9753 10.6
    endloop
  endfacet
  facet normal 0.831436 0.55562 0
    outer loop
      vertex 66.9753 23.3998 12.6
      vertex 66.8081 23.65 10.6
      vertex 66.8081 23.65 12.6
    endloop
  endfacet
  facet normal 0.831436 0.55562 0
    outer loop
      vertex 66.8081 23.65 10.6
      vertex 66.9753 23.3998 12.6
      vertex 66.9753 23.3998 10.6
    endloop
  endfacet
  facet normal -0.946941 -0.321408 0
    outer loop
      vertex 71.0216 25.3953 10.6
      vertex 70.9249 25.6802 12.6
      vertex 70.9249 25.6802 10.6
    endloop
  endfacet
  facet normal -0.946941 -0.321408 0
    outer loop
      vertex 70.9249 25.6802 12.6
      vertex 71.0216 25.3953 10.6
      vertex 71.0216 25.3953 12.6
    endloop
  endfacet
  facet normal -0.751794 -0.659398 0
    outer loop
      vertex 70.6247 26.2001 10.6
      vertex 70.4263 26.4263 12.6
      vertex 70.4263 26.4263 10.6
    endloop
  endfacet
  facet normal -0.751794 -0.659398 0
    outer loop
      vertex 70.4263 26.4263 12.6
      vertex 70.6247 26.2001 10.6
      vertex 70.6247 26.2001 12.6
    endloop
  endfacet
  facet normal -0.442153 -0.89694 0
    outer loop
      vertex 69.6802 26.9249 10.6
      vertex 69.95 26.7919 12.6
      vertex 69.6802 26.9249 12.6
    endloop
  endfacet
  facet normal -0.442153 -0.89694 -0
    outer loop
      vertex 69.95 26.7919 12.6
      vertex 69.6802 26.9249 10.6
      vertex 69.95 26.7919 10.6
    endloop
  endfacet
  facet normal -0.195093 -0.980785 0
    outer loop
      vertex 69.1002 27.0803 10.6
      vertex 69.3953 27.0216 12.6
      vertex 69.1002 27.0803 12.6
    endloop
  endfacet
  facet normal -0.195093 -0.980785 -0
    outer loop
      vertex 69.3953 27.0216 12.6
      vertex 69.1002 27.0803 10.6
      vertex 69.3953 27.0216 10.6
    endloop
  endfacet
  facet normal -0.0654821 -0.997854 0
    outer loop
      vertex 68.8 27.1 10.6
      vertex 69.1002 27.0803 12.6
      vertex 68.8 27.1 12.6
    endloop
  endfacet
  facet normal -0.0654821 -0.997854 -0
    outer loop
      vertex 69.1002 27.0803 12.6
      vertex 68.8 27.1 10.6
      vertex 69.1002 27.0803 10.6
    endloop
  endfacet
  facet normal 0.997854 0.0654821 0
    outer loop
      vertex 66.5197 24.4998 12.6
      vertex 66.5 24.8 10.6
      vertex 66.5 24.8 12.6
    endloop
  endfacet
  facet normal 0.997854 0.0654821 0
    outer loop
      vertex 66.5 24.8 10.6
      vertex 66.5197 24.4998 12.6
      vertex 66.5197 24.4998 10.6
    endloop
  endfacet
  facet normal 0.89694 -0.442153 0
    outer loop
      vertex 66.6751 25.6802 12.6
      vertex 66.8081 25.95 10.6
      vertex 66.8081 25.95 12.6
    endloop
  endfacet
  facet normal 0.89694 -0.442153 0
    outer loop
      vertex 66.8081 25.95 10.6
      vertex 66.6751 25.6802 12.6
      vertex 66.6751 25.6802 10.6
    endloop
  endfacet
  facet normal 0.321408 -0.946941 0
    outer loop
      vertex 67.9198 26.9249 10.6
      vertex 68.2047 27.0216 12.6
      vertex 67.9198 26.9249 12.6
    endloop
  endfacet
  facet normal 0.321408 -0.946941 0
    outer loop
      vertex 68.2047 27.0216 12.6
      vertex 67.9198 26.9249 10.6
      vertex 68.2047 27.0216 10.6
    endloop
  endfacet
  facet normal 0.659563 -0.751649 0
    outer loop
      vertex 67.1737 26.4263 10.6
      vertex 67.3998 26.6247 12.6
      vertex 67.1737 26.4263 12.6
    endloop
  endfacet
  facet normal 0.659563 -0.751649 0
    outer loop
      vertex 67.3998 26.6247 12.6
      vertex 67.1737 26.4263 10.6
      vertex 67.3998 26.6247 10.6
    endloop
  endfacet
  facet normal 0.751794 -0.659398 0
    outer loop
      vertex 66.9753 26.2001 12.6
      vertex 67.1737 26.4263 10.6
      vertex 67.1737 26.4263 12.6
    endloop
  endfacet
  facet normal 0.751794 -0.659398 0
    outer loop
      vertex 67.1737 26.4263 10.6
      vertex 66.9753 26.2001 12.6
      vertex 66.9753 26.2001 10.6
    endloop
  endfacet
  facet normal -0.980785 0.195093 0
    outer loop
      vertex 71.0216 24.2047 10.6
      vertex 71.0803 24.4998 12.6
      vertex 71.0803 24.4998 10.6
    endloop
  endfacet
  facet normal -0.980785 0.195093 0
    outer loop
      vertex 71.0803 24.4998 12.6
      vertex 71.0216 24.2047 10.6
      vertex 71.0216 24.2047 12.6
    endloop
  endfacet
  facet normal -0.321408 0.946941 0
    outer loop
      vertex 69.6802 22.6751 10.6
      vertex 69.3953 22.5784 12.6
      vertex 69.6802 22.6751 12.6
    endloop
  endfacet
  facet normal -0.321408 0.946941 0
    outer loop
      vertex 69.3953 22.5784 12.6
      vertex 69.6802 22.6751 10.6
      vertex 69.3953 22.5784 10.6
    endloop
  endfacet
  facet normal -0.751649 0.659563 0
    outer loop
      vertex 70.4263 23.1737 10.6
      vertex 70.6247 23.3998 12.6
      vertex 70.6247 23.3998 10.6
    endloop
  endfacet
  facet normal -0.751649 0.659563 0
    outer loop
      vertex 70.6247 23.3998 12.6
      vertex 70.4263 23.1737 10.6
      vertex 70.4263 23.1737 12.6
    endloop
  endfacet
  facet normal -0.555774 0.831334 0
    outer loop
      vertex 70.2001 22.9753 10.6
      vertex 69.95 22.8081 12.6
      vertex 70.2001 22.9753 12.6
    endloop
  endfacet
  facet normal -0.555774 0.831334 0
    outer loop
      vertex 69.95 22.8081 12.6
      vertex 70.2001 22.9753 10.6
      vertex 69.95 22.8081 10.6
    endloop
  endfacet
  facet normal -0.89694 0.442153 0
    outer loop
      vertex 70.7919 23.65 10.6
      vertex 70.9249 23.9198 12.6
      vertex 70.9249 23.9198 10.6
    endloop
  endfacet
  facet normal -0.89694 0.442153 0
    outer loop
      vertex 70.9249 23.9198 12.6
      vertex 70.7919 23.65 10.6
      vertex 70.7919 23.65 12.6
    endloop
  endfacet
  facet normal -0.0654821 0.997854 0
    outer loop
      vertex 69.1002 22.5197 10.6
      vertex 68.8 22.5 12.6
      vertex 69.1002 22.5197 12.6
    endloop
  endfacet
  facet normal -0.0654821 0.997854 0
    outer loop
      vertex 68.8 22.5 12.6
      vertex 69.1002 22.5197 10.6
      vertex 68.8 22.5 10.6
    endloop
  endfacet
  facet normal 0.321408 0.946941 -0
    outer loop
      vertex 68.2047 22.5784 10.6
      vertex 67.9198 22.6751 12.6
      vertex 68.2047 22.5784 12.6
    endloop
  endfacet
  facet normal 0.321408 0.946941 0
    outer loop
      vertex 67.9198 22.6751 12.6
      vertex 68.2047 22.5784 10.6
      vertex 67.9198 22.6751 10.6
    endloop
  endfacet
  facet normal 0.89694 0.442153 0
    outer loop
      vertex 66.8081 23.65 12.6
      vertex 66.6751 23.9198 10.6
      vertex 66.6751 23.9198 12.6
    endloop
  endfacet
  facet normal 0.89694 0.442153 0
    outer loop
      vertex 66.6751 23.9198 10.6
      vertex 66.8081 23.65 12.6
      vertex 66.8081 23.65 10.6
    endloop
  endfacet
  facet normal 0.980785 0.195093 0
    outer loop
      vertex 66.5784 24.2047 12.6
      vertex 66.5197 24.4998 10.6
      vertex 66.5197 24.4998 12.6
    endloop
  endfacet
  facet normal 0.980785 0.195093 0
    outer loop
      vertex 66.5197 24.4998 10.6
      vertex 66.5784 24.2047 12.6
      vertex 66.5784 24.2047 10.6
    endloop
  endfacet
  facet normal 0.751649 0.659563 0
    outer loop
      vertex 67.1737 23.1737 12.6
      vertex 66.9753 23.3998 10.6
      vertex 66.9753 23.3998 12.6
    endloop
  endfacet
  facet normal 0.751649 0.659563 0
    outer loop
      vertex 66.9753 23.3998 10.6
      vertex 67.1737 23.1737 12.6
      vertex 67.1737 23.1737 10.6
    endloop
  endfacet
  facet normal 0.997854 -0.0654821 0
    outer loop
      vertex 66.5 24.8 12.6
      vertex 66.5197 25.1002 10.6
      vertex 66.5197 25.1002 12.6
    endloop
  endfacet
  facet normal 0.997854 -0.0654821 0
    outer loop
      vertex 66.5197 25.1002 10.6
      vertex 66.5 24.8 12.6
      vertex 66.5 24.8 10.6
    endloop
  endfacet
  facet normal -0.997854 0.0654821 0
    outer loop
      vertex 71.0803 24.4998 10.6
      vertex 71.1 24.8 12.6
      vertex 71.1 24.8 10.6
    endloop
  endfacet
  facet normal -0.997854 0.0654821 0
    outer loop
      vertex 71.1 24.8 12.6
      vertex 71.0803 24.4998 10.6
      vertex 71.0803 24.4998 12.6
    endloop
  endfacet
  facet normal -0.442153 0.89694 0
    outer loop
      vertex 69.95 22.8081 10.6
      vertex 69.6802 22.6751 12.6
      vertex 69.95 22.8081 12.6
    endloop
  endfacet
  facet normal -0.442153 0.89694 0
    outer loop
      vertex 69.6802 22.6751 12.6
      vertex 69.95 22.8081 10.6
      vertex 69.6802 22.6751 10.6
    endloop
  endfacet
  facet normal -0.659398 0.751794 0
    outer loop
      vertex 70.4263 23.1737 10.6
      vertex 70.2001 22.9753 12.6
      vertex 70.4263 23.1737 12.6
    endloop
  endfacet
  facet normal -0.659398 0.751794 0
    outer loop
      vertex 70.2001 22.9753 12.6
      vertex 70.4263 23.1737 10.6
      vertex 70.2001 22.9753 10.6
    endloop
  endfacet
  facet normal 0.442153 0.89694 -0
    outer loop
      vertex 67.9198 22.6751 10.6
      vertex 67.65 22.8081 12.6
      vertex 67.9198 22.6751 12.6
    endloop
  endfacet
  facet normal 0.442153 0.89694 0
    outer loop
      vertex 67.65 22.8081 12.6
      vertex 67.9198 22.6751 10.6
      vertex 67.65 22.8081 10.6
    endloop
  endfacet
  facet normal 0.946941 0.321408 0
    outer loop
      vertex 66.6751 23.9198 12.6
      vertex 66.5784 24.2047 10.6
      vertex 66.5784 24.2047 12.6
    endloop
  endfacet
  facet normal 0.946941 0.321408 0
    outer loop
      vertex 66.5784 24.2047 10.6
      vertex 66.6751 23.9198 12.6
      vertex 66.6751 23.9198 10.6
    endloop
  endfacet
  facet normal 0.659563 0.751649 -0
    outer loop
      vertex 67.3998 22.9753 10.6
      vertex 67.1737 23.1737 12.6
      vertex 67.3998 22.9753 12.6
    endloop
  endfacet
  facet normal 0.659563 0.751649 0
    outer loop
      vertex 67.1737 23.1737 12.6
      vertex 67.3998 22.9753 10.6
      vertex 67.1737 23.1737 10.6
    endloop
  endfacet
  facet normal 1 -0 0
    outer loop
      vertex 35.55 1.08 12.6
      vertex 35.55 7.8 10.6
      vertex 35.55 7.8 12.6
    endloop
  endfacet
  facet normal 1 0 0
    outer loop
      vertex 35.55 7.8 10.6
      vertex 35.55 1.08 12.6
      vertex 35.55 1.08 10.6
    endloop
  endfacet
  facet normal -1 0 0
    outer loop
      vertex 50.05 1.08 10.6
      vertex 50.05 9.08 12.6
      vertex 50.05 9.08 10.6
    endloop
  endfacet
  facet normal -1 -0 0
    outer loop
      vertex 50.05 9.08 12.6
      vertex 50.05 1.08 10.6
      vertex 50.05 1.08 12.6
    endloop
  endfacet
  facet normal 0 1 -0
    outer loop
      vertex 50.05 1.08 10.6
      vertex 35.55 1.08 12.6
      vertex 50.05 1.08 12.6
    endloop
  endfacet
  facet normal 0 1 0
    outer loop
      vertex 35.55 1.08 12.6
      vertex 50.05 1.08 10.6
      vertex 35.55 1.08 10.6
    endloop
  endfacet
  facet normal 0 -1 0
    outer loop
      vertex 38.05 9.08 10.6
      vertex 50.05 9.08 12.6
      vertex 38.05 9.08 12.6
    endloop
  endfacet
  facet normal 0 -1 -0
    outer loop
      vertex 50.05 9.08 12.6
      vertex 38.05 9.08 10.6
      vertex 50.05 9.08 10.6
    endloop
  endfacet
  facet normal 1 -0 0
    outer loop
      vertex 32.05 7.8 12.6
      vertex 32.05 16.8 10.6
      vertex 32.05 16.8 12.6
    endloop
  endfacet
  facet normal 1 0 0
    outer loop
      vertex 32.05 16.8 10.6
      vertex 32.05 7.8 12.6
      vertex 32.05 7.8 10.6
    endloop
  endfacet
  facet normal -1 0 0
    outer loop
      vertex 38.05 9.08 10.6
      vertex 38.05 16.8 12.6
      vertex 38.05 16.8 10.6
    endloop
  endfacet
  facet normal -1 -0 0
    outer loop
      vertex 38.05 16.8 12.6
      vertex 38.05 9.08 10.6
      vertex 38.05 9.08 12.6
    endloop
  endfacet
  facet normal 0 -1 0
    outer loop
      vertex 32.05 16.8 10.6
      vertex 38.05 16.8 12.6
      vertex 32.05 16.8 12.6
    endloop
  endfacet
  facet normal 0 -1 -0
    outer loop
      vertex 38.05 16.8 12.6
      vertex 32.05 16.8 10.6
      vertex 38.05 16.8 10.6
    endloop
  endfacet
  facet normal 0 1 -0
    outer loop
      vertex 35.55 7.8 10.6
      vertex 32.05 7.8 12.6
      vertex 35.55 7.8 12.6
    endloop
  endfacet
  facet normal 0 1 0
    outer loop
      vertex 32.05 7.8 12.6
      vertex 35.55 7.8 10.6
      vertex 32.05 7.8 10.6
    endloop
  endfacet
  facet normal 1 -0 0
    outer loop
      vertex 74.55 18.6 12.6
      vertex 74.55 32.1 10.6
      vertex 74.55 32.1 12.6
    endloop
  endfacet
  facet normal 1 0 0
    outer loop
      vertex 74.55 32.1 10.6
      vertex 74.55 18.6 12.6
      vertex 74.55 18.6 10.6
    endloop
  endfacet
  facet normal -1 0 0
    outer loop
      vertex 80.55 18.6 10.6
      vertex 80.55 32.1 12.6
      vertex 80.55 32.1 10.6
    endloop
  endfacet
  facet normal -1 -0 0
    outer loop
      vertex 80.55 32.1 12.6
      vertex 80.55 18.6 10.6
      vertex 80.55 18.6 12.6
    endloop
  endfacet
  facet normal 0 -1 0
    outer loop
      vertex 74.55 32.1 10.6
      vertex 80.55 32.1 12.6
      vertex 74.55 32.1 12.6
    endloop
  endfacet
  facet normal 0 -1 -0
    outer loop
      vertex 80.55 32.1 12.6
      vertex 74.55 32.1 10.6
      vertex 80.55 32.1 10.6
    endloop
  endfacet
  facet normal 0 1 -0
    outer loop
      vertex 80.55 18.6 10.6
      vertex 74.55 18.6 12.6
      vertex 80.55 18.6 12.6
    endloop
  endfacet
  facet normal 0 1 0
    outer loop
      vertex 74.55 18.6 12.6
      vertex 80.55 18.6 10.6
      vertex 74.55 18.6 10.6
    endloop
  endfacet
  facet normal -0.831527 -0.555484 0
    outer loop
      vertex 69.1588 17.45 10.6
      vertex 69.028 17.6458 12.6
      vertex 69.028 17.6458 10.6
    endloop
  endfacet
  facet normal -0.831527 -0.555484 0
    outer loop
      vertex 69.028 17.6458 12.6
      vertex 69.1588 17.45 10.6
      vertex 69.1588 17.45 12.6
    endloop
  endfacet
  facet normal -0.194891 -0.980825 0
    outer loop
      vertex 67.8349 18.3346 10.6
      vertex 68.0659 18.2887 12.6
      vertex 67.8349 18.3346 12.6
    endloop
  endfacet
  facet normal -0.194891 -0.980825 -0
    outer loop
      vertex 68.0659 18.2887 12.6
      vertex 67.8349 18.3346 10.6
      vertex 68.0659 18.2887 10.6
    endloop
  endfacet
  facet normal -0.321575 -0.946884 0
    outer loop
      vertex 68.0659 18.2887 10.6
      vertex 68.2888 18.213 12.6
      vertex 68.0659 18.2887 12.6
    endloop
  endfacet
  facet normal -0.321575 -0.946884 -0
    outer loop
      vertex 68.2888 18.213 12.6
      vertex 68.0659 18.2887 10.6
      vertex 68.2888 18.213 10.6
    endloop
  endfacet
  facet normal 0.321575 -0.946884 0
    outer loop
      vertex 66.9112 18.213 10.6
      vertex 67.1341 18.2887 12.6
      vertex 66.9112 18.213 12.6
    endloop
  endfacet
  facet normal 0.321575 -0.946884 0
    outer loop
      vertex 67.1341 18.2887 12.6
      vertex 66.9112 18.213 10.6
      vertex 67.1341 18.2887 10.6
    endloop
  endfacet
  facet normal 0.896792 -0.442452 0
    outer loop
      vertex 65.937 17.2388 12.6
      vertex 66.0412 17.45 10.6
      vertex 66.0412 17.45 12.6
    endloop
  endfacet
  facet normal 0.896792 -0.442452 0
    outer loop
      vertex 66.0412 17.45 10.6
      vertex 65.937 17.2388 12.6
      vertex 65.937 17.2388 10.6
    endloop
  endfacet
  facet normal -0.980825 -0.194891 0
    outer loop
      vertex 69.3846 16.7849 10.6
      vertex 69.3387 17.0159 12.6
      vertex 69.3387 17.0159 10.6
    endloop
  endfacet
  facet normal -0.980825 -0.194891 0
    outer loop
      vertex 69.3387 17.0159 12.6
      vertex 69.3846 16.7849 10.6
      vertex 69.3846 16.7849 12.6
    endloop
  endfacet
  facet normal -0.659286 -0.751892 0
    outer loop
      vertex 68.6958 17.978 10.6
      vertex 68.8728 17.8228 12.6
      vertex 68.6958 17.978 12.6
    endloop
  endfacet
  facet normal -0.659286 -0.751892 -0
    outer loop
      vertex 68.8728 17.8228 12.6
      vertex 68.6958 17.978 10.6
      vertex 68.8728 17.8228 10.6
    endloop
  endfacet
  facet normal -0.0654194 -0.997858 0
    outer loop
      vertex 67.6 18.35 10.6
      vertex 67.8349 18.3346 12.6
      vertex 67.6 18.35 12.6
    endloop
  endfacet
  facet normal -0.0654194 -0.997858 -0
    outer loop
      vertex 67.8349 18.3346 12.6
      vertex 67.6 18.35 10.6
      vertex 67.8349 18.3346 10.6
    endloop
  endfacet
  facet normal -0.555484 -0.831527 0
    outer loop
      vertex 68.5 18.1088 10.6
      vertex 68.6958 17.978 12.6
      vertex 68.5 18.1088 12.6
    endloop
  endfacet
  facet normal -0.555484 -0.831527 -0
    outer loop
      vertex 68.6958 17.978 12.6
      vertex 68.5 18.1088 10.6
      vertex 68.6958 17.978 10.6
    endloop
  endfacet
  facet normal 0.980825 -0.194891 0
    outer loop
      vertex 65.8154 16.7849 12.6
      vertex 65.8613 17.0159 10.6
      vertex 65.8613 17.0159 12.6
    endloop
  endfacet
  facet normal 0.980825 -0.194891 0
    outer loop
      vertex 65.8613 17.0159 10.6
      vertex 65.8154 16.7849 12.6
      vertex 65.8154 16.7849 10.6
    endloop
  endfacet
  facet normal 0.751892 -0.659286 0
    outer loop
      vertex 66.172 17.6458 12.6
      vertex 66.3272 17.8228 10.6
      vertex 66.3272 17.8228 12.6
    endloop
  endfacet
  facet normal 0.751892 -0.659286 0
    outer loop
      vertex 66.3272 17.8228 10.6
      vertex 66.172 17.6458 12.6
      vertex 66.172 17.6458 10.6
    endloop
  endfacet
  facet normal 0.194891 -0.980825 0
    outer loop
      vertex 67.1341 18.2887 10.6
      vertex 67.3651 18.3346 12.6
      vertex 67.1341 18.2887 12.6
    endloop
  endfacet
  facet normal 0.194891 -0.980825 0
    outer loop
      vertex 67.3651 18.3346 12.6
      vertex 67.1341 18.2887 10.6
      vertex 67.3651 18.3346 10.6
    endloop
  endfacet
  facet normal 0.659286 -0.751892 0
    outer loop
      vertex 66.3272 17.8228 10.6
      vertex 66.5042 17.978 12.6
      vertex 66.3272 17.8228 12.6
    endloop
  endfacet
  facet normal 0.659286 -0.751892 0
    outer loop
      vertex 66.5042 17.978 12.6
      vertex 66.3272 17.8228 10.6
      vertex 66.5042 17.978 10.6
    endloop
  endfacet
  facet normal -0.555484 0.831527 0
    outer loop
      vertex 68.6958 15.122 10.6
      vertex 68.5 14.9912 12.6
      vertex 68.6958 15.122 12.6
    endloop
  endfacet
  facet normal -0.555484 0.831527 0
    outer loop
      vertex 68.5 14.9912 12.6
      vertex 68.6958 15.122 10.6
      vertex 68.5 14.9912 10.6
    endloop
  endfacet
  facet normal -0.751892 -0.659286 0
    outer loop
      vertex 69.028 17.6458 10.6
      vertex 68.8728 17.8228 12.6
      vertex 68.8728 17.8228 10.6
    endloop
  endfacet
  facet normal -0.751892 -0.659286 0
    outer loop
      vertex 68.8728 17.8228 12.6
      vertex 69.028 17.6458 10.6
      vertex 69.028 17.6458 12.6
    endloop
  endfacet
  facet normal 0.0654194 -0.997858 0
    outer loop
      vertex 67.3651 18.3346 10.6
      vertex 67.6 18.35 12.6
      vertex 67.3651 18.3346 12.6
    endloop
  endfacet
  facet normal 0.0654194 -0.997858 0
    outer loop
      vertex 67.6 18.35 12.6
      vertex 67.3651 18.3346 10.6
      vertex 67.6 18.35 10.6
    endloop
  endfacet
  facet normal -0.442452 -0.896792 0
    outer loop
      vertex 68.2888 18.213 10.6
      vertex 68.5 18.1088 12.6
      vertex 68.2888 18.213 12.6
    endloop
  endfacet
  facet normal -0.442452 -0.896792 -0
    outer loop
      vertex 68.5 18.1088 12.6
      vertex 68.2888 18.213 10.6
      vertex 68.5 18.1088 10.6
    endloop
  endfacet
  facet normal 0.997858 -0.0654194 0
    outer loop
      vertex 65.8 16.55 12.6
      vertex 65.8154 16.7849 10.6
      vertex 65.8154 16.7849 12.6
    endloop
  endfacet
  facet normal 0.997858 -0.0654194 0
    outer loop
      vertex 65.8154 16.7849 10.6
      vertex 65.8 16.55 12.6
      vertex 65.8 16.55 10.6
    endloop
  endfacet
  facet normal 0.946884 -0.321575 0
    outer loop
      vertex 65.8613 17.0159 12.6
      vertex 65.937 17.2388 10.6
      vertex 65.937 17.2388 12.6
    endloop
  endfacet
  facet normal 0.946884 -0.321575 0
    outer loop
      vertex 65.937 17.2388 10.6
      vertex 65.8613 17.0159 12.6
      vertex 65.8613 17.0159 10.6
    endloop
  endfacet
  facet normal 0.831527 -0.555484 0
    outer loop
      vertex 66.0412 17.45 12.6
      vertex 66.172 17.6458 10.6
      vertex 66.172 17.6458 12.6
    endloop
  endfacet
  facet normal 0.831527 -0.555484 0
    outer loop
      vertex 66.172 17.6458 10.6
      vertex 66.0412 17.45 12.6
      vertex 66.0412 17.45 10.6
    endloop
  endfacet
  facet normal 0.555484 -0.831527 0
    outer loop
      vertex 66.5042 17.978 10.6
      vertex 66.7 18.1088 12.6
      vertex 66.5042 17.978 12.6
    endloop
  endfacet
  facet normal 0.555484 -0.831527 0
    outer loop
      vertex 66.7 18.1088 12.6
      vertex 66.5042 17.978 10.6
      vertex 66.7 18.1088 10.6
    endloop
  endfacet
  facet normal 0.442452 -0.896792 0
    outer loop
      vertex 66.7 18.1088 10.6
      vertex 66.9112 18.213 12.6
      vertex 66.7 18.1088 12.6
    endloop
  endfacet
  facet normal 0.442452 -0.896792 0
    outer loop
      vertex 66.9112 18.213 12.6
      vertex 66.7 18.1088 10.6
      vertex 66.9112 18.213 10.6
    endloop
  endfacet
  facet normal -0.997858 -0.0654194 0
    outer loop
      vertex 69.4 16.55 10.6
      vertex 69.3846 16.7849 12.6
      vertex 69.3846 16.7849 10.6
    endloop
  endfacet
  facet normal -0.997858 -0.0654194 0
    outer loop
      vertex 69.3846 16.7849 12.6
      vertex 69.4 16.55 10.6
      vertex 69.4 16.55 12.6
    endloop
  endfacet
  facet normal -0.997858 0.0654194 0
    outer loop
      vertex 69.3846 16.3151 10.6
      vertex 69.4 16.55 12.6
      vertex 69.4 16.55 10.6
    endloop
  endfacet
  facet normal -0.997858 0.0654194 0
    outer loop
      vertex 69.4 16.55 12.6
      vertex 69.3846 16.3151 10.6
      vertex 69.3846 16.3151 12.6
    endloop
  endfacet
  facet normal -0.980825 0.194891 0
    outer loop
      vertex 69.3387 16.0841 10.6
      vertex 69.3846 16.3151 12.6
      vertex 69.3846 16.3151 10.6
    endloop
  endfacet
  facet normal -0.980825 0.194891 0
    outer loop
      vertex 69.3846 16.3151 12.6
      vertex 69.3387 16.0841 10.6
      vertex 69.3387 16.0841 12.6
    endloop
  endfacet
  facet normal -0.0654194 0.997858 0
    outer loop
      vertex 67.8349 14.7654 10.6
      vertex 67.6 14.75 12.6
      vertex 67.8349 14.7654 12.6
    endloop
  endfacet
  facet normal -0.0654194 0.997858 0
    outer loop
      vertex 67.6 14.75 12.6
      vertex 67.8349 14.7654 10.6
      vertex 67.6 14.75 10.6
    endloop
  endfacet
  facet normal -0.194891 0.980825 0
    outer loop
      vertex 68.0659 14.8113 10.6
      vertex 67.8349 14.7654 12.6
      vertex 68.0659 14.8113 12.6
    endloop
  endfacet
  facet normal -0.194891 0.980825 0
    outer loop
      vertex 67.8349 14.7654 12.6
      vertex 68.0659 14.8113 10.6
      vertex 67.8349 14.7654 10.6
    endloop
  endfacet
  facet normal -0.896792 -0.442452 0
    outer loop
      vertex 69.263 17.2388 10.6
      vertex 69.1588 17.45 12.6
      vertex 69.1588 17.45 10.6
    endloop
  endfacet
  facet normal -0.896792 -0.442452 0
    outer loop
      vertex 69.1588 17.45 12.6
      vertex 69.263 17.2388 10.6
      vertex 69.263 17.2388 12.6
    endloop
  endfacet
  facet normal -0.946884 -0.321575 0
    outer loop
      vertex 69.3387 17.0159 10.6
      vertex 69.263 17.2388 12.6
      vertex 69.263 17.2388 10.6
    endloop
  endfacet
  facet normal -0.946884 -0.321575 0
    outer loop
      vertex 69.263 17.2388 12.6
      vertex 69.3387 17.0159 10.6
      vertex 69.3387 17.0159 12.6
    endloop
  endfacet
  facet normal -0.751892 0.659286 0
    outer loop
      vertex 68.8728 15.2772 10.6
      vertex 69.028 15.4542 12.6
      vertex 69.028 15.4542 10.6
    endloop
  endfacet
  facet normal -0.751892 0.659286 0
    outer loop
      vertex 69.028 15.4542 12.6
      vertex 68.8728 15.2772 10.6
      vertex 68.8728 15.2772 12.6
    endloop
  endfacet
  facet normal -0.831527 0.555484 0
    outer loop
      vertex 69.028 15.4542 10.6
      vertex 69.1588 15.65 12.6
      vertex 69.1588 15.65 10.6
    endloop
  endfacet
  facet normal -0.831527 0.555484 0
    outer loop
      vertex 69.1588 15.65 12.6
      vertex 69.028 15.4542 10.6
      vertex 69.028 15.4542 12.6
    endloop
  endfacet
  facet normal -0.896792 0.442452 0
    outer loop
      vertex 69.1588 15.65 10.6
      vertex 69.263 15.8612 12.6
      vertex 69.263 15.8612 10.6
    endloop
  endfacet
  facet normal -0.896792 0.442452 0
    outer loop
      vertex 69.263 15.8612 12.6
      vertex 69.1588 15.65 10.6
      vertex 69.1588 15.65 12.6
    endloop
  endfacet
  facet normal 0.997858 0.0654194 0
    outer loop
      vertex 65.8154 16.3151 12.6
      vertex 65.8 16.55 10.6
      vertex 65.8 16.55 12.6
    endloop
  endfacet
  facet normal 0.997858 0.0654194 0
    outer loop
      vertex 65.8 16.55 10.6
      vertex 65.8154 16.3151 12.6
      vertex 65.8154 16.3151 10.6
    endloop
  endfacet
  facet normal 0.896792 0.442452 0
    outer loop
      vertex 66.0412 15.65 12.6
      vertex 65.937 15.8612 10.6
      vertex 65.937 15.8612 12.6
    endloop
  endfacet
  facet normal 0.896792 0.442452 0
    outer loop
      vertex 65.937 15.8612 10.6
      vertex 66.0412 15.65 12.6
      vertex 66.0412 15.65 10.6
    endloop
  endfacet
  facet normal 0.659286 0.751892 -0
    outer loop
      vertex 66.5042 15.122 10.6
      vertex 66.3272 15.2772 12.6
      vertex 66.5042 15.122 12.6
    endloop
  endfacet
  facet normal 0.659286 0.751892 0
    outer loop
      vertex 66.3272 15.2772 12.6
      vertex 66.5042 15.122 10.6
      vertex 66.3272 15.2772 10.6
    endloop
  endfacet
  facet normal -0.442452 0.896792 0
    outer loop
      vertex 68.5 14.9912 10.6
      vertex 68.2888 14.887 12.6
      vertex 68.5 14.9912 12.6
    endloop
  endfacet
  facet normal -0.442452 0.896792 0
    outer loop
      vertex 68.2888 14.887 12.6
      vertex 68.5 14.9912 10.6
      vertex 68.2888 14.887 10.6
    endloop
  endfacet
  facet normal -0.321575 0.946884 0
    outer loop
      vertex 68.2888 14.887 10.6
      vertex 68.0659 14.8113 12.6
      vertex 68.2888 14.887 12.6
    endloop
  endfacet
  facet normal -0.321575 0.946884 0
    outer loop
      vertex 68.0659 14.8113 12.6
      vertex 68.2888 14.887 10.6
      vertex 68.0659 14.8113 10.6
    endloop
  endfacet
  facet normal -0.659286 0.751892 0
    outer loop
      vertex 68.8728 15.2772 10.6
      vertex 68.6958 15.122 12.6
      vertex 68.8728 15.2772 12.6
    endloop
  endfacet
  facet normal -0.659286 0.751892 0
    outer loop
      vertex 68.6958 15.122 12.6
      vertex 68.8728 15.2772 10.6
      vertex 68.6958 15.122 10.6
    endloop
  endfacet
  facet normal -0.946884 0.321575 0
    outer loop
      vertex 69.263 15.8612 10.6
      vertex 69.3387 16.0841 12.6
      vertex 69.3387 16.0841 10.6
    endloop
  endfacet
  facet normal -0.946884 0.321575 0
    outer loop
      vertex 69.3387 16.0841 12.6
      vertex 69.263 15.8612 10.6
      vertex 69.263 15.8612 12.6
    endloop
  endfacet
  facet normal 0.321575 0.946884 -0
    outer loop
      vertex 67.1341 14.8113 10.6
      vertex 66.9112 14.887 12.6
      vertex 67.1341 14.8113 12.6
    endloop
  endfacet
  facet normal 0.321575 0.946884 0
    outer loop
      vertex 66.9112 14.887 12.6
      vertex 67.1341 14.8113 10.6
      vertex 66.9112 14.887 10.6
    endloop
  endfacet
  facet normal 0.194891 0.980825 -0
    outer loop
      vertex 67.3651 14.7654 10.6
      vertex 67.1341 14.8113 12.6
      vertex 67.3651 14.7654 12.6
    endloop
  endfacet
  facet normal 0.194891 0.980825 0
    outer loop
      vertex 67.1341 14.8113 12.6
      vertex 67.3651 14.7654 10.6
      vertex 67.1341 14.8113 10.6
    endloop
  endfacet
  facet normal 0.0654194 0.997858 -0
    outer loop
      vertex 67.6 14.75 10.6
      vertex 67.3651 14.7654 12.6
      vertex 67.6 14.75 12.6
    endloop
  endfacet
  facet normal 0.0654194 0.997858 0
    outer loop
      vertex 67.3651 14.7654 12.6
      vertex 67.6 14.75 10.6
      vertex 67.3651 14.7654 10.6
    endloop
  endfacet
  facet normal 0.980825 0.194891 0
    outer loop
      vertex 65.8613 16.0841 12.6
      vertex 65.8154 16.3151 10.6
      vertex 65.8154 16.3151 12.6
    endloop
  endfacet
  facet normal 0.980825 0.194891 0
    outer loop
      vertex 65.8154 16.3151 10.6
      vertex 65.8613 16.0841 12.6
      vertex 65.8613 16.0841 10.6
    endloop
  endfacet
  facet normal 0.555484 0.831527 -0
    outer loop
      vertex 66.7 14.9912 10.6
      vertex 66.5042 15.122 12.6
      vertex 66.7 14.9912 12.6
    endloop
  endfacet
  facet normal 0.555484 0.831527 0
    outer loop
      vertex 66.5042 15.122 12.6
      vertex 66.7 14.9912 10.6
      vertex 66.5042 15.122 10.6
    endloop
  endfacet
  facet normal 0.946884 0.321575 0
    outer loop
      vertex 65.937 15.8612 12.6
      vertex 65.8613 16.0841 10.6
      vertex 65.8613 16.0841 12.6
    endloop
  endfacet
  facet normal 0.946884 0.321575 0
    outer loop
      vertex 65.8613 16.0841 10.6
      vertex 65.937 15.8612 12.6
      vertex 65.937 15.8612 10.6
    endloop
  endfacet
  facet normal 0.751892 0.659286 0
    outer loop
      vertex 66.3272 15.2772 12.6
      vertex 66.172 15.4542 10.6
      vertex 66.172 15.4542 12.6
    endloop
  endfacet
  facet normal 0.751892 0.659286 0
    outer loop
      vertex 66.172 15.4542 10.6
      vertex 66.3272 15.2772 12.6
      vertex 66.3272 15.2772 10.6
    endloop
  endfacet
  facet normal 0.831527 0.555484 0
    outer loop
      vertex 66.172 15.4542 12.6
      vertex 66.0412 15.65 10.6
      vertex 66.0412 15.65 12.6
    endloop
  endfacet
  facet normal 0.831527 0.555484 0
    outer loop
      vertex 66.0412 15.65 10.6
      vertex 66.172 15.4542 12.6
      vertex 66.172 15.4542 10.6
    endloop
  endfacet
  facet normal 0.442452 0.896792 -0
    outer loop
      vertex 66.9112 14.887 10.6
      vertex 66.7 14.9912 12.6
      vertex 66.9112 14.887 12.6
    endloop
  endfacet
  facet normal 0.442452 0.896792 0
    outer loop
      vertex 66.7 14.9912 12.6
      vertex 66.9112 14.887 10.6
      vertex 66.7 14.9912 10.6
    endloop
  endfacet
endsolid OpenSCAD_Model
