solid OpenSCAD_Model
  facet normal -1 0 0
    outer loop
      vertex -6.3 -6.7 -1.5
      vertex -6.3 -5.54619 0
      vertex -6.3 -5.54619 -1.5
    endloop
  endfacet
  facet normal -1 -0 0
    outer loop
      vertex -6.3 -5.54619 0
      vertex -6.3 -6.7 -1.5
      vertex -6.3 -6.7 0
    endloop
  endfacet
  facet normal -1 0 0
    outer loop
      vertex -6.3 37.3462 -1.5
      vertex -6.3 38.5 0
      vertex -6.3 38.5 -1.5
    endloop
  endfacet
  facet normal -1 -0 0
    outer loop
      vertex -6.3 38.5 0
      vertex -6.3 37.3462 -1.5
      vertex -6.3 37.3462 0
    endloop
  endfacet
  facet normal -1 0 0
    outer loop
      vertex -6.3 -1.65381 -1.5
      vertex -6.3 33.4538 0
      vertex -6.3 33.4538 -1.5
    endloop
  endfacet
  facet normal -1 -0 0
    outer loop
      vertex -6.3 33.4538 0
      vertex -6.3 -1.65381 -1.5
      vertex -6.3 -1.65381 0
    endloop
  endfacet
  facet normal 0 0 -1
    outer loop
      vertex -6.43109 -1.85 0
      vertex -6.3 33.4538 0
      vertex -6.3 -1.65381 0
    endloop
  endfacet
  facet normal 0 0 -1
    outer loop
      vertex -6.43109 -1.85 0
      vertex -6.43109 33.65 0
      vertex -6.3 33.4538 0
    endloop
  endfacet
  facet normal 0 0 -1
    outer loop
      vertex -6.63358 -2.26061 0
      vertex -6.43109 33.65 0
      vertex -6.43109 -1.85 0
    endloop
  endfacet
  facet normal 0 0 -1
    outer loop
      vertex -6.63358 -2.26061 0
      vertex -6.63358 34.0606 0
      vertex -6.43109 33.65 0
    endloop
  endfacet
  facet normal 0 0 -1
    outer loop
      vertex -6.78074 -2.69413 0
      vertex -6.63358 34.0606 0
      vertex -6.63358 -2.26061 0
    endloop
  endfacet
  facet normal 0 0 -1
    outer loop
      vertex -6.78074 -2.69413 0
      vertex -6.78074 34.4941 0
      vertex -6.63358 34.0606 0
    endloop
  endfacet
  facet normal 0 0 -1
    outer loop
      vertex -8.6 -9 0
      vertex -6.78074 -2.69413 0
      vertex -6.87006 -3.14316 0
    endloop
  endfacet
  facet normal -0 0 -1
    outer loop
      vertex -6.78074 -2.69413 0
      vertex -8.6 -9 0
      vertex -6.78074 34.4941 0
    endloop
  endfacet
  facet normal 0 0 -1
    outer loop
      vertex -8.6 -9 0
      vertex -6.87006 -3.14316 0
      vertex -6.9 -3.6 0
    endloop
  endfacet
  facet normal 0 0 -1
    outer loop
      vertex -8.6 40.8 0
      vertex -6.78074 34.4941 0
      vertex -8.6 -9 0
    endloop
  endfacet
  facet normal -0 0 -1
    outer loop
      vertex -6.3 37.3462 0
      vertex -6.43109 37.15 0
      vertex -6.3 38.5 0
    endloop
  endfacet
  facet normal 0 0 -1
    outer loop
      vertex 85.7 -9 0
      vertex 83.6807 -2.69413 0
      vertex 85.7 40.8 0
    endloop
  endfacet
  facet normal 0 0 -1
    outer loop
      vertex 85.7 40.8 0
      vertex 83.7701 34.9432 0
      vertex 83.8 35.4 0
    endloop
  endfacet
  facet normal 0 0 -1
    outer loop
      vertex 83.6807 34.4941 0
      vertex 85.7 40.8 0
      vertex 83.6807 -2.69413 0
    endloop
  endfacet
  facet normal 0 0 -1
    outer loop
      vertex 85.7 40.8 0
      vertex 83.6807 34.4941 0
      vertex 83.7701 34.9432 0
    endloop
  endfacet
  facet normal 0 0 -1
    outer loop
      vertex 83.5336 -2.26061 0
      vertex 83.6807 34.4941 0
      vertex 83.6807 -2.69413 0
    endloop
  endfacet
  facet normal 0 0 -1
    outer loop
      vertex 83.5336 -2.26061 0
      vertex 83.5336 34.0606 0
      vertex 83.6807 34.4941 0
    endloop
  endfacet
  facet normal 0 0 -1
    outer loop
      vertex 83.4 -1.98974 0
      vertex 83.5336 34.0606 0
      vertex 83.5336 -2.26061 0
    endloop
  endfacet
  facet normal 0 0 -1
    outer loop
      vertex 83.5336 34.0606 0
      vertex 83.4 -1.98974 0
      vertex 83.4 33.7897 0
    endloop
  endfacet
  facet normal 0 0 -1
    outer loop
      vertex 83.7701 -3.14316 0
      vertex 85.7 -9 0
      vertex 83.8 -3.6 0
    endloop
  endfacet
  facet normal 0 0 -1
    outer loop
      vertex 85.7 -9 0
      vertex 83.7701 -4.05684 0
      vertex 83.8 -3.6 0
    endloop
  endfacet
  facet normal 0 0 -1
    outer loop
      vertex 85.7 -9 0
      vertex 83.6807 -4.50587 0
      vertex 83.7701 -4.05684 0
    endloop
  endfacet
  facet normal 0 0 -1
    outer loop
      vertex 85.7 -9 0
      vertex 83.5336 -4.93939 0
      vertex 83.6807 -4.50587 0
    endloop
  endfacet
  facet normal 0 0 -1
    outer loop
      vertex 85.7 -9 0
      vertex 83.4 -6.7 0
      vertex 83.5336 -4.93939 0
    endloop
  endfacet
  facet normal 0 0 -1
    outer loop
      vertex 81.6394 -6.83358 0
      vertex 83.4 -6.7 0
      vertex 85.7 -9 0
    endloop
  endfacet
  facet normal -0 0 -1
    outer loop
      vertex 83.4 -6.7 0
      vertex 81.6394 -6.83358 0
      vertex 81.9103 -6.7 0
    endloop
  endfacet
  facet normal 0 0 -1
    outer loop
      vertex 85.7 -9 0
      vertex 81.2059 -6.98074 0
      vertex 81.6394 -6.83358 0
    endloop
  endfacet
  facet normal 0 0 -1
    outer loop
      vertex 85.7 -9 0
      vertex 80.7568 -7.07006 0
      vertex 81.2059 -6.98074 0
    endloop
  endfacet
  facet normal 0 0 -1
    outer loop
      vertex 85.7 -9 0
      vertex 80.3 -7.1 0
      vertex 80.7568 -7.07006 0
    endloop
  endfacet
  facet normal 0 0 -1
    outer loop
      vertex 85.7 -9 0
      vertex 79.8432 -7.07006 0
      vertex 80.3 -7.1 0
    endloop
  endfacet
  facet normal 0 0 -1
    outer loop
      vertex 85.7 -9 0
      vertex 79.3941 -6.98074 0
      vertex 79.8432 -7.07006 0
    endloop
  endfacet
  facet normal 0 0 -1
    outer loop
      vertex 78.9606 -6.83358 0
      vertex -1.78974 -6.7 0
      vertex 78.6897 -6.7 0
    endloop
  endfacet
  facet normal 0 0 -1
    outer loop
      vertex -2.06061 -6.83358 0
      vertex 78.9606 -6.83358 0
      vertex 79.3941 -6.98074 0
    endloop
  endfacet
  facet normal 0 0 -1
    outer loop
      vertex -2.49413 -6.98074 0
      vertex 79.3941 -6.98074 0
      vertex 85.7 -9 0
    endloop
  endfacet
  facet normal 0 0 -1
    outer loop
      vertex 78.9606 -6.83358 0
      vertex -2.06061 -6.83358 0
      vertex -1.78974 -6.7 0
    endloop
  endfacet
  facet normal 0 0 -1
    outer loop
      vertex 79.3941 -6.98074 0
      vertex -2.49413 -6.98074 0
      vertex -2.06061 -6.83358 0
    endloop
  endfacet
  facet normal 0 0 -1
    outer loop
      vertex -8.6 -9 0
      vertex -2.49413 -6.98074 0
      vertex 85.7 -9 0
    endloop
  endfacet
  facet normal 0 0 -1
    outer loop
      vertex -2.49413 -6.98074 0
      vertex -8.6 -9 0
      vertex -2.94316 -7.07006 0
    endloop
  endfacet
  facet normal 0 0 -1
    outer loop
      vertex -4.73939 -6.83358 0
      vertex -6.3 -6.7 0
      vertex -5.01026 -6.7 0
    endloop
  endfacet
  facet normal 0 0 -1
    outer loop
      vertex -8.6 -9 0
      vertex -4.73939 -6.83358 0
      vertex -4.30587 -6.98074 0
    endloop
  endfacet
  facet normal 0 0 -1
    outer loop
      vertex -8.6 -9 0
      vertex -4.30587 -6.98074 0
      vertex -3.85684 -7.07006 0
    endloop
  endfacet
  facet normal 0 0 -1
    outer loop
      vertex -6.3 -6.7 0
      vertex -6.43109 -5.35 0
      vertex -6.3 -5.54619 0
    endloop
  endfacet
  facet normal 0 0 -1
    outer loop
      vertex -6.3 -6.7 0
      vertex -6.63358 -4.93939 0
      vertex -6.43109 -5.35 0
    endloop
  endfacet
  facet normal 0 0 -1
    outer loop
      vertex -8.6 -9 0
      vertex -6.63358 -4.93939 0
      vertex -6.3 -6.7 0
    endloop
  endfacet
  facet normal 0 0 -1
    outer loop
      vertex -6.78074 34.4941 0
      vertex -8.6 40.8 0
      vertex -6.87006 34.9432 0
    endloop
  endfacet
  facet normal -0 0 -1
    outer loop
      vertex -6.87006 -4.05684 0
      vertex -8.6 -9 0
      vertex -6.9 -3.6 0
    endloop
  endfacet
  facet normal -0 0 -1
    outer loop
      vertex -6.78074 -4.50587 0
      vertex -8.6 -9 0
      vertex -6.87006 -4.05684 0
    endloop
  endfacet
  facet normal -0 0 -1
    outer loop
      vertex -6.63358 -4.93939 0
      vertex -8.6 -9 0
      vertex -6.78074 -4.50587 0
    endloop
  endfacet
  facet normal -0 0 -1
    outer loop
      vertex -4.73939 -6.83358 0
      vertex -8.6 -9 0
      vertex -6.3 -6.7 0
    endloop
  endfacet
  facet normal -0 0 -1
    outer loop
      vertex -3.4 -7.1 0
      vertex -8.6 -9 0
      vertex -3.85684 -7.07006 0
    endloop
  endfacet
  facet normal 0 0 -1
    outer loop
      vertex -2.94316 -7.07006 0
      vertex -8.6 -9 0
      vertex -3.4 -7.1 0
    endloop
  endfacet
  facet normal 0 0 -1
    outer loop
      vertex 83.6807 -2.69413 0
      vertex 85.7 -9 0
      vertex 83.7701 -3.14316 0
    endloop
  endfacet
  facet normal 0 0 -1
    outer loop
      vertex 83.7701 35.8568 0
      vertex 85.7 40.8 0
      vertex 83.8 35.4 0
    endloop
  endfacet
  facet normal 0 0 -1
    outer loop
      vertex 83.6807 36.3059 0
      vertex 85.7 40.8 0
      vertex 83.7701 35.8568 0
    endloop
  endfacet
  facet normal 0 0 -1
    outer loop
      vertex 83.5336 36.7394 0
      vertex 85.7 40.8 0
      vertex 83.6807 36.3059 0
    endloop
  endfacet
  facet normal 0 0 -1
    outer loop
      vertex 83.4 38.5 0
      vertex 83.5336 36.7394 0
      vertex 83.4 37.0103 0
    endloop
  endfacet
  facet normal 0 0 -1
    outer loop
      vertex 83.5336 36.7394 0
      vertex 83.4 38.5 0
      vertex 85.7 40.8 0
    endloop
  endfacet
  facet normal 0 0 -1
    outer loop
      vertex 81.6394 38.6336 0
      vertex 83.4 38.5 0
      vertex 81.9103 38.5 0
    endloop
  endfacet
  facet normal 0 0 -1
    outer loop
      vertex 83.4 38.5 0
      vertex 81.6394 38.6336 0
      vertex 85.7 40.8 0
    endloop
  endfacet
  facet normal 0 0 -1
    outer loop
      vertex 81.2059 38.7807 0
      vertex 85.7 40.8 0
      vertex 81.6394 38.6336 0
    endloop
  endfacet
  facet normal 0 0 -1
    outer loop
      vertex 80.7568 38.8701 0
      vertex 85.7 40.8 0
      vertex 81.2059 38.7807 0
    endloop
  endfacet
  facet normal 0 0 -1
    outer loop
      vertex 80.3 38.9 0
      vertex 85.7 40.8 0
      vertex 80.7568 38.8701 0
    endloop
  endfacet
  facet normal 0 0 -1
    outer loop
      vertex 79.8432 38.8701 0
      vertex 85.7 40.8 0
      vertex 80.3 38.9 0
    endloop
  endfacet
  facet normal 0 0 -1
    outer loop
      vertex 79.3941 38.7807 0
      vertex 85.7 40.8 0
      vertex 79.8432 38.8701 0
    endloop
  endfacet
  facet normal 0 0 -1
    outer loop
      vertex -1.78974 38.5 0
      vertex 78.9606 38.6336 0
      vertex 78.6897 38.5 0
    endloop
  endfacet
  facet normal 0 0 -1
    outer loop
      vertex -2.06061 38.6336 0
      vertex 78.9606 38.6336 0
      vertex -1.78974 38.5 0
    endloop
  endfacet
  facet normal 0 0 -1
    outer loop
      vertex 78.9606 38.6336 0
      vertex -2.06061 38.6336 0
      vertex 79.3941 38.7807 0
    endloop
  endfacet
  facet normal 0 0 -1
    outer loop
      vertex -2.49413 38.7807 0
      vertex 79.3941 38.7807 0
      vertex -2.06061 38.6336 0
    endloop
  endfacet
  facet normal 0 0 -1
    outer loop
      vertex 79.3941 38.7807 0
      vertex -2.49413 38.7807 0
      vertex 85.7 40.8 0
    endloop
  endfacet
  facet normal 0 0 -1
    outer loop
      vertex -8.6 40.8 0
      vertex -2.49413 38.7807 0
      vertex -2.94316 38.8701 0
    endloop
  endfacet
  facet normal 0 0 -1
    outer loop
      vertex -8.6 40.8 0
      vertex -2.94316 38.8701 0
      vertex -3.4 38.9 0
    endloop
  endfacet
  facet normal 0 0 -1
    outer loop
      vertex -6.3 38.5 0
      vertex -4.73939 38.6336 0
      vertex -5.01026 38.5 0
    endloop
  endfacet
  facet normal 0 0 -1
    outer loop
      vertex -8.6 40.8 0
      vertex -4.73939 38.6336 0
      vertex -6.3 38.5 0
    endloop
  endfacet
  facet normal 0 0 -1
    outer loop
      vertex -4.73939 38.6336 0
      vertex -8.6 40.8 0
      vertex -4.30587 38.7807 0
    endloop
  endfacet
  facet normal 0 0 -1
    outer loop
      vertex -6.63358 36.7394 0
      vertex -6.3 38.5 0
      vertex -6.43109 37.15 0
    endloop
  endfacet
  facet normal 0 0 -1
    outer loop
      vertex -8.6 40.8 0
      vertex -6.63358 36.7394 0
      vertex -6.78074 36.3059 0
    endloop
  endfacet
  facet normal 0 0 -1
    outer loop
      vertex -2.49413 38.7807 0
      vertex -8.6 40.8 0
      vertex 85.7 40.8 0
    endloop
  endfacet
  facet normal 0 0 -1
    outer loop
      vertex -3.85684 38.8701 0
      vertex -8.6 40.8 0
      vertex -3.4 38.9 0
    endloop
  endfacet
  facet normal 0 0 -1
    outer loop
      vertex -4.30587 38.7807 0
      vertex -8.6 40.8 0
      vertex -3.85684 38.8701 0
    endloop
  endfacet
  facet normal 0 0 -1
    outer loop
      vertex -6.63358 36.7394 0
      vertex -8.6 40.8 0
      vertex -6.3 38.5 0
    endloop
  endfacet
  facet normal 0 0 -1
    outer loop
      vertex -6.87006 35.8568 0
      vertex -8.6 40.8 0
      vertex -6.78074 36.3059 0
    endloop
  endfacet
  facet normal 0 0 -1
    outer loop
      vertex -6.9 35.4 0
      vertex -8.6 40.8 0
      vertex -6.87006 35.8568 0
    endloop
  endfacet
  facet normal 0 0 -1
    outer loop
      vertex -6.87006 34.9432 0
      vertex -8.6 40.8 0
      vertex -6.9 35.4 0
    endloop
  endfacet
  facet normal 0 0 -1
    outer loop
      vertex 83.5336 -4.93939 0
      vertex 83.4 -6.7 0
      vertex 83.4 -5.21026 0
    endloop
  endfacet
  facet normal 0 0 -1
    outer loop
      vertex -0.166421 -2.26061 0
      vertex 32.05 7.8 0
      vertex -0.0192595 -2.69413 0
    endloop
  endfacet
  facet normal 0 0 -1
    outer loop
      vertex 32.05 16.8 0
      vertex 0.0700569 34.9432 0
      vertex 0.0999994 35.4 0
    endloop
  endfacet
  facet normal 0 0 -1
    outer loop
      vertex -0.368911 -1.85 0
      vertex 32.05 7.8 0
      vertex -0.166421 -2.26061 0
    endloop
  endfacet
  facet normal 0 0 -1
    outer loop
      vertex 32.05 16.8 0
      vertex -0.0192595 34.4941 0
      vertex 0.0700569 34.9432 0
    endloop
  endfacet
  facet normal 0 0 -1
    outer loop
      vertex -0.623262 -1.46933 0
      vertex 32.05 7.8 0
      vertex -0.368911 -1.85 0
    endloop
  endfacet
  facet normal 0 0 -1
    outer loop
      vertex 32.05 16.8 0
      vertex -0.166421 34.0606 0
      vertex -0.0192595 34.4941 0
    endloop
  endfacet
  facet normal 0 0 -1
    outer loop
      vertex -0.925126 -1.12513 0
      vertex 32.05 7.8 0
      vertex -0.623262 -1.46933 0
    endloop
  endfacet
  facet normal 0 0 -1
    outer loop
      vertex 32.05 16.8 0
      vertex -0.368911 33.65 0
      vertex -0.166421 34.0606 0
    endloop
  endfacet
  facet normal -0 0 -1
    outer loop
      vertex 32.05 7.8 0
      vertex -0.925126 -1.12513 0
      vertex 32.05 16.8 0
    endloop
  endfacet
  facet normal 0 0 -1
    outer loop
      vertex 32.05 16.8 0
      vertex -0.623262 33.2693 0
      vertex -0.368911 33.65 0
    endloop
  endfacet
  facet normal 0 0 -1
    outer loop
      vertex -1.26933 -0.823263 0
      vertex 32.05 16.8 0
      vertex -0.925126 -1.12513 0
    endloop
  endfacet
  facet normal 0 0 -1
    outer loop
      vertex 32.05 16.8 0
      vertex -0.925126 32.9251 0
      vertex -0.623262 33.2693 0
    endloop
  endfacet
  facet normal 0 0 -1
    outer loop
      vertex -1.26933 32.6233 0
      vertex 32.05 16.8 0
      vertex -1.26933 -0.823263 0
    endloop
  endfacet
  facet normal 0 0 -1
    outer loop
      vertex 32.05 16.8 0
      vertex -1.26933 32.6233 0
      vertex -0.925126 32.9251 0
    endloop
  endfacet
  facet normal 0 0 -1
    outer loop
      vertex -1.65 -0.568911 0
      vertex -1.26933 32.6233 0
      vertex -1.26933 -0.823263 0
    endloop
  endfacet
  facet normal 0 0 -1
    outer loop
      vertex -1.65 -0.568911 0
      vertex -1.65 32.3689 0
      vertex -1.26933 32.6233 0
    endloop
  endfacet
  facet normal 0 0 -1
    outer loop
      vertex -2.06061 -0.366421 0
      vertex -1.65 32.3689 0
      vertex -1.65 -0.568911 0
    endloop
  endfacet
  facet normal 0 0 -1
    outer loop
      vertex -2.06061 -0.366421 0
      vertex -2.06061 32.1664 0
      vertex -1.65 32.3689 0
    endloop
  endfacet
  facet normal 0 0 -1
    outer loop
      vertex -2.49413 -0.219259 0
      vertex -2.06061 32.1664 0
      vertex -2.06061 -0.366421 0
    endloop
  endfacet
  facet normal 0 0 -1
    outer loop
      vertex -2.49413 -0.219259 0
      vertex -2.49413 32.0193 0
      vertex -2.06061 32.1664 0
    endloop
  endfacet
  facet normal 0 0 -1
    outer loop
      vertex -2.94316 -0.129943 0
      vertex -2.49413 32.0193 0
      vertex -2.49413 -0.219259 0
    endloop
  endfacet
  facet normal 0 0 -1
    outer loop
      vertex -2.94316 -0.129943 0
      vertex -2.94316 31.9299 0
      vertex -2.49413 32.0193 0
    endloop
  endfacet
  facet normal 0 0 -1
    outer loop
      vertex -3.4 -0.0999994 0
      vertex -2.94316 31.9299 0
      vertex -2.94316 -0.129943 0
    endloop
  endfacet
  facet normal 0 0 -1
    outer loop
      vertex -3.4 -0.0999994 0
      vertex -3.4 31.9 0
      vertex -2.94316 31.9299 0
    endloop
  endfacet
  facet normal 0 0 -1
    outer loop
      vertex -3.85684 -0.129943 0
      vertex -3.4 31.9 0
      vertex -3.4 -0.0999994 0
    endloop
  endfacet
  facet normal 0 0 -1
    outer loop
      vertex -3.85684 -0.129943 0
      vertex -3.85684 31.9299 0
      vertex -3.4 31.9 0
    endloop
  endfacet
  facet normal 0 0 -1
    outer loop
      vertex -4.30587 -0.219259 0
      vertex -3.85684 31.9299 0
      vertex -3.85684 -0.129943 0
    endloop
  endfacet
  facet normal 0 0 -1
    outer loop
      vertex -4.30587 -0.219259 0
      vertex -4.30587 32.0193 0
      vertex -3.85684 31.9299 0
    endloop
  endfacet
  facet normal 0 0 -1
    outer loop
      vertex -4.73939 -0.366421 0
      vertex -4.30587 32.0193 0
      vertex -4.30587 -0.219259 0
    endloop
  endfacet
  facet normal 0 0 -1
    outer loop
      vertex -4.73939 -0.366421 0
      vertex -4.73939 32.1664 0
      vertex -4.30587 32.0193 0
    endloop
  endfacet
  facet normal 0 0 -1
    outer loop
      vertex -5.1 -0.544254 0
      vertex -4.73939 32.1664 0
      vertex -4.73939 -0.366421 0
    endloop
  endfacet
  facet normal -0 0 -1
    outer loop
      vertex -4.73939 32.1664 0
      vertex -5.1 -0.544254 0
      vertex -5.1 32.3443 0
    endloop
  endfacet
  facet normal 0 0 -1
    outer loop
      vertex 50.05 1.08 0
      vertex 76.8 -3.6 0
      vertex 76.8299 -4.05684 0
    endloop
  endfacet
  facet normal 0 0 -1
    outer loop
      vertex 74.55 18.6 0
      vertex 71.1 24.8 0
      vertex 74.55 32.1 0
    endloop
  endfacet
  facet normal 0 0 -1
    outer loop
      vertex 76.8 -3.6 0
      vertex 68.8728 15.2772 0
      vertex 74.55 18.6 0
    endloop
  endfacet
  facet normal 0 0 -1
    outer loop
      vertex 74.55 18.6 0
      vertex 71.0803 24.4998 0
      vertex 71.1 24.8 0
    endloop
  endfacet
  facet normal 0 0 -1
    outer loop
      vertex 50.05 1.08 0
      vertex 76.8299 -4.05684 0
      vertex 76.9193 -4.50587 0
    endloop
  endfacet
  facet normal 0 0 -1
    outer loop
      vertex 74.55 18.6 0
      vertex 71.0216 24.2047 0
      vertex 71.0803 24.4998 0
    endloop
  endfacet
  facet normal 0 0 -1
    outer loop
      vertex 74.55 18.6 0
      vertex 70.9249 23.9198 0
      vertex 71.0216 24.2047 0
    endloop
  endfacet
  facet normal 0 0 -1
    outer loop
      vertex 69.3846 16.7849 0
      vertex 74.55 18.6 0
      vertex 69.4 16.55 0
    endloop
  endfacet
  facet normal 0 0 -1
    outer loop
      vertex 74.55 18.6 0
      vertex 70.7919 23.65 0
      vertex 70.9249 23.9198 0
    endloop
  endfacet
  facet normal 0 0 -1
    outer loop
      vertex 69.3387 17.0159 0
      vertex 74.55 18.6 0
      vertex 69.3846 16.7849 0
    endloop
  endfacet
  facet normal 0 0 -1
    outer loop
      vertex 74.55 18.6 0
      vertex 70.6247 23.3998 0
      vertex 70.7919 23.65 0
    endloop
  endfacet
  facet normal 0 0 -1
    outer loop
      vertex 69.263 17.2388 0
      vertex 74.55 18.6 0
      vertex 69.3387 17.0159 0
    endloop
  endfacet
  facet normal 0 0 -1
    outer loop
      vertex 74.55 18.6 0
      vertex 70.4263 23.1737 0
      vertex 70.6247 23.3998 0
    endloop
  endfacet
  facet normal 0 0 -1
    outer loop
      vertex 69.1588 17.45 0
      vertex 74.55 18.6 0
      vertex 69.263 17.2388 0
    endloop
  endfacet
  facet normal 0 0 -1
    outer loop
      vertex 50.05 1.08 0
      vertex 76.9193 -4.50587 0
      vertex 77.0664 -4.93939 0
    endloop
  endfacet
  facet normal 0 0 -1
    outer loop
      vertex 74.55 18.6 0
      vertex 69.3846 16.3151 0
      vertex 69.4 16.55 0
    endloop
  endfacet
  facet normal 0 0 -1
    outer loop
      vertex 74.55 18.6 0
      vertex 69.3387 16.0841 0
      vertex 69.3846 16.3151 0
    endloop
  endfacet
  facet normal 0 0 -1
    outer loop
      vertex 74.55 18.6 0
      vertex 69.263 15.8612 0
      vertex 69.3387 16.0841 0
    endloop
  endfacet
  facet normal 0 0 -1
    outer loop
      vertex 74.55 18.6 0
      vertex 69.1588 15.65 0
      vertex 69.263 15.8612 0
    endloop
  endfacet
  facet normal 0 0 -1
    outer loop
      vertex 74.55 18.6 0
      vertex 69.028 15.4542 0
      vertex 69.1588 15.65 0
    endloop
  endfacet
  facet normal 0 0 -1
    outer loop
      vertex 74.55 18.6 0
      vertex 68.8728 15.2772 0
      vertex 69.028 15.4542 0
    endloop
  endfacet
  facet normal 0 0 -1
    outer loop
      vertex 76.8 -3.6 0
      vertex 68.6958 15.122 0
      vertex 68.8728 15.2772 0
    endloop
  endfacet
  facet normal 0 0 -1
    outer loop
      vertex 76.8 -3.6 0
      vertex 68.5 14.9912 0
      vertex 68.6958 15.122 0
    endloop
  endfacet
  facet normal 0 0 -1
    outer loop
      vertex 76.8 -3.6 0
      vertex 68.2888 14.887 0
      vertex 68.5 14.9912 0
    endloop
  endfacet
  facet normal 0 0 -1
    outer loop
      vertex 76.8 -3.6 0
      vertex 68.0659 14.8113 0
      vertex 68.2888 14.887 0
    endloop
  endfacet
  facet normal 0 0 -1
    outer loop
      vertex 76.8 -3.6 0
      vertex 67.8349 14.7654 0
      vertex 68.0659 14.8113 0
    endloop
  endfacet
  facet normal 0 0 -1
    outer loop
      vertex 76.8 -3.6 0
      vertex 67.6 14.75 0
      vertex 67.8349 14.7654 0
    endloop
  endfacet
  facet normal 0 0 -1
    outer loop
      vertex 76.8 -3.6 0
      vertex 67.3651 14.7654 0
      vertex 67.6 14.75 0
    endloop
  endfacet
  facet normal 0 0 -1
    outer loop
      vertex 76.8 -3.6 0
      vertex 67.1341 14.8113 0
      vertex 67.3651 14.7654 0
    endloop
  endfacet
  facet normal 0 0 -1
    outer loop
      vertex 50.05 1.08 0
      vertex 77.0664 -4.93939 0
      vertex 77.2689 -5.35 0
    endloop
  endfacet
  facet normal 0 0 -1
    outer loop
      vertex 76.8 -3.6 0
      vertex 50.05 1.08 0
      vertex 67.1341 14.8113 0
    endloop
  endfacet
  facet normal -0 0 -1
    outer loop
      vertex 67.1341 14.8113 0
      vertex 50.05 1.08 0
      vertex 66.9112 14.887 0
    endloop
  endfacet
  facet normal -0 0 -1
    outer loop
      vertex 66.9112 14.887 0
      vertex 50.05 1.08 0
      vertex 66.7 14.9912 0
    endloop
  endfacet
  facet normal 0 0 -1
    outer loop
      vertex 50.05 9.08 0
      vertex 66.7 14.9912 0
      vertex 50.05 1.08 0
    endloop
  endfacet
  facet normal -0 0 -1
    outer loop
      vertex 66.7 14.9912 0
      vertex 50.05 9.08 0
      vertex 66.5042 15.122 0
    endloop
  endfacet
  facet normal -0 0 -1
    outer loop
      vertex 66.5042 15.122 0
      vertex 50.05 9.08 0
      vertex 66.3272 15.2772 0
    endloop
  endfacet
  facet normal 0 0 -1
    outer loop
      vertex 58.6002 22.5197 0
      vertex 65.8 16.55 0
      vertex 65.8154 16.3151 0
    endloop
  endfacet
  facet normal 0 0 -1
    outer loop
      vertex 58.3 22.5 0
      vertex 65.8154 16.3151 0
      vertex 65.8613 16.0841 0
    endloop
  endfacet
  facet normal 0 0 -1
    outer loop
      vertex 50.05 9.08 0
      vertex 65.8613 16.0841 0
      vertex 65.937 15.8612 0
    endloop
  endfacet
  facet normal 0 0 -1
    outer loop
      vertex 50.05 9.08 0
      vertex 65.937 15.8612 0
      vertex 66.0412 15.65 0
    endloop
  endfacet
  facet normal -0 0 -1
    outer loop
      vertex 66.3272 15.2772 0
      vertex 50.05 9.08 0
      vertex 66.172 15.4542 0
    endloop
  endfacet
  facet normal 0 0 -1
    outer loop
      vertex 65.8 16.55 0
      vertex 60.5803 24.4998 0
      vertex 60.6 24.8 0
    endloop
  endfacet
  facet normal 0 0 -1
    outer loop
      vertex 65.8 16.55 0
      vertex 60.5216 24.2047 0
      vertex 60.5803 24.4998 0
    endloop
  endfacet
  facet normal 0 0 -1
    outer loop
      vertex 65.8 16.55 0
      vertex 60.4249 23.9198 0
      vertex 60.5216 24.2047 0
    endloop
  endfacet
  facet normal 0 0 -1
    outer loop
      vertex 65.8 16.55 0
      vertex 60.2919 23.65 0
      vertex 60.4249 23.9198 0
    endloop
  endfacet
  facet normal 0 0 -1
    outer loop
      vertex 65.8 16.55 0
      vertex 60.1247 23.3998 0
      vertex 60.2919 23.65 0
    endloop
  endfacet
  facet normal 0 0 -1
    outer loop
      vertex 65.8 16.55 0
      vertex 59.9263 23.1737 0
      vertex 60.1247 23.3998 0
    endloop
  endfacet
  facet normal 0 0 -1
    outer loop
      vertex 65.8 16.55 0
      vertex 59.7001 22.9753 0
      vertex 59.9263 23.1737 0
    endloop
  endfacet
  facet normal 0 0 -1
    outer loop
      vertex 65.8 16.55 0
      vertex 59.45 22.8081 0
      vertex 59.7001 22.9753 0
    endloop
  endfacet
  facet normal 0 0 -1
    outer loop
      vertex 65.8 16.55 0
      vertex 59.1802 22.6751 0
      vertex 59.45 22.8081 0
    endloop
  endfacet
  facet normal -0 0 -1
    outer loop
      vertex 65.8613 16.0841 0
      vertex 50.05 9.08 0
      vertex 57.9998 22.5197 0
    endloop
  endfacet
  facet normal 0 0 -1
    outer loop
      vertex 65.8 16.55 0
      vertex 58.8953 22.5784 0
      vertex 59.1802 22.6751 0
    endloop
  endfacet
  facet normal 0 0 -1
    outer loop
      vertex 50.05 1.08 0
      vertex 77.2689 -5.35 0
      vertex 77.3691 -5.5 0
    endloop
  endfacet
  facet normal 0 0 -1
    outer loop
      vertex 65.8 16.55 0
      vertex 58.6002 22.5197 0
      vertex 58.8953 22.5784 0
    endloop
  endfacet
  facet normal 0 0 -1
    outer loop
      vertex 65.8154 16.3151 0
      vertex 58.3 22.5 0
      vertex 58.6002 22.5197 0
    endloop
  endfacet
  facet normal 0 0 -1
    outer loop
      vertex 65.8613 16.0841 0
      vertex 57.9998 22.5197 0
      vertex 58.3 22.5 0
    endloop
  endfacet
  facet normal -0 0 -1
    outer loop
      vertex 57.9998 22.5197 0
      vertex 50.05 9.08 0
      vertex 57.7047 22.5784 0
    endloop
  endfacet
  facet normal -0 0 -1
    outer loop
      vertex 57.7047 22.5784 0
      vertex 50.05 9.08 0
      vertex 57.4198 22.6751 0
    endloop
  endfacet
  facet normal -0 0 -1
    outer loop
      vertex 57.4198 22.6751 0
      vertex 50.05 9.08 0
      vertex 57.15 22.8081 0
    endloop
  endfacet
  facet normal -0 0 -1
    outer loop
      vertex 57.15 22.8081 0
      vertex 50.05 9.08 0
      vertex 56.8998 22.9753 0
    endloop
  endfacet
  facet normal -0 0 -1
    outer loop
      vertex 56.8998 22.9753 0
      vertex 50.05 9.08 0
      vertex 56.6737 23.1737 0
    endloop
  endfacet
  facet normal -0 0 -1
    outer loop
      vertex 56.1751 23.9198 0
      vertex 38.05 16.8 0
      vertex 56.0784 24.2047 0
    endloop
  endfacet
  facet normal -0 0 -1
    outer loop
      vertex 56.3081 23.65 0
      vertex 38.05 16.8 0
      vertex 56.1751 23.9198 0
    endloop
  endfacet
  facet normal 0 0 -1
    outer loop
      vertex 38.05 16.8 0
      vertex 56.3081 23.65 0
      vertex 50.05 9.08 0
    endloop
  endfacet
  facet normal -0 0 -1
    outer loop
      vertex 56.4753 23.3998 0
      vertex 50.05 9.08 0
      vertex 56.3081 23.65 0
    endloop
  endfacet
  facet normal -0 0 -1
    outer loop
      vertex 56.6737 23.1737 0
      vertex 50.05 9.08 0
      vertex 56.4753 23.3998 0
    endloop
  endfacet
  facet normal -0 0 -1
    outer loop
      vertex 66.172 15.4542 0
      vertex 50.05 9.08 0
      vertex 66.0412 15.65 0
    endloop
  endfacet
  facet normal 0 0 -1
    outer loop
      vertex 77.3691 -5.5 0
      vertex 35.55 1.08 0
      vertex 50.05 1.08 0
    endloop
  endfacet
  facet normal 0 0 -1
    outer loop
      vertex 35.55 1.08 0
      vertex 32.05 7.8 0
      vertex 35.55 7.8 0
    endloop
  endfacet
  facet normal 0 0 -1
    outer loop
      vertex 0.0700569 -3.14316 0
      vertex 32.05 7.8 0
      vertex 0.0999994 -3.6 0
    endloop
  endfacet
  facet normal -0 0 -1
    outer loop
      vertex 35.55 1.08 0
      vertex 0.0999994 -3.6 0
      vertex 32.05 7.8 0
    endloop
  endfacet
  facet normal 0 0 -1
    outer loop
      vertex -0.469138 -5.5 0
      vertex 35.55 1.08 0
      vertex 77.3691 -5.5 0
    endloop
  endfacet
  facet normal 0 0 -1
    outer loop
      vertex 35.55 1.08 0
      vertex 0.0700569 -4.05684 0
      vertex 0.0999994 -3.6 0
    endloop
  endfacet
  facet normal 0 0 -1
    outer loop
      vertex 35.55 1.08 0
      vertex -0.0192595 -4.50587 0
      vertex 0.0700569 -4.05684 0
    endloop
  endfacet
  facet normal 0 0 -1
    outer loop
      vertex 35.55 1.08 0
      vertex -0.166421 -4.93939 0
      vertex -0.0192595 -4.50587 0
    endloop
  endfacet
  facet normal 0 0 -1
    outer loop
      vertex 35.55 1.08 0
      vertex -0.368911 -5.35 0
      vertex -0.166421 -4.93939 0
    endloop
  endfacet
  facet normal 0 0 -1
    outer loop
      vertex 35.55 1.08 0
      vertex -0.469138 -5.5 0
      vertex -0.368911 -5.35 0
    endloop
  endfacet
  facet normal 0 0 -1
    outer loop
      vertex 80.55 18.6 0
      vertex 82.2 -0.669137 0
      vertex 82.05 -0.568911 0
    endloop
  endfacet
  facet normal 0 0 -1
    outer loop
      vertex 82.2 -0.669137 0
      vertex 80.55 18.6 0
      vertex 82.2 32.4691 0
    endloop
  endfacet
  facet normal 0 0 -1
    outer loop
      vertex 80.55 18.6 0
      vertex 82.05 -0.568911 0
      vertex 81.6394 -0.366421 0
    endloop
  endfacet
  facet normal 0 0 -1
    outer loop
      vertex 82.2 32.4691 0
      vertex 80.55 18.6 0
      vertex 82.05 32.3689 0
    endloop
  endfacet
  facet normal 0 0 -1
    outer loop
      vertex 80.55 18.6 0
      vertex 81.6394 -0.366421 0
      vertex 81.2059 -0.219259 0
    endloop
  endfacet
  facet normal 0 0 -1
    outer loop
      vertex 82.05 32.3689 0
      vertex 80.55 18.6 0
      vertex 81.6394 32.1664 0
    endloop
  endfacet
  facet normal 0 0 -1
    outer loop
      vertex 80.55 18.6 0
      vertex 81.2059 -0.219259 0
      vertex 80.7568 -0.129943 0
    endloop
  endfacet
  facet normal 0 0 -1
    outer loop
      vertex 81.6394 32.1664 0
      vertex 80.55 18.6 0
      vertex 81.2059 32.0193 0
    endloop
  endfacet
  facet normal 0 0 -1
    outer loop
      vertex 81.2059 32.0193 0
      vertex 80.55 18.6 0
      vertex 80.7568 31.9299 0
    endloop
  endfacet
  facet normal 0 0 -1
    outer loop
      vertex 80.3 -0.0999994 0
      vertex 80.55 18.6 0
      vertex 80.7568 -0.129943 0
    endloop
  endfacet
  facet normal 0 0 -1
    outer loop
      vertex 79.8432 -0.129943 0
      vertex 80.55 18.6 0
      vertex 80.3 -0.0999994 0
    endloop
  endfacet
  facet normal 0 0 -1
    outer loop
      vertex 79.3941 -0.219259 0
      vertex 80.55 18.6 0
      vertex 79.8432 -0.129943 0
    endloop
  endfacet
  facet normal 0 0 -1
    outer loop
      vertex 74.55 18.6 0
      vertex 79.3941 -0.219259 0
      vertex 78.9606 -0.366421 0
    endloop
  endfacet
  facet normal 0 0 -1
    outer loop
      vertex 74.55 18.6 0
      vertex 78.9606 -0.366421 0
      vertex 78.55 -0.568911 0
    endloop
  endfacet
  facet normal 0 0 -1
    outer loop
      vertex 74.55 18.6 0
      vertex 78.55 -0.568911 0
      vertex 78.1693 -0.823263 0
    endloop
  endfacet
  facet normal 0 0 -1
    outer loop
      vertex 74.55 18.6 0
      vertex 78.1693 -0.823263 0
      vertex 77.8251 -1.12513 0
    endloop
  endfacet
  facet normal 0 0 -1
    outer loop
      vertex 74.55 18.6 0
      vertex 77.8251 -1.12513 0
      vertex 77.5233 -1.46933 0
    endloop
  endfacet
  facet normal 0 0 -1
    outer loop
      vertex 74.55 18.6 0
      vertex 77.5233 -1.46933 0
      vertex 77.2689 -1.85 0
    endloop
  endfacet
  facet normal 0 0 -1
    outer loop
      vertex 74.55 18.6 0
      vertex 77.2689 -1.85 0
      vertex 77.0664 -2.26061 0
    endloop
  endfacet
  facet normal 0 0 -1
    outer loop
      vertex 74.55 18.6 0
      vertex 77.0664 -2.26061 0
      vertex 76.9193 -2.69413 0
    endloop
  endfacet
  facet normal 0 0 -1
    outer loop
      vertex 74.55 18.6 0
      vertex 76.9193 -2.69413 0
      vertex 76.8299 -3.14316 0
    endloop
  endfacet
  facet normal 0 0 -1
    outer loop
      vertex 79.3941 -0.219259 0
      vertex 74.55 18.6 0
      vertex 80.55 18.6 0
    endloop
  endfacet
  facet normal 0 0 -1
    outer loop
      vertex 74.55 18.6 0
      vertex 76.8299 -3.14316 0
      vertex 76.8 -3.6 0
    endloop
  endfacet
  facet normal 0 0 -1
    outer loop
      vertex 80.7568 31.9299 0
      vertex 80.55 18.6 0
      vertex 80.55 31.9164 0
    endloop
  endfacet
  facet normal -0 0 -1
    outer loop
      vertex 76.8299 34.9432 0
      vertex 74.55 32.1 0
      vertex 76.8 35.4 0
    endloop
  endfacet
  facet normal -0 0 -1
    outer loop
      vertex 76.9193 34.4941 0
      vertex 74.55 32.1 0
      vertex 76.8299 34.9432 0
    endloop
  endfacet
  facet normal -0 0 -1
    outer loop
      vertex 77.0664 34.0606 0
      vertex 74.55 32.1 0
      vertex 76.9193 34.4941 0
    endloop
  endfacet
  facet normal -0 0 -1
    outer loop
      vertex 77.2689 33.65 0
      vertex 74.55 32.1 0
      vertex 77.0664 34.0606 0
    endloop
  endfacet
  facet normal -0 0 -1
    outer loop
      vertex 77.5233 33.2693 0
      vertex 74.55 32.1 0
      vertex 77.2689 33.65 0
    endloop
  endfacet
  facet normal -0 0 -1
    outer loop
      vertex 77.8251 32.9251 0
      vertex 74.55 32.1 0
      vertex 77.5233 33.2693 0
    endloop
  endfacet
  facet normal -0 0 -1
    outer loop
      vertex 78.1693 32.6233 0
      vertex 74.55 32.1 0
      vertex 77.8251 32.9251 0
    endloop
  endfacet
  facet normal -0 0 -1
    outer loop
      vertex 78.55 32.3689 0
      vertex 74.55 32.1 0
      vertex 78.1693 32.6233 0
    endloop
  endfacet
  facet normal -0 0 -1
    outer loop
      vertex 78.9606 32.1664 0
      vertex 74.55 32.1 0
      vertex 78.55 32.3689 0
    endloop
  endfacet
  facet normal 0 0 -1
    outer loop
      vertex 74.55 32.1 0
      vertex 78.9606 32.1664 0
      vertex 79.1563 32.1 0
    endloop
  endfacet
  facet normal 0 0 -1
    outer loop
      vertex 74.55 32.1 0
      vertex 76.8299 35.8568 0
      vertex 76.8 35.4 0
    endloop
  endfacet
  facet normal 0 0 -1
    outer loop
      vertex 74.55 32.1 0
      vertex 76.9193 36.3059 0
      vertex 76.8299 35.8568 0
    endloop
  endfacet
  facet normal 0 0 -1
    outer loop
      vertex 74.55 32.1 0
      vertex 77.0664 36.7394 0
      vertex 76.9193 36.3059 0
    endloop
  endfacet
  facet normal 0 0 -1
    outer loop
      vertex 58.8953 27.0216 0
      vertex 77.0664 36.7394 0
      vertex 74.55 32.1 0
    endloop
  endfacet
  facet normal 0 0 -1
    outer loop
      vertex 71.0803 25.1002 0
      vertex 74.55 32.1 0
      vertex 71.1 24.8 0
    endloop
  endfacet
  facet normal 0 0 -1
    outer loop
      vertex 71.0216 25.3953 0
      vertex 74.55 32.1 0
      vertex 71.0803 25.1002 0
    endloop
  endfacet
  facet normal 0 0 -1
    outer loop
      vertex 70.9249 25.6802 0
      vertex 74.55 32.1 0
      vertex 71.0216 25.3953 0
    endloop
  endfacet
  facet normal 0 0 -1
    outer loop
      vertex 70.7919 25.95 0
      vertex 74.55 32.1 0
      vertex 70.9249 25.6802 0
    endloop
  endfacet
  facet normal 0 0 -1
    outer loop
      vertex 70.6247 26.2001 0
      vertex 74.55 32.1 0
      vertex 70.7919 25.95 0
    endloop
  endfacet
  facet normal 0 0 -1
    outer loop
      vertex 70.4263 26.4263 0
      vertex 74.55 32.1 0
      vertex 70.6247 26.2001 0
    endloop
  endfacet
  facet normal 0 0 -1
    outer loop
      vertex 70.2001 26.6247 0
      vertex 74.55 32.1 0
      vertex 70.4263 26.4263 0
    endloop
  endfacet
  facet normal 0 0 -1
    outer loop
      vertex 69.95 26.7919 0
      vertex 74.55 32.1 0
      vertex 70.2001 26.6247 0
    endloop
  endfacet
  facet normal 0 0 -1
    outer loop
      vertex 69.6802 26.9249 0
      vertex 74.55 32.1 0
      vertex 69.95 26.7919 0
    endloop
  endfacet
  facet normal 0 0 -1
    outer loop
      vertex 69.3953 27.0216 0
      vertex 74.55 32.1 0
      vertex 69.6802 26.9249 0
    endloop
  endfacet
  facet normal 0 0 -1
    outer loop
      vertex 69.1002 27.0803 0
      vertex 74.55 32.1 0
      vertex 69.3953 27.0216 0
    endloop
  endfacet
  facet normal 0 0 -1
    outer loop
      vertex 68.8 27.1 0
      vertex 74.55 32.1 0
      vertex 69.1002 27.0803 0
    endloop
  endfacet
  facet normal 0 0 -1
    outer loop
      vertex 68.4998 27.0803 0
      vertex 74.55 32.1 0
      vertex 68.8 27.1 0
    endloop
  endfacet
  facet normal 0 0 -1
    outer loop
      vertex 68.2047 27.0216 0
      vertex 74.55 32.1 0
      vertex 68.4998 27.0803 0
    endloop
  endfacet
  facet normal 0 0 -1
    outer loop
      vertex 67.9198 26.9249 0
      vertex 74.55 32.1 0
      vertex 68.2047 27.0216 0
    endloop
  endfacet
  facet normal 0 0 -1
    outer loop
      vertex 59.1802 26.9249 0
      vertex 74.55 32.1 0
      vertex 67.9198 26.9249 0
    endloop
  endfacet
  facet normal 0 0 -1
    outer loop
      vertex 58.8953 27.0216 0
      vertex 74.55 32.1 0
      vertex 59.1802 26.9249 0
    endloop
  endfacet
  facet normal 0 0 -1
    outer loop
      vertex 59.1802 26.9249 0
      vertex 67.9198 26.9249 0
      vertex 67.65 26.7919 0
    endloop
  endfacet
  facet normal 0 0 -1
    outer loop
      vertex 59.45 26.7919 0
      vertex 67.65 26.7919 0
      vertex 67.3998 26.6247 0
    endloop
  endfacet
  facet normal 0 0 -1
    outer loop
      vertex 59.7001 26.6247 0
      vertex 67.3998 26.6247 0
      vertex 67.1737 26.4263 0
    endloop
  endfacet
  facet normal 0 0 -1
    outer loop
      vertex 66.5784 24.2047 0
      vertex 60.6 24.8 0
      vertex 66.5197 24.4998 0
    endloop
  endfacet
  facet normal 0 0 -1
    outer loop
      vertex 60.6 24.8 0
      vertex 66.172 17.6458 0
      vertex 66.0412 17.45 0
    endloop
  endfacet
  facet normal 0 0 -1
    outer loop
      vertex 60.6 24.8 0
      vertex 66.0412 17.45 0
      vertex 65.937 17.2388 0
    endloop
  endfacet
  facet normal 0 0 -1
    outer loop
      vertex 66.5197 24.4998 0
      vertex 60.6 24.8 0
      vertex 66.5 24.8 0
    endloop
  endfacet
  facet normal 0 0 -1
    outer loop
      vertex 60.6 24.8 0
      vertex 65.937 17.2388 0
      vertex 65.8613 17.0159 0
    endloop
  endfacet
  facet normal 0 0 -1
    outer loop
      vertex 60.6 24.8 0
      vertex 65.8613 17.0159 0
      vertex 65.8154 16.7849 0
    endloop
  endfacet
  facet normal 0 0 -1
    outer loop
      vertex 60.6 24.8 0
      vertex 65.8154 16.7849 0
      vertex 65.8 16.55 0
    endloop
  endfacet
  facet normal 0 0 -1
    outer loop
      vertex 66.5 24.8 0
      vertex 60.6 24.8 0
      vertex 66.5197 25.1002 0
    endloop
  endfacet
  facet normal 0 0 -1
    outer loop
      vertex 60.5803 25.1002 0
      vertex 66.5197 25.1002 0
      vertex 60.6 24.8 0
    endloop
  endfacet
  facet normal 0 0 -1
    outer loop
      vertex 66.5197 25.1002 0
      vertex 60.5803 25.1002 0
      vertex 66.5784 25.3953 0
    endloop
  endfacet
  facet normal 0 0 -1
    outer loop
      vertex 60.5216 25.3953 0
      vertex 66.5784 25.3953 0
      vertex 60.5803 25.1002 0
    endloop
  endfacet
  facet normal 0 0 -1
    outer loop
      vertex 66.5784 25.3953 0
      vertex 60.5216 25.3953 0
      vertex 66.6751 25.6802 0
    endloop
  endfacet
  facet normal 0 0 -1
    outer loop
      vertex 60.4249 25.6802 0
      vertex 66.6751 25.6802 0
      vertex 60.5216 25.3953 0
    endloop
  endfacet
  facet normal 0 0 -1
    outer loop
      vertex 66.6751 25.6802 0
      vertex 60.4249 25.6802 0
      vertex 66.8081 25.95 0
    endloop
  endfacet
  facet normal 0 0 -1
    outer loop
      vertex 60.2919 25.95 0
      vertex 66.8081 25.95 0
      vertex 60.4249 25.6802 0
    endloop
  endfacet
  facet normal 0 0 -1
    outer loop
      vertex 66.8081 25.95 0
      vertex 60.2919 25.95 0
      vertex 66.9753 26.2001 0
    endloop
  endfacet
  facet normal 0 0 -1
    outer loop
      vertex 60.1247 26.2001 0
      vertex 66.9753 26.2001 0
      vertex 60.2919 25.95 0
    endloop
  endfacet
  facet normal 0 0 -1
    outer loop
      vertex 66.9753 26.2001 0
      vertex 60.1247 26.2001 0
      vertex 67.1737 26.4263 0
    endloop
  endfacet
  facet normal 0 0 -1
    outer loop
      vertex 59.9263 26.4263 0
      vertex 67.1737 26.4263 0
      vertex 60.1247 26.2001 0
    endloop
  endfacet
  facet normal 0 0 -1
    outer loop
      vertex 59.7001 26.6247 0
      vertex 67.1737 26.4263 0
      vertex 59.9263 26.4263 0
    endloop
  endfacet
  facet normal 0 0 -1
    outer loop
      vertex 67.3998 26.6247 0
      vertex 59.7001 26.6247 0
      vertex 59.45 26.7919 0
    endloop
  endfacet
  facet normal 0 0 -1
    outer loop
      vertex 67.65 26.7919 0
      vertex 59.45 26.7919 0
      vertex 59.1802 26.9249 0
    endloop
  endfacet
  facet normal 0 0 -1
    outer loop
      vertex 58.6002 27.0803 0
      vertex 77.0664 36.7394 0
      vertex 58.8953 27.0216 0
    endloop
  endfacet
  facet normal -0 0 -1
    outer loop
      vertex 77.0664 36.7394 0
      vertex 58.6002 27.0803 0
      vertex 77.2689 37.15 0
    endloop
  endfacet
  facet normal 0 0 -1
    outer loop
      vertex 58.3 27.1 0
      vertex 77.2689 37.15 0
      vertex 58.6002 27.0803 0
    endloop
  endfacet
  facet normal -0 0 -1
    outer loop
      vertex 77.2689 37.15 0
      vertex 58.3 27.1 0
      vertex 77.3691 37.3 0
    endloop
  endfacet
  facet normal 0 0 -1
    outer loop
      vertex 57.9998 27.0803 0
      vertex 77.3691 37.3 0
      vertex 58.3 27.1 0
    endloop
  endfacet
  facet normal 0 0 -1
    outer loop
      vertex 57.7047 27.0216 0
      vertex 77.3691 37.3 0
      vertex 57.9998 27.0803 0
    endloop
  endfacet
  facet normal 0 0 -1
    outer loop
      vertex -0.469138 37.3 0
      vertex 57.7047 27.0216 0
      vertex 57.4198 26.9249 0
    endloop
  endfacet
  facet normal 0 0 -1
    outer loop
      vertex -0.469138 37.3 0
      vertex 57.4198 26.9249 0
      vertex 57.15 26.7919 0
    endloop
  endfacet
  facet normal -0 0 -1
    outer loop
      vertex 56.0784 24.2047 0
      vertex 38.05 16.8 0
      vertex 56.0197 24.4998 0
    endloop
  endfacet
  facet normal -0 0 -1
    outer loop
      vertex 56.0197 24.4998 0
      vertex 38.05 16.8 0
      vertex 56 24.8 0
    endloop
  endfacet
  facet normal -0 0 -1
    outer loop
      vertex 56 24.8 0
      vertex 38.05 16.8 0
      vertex 56.0197 25.1002 0
    endloop
  endfacet
  facet normal -0 0 -1
    outer loop
      vertex 56.0197 25.1002 0
      vertex 38.05 16.8 0
      vertex 56.0784 25.3953 0
    endloop
  endfacet
  facet normal 0 0 -1
    outer loop
      vertex 38.05 16.8 0
      vertex 50.05 9.08 0
      vertex 38.05 9.08 0
    endloop
  endfacet
  facet normal -0 0 -1
    outer loop
      vertex 56.0784 25.3953 0
      vertex 38.05 16.8 0
      vertex 56.1751 25.6802 0
    endloop
  endfacet
  facet normal -0 0 -1
    outer loop
      vertex 56.1751 25.6802 0
      vertex 38.05 16.8 0
      vertex 56.3081 25.95 0
    endloop
  endfacet
  facet normal -0 0 -1
    outer loop
      vertex 56.3081 25.95 0
      vertex 38.05 16.8 0
      vertex 56.4753 26.2001 0
    endloop
  endfacet
  facet normal -0 0 -1
    outer loop
      vertex 56.4753 26.2001 0
      vertex 38.05 16.8 0
      vertex 56.6737 26.4263 0
    endloop
  endfacet
  facet normal 0 0 -1
    outer loop
      vertex 32.05 16.8 0
      vertex 56.6737 26.4263 0
      vertex 38.05 16.8 0
    endloop
  endfacet
  facet normal 0 0 -1
    outer loop
      vertex -0.368911 37.15 0
      vertex 56.6737 26.4263 0
      vertex 32.05 16.8 0
    endloop
  endfacet
  facet normal 0 0 -1
    outer loop
      vertex 56.6737 26.4263 0
      vertex -0.368911 37.15 0
      vertex 56.8998 26.6247 0
    endloop
  endfacet
  facet normal 0 0 -1
    outer loop
      vertex -0.469138 37.3 0
      vertex 56.8998 26.6247 0
      vertex -0.368911 37.15 0
    endloop
  endfacet
  facet normal 0 0 -1
    outer loop
      vertex -0.0192595 -2.69413 0
      vertex 32.05 7.8 0
      vertex 0.0700569 -3.14316 0
    endloop
  endfacet
  facet normal 0 0 -1
    outer loop
      vertex 0.0700569 35.8568 0
      vertex 32.05 16.8 0
      vertex 0.0999994 35.4 0
    endloop
  endfacet
  facet normal 0 0 -1
    outer loop
      vertex -0.0192595 36.3059 0
      vertex 32.05 16.8 0
      vertex 0.0700569 35.8568 0
    endloop
  endfacet
  facet normal 0 0 -1
    outer loop
      vertex -0.166421 36.7394 0
      vertex 32.05 16.8 0
      vertex -0.0192595 36.3059 0
    endloop
  endfacet
  facet normal 0 0 -1
    outer loop
      vertex -0.368911 37.15 0
      vertex 32.05 16.8 0
      vertex -0.166421 36.7394 0
    endloop
  endfacet
  facet normal 0 0 -1
    outer loop
      vertex 56.8998 26.6247 0
      vertex -0.469138 37.3 0
      vertex 57.15 26.7919 0
    endloop
  endfacet
  facet normal 0 0 -1
    outer loop
      vertex 57.7047 27.0216 0
      vertex -0.469138 37.3 0
      vertex 77.3691 37.3 0
    endloop
  endfacet
  facet normal 0 0 -1
    outer loop
      vertex 69.028 17.6458 0
      vertex 74.55 18.6 0
      vertex 69.1588 17.45 0
    endloop
  endfacet
  facet normal 0 0 -1
    outer loop
      vertex 74.55 18.6 0
      vertex 70.2001 22.9753 0
      vertex 70.4263 23.1737 0
    endloop
  endfacet
  facet normal 0 -0 -1
    outer loop
      vertex 69.95 22.8081 0
      vertex 74.55 18.6 0
      vertex 69.028 17.6458 0
    endloop
  endfacet
  facet normal 0 0 -1
    outer loop
      vertex 74.55 18.6 0
      vertex 69.95 22.8081 0
      vertex 70.2001 22.9753 0
    endloop
  endfacet
  facet normal 0 0 -1
    outer loop
      vertex 68.8728 17.8228 0
      vertex 69.95 22.8081 0
      vertex 69.028 17.6458 0
    endloop
  endfacet
  facet normal 0 0 -1
    outer loop
      vertex 69.95 22.8081 0
      vertex 68.8728 17.8228 0
      vertex 69.6802 22.6751 0
    endloop
  endfacet
  facet normal 0 0 -1
    outer loop
      vertex 68.6958 17.978 0
      vertex 69.6802 22.6751 0
      vertex 68.8728 17.8228 0
    endloop
  endfacet
  facet normal 0 0 -1
    outer loop
      vertex 69.6802 22.6751 0
      vertex 68.6958 17.978 0
      vertex 69.3953 22.5784 0
    endloop
  endfacet
  facet normal 0 0 -1
    outer loop
      vertex 68.5 18.1088 0
      vertex 69.3953 22.5784 0
      vertex 68.6958 17.978 0
    endloop
  endfacet
  facet normal 0 0 -1
    outer loop
      vertex 69.3953 22.5784 0
      vertex 68.5 18.1088 0
      vertex 69.1002 22.5197 0
    endloop
  endfacet
  facet normal 0 0 -1
    outer loop
      vertex 68.2888 18.213 0
      vertex 69.1002 22.5197 0
      vertex 68.5 18.1088 0
    endloop
  endfacet
  facet normal 0 0 -1
    outer loop
      vertex 69.1002 22.5197 0
      vertex 68.2888 18.213 0
      vertex 68.8 22.5 0
    endloop
  endfacet
  facet normal 0 0 -1
    outer loop
      vertex 68.0659 18.2887 0
      vertex 68.8 22.5 0
      vertex 68.2888 18.213 0
    endloop
  endfacet
  facet normal -0 0 -1
    outer loop
      vertex 68.8 22.5 0
      vertex 68.0659 18.2887 0
      vertex 68.4998 22.5197 0
    endloop
  endfacet
  facet normal 0 0 -1
    outer loop
      vertex 67.8349 18.3346 0
      vertex 68.4998 22.5197 0
      vertex 68.0659 18.2887 0
    endloop
  endfacet
  facet normal -0 0 -1
    outer loop
      vertex 68.4998 22.5197 0
      vertex 67.8349 18.3346 0
      vertex 68.2047 22.5784 0
    endloop
  endfacet
  facet normal 0 0 -1
    outer loop
      vertex 67.6 18.35 0
      vertex 68.2047 22.5784 0
      vertex 67.8349 18.3346 0
    endloop
  endfacet
  facet normal -0 0 -1
    outer loop
      vertex 68.2047 22.5784 0
      vertex 67.6 18.35 0
      vertex 67.9198 22.6751 0
    endloop
  endfacet
  facet normal 0 0 -1
    outer loop
      vertex 67.3651 18.3346 0
      vertex 67.9198 22.6751 0
      vertex 67.6 18.35 0
    endloop
  endfacet
  facet normal 0 0 -1
    outer loop
      vertex 67.1341 18.2887 0
      vertex 67.9198 22.6751 0
      vertex 67.3651 18.3346 0
    endloop
  endfacet
  facet normal -0 0 -1
    outer loop
      vertex 67.9198 22.6751 0
      vertex 67.1341 18.2887 0
      vertex 67.65 22.8081 0
    endloop
  endfacet
  facet normal 0 0 -1
    outer loop
      vertex 66.9112 18.213 0
      vertex 67.65 22.8081 0
      vertex 67.1341 18.2887 0
    endloop
  endfacet
  facet normal -0 0 -1
    outer loop
      vertex 67.65 22.8081 0
      vertex 66.9112 18.213 0
      vertex 67.3998 22.9753 0
    endloop
  endfacet
  facet normal 0 0 -1
    outer loop
      vertex 66.7 18.1088 0
      vertex 67.3998 22.9753 0
      vertex 66.9112 18.213 0
    endloop
  endfacet
  facet normal -0 0 -1
    outer loop
      vertex 67.3998 22.9753 0
      vertex 66.7 18.1088 0
      vertex 67.1737 23.1737 0
    endloop
  endfacet
  facet normal 0 0 -1
    outer loop
      vertex 66.5042 17.978 0
      vertex 67.1737 23.1737 0
      vertex 66.7 18.1088 0
    endloop
  endfacet
  facet normal -0 0 -1
    outer loop
      vertex 67.1737 23.1737 0
      vertex 66.5042 17.978 0
      vertex 66.9753 23.3998 0
    endloop
  endfacet
  facet normal 0 0 -1
    outer loop
      vertex 66.3272 17.8228 0
      vertex 66.9753 23.3998 0
      vertex 66.5042 17.978 0
    endloop
  endfacet
  facet normal -0 0 -1
    outer loop
      vertex 66.9753 23.3998 0
      vertex 66.3272 17.8228 0
      vertex 66.8081 23.65 0
    endloop
  endfacet
  facet normal 0 0 -1
    outer loop
      vertex 60.6 24.8 0
      vertex 66.3272 17.8228 0
      vertex 66.172 17.6458 0
    endloop
  endfacet
  facet normal 0 0 -1
    outer loop
      vertex 66.3272 17.8228 0
      vertex 60.6 24.8 0
      vertex 66.8081 23.65 0
    endloop
  endfacet
  facet normal 0 0 -1
    outer loop
      vertex 66.8081 23.65 0
      vertex 60.6 24.8 0
      vertex 66.6751 23.9198 0
    endloop
  endfacet
  facet normal 0 0 -1
    outer loop
      vertex 66.6751 23.9198 0
      vertex 60.6 24.8 0
      vertex 66.5784 24.2047 0
    endloop
  endfacet
  facet normal 1 -0 0
    outer loop
      vertex 83.4 -6.7 0
      vertex 83.4 -5.21026 -1.5
      vertex 83.4 -5.21026 0
    endloop
  endfacet
  facet normal 1 0 0
    outer loop
      vertex 83.4 -5.21026 -1.5
      vertex 83.4 -6.7 0
      vertex 83.4 -6.7 -1.5
    endloop
  endfacet
  facet normal 1 -0 0
    outer loop
      vertex 83.4 37.0103 0
      vertex 83.4 38.5 -1.5
      vertex 83.4 38.5 0
    endloop
  endfacet
  facet normal 1 0 0
    outer loop
      vertex 83.4 38.5 -1.5
      vertex 83.4 37.0103 0
      vertex 83.4 37.0103 -1.5
    endloop
  endfacet
  facet normal 1 -0 0
    outer loop
      vertex 83.4 -1.98974 0
      vertex 83.4 33.7897 -1.5
      vertex 83.4 33.7897 0
    endloop
  endfacet
  facet normal 1 0 0
    outer loop
      vertex 83.4 33.7897 -1.5
      vertex 83.4 -1.98974 0
      vertex 83.4 -1.98974 -1.5
    endloop
  endfacet
  facet normal 0 1 -0
    outer loop
      vertex 83.4 38.5 -1.5
      vertex 81.9103 38.5 0
      vertex 83.4 38.5 0
    endloop
  endfacet
  facet normal 0 1 0
    outer loop
      vertex 81.9103 38.5 0
      vertex 83.4 38.5 -1.5
      vertex 81.9103 38.5 -1.5
    endloop
  endfacet
  facet normal 0 1 -0
    outer loop
      vertex -5.01026 38.5 -1.5
      vertex -6.3 38.5 0
      vertex -5.01026 38.5 0
    endloop
  endfacet
  facet normal 0 1 0
    outer loop
      vertex -6.3 38.5 0
      vertex -5.01026 38.5 -1.5
      vertex -6.3 38.5 -1.5
    endloop
  endfacet
  facet normal 0 1 -0
    outer loop
      vertex 78.6897 38.5 -1.5
      vertex -1.78974 38.5 0
      vertex 78.6897 38.5 0
    endloop
  endfacet
  facet normal 0 1 0
    outer loop
      vertex -1.78974 38.5 0
      vertex 78.6897 38.5 -1.5
      vertex -1.78974 38.5 -1.5
    endloop
  endfacet
  facet normal 0 0 -1
    outer loop
      vertex -6.3 -6.7 -1.5
      vertex -5.15 -6.63109 -1.5
      vertex -5.01026 -6.7 -1.5
    endloop
  endfacet
  facet normal 0 0 -1
    outer loop
      vertex -6.3 -6.7 -1.5
      vertex -5.53066 -6.37674 -1.5
      vertex -5.15 -6.63109 -1.5
    endloop
  endfacet
  facet normal 0 0 -1
    outer loop
      vertex -6.3 -6.7 -1.5
      vertex -5.87487 -6.07487 -1.5
      vertex -5.53066 -6.37674 -1.5
    endloop
  endfacet
  facet normal 0 0 -1
    outer loop
      vertex -6.3 -6.7 -1.5
      vertex -6.17674 -5.73066 -1.5
      vertex -5.87487 -6.07487 -1.5
    endloop
  endfacet
  facet normal -0 0 -1
    outer loop
      vertex -6.17674 -5.73066 -1.5
      vertex -6.3 -6.7 -1.5
      vertex -6.3 -5.54619 -1.5
    endloop
  endfacet
  facet normal 0 0 -1
    outer loop
      vertex 83.3311 37.15 -1.5
      vertex 83.4 38.5 -1.5
      vertex 83.4 37.0103 -1.5
    endloop
  endfacet
  facet normal 0 0 -1
    outer loop
      vertex 83.0767 37.5307 -1.5
      vertex 83.4 38.5 -1.5
      vertex 83.3311 37.15 -1.5
    endloop
  endfacet
  facet normal 0 0 -1
    outer loop
      vertex 82.7749 37.8749 -1.5
      vertex 83.4 38.5 -1.5
      vertex 83.0767 37.5307 -1.5
    endloop
  endfacet
  facet normal 0 0 -1
    outer loop
      vertex 82.4307 38.1767 -1.5
      vertex 83.4 38.5 -1.5
      vertex 82.7749 37.8749 -1.5
    endloop
  endfacet
  facet normal 0 0 -1
    outer loop
      vertex 82.05 38.4311 -1.5
      vertex 83.4 38.5 -1.5
      vertex 82.4307 38.1767 -1.5
    endloop
  endfacet
  facet normal -0 0 -1
    outer loop
      vertex 83.4 38.5 -1.5
      vertex 82.05 38.4311 -1.5
      vertex 81.9103 38.5 -1.5
    endloop
  endfacet
  facet normal 0 0 -1
    outer loop
      vertex -5.15 38.4311 -1.5
      vertex -6.3 38.5 -1.5
      vertex -5.01026 38.5 -1.5
    endloop
  endfacet
  facet normal 0 0 -1
    outer loop
      vertex -5.53066 38.1767 -1.5
      vertex -6.3 38.5 -1.5
      vertex -5.15 38.4311 -1.5
    endloop
  endfacet
  facet normal 0 0 -1
    outer loop
      vertex -5.87487 37.8749 -1.5
      vertex -6.3 38.5 -1.5
      vertex -5.53066 38.1767 -1.5
    endloop
  endfacet
  facet normal 0 0 -1
    outer loop
      vertex -6.17674 37.5307 -1.5
      vertex -6.3 38.5 -1.5
      vertex -5.87487 37.8749 -1.5
    endloop
  endfacet
  facet normal 0 0 -1
    outer loop
      vertex -6.3 38.5 -1.5
      vertex -6.17674 37.5307 -1.5
      vertex -6.3 37.3462 -1.5
    endloop
  endfacet
  facet normal 0 0 -1
    outer loop
      vertex 83.4 -6.7 -1.5
      vertex 83.3311 -5.35 -1.5
      vertex 83.4 -5.21026 -1.5
    endloop
  endfacet
  facet normal 0 0 -1
    outer loop
      vertex 83.4 -6.7 -1.5
      vertex 83.0767 -5.73066 -1.5
      vertex 83.3311 -5.35 -1.5
    endloop
  endfacet
  facet normal 0 0 -1
    outer loop
      vertex 83.4 -6.7 -1.5
      vertex 82.7749 -6.07487 -1.5
      vertex 83.0767 -5.73066 -1.5
    endloop
  endfacet
  facet normal 0 0 -1
    outer loop
      vertex 83.4 -6.7 -1.5
      vertex 82.4307 -6.37674 -1.5
      vertex 82.7749 -6.07487 -1.5
    endloop
  endfacet
  facet normal 0 0 -1
    outer loop
      vertex 83.4 -6.7 -1.5
      vertex 82.05 -6.63109 -1.5
      vertex 82.4307 -6.37674 -1.5
    endloop
  endfacet
  facet normal 0 -0 -1
    outer loop
      vertex 82.05 -6.63109 -1.5
      vertex 83.4 -6.7 -1.5
      vertex 81.9103 -6.7 -1.5
    endloop
  endfacet
  facet normal 0 0 -1
    outer loop
      vertex -5.15 -0.568911 -1.5
      vertex -5.1 32.3443 -1.5
      vertex -5.1 -0.544254 -1.5
    endloop
  endfacet
  facet normal 0 0 -1
    outer loop
      vertex -5.15 -0.568911 -1.5
      vertex -5.15 32.3689 -1.5
      vertex -5.1 32.3443 -1.5
    endloop
  endfacet
  facet normal 0 0 -1
    outer loop
      vertex -5.53066 -0.823263 -1.5
      vertex -5.15 32.3689 -1.5
      vertex -5.15 -0.568911 -1.5
    endloop
  endfacet
  facet normal 0 0 -1
    outer loop
      vertex -5.53066 -0.823263 -1.5
      vertex -5.53066 32.6233 -1.5
      vertex -5.15 32.3689 -1.5
    endloop
  endfacet
  facet normal 0 0 -1
    outer loop
      vertex -5.87487 -1.12513 -1.5
      vertex -5.53066 32.6233 -1.5
      vertex -5.53066 -0.823263 -1.5
    endloop
  endfacet
  facet normal 0 0 -1
    outer loop
      vertex -5.87487 -1.12513 -1.5
      vertex -5.87487 32.9251 -1.5
      vertex -5.53066 32.6233 -1.5
    endloop
  endfacet
  facet normal 0 0 -1
    outer loop
      vertex -6.17674 -1.46933 -1.5
      vertex -5.87487 32.9251 -1.5
      vertex -5.87487 -1.12513 -1.5
    endloop
  endfacet
  facet normal 0 0 -1
    outer loop
      vertex -6.17674 -1.46933 -1.5
      vertex -6.17674 33.2693 -1.5
      vertex -5.87487 32.9251 -1.5
    endloop
  endfacet
  facet normal 0 0 -1
    outer loop
      vertex -6.3 -1.65381 -1.5
      vertex -6.17674 33.2693 -1.5
      vertex -6.17674 -1.46933 -1.5
    endloop
  endfacet
  facet normal -0 0 -1
    outer loop
      vertex -6.17674 33.2693 -1.5
      vertex -6.3 -1.65381 -1.5
      vertex -6.3 33.4538 -1.5
    endloop
  endfacet
  facet normal 0 0 -1
    outer loop
      vertex 77.5233 -5.73066 -1.5
      vertex -0.469138 -5.5 -1.5
      vertex 77.3691 -5.5 -1.5
    endloop
  endfacet
  facet normal 0 0 -1
    outer loop
      vertex -0.623262 -5.73066 -1.5
      vertex 77.5233 -5.73066 -1.5
      vertex 77.8251 -6.07487 -1.5
    endloop
  endfacet
  facet normal 0 0 -1
    outer loop
      vertex -0.925126 -6.07487 -1.5
      vertex 77.8251 -6.07487 -1.5
      vertex 78.1693 -6.37674 -1.5
    endloop
  endfacet
  facet normal 0 0 -1
    outer loop
      vertex -1.26933 -6.37674 -1.5
      vertex 78.1693 -6.37674 -1.5
      vertex 78.55 -6.63109 -1.5
    endloop
  endfacet
  facet normal 0 0 -1
    outer loop
      vertex -1.65 -6.63109 -1.5
      vertex 78.55 -6.63109 -1.5
      vertex 78.6897 -6.7 -1.5
    endloop
  endfacet
  facet normal 0 0 -1
    outer loop
      vertex 77.5233 -5.73066 -1.5
      vertex -0.623262 -5.73066 -1.5
      vertex -0.469138 -5.5 -1.5
    endloop
  endfacet
  facet normal 0 0 -1
    outer loop
      vertex 77.8251 -6.07487 -1.5
      vertex -0.925126 -6.07487 -1.5
      vertex -0.623262 -5.73066 -1.5
    endloop
  endfacet
  facet normal 0 0 -1
    outer loop
      vertex 78.1693 -6.37674 -1.5
      vertex -1.26933 -6.37674 -1.5
      vertex -0.925126 -6.07487 -1.5
    endloop
  endfacet
  facet normal 0 0 -1
    outer loop
      vertex 78.55 -6.63109 -1.5
      vertex -1.65 -6.63109 -1.5
      vertex -1.26933 -6.37674 -1.5
    endloop
  endfacet
  facet normal 0 -0 -1
    outer loop
      vertex -1.65 -6.63109 -1.5
      vertex 78.6897 -6.7 -1.5
      vertex -1.78974 -6.7 -1.5
    endloop
  endfacet
  facet normal 0 0 -1
    outer loop
      vertex -0.469138 37.3 -1.5
      vertex 77.5233 37.5307 -1.5
      vertex 77.3691 37.3 -1.5
    endloop
  endfacet
  facet normal 0 0 -1
    outer loop
      vertex -0.623262 37.5307 -1.5
      vertex 77.5233 37.5307 -1.5
      vertex -0.469138 37.3 -1.5
    endloop
  endfacet
  facet normal 0 0 -1
    outer loop
      vertex 77.5233 37.5307 -1.5
      vertex -0.623262 37.5307 -1.5
      vertex 77.8251 37.8749 -1.5
    endloop
  endfacet
  facet normal 0 0 -1
    outer loop
      vertex -0.925126 37.8749 -1.5
      vertex 77.8251 37.8749 -1.5
      vertex -0.623262 37.5307 -1.5
    endloop
  endfacet
  facet normal 0 0 -1
    outer loop
      vertex 77.8251 37.8749 -1.5
      vertex -0.925126 37.8749 -1.5
      vertex 78.1693 38.1767 -1.5
    endloop
  endfacet
  facet normal 0 0 -1
    outer loop
      vertex -1.26933 38.1767 -1.5
      vertex 78.1693 38.1767 -1.5
      vertex -0.925126 37.8749 -1.5
    endloop
  endfacet
  facet normal 0 0 -1
    outer loop
      vertex 78.1693 38.1767 -1.5
      vertex -1.26933 38.1767 -1.5
      vertex 78.55 38.4311 -1.5
    endloop
  endfacet
  facet normal 0 0 -1
    outer loop
      vertex -1.65 38.4311 -1.5
      vertex 78.55 38.4311 -1.5
      vertex -1.26933 38.1767 -1.5
    endloop
  endfacet
  facet normal 0 0 -1
    outer loop
      vertex 78.55 38.4311 -1.5
      vertex -1.65 38.4311 -1.5
      vertex 78.6897 38.5 -1.5
    endloop
  endfacet
  facet normal -0 0 -1
    outer loop
      vertex 78.6897 38.5 -1.5
      vertex -1.65 38.4311 -1.5
      vertex -1.78974 38.5 -1.5
    endloop
  endfacet
  facet normal 0 0 -1
    outer loop
      vertex 83.3311 -1.85 -1.5
      vertex 83.4 33.7897 -1.5
      vertex 83.4 -1.98974 -1.5
    endloop
  endfacet
  facet normal 0 0 -1
    outer loop
      vertex 83.3311 -1.85 -1.5
      vertex 83.3311 33.65 -1.5
      vertex 83.4 33.7897 -1.5
    endloop
  endfacet
  facet normal 0 0 -1
    outer loop
      vertex 83.0767 -1.46933 -1.5
      vertex 83.3311 33.65 -1.5
      vertex 83.3311 -1.85 -1.5
    endloop
  endfacet
  facet normal 0 0 -1
    outer loop
      vertex 83.0767 -1.46933 -1.5
      vertex 83.0767 33.2693 -1.5
      vertex 83.3311 33.65 -1.5
    endloop
  endfacet
  facet normal 0 0 -1
    outer loop
      vertex 82.7749 -1.12513 -1.5
      vertex 83.0767 33.2693 -1.5
      vertex 83.0767 -1.46933 -1.5
    endloop
  endfacet
  facet normal 0 0 -1
    outer loop
      vertex 82.7749 -1.12513 -1.5
      vertex 82.7749 32.9251 -1.5
      vertex 83.0767 33.2693 -1.5
    endloop
  endfacet
  facet normal 0 0 -1
    outer loop
      vertex 82.4307 -0.823263 -1.5
      vertex 82.7749 32.9251 -1.5
      vertex 82.7749 -1.12513 -1.5
    endloop
  endfacet
  facet normal 0 0 -1
    outer loop
      vertex 82.4307 -0.823263 -1.5
      vertex 82.4307 32.6233 -1.5
      vertex 82.7749 32.9251 -1.5
    endloop
  endfacet
  facet normal 0 0 -1
    outer loop
      vertex 82.2 -0.669137 -1.5
      vertex 82.4307 32.6233 -1.5
      vertex 82.4307 -0.823263 -1.5
    endloop
  endfacet
  facet normal 0 0 -1
    outer loop
      vertex 82.4307 32.6233 -1.5
      vertex 82.2 -0.669137 -1.5
      vertex 82.2 32.4691 -1.5
    endloop
  endfacet
  facet normal 0 -1 0
    outer loop
      vertex 81.9103 -6.7 -1.5
      vertex 83.4 -6.7 0
      vertex 81.9103 -6.7 0
    endloop
  endfacet
  facet normal 0 -1 -0
    outer loop
      vertex 83.4 -6.7 0
      vertex 81.9103 -6.7 -1.5
      vertex 83.4 -6.7 -1.5
    endloop
  endfacet
  facet normal 0 -1 0
    outer loop
      vertex -6.3 -6.7 -1.5
      vertex -5.01026 -6.7 0
      vertex -6.3 -6.7 0
    endloop
  endfacet
  facet normal 0 -1 -0
    outer loop
      vertex -5.01026 -6.7 0
      vertex -6.3 -6.7 -1.5
      vertex -5.01026 -6.7 -1.5
    endloop
  endfacet
  facet normal 0 -1 0
    outer loop
      vertex -1.78974 -6.7 -1.5
      vertex 78.6897 -6.7 0
      vertex -1.78974 -6.7 0
    endloop
  endfacet
  facet normal 0 -1 -0
    outer loop
      vertex 78.6897 -6.7 0
      vertex -1.78974 -6.7 -1.5
      vertex 78.6897 -6.7 -1.5
    endloop
  endfacet
  facet normal 1 -0 0
    outer loop
      vertex -5.1 -0.544254 0
      vertex -5.1 32.3443 -1.5
      vertex -5.1 32.3443 0
    endloop
  endfacet
  facet normal 1 0 0
    outer loop
      vertex -5.1 32.3443 -1.5
      vertex -5.1 -0.544254 0
      vertex -5.1 -0.544254 -1.5
    endloop
  endfacet
  facet normal -1 0 0
    outer loop
      vertex 82.2 -0.669137 -1.5
      vertex 82.2 32.4691 0
      vertex 82.2 32.4691 -1.5
    endloop
  endfacet
  facet normal -1 -0 0
    outer loop
      vertex 82.2 32.4691 0
      vertex 82.2 -0.669137 -1.5
      vertex 82.2 -0.669137 0
    endloop
  endfacet
  facet normal 0 1 -0
    outer loop
      vertex 77.3691 -5.5 -1.5
      vertex -0.469138 -5.5 0
      vertex 77.3691 -5.5 0
    endloop
  endfacet
  facet normal 0 1 0
    outer loop
      vertex -0.469138 -5.5 0
      vertex 77.3691 -5.5 -1.5
      vertex -0.469138 -5.5 -1.5
    endloop
  endfacet
  facet normal 0 -1 0
    outer loop
      vertex -0.469138 37.3 -1.5
      vertex 77.3691 37.3 0
      vertex -0.469138 37.3 0
    endloop
  endfacet
  facet normal 0 -1 -0
    outer loop
      vertex 77.3691 37.3 0
      vertex -0.469138 37.3 -1.5
      vertex 77.3691 37.3 -1.5
    endloop
  endfacet
  facet normal -1 0 0
    outer loop
      vertex -8.6 -9 0
      vertex -8.6 40.8 2
      vertex -8.6 40.8 0
    endloop
  endfacet
  facet normal -1 -0 0
    outer loop
      vertex -8.6 40.8 2
      vertex -8.6 -9 0
      vertex -8.6 -9 2
    endloop
  endfacet
  facet normal -0 0 1
    outer loop
      vertex -0.433291 35.0094 2
      vertex 32.05 16.8 2
      vertex -0.40881 35.3829 2
    endloop
  endfacet
  facet normal 0 0 1
    outer loop
      vertex 32.05 16.8 2
      vertex -0.40881 -3.58293 2
      vertex -0.407691 -3.6 2
    endloop
  endfacet
  facet normal -0 0 1
    outer loop
      vertex -0.506314 34.6423 2
      vertex 32.05 16.8 2
      vertex -0.433291 35.0094 2
    endloop
  endfacet
  facet normal 0 0 1
    outer loop
      vertex 32.05 16.8 2
      vertex -0.433291 -3.20943 2
      vertex -0.40881 -3.58293 2
    endloop
  endfacet
  facet normal -0 0 1
    outer loop
      vertex -0.509651 34.6255 2
      vertex 32.05 16.8 2
      vertex -0.506314 34.6423 2
    endloop
  endfacet
  facet normal 0 0 1
    outer loop
      vertex 32.05 16.8 2
      vertex -0.506314 -2.84231 2
      vertex -0.433291 -3.20943 2
    endloop
  endfacet
  facet normal -0 0 1
    outer loop
      vertex -0.51515 34.6093 2
      vertex 32.05 16.8 2
      vertex -0.509651 34.6255 2
    endloop
  endfacet
  facet normal 0 0 1
    outer loop
      vertex 32.05 16.8 2
      vertex -0.509651 -2.82553 2
      vertex -0.506314 -2.84231 2
    endloop
  endfacet
  facet normal -0 0 1
    outer loop
      vertex -0.635467 34.2549 2
      vertex 32.05 16.8 2
      vertex -0.51515 34.6093 2
    endloop
  endfacet
  facet normal 0 0 1
    outer loop
      vertex 32.05 16.8 2
      vertex -0.51515 -2.80934 2
      vertex -0.509651 -2.82553 2
    endloop
  endfacet
  facet normal -0 0 1
    outer loop
      vertex -0.801019 33.9192 2
      vertex 32.05 16.8 2
      vertex -0.635467 34.2549 2
    endloop
  endfacet
  facet normal 0 0 1
    outer loop
      vertex 32.05 16.8 2
      vertex -0.635467 -2.45489 2
      vertex -0.51515 -2.80934 2
    endloop
  endfacet
  facet normal -0 0 1
    outer loop
      vertex -0.808584 33.9038 2
      vertex 32.05 16.8 2
      vertex -0.801019 33.9192 2
    endloop
  endfacet
  facet normal 0 0 1
    outer loop
      vertex 32.05 16.8 2
      vertex -0.801019 -2.11919 2
      vertex -0.635467 -2.45489 2
    endloop
  endfacet
  facet normal -0 0 1
    outer loop
      vertex -0.818088 33.8896 2
      vertex 32.05 16.8 2
      vertex -0.808584 33.9038 2
    endloop
  endfacet
  facet normal 0 0 1
    outer loop
      vertex 32.05 16.8 2
      vertex -0.808584 -2.10385 2
      vertex -0.801019 -2.11919 2
    endloop
  endfacet
  facet normal -0 0 1
    outer loop
      vertex -1.02604 33.5784 2
      vertex 32.05 16.8 2
      vertex -0.818088 33.8896 2
    endloop
  endfacet
  facet normal 0 0 1
    outer loop
      vertex 32.05 16.8 2
      vertex -0.818088 -2.08962 2
      vertex -0.808584 -2.10385 2
    endloop
  endfacet
  facet normal -0 0 1
    outer loop
      vertex -1.03732 33.5655 2
      vertex 32.05 16.8 2
      vertex -1.02604 33.5784 2
    endloop
  endfacet
  facet normal 0 0 1
    outer loop
      vertex 32.05 16.8 2
      vertex -1.02604 -1.7784 2
      vertex -0.818088 -2.08962 2
    endloop
  endfacet
  facet normal -0 0 1
    outer loop
      vertex -1.28412 33.2841 2
      vertex 32.05 16.8 2
      vertex -1.03732 33.5655 2
    endloop
  endfacet
  facet normal 0 0 1
    outer loop
      vertex 32.05 16.8 2
      vertex -1.03732 -1.76554 2
      vertex -1.02604 -1.7784 2
    endloop
  endfacet
  facet normal -0 0 1
    outer loop
      vertex -1.56554 33.0373 2
      vertex 32.05 16.8 2
      vertex -1.28412 33.2841 2
    endloop
  endfacet
  facet normal 0 0 1
    outer loop
      vertex 32.05 16.8 2
      vertex -1.28412 -1.48412 2
      vertex -1.03732 -1.76554 2
    endloop
  endfacet
  facet normal -0 0 1
    outer loop
      vertex -1.5784 33.026 2
      vertex 32.05 16.8 2
      vertex -1.56554 33.0373 2
    endloop
  endfacet
  facet normal 0 0 1
    outer loop
      vertex 32.05 16.8 2
      vertex -1.56554 -1.23732 2
      vertex -1.28412 -1.48412 2
    endloop
  endfacet
  facet normal 0 0 1
    outer loop
      vertex -1.5784 -1.22604 2
      vertex 32.05 16.8 2
      vertex -1.5784 33.026 2
    endloop
  endfacet
  facet normal 0 0 1
    outer loop
      vertex 32.05 16.8 2
      vertex -1.5784 -1.22604 2
      vertex -1.56554 -1.23732 2
    endloop
  endfacet
  facet normal -0 0 1
    outer loop
      vertex -1.88962 32.8181 2
      vertex -1.5784 -1.22604 2
      vertex -1.5784 33.026 2
    endloop
  endfacet
  facet normal 0 0 1
    outer loop
      vertex -1.88962 32.8181 2
      vertex -1.88962 -1.01809 2
      vertex -1.5784 -1.22604 2
    endloop
  endfacet
  facet normal -0 0 1
    outer loop
      vertex -1.90385 32.8086 2
      vertex -1.88962 -1.01809 2
      vertex -1.88962 32.8181 2
    endloop
  endfacet
  facet normal 0 0 1
    outer loop
      vertex -1.90385 32.8086 2
      vertex -1.90385 -1.00858 2
      vertex -1.88962 -1.01809 2
    endloop
  endfacet
  facet normal -0 0 1
    outer loop
      vertex -1.91919 32.801 2
      vertex -1.90385 -1.00858 2
      vertex -1.90385 32.8086 2
    endloop
  endfacet
  facet normal 0 0 1
    outer loop
      vertex -1.91919 32.801 2
      vertex -1.91919 -1.00102 2
      vertex -1.90385 -1.00858 2
    endloop
  endfacet
  facet normal -0 0 1
    outer loop
      vertex -2.25489 32.6355 2
      vertex -1.91919 -1.00102 2
      vertex -1.91919 32.801 2
    endloop
  endfacet
  facet normal 0 0 1
    outer loop
      vertex -2.25489 32.6355 2
      vertex -2.25489 -0.835468 2
      vertex -1.91919 -1.00102 2
    endloop
  endfacet
  facet normal 0 0 1
    outer loop
      vertex -2.25489 32.6355 2
      vertex -2.27109 -0.829969 2
      vertex -2.25489 -0.835468 2
    endloop
  endfacet
  facet normal -0 0 1
    outer loop
      vertex -2.60934 32.5151 2
      vertex -2.27109 -0.829969 2
      vertex -2.25489 32.6355 2
    endloop
  endfacet
  facet normal 0 0 1
    outer loop
      vertex -2.62553 -0.709652 2
      vertex -2.60934 32.5151 2
      vertex -2.62553 32.5097 2
    endloop
  endfacet
  facet normal 0 0 1
    outer loop
      vertex -2.60934 32.5151 2
      vertex -2.62553 -0.709652 2
      vertex -2.27109 -0.829969 2
    endloop
  endfacet
  facet normal -0 0 1
    outer loop
      vertex -2.64231 32.5063 2
      vertex -2.62553 -0.709652 2
      vertex -2.62553 32.5097 2
    endloop
  endfacet
  facet normal 0 0 1
    outer loop
      vertex -2.64231 32.5063 2
      vertex -2.64231 -0.706315 2
      vertex -2.62553 -0.709652 2
    endloop
  endfacet
  facet normal -0 0 1
    outer loop
      vertex -3.00942 32.4333 2
      vertex -2.64231 -0.706315 2
      vertex -2.64231 32.5063 2
    endloop
  endfacet
  facet normal 0 0 1
    outer loop
      vertex -3.00942 32.4333 2
      vertex -3.00942 -0.633291 2
      vertex -2.64231 -0.706315 2
    endloop
  endfacet
  facet normal -0 0 1
    outer loop
      vertex -3.38293 32.4088 2
      vertex -3.00942 -0.633291 2
      vertex -3.00942 32.4333 2
    endloop
  endfacet
  facet normal 0 0 1
    outer loop
      vertex -3.38293 32.4088 2
      vertex -3.38293 -0.60881 2
      vertex -3.00942 -0.633291 2
    endloop
  endfacet
  facet normal -0 0 1
    outer loop
      vertex -3.4 32.4077 2
      vertex -3.38293 -0.60881 2
      vertex -3.38293 32.4088 2
    endloop
  endfacet
  facet normal 0 0 1
    outer loop
      vertex -3.4 32.4077 2
      vertex -3.4 -0.607692 2
      vertex -3.38293 -0.60881 2
    endloop
  endfacet
  facet normal 0 0 1
    outer loop
      vertex -3.41707 32.4088 2
      vertex -3.4 -0.607692 2
      vertex -3.4 32.4077 2
    endloop
  endfacet
  facet normal 0 0 1
    outer loop
      vertex -3.41707 32.4088 2
      vertex -3.41707 -0.60881 2
      vertex -3.4 -0.607692 2
    endloop
  endfacet
  facet normal 0 0 1
    outer loop
      vertex -3.79057 32.4333 2
      vertex -3.41707 -0.60881 2
      vertex -3.41707 32.4088 2
    endloop
  endfacet
  facet normal 0 0 1
    outer loop
      vertex -3.79057 32.4333 2
      vertex -3.79057 -0.633291 2
      vertex -3.41707 -0.60881 2
    endloop
  endfacet
  facet normal 0 0 1
    outer loop
      vertex -4.15769 32.5063 2
      vertex -3.79057 -0.633291 2
      vertex -3.79057 32.4333 2
    endloop
  endfacet
  facet normal 0 0 1
    outer loop
      vertex -4.15769 32.5063 2
      vertex -4.15769 -0.706315 2
      vertex -3.79057 -0.633291 2
    endloop
  endfacet
  facet normal 0 0 1
    outer loop
      vertex -4.17447 32.5097 2
      vertex -4.15769 -0.706315 2
      vertex -4.15769 32.5063 2
    endloop
  endfacet
  facet normal 0 0 1
    outer loop
      vertex -4.17447 32.5097 2
      vertex -4.17447 -0.709652 2
      vertex -4.15769 -0.706315 2
    endloop
  endfacet
  facet normal 0 0 1
    outer loop
      vertex -4.19066 32.5151 2
      vertex -4.17447 -0.709652 2
      vertex -4.17447 32.5097 2
    endloop
  endfacet
  facet normal 0 0 1
    outer loop
      vertex -4.19066 32.5151 2
      vertex -4.52891 -0.829969 2
      vertex -4.17447 -0.709652 2
    endloop
  endfacet
  facet normal 0 0 1
    outer loop
      vertex -4.54511 32.6355 2
      vertex -4.52891 -0.829969 2
      vertex -4.19066 32.5151 2
    endloop
  endfacet
  facet normal 0 0 1
    outer loop
      vertex -4.54511 32.6355 2
      vertex -4.54511 -0.835468 2
      vertex -4.52891 -0.829969 2
    endloop
  endfacet
  facet normal 0 0 1
    outer loop
      vertex -4.88081 32.801 2
      vertex -4.54511 -0.835468 2
      vertex -4.54511 32.6355 2
    endloop
  endfacet
  facet normal 0 0 1
    outer loop
      vertex -4.88081 32.801 2
      vertex -4.88081 -1.00102 2
      vertex -4.54511 -0.835468 2
    endloop
  endfacet
  facet normal 0 0 1
    outer loop
      vertex -4.89615 32.8086 2
      vertex -4.88081 -1.00102 2
      vertex -4.88081 32.801 2
    endloop
  endfacet
  facet normal 0 0 1
    outer loop
      vertex -4.89615 32.8086 2
      vertex -4.89615 -1.00858 2
      vertex -4.88081 -1.00102 2
    endloop
  endfacet
  facet normal 0 0 1
    outer loop
      vertex -4.91038 32.8181 2
      vertex -4.89615 -1.00858 2
      vertex -4.89615 32.8086 2
    endloop
  endfacet
  facet normal 0 0 1
    outer loop
      vertex -4.91038 32.8181 2
      vertex -4.91038 -1.01809 2
      vertex -4.89615 -1.00858 2
    endloop
  endfacet
  facet normal 0 0 1
    outer loop
      vertex -5.2216 33.026 2
      vertex -4.91038 -1.01809 2
      vertex -4.91038 32.8181 2
    endloop
  endfacet
  facet normal 0 0 1
    outer loop
      vertex -5.2216 33.026 2
      vertex -5.2216 -1.22604 2
      vertex -4.91038 -1.01809 2
    endloop
  endfacet
  facet normal 0 0 1
    outer loop
      vertex -5.23446 33.0373 2
      vertex -5.2216 -1.22604 2
      vertex -5.2216 33.026 2
    endloop
  endfacet
  facet normal 0 0 1
    outer loop
      vertex -5.23446 33.0373 2
      vertex -5.23446 -1.23732 2
      vertex -5.2216 -1.22604 2
    endloop
  endfacet
  facet normal 0 0 1
    outer loop
      vertex -5.51588 33.2841 2
      vertex -5.23446 -1.23732 2
      vertex -5.23446 33.0373 2
    endloop
  endfacet
  facet normal 0 0 1
    outer loop
      vertex -5.51588 33.2841 2
      vertex -5.51588 -1.48412 2
      vertex -5.23446 -1.23732 2
    endloop
  endfacet
  facet normal 0 0 1
    outer loop
      vertex -5.76268 33.5655 2
      vertex -5.51588 -1.48412 2
      vertex -5.51588 33.2841 2
    endloop
  endfacet
  facet normal 0 0 1
    outer loop
      vertex -5.76268 33.5655 2
      vertex -5.76268 -1.76554 2
      vertex -5.51588 -1.48412 2
    endloop
  endfacet
  facet normal 0 0 1
    outer loop
      vertex -5.77396 33.5784 2
      vertex -5.76268 -1.76554 2
      vertex -5.76268 33.5655 2
    endloop
  endfacet
  facet normal 0 0 1
    outer loop
      vertex -5.77396 33.5784 2
      vertex -5.77396 -1.7784 2
      vertex -5.76268 -1.76554 2
    endloop
  endfacet
  facet normal 0 0 1
    outer loop
      vertex -5.98191 33.8896 2
      vertex -5.77396 -1.7784 2
      vertex -5.77396 33.5784 2
    endloop
  endfacet
  facet normal 0 0 1
    outer loop
      vertex -5.98191 33.8896 2
      vertex -5.98191 -2.08962 2
      vertex -5.77396 -1.7784 2
    endloop
  endfacet
  facet normal 0 0 1
    outer loop
      vertex -5.99142 33.9038 2
      vertex -5.98191 -2.08962 2
      vertex -5.98191 33.8896 2
    endloop
  endfacet
  facet normal 0 0 1
    outer loop
      vertex -5.99142 33.9038 2
      vertex -5.99142 -2.10385 2
      vertex -5.98191 -2.08962 2
    endloop
  endfacet
  facet normal 0 0 1
    outer loop
      vertex -5.99898 33.9192 2
      vertex -5.99142 -2.10385 2
      vertex -5.99142 33.9038 2
    endloop
  endfacet
  facet normal 0 0 1
    outer loop
      vertex -5.99898 33.9192 2
      vertex -5.99898 -2.11919 2
      vertex -5.99142 -2.10385 2
    endloop
  endfacet
  facet normal 0 0 1
    outer loop
      vertex -6.16453 34.2549 2
      vertex -5.99898 -2.11919 2
      vertex -5.99898 33.9192 2
    endloop
  endfacet
  facet normal 0 0 1
    outer loop
      vertex -6.16453 34.2549 2
      vertex -6.16453 -2.45489 2
      vertex -5.99898 -2.11919 2
    endloop
  endfacet
  facet normal 0 0 1
    outer loop
      vertex -6.17003 34.2711 2
      vertex -6.16453 -2.45489 2
      vertex -6.16453 34.2549 2
    endloop
  endfacet
  facet normal 0 0 1
    outer loop
      vertex -6.17003 34.2711 2
      vertex -6.17003 -2.47109 2
      vertex -6.16453 -2.45489 2
    endloop
  endfacet
  facet normal 0 0 1
    outer loop
      vertex -6.29035 34.6255 2
      vertex -6.17003 -2.47109 2
      vertex -6.17003 34.2711 2
    endloop
  endfacet
  facet normal 0 0 1
    outer loop
      vertex -6.29035 34.6255 2
      vertex -6.29035 -2.82553 2
      vertex -6.17003 -2.47109 2
    endloop
  endfacet
  facet normal 0 0 1
    outer loop
      vertex -8.6 40.8 2
      vertex -6.29035 34.6255 2
      vertex -6.29368 34.6423 2
    endloop
  endfacet
  facet normal 0 0 1
    outer loop
      vertex -6.29035 34.6255 2
      vertex -8.6 40.8 2
      vertex -6.29035 -2.82553 2
    endloop
  endfacet
  facet normal 0 0 1
    outer loop
      vertex -8.6 40.8 2
      vertex -6.29368 34.6423 2
      vertex -6.36671 35.0094 2
    endloop
  endfacet
  facet normal 0 0 1
    outer loop
      vertex -8.6 -9 2
      vertex -6.29035 -2.82553 2
      vertex -8.6 40.8 2
    endloop
  endfacet
  facet normal 0 0 1
    outer loop
      vertex -8.6 40.8 2
      vertex -6.36671 35.0094 2
      vertex -6.39119 35.3829 2
    endloop
  endfacet
  facet normal 0 0 1
    outer loop
      vertex -6.29035 -2.82553 2
      vertex -8.6 -9 2
      vertex -6.29368 -2.84231 2
    endloop
  endfacet
  facet normal 0 0 1
    outer loop
      vertex -8.6 40.8 2
      vertex -6.39119 35.3829 2
      vertex -6.39231 35.4 2
    endloop
  endfacet
  facet normal 0 0 1
    outer loop
      vertex -6.29368 -2.84231 2
      vertex -8.6 -9 2
      vertex -6.36671 -3.20943 2
    endloop
  endfacet
  facet normal 0 0 1
    outer loop
      vertex 35.55 7.8 2
      vertex 32.05 7.8 2
      vertex 35.55 1.08 2
    endloop
  endfacet
  facet normal 0 0 1
    outer loop
      vertex 68.6958 17.978 2
      vertex 69.6802 22.6751 2
      vertex 69.3953 22.5784 2
    endloop
  endfacet
  facet normal 0 0 1
    outer loop
      vertex 69.6802 22.6751 2
      vertex 69.3846 16.7849 2
      vertex 69.4 16.55 2
    endloop
  endfacet
  facet normal 0 0 1
    outer loop
      vertex 69.6802 22.6751 2
      vertex 69.3387 17.0159 2
      vertex 69.3846 16.7849 2
    endloop
  endfacet
  facet normal 0 0 1
    outer loop
      vertex 69.6802 22.6751 2
      vertex 69.263 17.2388 2
      vertex 69.3387 17.0159 2
    endloop
  endfacet
  facet normal 0 0 1
    outer loop
      vertex 69.6802 22.6751 2
      vertex 69.1588 17.45 2
      vertex 69.263 17.2388 2
    endloop
  endfacet
  facet normal 0 0 1
    outer loop
      vertex 68.5 18.1088 2
      vertex 69.3953 22.5784 2
      vertex 69.1002 22.5197 2
    endloop
  endfacet
  facet normal 0 0 1
    outer loop
      vertex 69.6802 22.6751 2
      vertex 69.028 17.6458 2
      vertex 69.1588 17.45 2
    endloop
  endfacet
  facet normal 0 0 1
    outer loop
      vertex 69.6802 22.6751 2
      vertex 68.8728 17.8228 2
      vertex 69.028 17.6458 2
    endloop
  endfacet
  facet normal 0 0 1
    outer loop
      vertex 68.2888 18.213 2
      vertex 69.1002 22.5197 2
      vertex 68.8 22.5 2
    endloop
  endfacet
  facet normal 0 0 1
    outer loop
      vertex 69.6802 22.6751 2
      vertex 68.6958 17.978 2
      vertex 68.8728 17.8228 2
    endloop
  endfacet
  facet normal 0 0 1
    outer loop
      vertex 69.3953 22.5784 2
      vertex 68.5 18.1088 2
      vertex 68.6958 17.978 2
    endloop
  endfacet
  facet normal 0 0 1
    outer loop
      vertex 68.0659 18.2887 2
      vertex 68.8 22.5 2
      vertex 68.4998 22.5197 2
    endloop
  endfacet
  facet normal 0 0 1
    outer loop
      vertex 69.1002 22.5197 2
      vertex 68.2888 18.213 2
      vertex 68.5 18.1088 2
    endloop
  endfacet
  facet normal 0 0 1
    outer loop
      vertex 67.8349 18.3346 2
      vertex 68.4998 22.5197 2
      vertex 68.2047 22.5784 2
    endloop
  endfacet
  facet normal 0 0 1
    outer loop
      vertex 68.8 22.5 2
      vertex 68.0659 18.2887 2
      vertex 68.2888 18.213 2
    endloop
  endfacet
  facet normal 0 0 1
    outer loop
      vertex 67.6 18.35 2
      vertex 68.2047 22.5784 2
      vertex 67.9198 22.6751 2
    endloop
  endfacet
  facet normal 0 0 1
    outer loop
      vertex 68.4998 22.5197 2
      vertex 67.8349 18.3346 2
      vertex 68.0659 18.2887 2
    endloop
  endfacet
  facet normal 0 0 1
    outer loop
      vertex 67.1341 18.2887 2
      vertex 67.9198 22.6751 2
      vertex 67.65 22.8081 2
    endloop
  endfacet
  facet normal 0 0 1
    outer loop
      vertex 68.2047 22.5784 2
      vertex 67.6 18.35 2
      vertex 67.8349 18.3346 2
    endloop
  endfacet
  facet normal 0 0 1
    outer loop
      vertex 66.9112 18.213 2
      vertex 67.65 22.8081 2
      vertex 67.3998 22.9753 2
    endloop
  endfacet
  facet normal 0 0 1
    outer loop
      vertex 67.9198 22.6751 2
      vertex 67.3651 18.3346 2
      vertex 67.6 18.35 2
    endloop
  endfacet
  facet normal 0 0 1
    outer loop
      vertex 66.7 18.1088 2
      vertex 67.3998 22.9753 2
      vertex 67.1737 23.1737 2
    endloop
  endfacet
  facet normal 0 0 1
    outer loop
      vertex 67.9198 22.6751 2
      vertex 67.1341 18.2887 2
      vertex 67.3651 18.3346 2
    endloop
  endfacet
  facet normal 0 0 1
    outer loop
      vertex 66.5042 17.978 2
      vertex 67.1737 23.1737 2
      vertex 66.9753 23.3998 2
    endloop
  endfacet
  facet normal 0 0 1
    outer loop
      vertex 67.65 22.8081 2
      vertex 66.9112 18.213 2
      vertex 67.1341 18.2887 2
    endloop
  endfacet
  facet normal 0 0 1
    outer loop
      vertex 60.1247 23.3998 2
      vertex 66.9753 23.3998 2
      vertex 66.8081 23.65 2
    endloop
  endfacet
  facet normal 0 0 1
    outer loop
      vertex 67.3998 22.9753 2
      vertex 66.7 18.1088 2
      vertex 66.9112 18.213 2
    endloop
  endfacet
  facet normal 0 0 1
    outer loop
      vertex 60.2919 23.65 2
      vertex 66.8081 23.65 2
      vertex 66.6751 23.9198 2
    endloop
  endfacet
  facet normal 0 0 1
    outer loop
      vertex 60.4249 23.9198 2
      vertex 66.6751 23.9198 2
      vertex 66.5784 24.2047 2
    endloop
  endfacet
  facet normal 0 0 1
    outer loop
      vertex 60.5216 24.2047 2
      vertex 66.5784 24.2047 2
      vertex 66.5197 24.4998 2
    endloop
  endfacet
  facet normal 0 0 1
    outer loop
      vertex 67.1737 23.1737 2
      vertex 66.5042 17.978 2
      vertex 66.7 18.1088 2
    endloop
  endfacet
  facet normal 0 0 1
    outer loop
      vertex 60.5803 24.4998 2
      vertex 66.5197 24.4998 2
      vertex 66.5 24.8 2
    endloop
  endfacet
  facet normal 0 0 1
    outer loop
      vertex 66.8081 23.65 2
      vertex 60.2919 23.65 2
      vertex 60.1247 23.3998 2
    endloop
  endfacet
  facet normal 0 0 1
    outer loop
      vertex 50.05 9.08 2
      vertex 38.05 16.8 2
      vertex 38.05 9.08 2
    endloop
  endfacet
  facet normal 0 0 1
    outer loop
      vertex 83.2634 34.9926 2
      vertex 85.7 40.8 2
      vertex 83.2667 35.0094 2
    endloop
  endfacet
  facet normal 0 0 1
    outer loop
      vertex 85.7 -9 2
      vertex 83.2912 -3.58293 2
      vertex 83.2923 -3.6 2
    endloop
  endfacet
  facet normal 0 0 1
    outer loop
      vertex 83.1903 34.6255 2
      vertex 85.7 40.8 2
      vertex 83.2634 34.9926 2
    endloop
  endfacet
  facet normal 0 0 1
    outer loop
      vertex 85.7 -9 2
      vertex 83.2667 -3.20943 2
      vertex 83.2912 -3.58293 2
    endloop
  endfacet
  facet normal 0 0 1
    outer loop
      vertex 80.55 18.6 2
      vertex 85.7 40.8 2
      vertex 83.1903 34.6255 2
    endloop
  endfacet
  facet normal 0 0 1
    outer loop
      vertex 85.7 -9 2
      vertex 83.2634 -3.19265 2
      vertex 83.2667 -3.20943 2
    endloop
  endfacet
  facet normal 0 0 1
    outer loop
      vertex 85.7 40.8 2
      vertex 80.55 18.6 2
      vertex 85.7 -9 2
    endloop
  endfacet
  facet normal 0 0 1
    outer loop
      vertex 85.7 -9 2
      vertex 83.1903 -2.82553 2
      vertex 83.2634 -3.19265 2
    endloop
  endfacet
  facet normal 0 0 1
    outer loop
      vertex 80.55 18.6 2
      vertex 83.1903 34.6255 2
      vertex 83.07 34.2711 2
    endloop
  endfacet
  facet normal 0 0 1
    outer loop
      vertex 85.7 -9 2
      vertex 80.55 18.6 2
      vertex 83.1903 -2.82553 2
    endloop
  endfacet
  facet normal 0 0 1
    outer loop
      vertex 80.55 18.6 2
      vertex 83.07 34.2711 2
      vertex 83.0645 34.2549 2
    endloop
  endfacet
  facet normal 0 0 1
    outer loop
      vertex 83.1903 -2.82553 2
      vertex 80.55 18.6 2
      vertex 83.07 -2.47109 2
    endloop
  endfacet
  facet normal 0 0 1
    outer loop
      vertex 80.55 18.6 2
      vertex 83.0645 34.2549 2
      vertex 82.899 33.9192 2
    endloop
  endfacet
  facet normal 0 0 1
    outer loop
      vertex 83.07 -2.47109 2
      vertex 80.55 18.6 2
      vertex 83.0645 -2.45489 2
    endloop
  endfacet
  facet normal 0 0 1
    outer loop
      vertex 80.55 18.6 2
      vertex 82.899 33.9192 2
      vertex 82.8914 33.9038 2
    endloop
  endfacet
  facet normal 0 0 1
    outer loop
      vertex 83.0645 -2.45489 2
      vertex 80.55 18.6 2
      vertex 82.899 -2.11919 2
    endloop
  endfacet
  facet normal 0 0 1
    outer loop
      vertex 80.55 18.6 2
      vertex 82.8914 33.9038 2
      vertex 82.8819 33.8896 2
    endloop
  endfacet
  facet normal 0 0 1
    outer loop
      vertex 82.899 -2.11919 2
      vertex 80.55 18.6 2
      vertex 82.8914 -2.10385 2
    endloop
  endfacet
  facet normal 0 0 1
    outer loop
      vertex 80.55 18.6 2
      vertex 82.8819 33.8896 2
      vertex 82.674 33.5784 2
    endloop
  endfacet
  facet normal 0 0 1
    outer loop
      vertex 82.8914 -2.10385 2
      vertex 80.55 18.6 2
      vertex 82.8819 -2.08962 2
    endloop
  endfacet
  facet normal 0 0 1
    outer loop
      vertex 80.55 18.6 2
      vertex 82.674 33.5784 2
      vertex 82.6627 33.5655 2
    endloop
  endfacet
  facet normal 0 0 1
    outer loop
      vertex 82.8819 -2.08962 2
      vertex 80.55 18.6 2
      vertex 82.674 -1.7784 2
    endloop
  endfacet
  facet normal 0 0 1
    outer loop
      vertex 80.55 18.6 2
      vertex 82.6627 33.5655 2
      vertex 82.4159 33.2841 2
    endloop
  endfacet
  facet normal 0 0 1
    outer loop
      vertex 82.674 -1.7784 2
      vertex 80.55 18.6 2
      vertex 82.6627 -1.76554 2
    endloop
  endfacet
  facet normal 0 0 1
    outer loop
      vertex 80.55 18.6 2
      vertex 82.4159 33.2841 2
      vertex 82.1345 33.0373 2
    endloop
  endfacet
  facet normal 0 0 1
    outer loop
      vertex 82.6627 -1.76554 2
      vertex 80.55 18.6 2
      vertex 82.4159 -1.48412 2
    endloop
  endfacet
  facet normal 0 0 1
    outer loop
      vertex 80.55 18.6 2
      vertex 82.1345 33.0373 2
      vertex 82.1216 33.026 2
    endloop
  endfacet
  facet normal 0 0 1
    outer loop
      vertex 82.4159 -1.48412 2
      vertex 80.55 18.6 2
      vertex 82.1345 -1.23732 2
    endloop
  endfacet
  facet normal 0 0 1
    outer loop
      vertex 80.55 18.6 2
      vertex 82.1216 33.026 2
      vertex 81.8104 32.8181 2
    endloop
  endfacet
  facet normal 0 0 1
    outer loop
      vertex 82.1345 -1.23732 2
      vertex 80.55 18.6 2
      vertex 82.1216 -1.22604 2
    endloop
  endfacet
  facet normal 0 0 1
    outer loop
      vertex 80.55 18.6 2
      vertex 81.8104 32.8181 2
      vertex 81.7962 32.8086 2
    endloop
  endfacet
  facet normal 0 0 1
    outer loop
      vertex 82.1216 -1.22604 2
      vertex 80.55 18.6 2
      vertex 81.8104 -1.01809 2
    endloop
  endfacet
  facet normal 0 0 1
    outer loop
      vertex 80.55 18.6 2
      vertex 81.7962 32.8086 2
      vertex 81.7808 32.801 2
    endloop
  endfacet
  facet normal 0 0 1
    outer loop
      vertex 81.8104 -1.01809 2
      vertex 80.55 18.6 2
      vertex 81.7962 -1.00858 2
    endloop
  endfacet
  facet normal 0 0 1
    outer loop
      vertex 80.55 18.6 2
      vertex 81.7808 32.801 2
      vertex 81.4451 32.6355 2
    endloop
  endfacet
  facet normal 0 0 1
    outer loop
      vertex 81.7962 -1.00858 2
      vertex 80.55 18.6 2
      vertex 81.4604 -0.843033 2
    endloop
  endfacet
  facet normal 0 0 1
    outer loop
      vertex 81.4604 -0.843033 2
      vertex 80.55 18.6 2
      vertex 81.4451 -0.835468 2
    endloop
  endfacet
  facet normal 0 0 1
    outer loop
      vertex 80.55 32.1 2
      vertex 81.4451 32.6355 2
      vertex 81.0907 32.5151 2
    endloop
  endfacet
  facet normal 0 0 1
    outer loop
      vertex 80.55 32.1 2
      vertex 81.0907 32.5151 2
      vertex 81.0745 32.5097 2
    endloop
  endfacet
  facet normal 0 0 1
    outer loop
      vertex 81.4451 -0.835468 2
      vertex 80.55 18.6 2
      vertex 81.4289 -0.829969 2
    endloop
  endfacet
  facet normal 0 0 1
    outer loop
      vertex 80.55 32.1 2
      vertex 81.0745 32.5097 2
      vertex 81.0577 32.5063 2
    endloop
  endfacet
  facet normal 0 0 1
    outer loop
      vertex 81.4289 -0.829969 2
      vertex 80.55 18.6 2
      vertex 81.0745 -0.709652 2
    endloop
  endfacet
  facet normal 0 0 1
    outer loop
      vertex 80.55 32.1 2
      vertex 81.0577 32.5063 2
      vertex 80.6906 32.4333 2
    endloop
  endfacet
  facet normal 0 0 1
    outer loop
      vertex 81.0745 -0.709652 2
      vertex 80.55 18.6 2
      vertex 81.0577 -0.706315 2
    endloop
  endfacet
  facet normal 0 0 1
    outer loop
      vertex 81.4451 32.6355 2
      vertex 80.55 32.1 2
      vertex 80.55 18.6 2
    endloop
  endfacet
  facet normal -0 0 1
    outer loop
      vertex 80.3171 32.4088 2
      vertex 80.55 32.1 2
      vertex 80.6906 32.4333 2
    endloop
  endfacet
  facet normal -0 0 1
    outer loop
      vertex 80.3 32.4077 2
      vertex 80.55 32.1 2
      vertex 80.3171 32.4088 2
    endloop
  endfacet
  facet normal 0 0 1
    outer loop
      vertex 80.2829 32.4088 2
      vertex 80.55 32.1 2
      vertex 80.3 32.4077 2
    endloop
  endfacet
  facet normal 0 0 1
    outer loop
      vertex 79.9094 32.4333 2
      vertex 80.55 32.1 2
      vertex 80.2829 32.4088 2
    endloop
  endfacet
  facet normal 0 0 1
    outer loop
      vertex 79.5423 32.5063 2
      vertex 80.55 32.1 2
      vertex 79.9094 32.4333 2
    endloop
  endfacet
  facet normal 0 0 1
    outer loop
      vertex 79.5255 32.5097 2
      vertex 80.55 32.1 2
      vertex 79.5423 32.5063 2
    endloop
  endfacet
  facet normal 0 0 1
    outer loop
      vertex 74.55 32.1 2
      vertex 79.5255 32.5097 2
      vertex 79.5093 32.5151 2
    endloop
  endfacet
  facet normal 0 0 1
    outer loop
      vertex 74.55 32.1 2
      vertex 79.5093 32.5151 2
      vertex 79.1549 32.6355 2
    endloop
  endfacet
  facet normal 0 0 1
    outer loop
      vertex 79.5255 32.5097 2
      vertex 74.55 32.1 2
      vertex 80.55 32.1 2
    endloop
  endfacet
  facet normal 0 0 1
    outer loop
      vertex 78.8192 32.801 2
      vertex 74.55 32.1 2
      vertex 79.1549 32.6355 2
    endloop
  endfacet
  facet normal 0 0 1
    outer loop
      vertex 78.8038 32.8086 2
      vertex 74.55 32.1 2
      vertex 78.8192 32.801 2
    endloop
  endfacet
  facet normal 0 0 1
    outer loop
      vertex 78.7896 32.8181 2
      vertex 74.55 32.1 2
      vertex 78.8038 32.8086 2
    endloop
  endfacet
  facet normal 0 0 1
    outer loop
      vertex 78.4784 33.026 2
      vertex 74.55 32.1 2
      vertex 78.7896 32.8181 2
    endloop
  endfacet
  facet normal 0 0 1
    outer loop
      vertex 78.4655 33.0373 2
      vertex 74.55 32.1 2
      vertex 78.4784 33.026 2
    endloop
  endfacet
  facet normal 0 0 1
    outer loop
      vertex 78.1841 33.2841 2
      vertex 74.55 32.1 2
      vertex 78.4655 33.0373 2
    endloop
  endfacet
  facet normal 0 0 1
    outer loop
      vertex 77.9373 33.5655 2
      vertex 74.55 32.1 2
      vertex 78.1841 33.2841 2
    endloop
  endfacet
  facet normal 0 0 1
    outer loop
      vertex 77.926 33.5784 2
      vertex 74.55 32.1 2
      vertex 77.9373 33.5655 2
    endloop
  endfacet
  facet normal 0 0 1
    outer loop
      vertex 77.9165 33.5926 2
      vertex 74.55 32.1 2
      vertex 77.926 33.5784 2
    endloop
  endfacet
  facet normal 0 0 1
    outer loop
      vertex 77.7086 33.9038 2
      vertex 74.55 32.1 2
      vertex 77.9165 33.5926 2
    endloop
  endfacet
  facet normal 0 0 1
    outer loop
      vertex 77.543 34.2396 2
      vertex 74.55 32.1 2
      vertex 77.7086 33.9038 2
    endloop
  endfacet
  facet normal 0 0 1
    outer loop
      vertex 77.5355 34.2549 2
      vertex 74.55 32.1 2
      vertex 77.543 34.2396 2
    endloop
  endfacet
  facet normal 0 0 1
    outer loop
      vertex 77.53 34.2711 2
      vertex 74.55 32.1 2
      vertex 77.5355 34.2549 2
    endloop
  endfacet
  facet normal 0 0 1
    outer loop
      vertex 77.4097 34.6255 2
      vertex 74.55 32.1 2
      vertex 77.53 34.2711 2
    endloop
  endfacet
  facet normal 0 0 1
    outer loop
      vertex 77.4063 34.6423 2
      vertex 74.55 32.1 2
      vertex 77.4097 34.6255 2
    endloop
  endfacet
  facet normal 0 0 1
    outer loop
      vertex 77.3333 35.0094 2
      vertex 74.55 32.1 2
      vertex 77.4063 34.6423 2
    endloop
  endfacet
  facet normal 0 0 1
    outer loop
      vertex 77.3088 35.3829 2
      vertex 74.55 32.1 2
      vertex 77.3333 35.0094 2
    endloop
  endfacet
  facet normal 0 0 1
    outer loop
      vertex 74.55 32.1 2
      vertex 77.3088 35.3829 2
      vertex 77.3077 35.4 2
    endloop
  endfacet
  facet normal 0 0 1
    outer loop
      vertex 83.2912 35.3829 2
      vertex 85.7 40.8 2
      vertex 83.2923 35.4 2
    endloop
  endfacet
  facet normal 0 0 1
    outer loop
      vertex 85.7 40.8 2
      vertex 83.2912 35.4171 2
      vertex 83.2923 35.4 2
    endloop
  endfacet
  facet normal 0 0 1
    outer loop
      vertex 85.7 40.8 2
      vertex 83.2667 35.7906 2
      vertex 83.2912 35.4171 2
    endloop
  endfacet
  facet normal 0 0 1
    outer loop
      vertex 85.7 40.8 2
      vertex 83.2634 35.8074 2
      vertex 83.2667 35.7906 2
    endloop
  endfacet
  facet normal 0 0 1
    outer loop
      vertex 85.7 40.8 2
      vertex 83.1903 36.1745 2
      vertex 83.2634 35.8074 2
    endloop
  endfacet
  facet normal 0 0 1
    outer loop
      vertex 85.7 40.8 2
      vertex 83.07 36.5289 2
      vertex 83.1903 36.1745 2
    endloop
  endfacet
  facet normal 0 0 1
    outer loop
      vertex 85.7 40.8 2
      vertex 83.0645 36.5451 2
      vertex 83.07 36.5289 2
    endloop
  endfacet
  facet normal 0 0 1
    outer loop
      vertex 85.7 40.8 2
      vertex 83.057 36.5604 2
      vertex 83.0645 36.5451 2
    endloop
  endfacet
  facet normal 0 0 1
    outer loop
      vertex 85.7 40.8 2
      vertex 82.8914 36.8962 2
      vertex 83.057 36.5604 2
    endloop
  endfacet
  facet normal 0 0 1
    outer loop
      vertex 85.7 40.8 2
      vertex 82.6835 37.2074 2
      vertex 82.8914 36.8962 2
    endloop
  endfacet
  facet normal 0 0 1
    outer loop
      vertex 85.7 40.8 2
      vertex 82.674 37.2216 2
      vertex 82.6835 37.2074 2
    endloop
  endfacet
  facet normal 0 0 1
    outer loop
      vertex 85.7 40.8 2
      vertex 82.6627 37.2345 2
      vertex 82.674 37.2216 2
    endloop
  endfacet
  facet normal 0 0 1
    outer loop
      vertex 85.7 40.8 2
      vertex 82.4159 37.5159 2
      vertex 82.6627 37.2345 2
    endloop
  endfacet
  facet normal 0 0 1
    outer loop
      vertex 85.7 40.8 2
      vertex 82.1345 37.7627 2
      vertex 82.4159 37.5159 2
    endloop
  endfacet
  facet normal 0 0 1
    outer loop
      vertex 85.7 40.8 2
      vertex 82.1216 37.774 2
      vertex 82.1345 37.7627 2
    endloop
  endfacet
  facet normal 0 0 1
    outer loop
      vertex 85.7 40.8 2
      vertex 81.8104 37.9819 2
      vertex 82.1216 37.774 2
    endloop
  endfacet
  facet normal 0 0 1
    outer loop
      vertex 85.7 40.8 2
      vertex 81.7962 37.9914 2
      vertex 81.8104 37.9819 2
    endloop
  endfacet
  facet normal 0 0 1
    outer loop
      vertex 85.7 40.8 2
      vertex 81.4604 38.157 2
      vertex 81.7962 37.9914 2
    endloop
  endfacet
  facet normal 0 0 1
    outer loop
      vertex 85.7 40.8 2
      vertex 81.4451 38.1645 2
      vertex 81.4604 38.157 2
    endloop
  endfacet
  facet normal 0 0 1
    outer loop
      vertex 85.7 40.8 2
      vertex 81.4289 38.17 2
      vertex 81.4451 38.1645 2
    endloop
  endfacet
  facet normal 0 0 1
    outer loop
      vertex 85.7 40.8 2
      vertex 81.0745 38.2903 2
      vertex 81.4289 38.17 2
    endloop
  endfacet
  facet normal 0 0 1
    outer loop
      vertex 85.7 40.8 2
      vertex 81.0577 38.2937 2
      vertex 81.0745 38.2903 2
    endloop
  endfacet
  facet normal 0 0 1
    outer loop
      vertex 85.7 40.8 2
      vertex 80.6906 38.3667 2
      vertex 81.0577 38.2937 2
    endloop
  endfacet
  facet normal 0 0 1
    outer loop
      vertex 85.7 40.8 2
      vertex 80.3171 38.3912 2
      vertex 80.6906 38.3667 2
    endloop
  endfacet
  facet normal 0 0 1
    outer loop
      vertex 85.7 40.8 2
      vertex 80.3 38.3923 2
      vertex 80.3171 38.3912 2
    endloop
  endfacet
  facet normal 0 0 1
    outer loop
      vertex 85.7 40.8 2
      vertex 80.2829 38.3912 2
      vertex 80.3 38.3923 2
    endloop
  endfacet
  facet normal 0 0 1
    outer loop
      vertex 85.7 40.8 2
      vertex 79.9094 38.3667 2
      vertex 80.2829 38.3912 2
    endloop
  endfacet
  facet normal 0 0 1
    outer loop
      vertex 85.7 40.8 2
      vertex 79.5423 38.2937 2
      vertex 79.9094 38.3667 2
    endloop
  endfacet
  facet normal 0 0 1
    outer loop
      vertex 85.7 40.8 2
      vertex 79.5255 38.2903 2
      vertex 79.5423 38.2937 2
    endloop
  endfacet
  facet normal 0 0 1
    outer loop
      vertex 85.7 40.8 2
      vertex 79.1711 38.17 2
      vertex 79.5255 38.2903 2
    endloop
  endfacet
  facet normal 0 0 1
    outer loop
      vertex 85.7 40.8 2
      vertex 79.1549 38.1645 2
      vertex 79.1711 38.17 2
    endloop
  endfacet
  facet normal 0 0 1
    outer loop
      vertex 77.3088 35.4171 2
      vertex 74.55 32.1 2
      vertex 77.3077 35.4 2
    endloop
  endfacet
  facet normal 0 0 1
    outer loop
      vertex 77.3333 35.7906 2
      vertex 74.55 32.1 2
      vertex 77.3088 35.4171 2
    endloop
  endfacet
  facet normal 0 0 1
    outer loop
      vertex 77.4063 36.1577 2
      vertex 74.55 32.1 2
      vertex 77.3333 35.7906 2
    endloop
  endfacet
  facet normal 0 0 1
    outer loop
      vertex 77.4097 36.1745 2
      vertex 74.55 32.1 2
      vertex 77.4063 36.1577 2
    endloop
  endfacet
  facet normal 0 0 1
    outer loop
      vertex 77.53 36.5289 2
      vertex 74.55 32.1 2
      vertex 77.4097 36.1745 2
    endloop
  endfacet
  facet normal 0 0 1
    outer loop
      vertex 77.5355 36.5451 2
      vertex 74.55 32.1 2
      vertex 77.53 36.5289 2
    endloop
  endfacet
  facet normal 0 0 1
    outer loop
      vertex 58.6002 27.0803 2
      vertex 77.5355 36.5451 2
      vertex 77.543 36.5604 2
    endloop
  endfacet
  facet normal 0 0 1
    outer loop
      vertex 58.6002 27.0803 2
      vertex 77.543 36.5604 2
      vertex 77.7086 36.8962 2
    endloop
  endfacet
  facet normal 0 0 1
    outer loop
      vertex 74.55 32.1 2
      vertex 71.1 24.8 2
      vertex 74.55 18.6 2
    endloop
  endfacet
  facet normal 0 0 1
    outer loop
      vertex 74.55 32.1 2
      vertex 71.0803 25.1002 2
      vertex 71.1 24.8 2
    endloop
  endfacet
  facet normal 0 0 1
    outer loop
      vertex 74.55 32.1 2
      vertex 71.0216 25.3953 2
      vertex 71.0803 25.1002 2
    endloop
  endfacet
  facet normal 0 0 1
    outer loop
      vertex 74.55 32.1 2
      vertex 70.9249 25.6802 2
      vertex 71.0216 25.3953 2
    endloop
  endfacet
  facet normal 0 0 1
    outer loop
      vertex 74.55 32.1 2
      vertex 70.7919 25.95 2
      vertex 70.9249 25.6802 2
    endloop
  endfacet
  facet normal 0 0 1
    outer loop
      vertex 74.55 32.1 2
      vertex 70.6247 26.2001 2
      vertex 70.7919 25.95 2
    endloop
  endfacet
  facet normal 0 0 1
    outer loop
      vertex 77.5355 36.5451 2
      vertex 58.8953 27.0216 2
      vertex 74.55 32.1 2
    endloop
  endfacet
  facet normal 0 0 1
    outer loop
      vertex 74.55 32.1 2
      vertex 70.4263 26.4263 2
      vertex 70.6247 26.2001 2
    endloop
  endfacet
  facet normal 0 0 1
    outer loop
      vertex 58.3 27.1 2
      vertex 77.7086 36.8962 2
      vertex 77.9165 37.2074 2
    endloop
  endfacet
  facet normal 0 0 1
    outer loop
      vertex 58.3 27.1 2
      vertex 77.9165 37.2074 2
      vertex 77.926 37.2216 2
    endloop
  endfacet
  facet normal 0 0 1
    outer loop
      vertex 74.55 32.1 2
      vertex 70.2001 26.6247 2
      vertex 70.4263 26.4263 2
    endloop
  endfacet
  facet normal 0 0 1
    outer loop
      vertex 74.55 32.1 2
      vertex 69.95 26.7919 2
      vertex 70.2001 26.6247 2
    endloop
  endfacet
  facet normal 0 0 1
    outer loop
      vertex 74.55 32.1 2
      vertex 69.6802 26.9249 2
      vertex 69.95 26.7919 2
    endloop
  endfacet
  facet normal 0 0 1
    outer loop
      vertex 74.55 32.1 2
      vertex 69.3953 27.0216 2
      vertex 69.6802 26.9249 2
    endloop
  endfacet
  facet normal 0 0 1
    outer loop
      vertex 74.55 32.1 2
      vertex 69.1002 27.0803 2
      vertex 69.3953 27.0216 2
    endloop
  endfacet
  facet normal 0 0 1
    outer loop
      vertex 74.55 32.1 2
      vertex 68.8 27.1 2
      vertex 69.1002 27.0803 2
    endloop
  endfacet
  facet normal 0 0 1
    outer loop
      vertex 57.9998 27.0803 2
      vertex 77.926 37.2216 2
      vertex 77.9373 37.2345 2
    endloop
  endfacet
  facet normal 0 0 1
    outer loop
      vertex 57.9998 27.0803 2
      vertex 77.9373 37.2345 2
      vertex 78.1841 37.5159 2
    endloop
  endfacet
  facet normal 0 0 1
    outer loop
      vertex 74.55 32.1 2
      vertex 68.4998 27.0803 2
      vertex 68.8 27.1 2
    endloop
  endfacet
  facet normal 0 0 1
    outer loop
      vertex 74.55 32.1 2
      vertex 68.2047 27.0216 2
      vertex 68.4998 27.0803 2
    endloop
  endfacet
  facet normal 0 -0 1
    outer loop
      vertex 59.1802 26.9249 2
      vertex 74.55 32.1 2
      vertex 58.8953 27.0216 2
    endloop
  endfacet
  facet normal 0 0 1
    outer loop
      vertex 74.55 32.1 2
      vertex 67.9198 26.9249 2
      vertex 68.2047 27.0216 2
    endloop
  endfacet
  facet normal 0 0 1
    outer loop
      vertex 74.55 32.1 2
      vertex 59.1802 26.9249 2
      vertex 67.9198 26.9249 2
    endloop
  endfacet
  facet normal 0 -0 1
    outer loop
      vertex 59.45 26.7919 2
      vertex 67.65 26.7919 2
      vertex 59.1802 26.9249 2
    endloop
  endfacet
  facet normal 0 0 1
    outer loop
      vertex 66.9753 23.3998 2
      vertex 60.1247 23.3998 2
      vertex 66.3272 17.8228 2
    endloop
  endfacet
  facet normal 0 0 1
    outer loop
      vertex 66.9753 23.3998 2
      vertex 66.3272 17.8228 2
      vertex 66.5042 17.978 2
    endloop
  endfacet
  facet normal -0 0 1
    outer loop
      vertex 59.9263 23.1737 2
      vertex 66.3272 17.8228 2
      vertex 60.1247 23.3998 2
    endloop
  endfacet
  facet normal 0 0 1
    outer loop
      vertex 60.6 24.8 2
      vertex 66.5 24.8 2
      vertex 66.5197 25.1002 2
    endloop
  endfacet
  facet normal 0 0 1
    outer loop
      vertex 66.3272 17.8228 2
      vertex 59.9263 23.1737 2
      vertex 66.172 17.6458 2
    endloop
  endfacet
  facet normal 0 0 1
    outer loop
      vertex 66.172 17.6458 2
      vertex 59.9263 23.1737 2
      vertex 66.0412 17.45 2
    endloop
  endfacet
  facet normal 0 0 1
    outer loop
      vertex 66.5197 24.4998 2
      vertex 60.5803 24.4998 2
      vertex 60.5216 24.2047 2
    endloop
  endfacet
  facet normal 0 0 1
    outer loop
      vertex 66.5 24.8 2
      vertex 60.6 24.8 2
      vertex 60.5803 24.4998 2
    endloop
  endfacet
  facet normal 0 0 1
    outer loop
      vertex 60.5803 25.1002 2
      vertex 66.5197 25.1002 2
      vertex 66.5784 25.3953 2
    endloop
  endfacet
  facet normal 0 0 1
    outer loop
      vertex 60.5216 25.3953 2
      vertex 66.5784 25.3953 2
      vertex 66.6751 25.6802 2
    endloop
  endfacet
  facet normal 0 0 1
    outer loop
      vertex 60.4249 25.6802 2
      vertex 66.6751 25.6802 2
      vertex 66.8081 25.95 2
    endloop
  endfacet
  facet normal 0 0 1
    outer loop
      vertex 60.2919 25.95 2
      vertex 66.8081 25.95 2
      vertex 66.9753 26.2001 2
    endloop
  endfacet
  facet normal 0 0 1
    outer loop
      vertex 60.1247 26.2001 2
      vertex 66.9753 26.2001 2
      vertex 67.1737 26.4263 2
    endloop
  endfacet
  facet normal 0 0 1
    outer loop
      vertex 67.65 26.7919 2
      vertex 59.45 26.7919 2
      vertex 67.3998 26.6247 2
    endloop
  endfacet
  facet normal 0 0 1
    outer loop
      vertex 57.7047 27.0216 2
      vertex 78.1841 37.5159 2
      vertex 78.4655 37.7627 2
    endloop
  endfacet
  facet normal 0 0 1
    outer loop
      vertex 57.7047 27.0216 2
      vertex 78.4655 37.7627 2
      vertex 78.4784 37.774 2
    endloop
  endfacet
  facet normal 0 0 1
    outer loop
      vertex 66.5197 25.1002 2
      vertex 60.5803 25.1002 2
      vertex 60.6 24.8 2
    endloop
  endfacet
  facet normal 0 0 1
    outer loop
      vertex 66.5784 25.3953 2
      vertex 60.5216 25.3953 2
      vertex 60.5803 25.1002 2
    endloop
  endfacet
  facet normal 0 0 1
    outer loop
      vertex 66.6751 25.6802 2
      vertex 60.4249 25.6802 2
      vertex 60.5216 25.3953 2
    endloop
  endfacet
  facet normal 0 0 1
    outer loop
      vertex 66.8081 25.95 2
      vertex 60.2919 25.95 2
      vertex 60.4249 25.6802 2
    endloop
  endfacet
  facet normal 0 0 1
    outer loop
      vertex -1.5784 37.774 2
      vertex 78.4784 37.774 2
      vertex 78.7896 37.9819 2
    endloop
  endfacet
  facet normal 0 0 1
    outer loop
      vertex -1.5784 37.774 2
      vertex 78.7896 37.9819 2
      vertex 78.8038 37.9914 2
    endloop
  endfacet
  facet normal 0 0 1
    outer loop
      vertex 66.9753 26.2001 2
      vertex 60.1247 26.2001 2
      vertex 60.2919 25.95 2
    endloop
  endfacet
  facet normal 0 0 1
    outer loop
      vertex 67.1737 26.4263 2
      vertex 59.9263 26.4263 2
      vertex 60.1247 26.2001 2
    endloop
  endfacet
  facet normal 0 0 1
    outer loop
      vertex 67.1737 26.4263 2
      vertex 59.7001 26.6247 2
      vertex 59.9263 26.4263 2
    endloop
  endfacet
  facet normal 0 0 1
    outer loop
      vertex 67.3998 26.6247 2
      vertex 59.7001 26.6247 2
      vertex 67.1737 26.4263 2
    endloop
  endfacet
  facet normal 0 -0 1
    outer loop
      vertex 59.7001 26.6247 2
      vertex 67.3998 26.6247 2
      vertex 59.45 26.7919 2
    endloop
  endfacet
  facet normal 0 0 1
    outer loop
      vertex 67.9198 26.9249 2
      vertex 59.1802 26.9249 2
      vertex 67.65 26.7919 2
    endloop
  endfacet
  facet normal 0 0 1
    outer loop
      vertex 77.5355 36.5451 2
      vertex 58.6002 27.0803 2
      vertex 58.8953 27.0216 2
    endloop
  endfacet
  facet normal 0 0 1
    outer loop
      vertex 77.7086 36.8962 2
      vertex 58.3 27.1 2
      vertex 58.6002 27.0803 2
    endloop
  endfacet
  facet normal 0 0 1
    outer loop
      vertex 77.926 37.2216 2
      vertex 57.9998 27.0803 2
      vertex 58.3 27.1 2
    endloop
  endfacet
  facet normal 0 0 1
    outer loop
      vertex 78.1841 37.5159 2
      vertex 57.7047 27.0216 2
      vertex 57.9998 27.0803 2
    endloop
  endfacet
  facet normal 0 0 1
    outer loop
      vertex 78.4784 37.774 2
      vertex -1.5784 37.774 2
      vertex 57.7047 27.0216 2
    endloop
  endfacet
  facet normal 0 0 1
    outer loop
      vertex 57.7047 27.0216 2
      vertex -1.5784 37.774 2
      vertex 57.4198 26.9249 2
    endloop
  endfacet
  facet normal 0 0 1
    outer loop
      vertex 38.05 16.8 2
      vertex 56 24.8 2
      vertex 56.0197 25.1002 2
    endloop
  endfacet
  facet normal 0 0 1
    outer loop
      vertex 38.05 16.8 2
      vertex 56.0197 25.1002 2
      vertex 56.0784 25.3953 2
    endloop
  endfacet
  facet normal 0 0 1
    outer loop
      vertex 38.05 16.8 2
      vertex 56.0784 25.3953 2
      vertex 56.1751 25.6802 2
    endloop
  endfacet
  facet normal 0 0 1
    outer loop
      vertex 56 24.8 2
      vertex 38.05 16.8 2
      vertex 50.05 9.08 2
    endloop
  endfacet
  facet normal 0 0 1
    outer loop
      vertex 56.3081 25.95 2
      vertex 38.05 16.8 2
      vertex 56.1751 25.6802 2
    endloop
  endfacet
  facet normal 0 0 1
    outer loop
      vertex 56.4753 26.2001 2
      vertex 38.05 16.8 2
      vertex 56.3081 25.95 2
    endloop
  endfacet
  facet normal 0 0 1
    outer loop
      vertex 56.6737 26.4263 2
      vertex 38.05 16.8 2
      vertex 56.4753 26.2001 2
    endloop
  endfacet
  facet normal 0 0 1
    outer loop
      vertex -0.808584 36.8962 2
      vertex 56.6737 26.4263 2
      vertex 56.8998 26.6247 2
    endloop
  endfacet
  facet normal 0 0 1
    outer loop
      vertex -1.02604 37.2216 2
      vertex 56.8998 26.6247 2
      vertex 57.15 26.7919 2
    endloop
  endfacet
  facet normal 0 0 1
    outer loop
      vertex 56.6737 26.4263 2
      vertex 32.05 16.8 2
      vertex 38.05 16.8 2
    endloop
  endfacet
  facet normal -0 -0 1
    outer loop
      vertex -1.56554 37.7627 2
      vertex 57.4198 26.9249 2
      vertex -1.5784 37.774 2
    endloop
  endfacet
  facet normal 0 0 1
    outer loop
      vertex -1.90385 37.9914 2
      vertex 78.8038 37.9914 2
      vertex 78.8192 37.999 2
    endloop
  endfacet
  facet normal 0 0 1
    outer loop
      vertex -1.90385 37.9914 2
      vertex 78.8192 37.999 2
      vertex 79.1549 38.1645 2
    endloop
  endfacet
  facet normal -0 0 1
    outer loop
      vertex -0.40881 35.3829 2
      vertex 32.05 16.8 2
      vertex -0.407691 35.4 2
    endloop
  endfacet
  facet normal 0 0 1
    outer loop
      vertex 56.8998 26.6247 2
      vertex -1.02604 37.2216 2
      vertex -1.01654 37.2074 2
    endloop
  endfacet
  facet normal -0 0 1
    outer loop
      vertex -8.6 40.8 2
      vertex 79.1549 38.1645 2
      vertex 85.7 40.8 2
    endloop
  endfacet
  facet normal 0 0 1
    outer loop
      vertex 32.05 16.8 2
      vertex -0.40881 35.4171 2
      vertex -0.407691 35.4 2
    endloop
  endfacet
  facet normal 0 0 1
    outer loop
      vertex 32.05 16.8 2
      vertex -0.433291 35.7906 2
      vertex -0.40881 35.4171 2
    endloop
  endfacet
  facet normal 0 0 1
    outer loop
      vertex 32.05 16.8 2
      vertex -0.506314 36.1577 2
      vertex -0.433291 35.7906 2
    endloop
  endfacet
  facet normal 0 0 1
    outer loop
      vertex 32.05 16.8 2
      vertex -0.509651 36.1745 2
      vertex -0.506314 36.1577 2
    endloop
  endfacet
  facet normal 0 0 1
    outer loop
      vertex 32.05 16.8 2
      vertex -0.51515 36.1907 2
      vertex -0.509651 36.1745 2
    endloop
  endfacet
  facet normal 0 0 1
    outer loop
      vertex 32.05 16.8 2
      vertex -0.635467 36.5451 2
      vertex -0.51515 36.1907 2
    endloop
  endfacet
  facet normal 0 0 1
    outer loop
      vertex 32.05 16.8 2
      vertex -0.643032 36.5604 2
      vertex -0.635467 36.5451 2
    endloop
  endfacet
  facet normal 0 0 1
    outer loop
      vertex 32.05 16.8 2
      vertex -0.808584 36.8962 2
      vertex -0.643032 36.5604 2
    endloop
  endfacet
  facet normal 0 0 1
    outer loop
      vertex 56.6737 26.4263 2
      vertex -0.808584 36.8962 2
      vertex 32.05 16.8 2
    endloop
  endfacet
  facet normal 0 0 1
    outer loop
      vertex 56.8998 26.6247 2
      vertex -1.01654 37.2074 2
      vertex -0.808584 36.8962 2
    endloop
  endfacet
  facet normal 0 0 1
    outer loop
      vertex 57.15 26.7919 2
      vertex -1.03732 37.2345 2
      vertex -1.02604 37.2216 2
    endloop
  endfacet
  facet normal 0 0 1
    outer loop
      vertex 57.15 26.7919 2
      vertex -1.28412 37.5159 2
      vertex -1.03732 37.2345 2
    endloop
  endfacet
  facet normal 0 0 1
    outer loop
      vertex 57.4198 26.9249 2
      vertex -1.28412 37.5159 2
      vertex 57.15 26.7919 2
    endloop
  endfacet
  facet normal -0 -0 1
    outer loop
      vertex -1.28412 37.5159 2
      vertex 57.4198 26.9249 2
      vertex -1.56554 37.7627 2
    endloop
  endfacet
  facet normal 0 0 1
    outer loop
      vertex 78.8038 37.9914 2
      vertex -1.88962 37.9819 2
      vertex -1.5784 37.774 2
    endloop
  endfacet
  facet normal 0 0 1
    outer loop
      vertex 78.8038 37.9914 2
      vertex -1.90385 37.9914 2
      vertex -1.88962 37.9819 2
    endloop
  endfacet
  facet normal 0 0 1
    outer loop
      vertex 79.1549 38.1645 2
      vertex -1.91919 37.999 2
      vertex -1.90385 37.9914 2
    endloop
  endfacet
  facet normal 0 0 1
    outer loop
      vertex 79.1549 38.1645 2
      vertex -2.25489 38.1645 2
      vertex -1.91919 37.999 2
    endloop
  endfacet
  facet normal 0 0 1
    outer loop
      vertex 79.1549 38.1645 2
      vertex -8.6 40.8 2
      vertex -2.25489 38.1645 2
    endloop
  endfacet
  facet normal 0 0 1
    outer loop
      vertex -2.25489 38.1645 2
      vertex -8.6 40.8 2
      vertex -2.27109 38.17 2
    endloop
  endfacet
  facet normal 0 0 1
    outer loop
      vertex -2.27109 38.17 2
      vertex -8.6 40.8 2
      vertex -2.62553 38.2903 2
    endloop
  endfacet
  facet normal 0 0 1
    outer loop
      vertex -2.62553 38.2903 2
      vertex -8.6 40.8 2
      vertex -2.64231 38.2937 2
    endloop
  endfacet
  facet normal 0 0 1
    outer loop
      vertex -2.64231 38.2937 2
      vertex -8.6 40.8 2
      vertex -3.00942 38.3667 2
    endloop
  endfacet
  facet normal 0 0 1
    outer loop
      vertex -3.00942 38.3667 2
      vertex -8.6 40.8 2
      vertex -3.38293 38.3912 2
    endloop
  endfacet
  facet normal 0 0 1
    outer loop
      vertex -8.6 40.8 2
      vertex -4.52891 38.17 2
      vertex -4.17447 38.2903 2
    endloop
  endfacet
  facet normal 0 0 1
    outer loop
      vertex -8.6 40.8 2
      vertex -6.29368 36.1577 2
      vertex -6.29035 36.1745 2
    endloop
  endfacet
  facet normal 0 0 1
    outer loop
      vertex -6.36671 -3.20943 2
      vertex -8.6 -9 2
      vertex -6.39119 -3.58293 2
    endloop
  endfacet
  facet normal 0 0 1
    outer loop
      vertex -6.39119 35.4171 2
      vertex -8.6 40.8 2
      vertex -6.39231 35.4 2
    endloop
  endfacet
  facet normal 0 0 1
    outer loop
      vertex -6.36671 35.7906 2
      vertex -8.6 40.8 2
      vertex -6.39119 35.4171 2
    endloop
  endfacet
  facet normal 0 0 1
    outer loop
      vertex -6.29368 36.1577 2
      vertex -8.6 40.8 2
      vertex -6.36671 35.7906 2
    endloop
  endfacet
  facet normal 0 0 1
    outer loop
      vertex -6.17003 36.5289 2
      vertex -8.6 40.8 2
      vertex -6.29035 36.1745 2
    endloop
  endfacet
  facet normal 0 0 1
    outer loop
      vertex -6.16453 36.5451 2
      vertex -8.6 40.8 2
      vertex -6.17003 36.5289 2
    endloop
  endfacet
  facet normal 0 0 1
    outer loop
      vertex -6.15697 36.5604 2
      vertex -8.6 40.8 2
      vertex -6.16453 36.5451 2
    endloop
  endfacet
  facet normal 0 0 1
    outer loop
      vertex -5.99142 36.8962 2
      vertex -8.6 40.8 2
      vertex -6.15697 36.5604 2
    endloop
  endfacet
  facet normal 0 0 1
    outer loop
      vertex -5.78346 37.2074 2
      vertex -8.6 40.8 2
      vertex -5.99142 36.8962 2
    endloop
  endfacet
  facet normal 0 0 1
    outer loop
      vertex -5.77396 37.2216 2
      vertex -8.6 40.8 2
      vertex -5.78346 37.2074 2
    endloop
  endfacet
  facet normal 0 0 1
    outer loop
      vertex -5.76268 37.2345 2
      vertex -8.6 40.8 2
      vertex -5.77396 37.2216 2
    endloop
  endfacet
  facet normal 0 0 1
    outer loop
      vertex -5.51588 37.5159 2
      vertex -8.6 40.8 2
      vertex -5.76268 37.2345 2
    endloop
  endfacet
  facet normal 0 0 1
    outer loop
      vertex -5.23446 37.7627 2
      vertex -8.6 40.8 2
      vertex -5.51588 37.5159 2
    endloop
  endfacet
  facet normal 0 0 1
    outer loop
      vertex -5.2216 37.774 2
      vertex -8.6 40.8 2
      vertex -5.23446 37.7627 2
    endloop
  endfacet
  facet normal 0 0 1
    outer loop
      vertex -4.91038 37.9819 2
      vertex -8.6 40.8 2
      vertex -5.2216 37.774 2
    endloop
  endfacet
  facet normal 0 0 1
    outer loop
      vertex -4.89615 37.9914 2
      vertex -8.6 40.8 2
      vertex -4.91038 37.9819 2
    endloop
  endfacet
  facet normal 0 0 1
    outer loop
      vertex -4.88081 37.999 2
      vertex -8.6 40.8 2
      vertex -4.89615 37.9914 2
    endloop
  endfacet
  facet normal 0 0 1
    outer loop
      vertex -4.54511 38.1645 2
      vertex -8.6 40.8 2
      vertex -4.88081 37.999 2
    endloop
  endfacet
  facet normal 0 0 1
    outer loop
      vertex -4.52891 38.17 2
      vertex -8.6 40.8 2
      vertex -4.54511 38.1645 2
    endloop
  endfacet
  facet normal 0 0 1
    outer loop
      vertex -4.15769 38.2937 2
      vertex -8.6 40.8 2
      vertex -4.17447 38.2903 2
    endloop
  endfacet
  facet normal 0 0 1
    outer loop
      vertex -3.79057 38.3667 2
      vertex -8.6 40.8 2
      vertex -4.15769 38.2937 2
    endloop
  endfacet
  facet normal 0 0 1
    outer loop
      vertex -3.41707 38.3912 2
      vertex -8.6 40.8 2
      vertex -3.79057 38.3667 2
    endloop
  endfacet
  facet normal 0 0 1
    outer loop
      vertex -3.4 38.3923 2
      vertex -8.6 40.8 2
      vertex -3.41707 38.3912 2
    endloop
  endfacet
  facet normal 0 0 1
    outer loop
      vertex -3.38293 38.3912 2
      vertex -8.6 40.8 2
      vertex -3.4 38.3923 2
    endloop
  endfacet
  facet normal 0 0 1
    outer loop
      vertex 83.2667 35.0094 2
      vertex 85.7 40.8 2
      vertex 83.2912 35.3829 2
    endloop
  endfacet
  facet normal -0 0 1
    outer loop
      vertex 83.2912 -3.61707 2
      vertex 85.7 -9 2
      vertex 83.2923 -3.6 2
    endloop
  endfacet
  facet normal -0 0 1
    outer loop
      vertex 83.2667 -3.99057 2
      vertex 85.7 -9 2
      vertex 83.2912 -3.61707 2
    endloop
  endfacet
  facet normal -0 0 1
    outer loop
      vertex 83.2634 -4.00735 2
      vertex 85.7 -9 2
      vertex 83.2667 -3.99057 2
    endloop
  endfacet
  facet normal -0 0 1
    outer loop
      vertex 83.1903 -4.37447 2
      vertex 85.7 -9 2
      vertex 83.2634 -4.00735 2
    endloop
  endfacet
  facet normal -0 0 1
    outer loop
      vertex 83.07 -4.72891 2
      vertex 85.7 -9 2
      vertex 83.1903 -4.37447 2
    endloop
  endfacet
  facet normal -0 0 1
    outer loop
      vertex 83.0645 -4.74511 2
      vertex 85.7 -9 2
      vertex 83.07 -4.72891 2
    endloop
  endfacet
  facet normal -0 0 1
    outer loop
      vertex 82.899 -5.08081 2
      vertex 85.7 -9 2
      vertex 83.0645 -4.74511 2
    endloop
  endfacet
  facet normal -0 0 1
    outer loop
      vertex 82.8914 -5.09615 2
      vertex 85.7 -9 2
      vertex 82.899 -5.08081 2
    endloop
  endfacet
  facet normal -0 0 1
    outer loop
      vertex 82.8819 -5.11038 2
      vertex 85.7 -9 2
      vertex 82.8914 -5.09615 2
    endloop
  endfacet
  facet normal -0 0 1
    outer loop
      vertex 82.674 -5.4216 2
      vertex 85.7 -9 2
      vertex 82.8819 -5.11038 2
    endloop
  endfacet
  facet normal -0 0 1
    outer loop
      vertex 82.6627 -5.43446 2
      vertex 85.7 -9 2
      vertex 82.674 -5.4216 2
    endloop
  endfacet
  facet normal -0 0 1
    outer loop
      vertex 82.4159 -5.71588 2
      vertex 85.7 -9 2
      vertex 82.6627 -5.43446 2
    endloop
  endfacet
  facet normal -0 0 1
    outer loop
      vertex 82.1345 -5.96268 2
      vertex 85.7 -9 2
      vertex 82.4159 -5.71588 2
    endloop
  endfacet
  facet normal -0 0 1
    outer loop
      vertex 82.1216 -5.97396 2
      vertex 85.7 -9 2
      vertex 82.1345 -5.96268 2
    endloop
  endfacet
  facet normal -0 0 1
    outer loop
      vertex 81.8104 -6.18191 2
      vertex 85.7 -9 2
      vertex 82.1216 -5.97396 2
    endloop
  endfacet
  facet normal -0 0 1
    outer loop
      vertex 81.7962 -6.19141 2
      vertex 85.7 -9 2
      vertex 81.8104 -6.18191 2
    endloop
  endfacet
  facet normal -0 0 1
    outer loop
      vertex 81.7808 -6.19898 2
      vertex 85.7 -9 2
      vertex 81.7962 -6.19141 2
    endloop
  endfacet
  facet normal -0 0 1
    outer loop
      vertex 81.4451 -6.36453 2
      vertex 85.7 -9 2
      vertex 81.7808 -6.19898 2
    endloop
  endfacet
  facet normal -0 0 1
    outer loop
      vertex 81.0907 -6.48485 2
      vertex 85.7 -9 2
      vertex 81.4451 -6.36453 2
    endloop
  endfacet
  facet normal -0 0 1
    outer loop
      vertex 81.0745 -6.49035 2
      vertex 85.7 -9 2
      vertex 81.0907 -6.48485 2
    endloop
  endfacet
  facet normal -0 0 1
    outer loop
      vertex 81.0577 -6.49368 2
      vertex 85.7 -9 2
      vertex 81.0745 -6.49035 2
    endloop
  endfacet
  facet normal -0 0 1
    outer loop
      vertex 80.6906 -6.56671 2
      vertex 85.7 -9 2
      vertex 81.0577 -6.49368 2
    endloop
  endfacet
  facet normal -0 0 1
    outer loop
      vertex 80.3171 -6.59119 2
      vertex 85.7 -9 2
      vertex 80.6906 -6.56671 2
    endloop
  endfacet
  facet normal -0 0 1
    outer loop
      vertex 80.3 -6.59231 2
      vertex 85.7 -9 2
      vertex 80.3171 -6.59119 2
    endloop
  endfacet
  facet normal 0 0 1
    outer loop
      vertex 80.2829 -6.59119 2
      vertex 85.7 -9 2
      vertex 80.3 -6.59231 2
    endloop
  endfacet
  facet normal 0 0 1
    outer loop
      vertex 79.9094 -6.56671 2
      vertex 85.7 -9 2
      vertex 80.2829 -6.59119 2
    endloop
  endfacet
  facet normal 0 0 1
    outer loop
      vertex 79.5423 -6.49368 2
      vertex 85.7 -9 2
      vertex 79.9094 -6.56671 2
    endloop
  endfacet
  facet normal 0 0 1
    outer loop
      vertex 79.5255 -6.49035 2
      vertex 85.7 -9 2
      vertex 79.5423 -6.49368 2
    endloop
  endfacet
  facet normal 0 0 1
    outer loop
      vertex 79.5093 -6.48485 2
      vertex 85.7 -9 2
      vertex 79.5255 -6.49035 2
    endloop
  endfacet
  facet normal 0 0 1
    outer loop
      vertex 79.1549 -6.36453 2
      vertex 85.7 -9 2
      vertex 79.5093 -6.48485 2
    endloop
  endfacet
  facet normal 0 0 1
    outer loop
      vertex 77.543 -2.43955 2
      vertex 67.6 14.75 2
      vertex 77.5355 -2.45489 2
    endloop
  endfacet
  facet normal 0 0 1
    outer loop
      vertex 67.3651 14.7654 2
      vertex 77.5355 -2.45489 2
      vertex 67.6 14.75 2
    endloop
  endfacet
  facet normal -0 0 1
    outer loop
      vertex 71.0803 24.4998 2
      vertex 74.55 18.6 2
      vertex 71.1 24.8 2
    endloop
  endfacet
  facet normal -0 0 1
    outer loop
      vertex 71.0216 24.2047 2
      vertex 74.55 18.6 2
      vertex 71.0803 24.4998 2
    endloop
  endfacet
  facet normal -0 0 1
    outer loop
      vertex 70.9249 23.9198 2
      vertex 74.55 18.6 2
      vertex 71.0216 24.2047 2
    endloop
  endfacet
  facet normal -0 0 1
    outer loop
      vertex 70.7919 23.65 2
      vertex 74.55 18.6 2
      vertex 70.9249 23.9198 2
    endloop
  endfacet
  facet normal 0 0 1
    outer loop
      vertex 69.3846 16.3151 2
      vertex 74.55 18.6 2
      vertex 69.4 16.55 2
    endloop
  endfacet
  facet normal 0 0 1
    outer loop
      vertex 69.3387 16.0841 2
      vertex 74.55 18.6 2
      vertex 69.3846 16.3151 2
    endloop
  endfacet
  facet normal -0 0 1
    outer loop
      vertex 70.6247 23.3998 2
      vertex 74.55 18.6 2
      vertex 70.7919 23.65 2
    endloop
  endfacet
  facet normal -0 0 1
    outer loop
      vertex 70.4263 23.1737 2
      vertex 74.55 18.6 2
      vertex 70.6247 23.3998 2
    endloop
  endfacet
  facet normal -0 0 1
    outer loop
      vertex 70.2001 22.9753 2
      vertex 74.55 18.6 2
      vertex 70.4263 23.1737 2
    endloop
  endfacet
  facet normal -0 0 1
    outer loop
      vertex 69.95 22.8081 2
      vertex 74.55 18.6 2
      vertex 70.2001 22.9753 2
    endloop
  endfacet
  facet normal -0 0 1
    outer loop
      vertex 69.6802 22.6751 2
      vertex 74.55 18.6 2
      vertex 69.95 22.8081 2
    endloop
  endfacet
  facet normal 0 0 1
    outer loop
      vertex 74.55 18.6 2
      vertex 69.6802 22.6751 2
      vertex 69.4 16.55 2
    endloop
  endfacet
  facet normal 0 0 1
    outer loop
      vertex 69.263 15.8612 2
      vertex 74.55 18.6 2
      vertex 69.3387 16.0841 2
    endloop
  endfacet
  facet normal 0 0 1
    outer loop
      vertex 69.1588 15.65 2
      vertex 74.55 18.6 2
      vertex 69.263 15.8612 2
    endloop
  endfacet
  facet normal 0 0 1
    outer loop
      vertex 69.028 15.4542 2
      vertex 74.55 18.6 2
      vertex 69.1588 15.65 2
    endloop
  endfacet
  facet normal 0 0 1
    outer loop
      vertex 68.8728 15.2772 2
      vertex 74.55 18.6 2
      vertex 69.028 15.4542 2
    endloop
  endfacet
  facet normal 0 0 1
    outer loop
      vertex 77.5355 -2.45489 2
      vertex 67.3651 14.7654 2
      vertex 77.53 -2.47109 2
    endloop
  endfacet
  facet normal 0 0 1
    outer loop
      vertex 77.53 -2.47109 2
      vertex 67.3651 14.7654 2
      vertex 77.4097 -2.82553 2
    endloop
  endfacet
  facet normal 0 0 1
    outer loop
      vertex 67.1341 14.8113 2
      vertex 77.4097 -2.82553 2
      vertex 67.3651 14.7654 2
    endloop
  endfacet
  facet normal -0 0 1
    outer loop
      vertex 50.05 1.08 2
      vertex 77.4097 -2.82553 2
      vertex 67.1341 14.8113 2
    endloop
  endfacet
  facet normal 0 0 1
    outer loop
      vertex 77.4097 -2.82553 2
      vertex 50.05 1.08 2
      vertex 77.4063 -2.84231 2
    endloop
  endfacet
  facet normal 0 0 1
    outer loop
      vertex 77.4063 -2.84231 2
      vertex 50.05 1.08 2
      vertex 77.3333 -3.20943 2
    endloop
  endfacet
  facet normal 0 0 1
    outer loop
      vertex 77.3333 -3.20943 2
      vertex 50.05 1.08 2
      vertex 77.3088 -3.58293 2
    endloop
  endfacet
  facet normal 0 0 1
    outer loop
      vertex 77.3088 -3.58293 2
      vertex 50.05 1.08 2
      vertex 77.3077 -3.6 2
    endloop
  endfacet
  facet normal 0 0 1
    outer loop
      vertex 77.3077 -3.6 2
      vertex 50.05 1.08 2
      vertex 77.3088 -3.61707 2
    endloop
  endfacet
  facet normal 0 0 1
    outer loop
      vertex 77.3088 -3.61707 2
      vertex 50.05 1.08 2
      vertex 77.3333 -3.99057 2
    endloop
  endfacet
  facet normal 0 0 1
    outer loop
      vertex 77.3333 -3.99057 2
      vertex 50.05 1.08 2
      vertex 77.4063 -4.35769 2
    endloop
  endfacet
  facet normal 0 0 1
    outer loop
      vertex 77.4063 -4.35769 2
      vertex 50.05 1.08 2
      vertex 77.4097 -4.37447 2
    endloop
  endfacet
  facet normal 0 0 1
    outer loop
      vertex 77.4097 -4.37447 2
      vertex 50.05 1.08 2
      vertex 77.53 -4.72891 2
    endloop
  endfacet
  facet normal 0 0 1
    outer loop
      vertex 77.53 -4.72891 2
      vertex 50.05 1.08 2
      vertex 77.5355 -4.74511 2
    endloop
  endfacet
  facet normal 0 0 1
    outer loop
      vertex 77.5355 -4.74511 2
      vertex 50.05 1.08 2
      vertex 77.543 -4.76045 2
    endloop
  endfacet
  facet normal 0 0 1
    outer loop
      vertex 50.05 1.08 2
      vertex 67.1341 14.8113 2
      vertex 66.9112 14.887 2
    endloop
  endfacet
  facet normal 0 0 1
    outer loop
      vertex 50.05 1.08 2
      vertex 66.9112 14.887 2
      vertex 66.7 14.9912 2
    endloop
  endfacet
  facet normal 0 0 1
    outer loop
      vertex 50.05 9.08 2
      vertex 66.7 14.9912 2
      vertex 66.5042 15.122 2
    endloop
  endfacet
  facet normal 0 0 1
    outer loop
      vertex 50.05 9.08 2
      vertex 66.5042 15.122 2
      vertex 66.3272 15.2772 2
    endloop
  endfacet
  facet normal 0 0 1
    outer loop
      vertex 50.05 9.08 2
      vertex 66.3272 15.2772 2
      vertex 66.172 15.4542 2
    endloop
  endfacet
  facet normal 0 0 1
    outer loop
      vertex 50.05 9.08 2
      vertex 66.172 15.4542 2
      vertex 66.0412 15.65 2
    endloop
  endfacet
  facet normal 0 0 1
    outer loop
      vertex 66.5784 24.2047 2
      vertex 60.5216 24.2047 2
      vertex 60.4249 23.9198 2
    endloop
  endfacet
  facet normal 0 0 1
    outer loop
      vertex 66.6751 23.9198 2
      vertex 60.4249 23.9198 2
      vertex 60.2919 23.65 2
    endloop
  endfacet
  facet normal -0 0 1
    outer loop
      vertex 59.7001 22.9753 2
      vertex 66.0412 17.45 2
      vertex 59.9263 23.1737 2
    endloop
  endfacet
  facet normal 0 0 1
    outer loop
      vertex 66.0412 17.45 2
      vertex 59.7001 22.9753 2
      vertex 65.937 17.2388 2
    endloop
  endfacet
  facet normal -0 0 1
    outer loop
      vertex 59.45 22.8081 2
      vertex 65.937 17.2388 2
      vertex 59.7001 22.9753 2
    endloop
  endfacet
  facet normal 0 0 1
    outer loop
      vertex 65.937 17.2388 2
      vertex 59.45 22.8081 2
      vertex 65.8613 17.0159 2
    endloop
  endfacet
  facet normal -0 0 1
    outer loop
      vertex 59.1802 22.6751 2
      vertex 65.8613 17.0159 2
      vertex 59.45 22.8081 2
    endloop
  endfacet
  facet normal 0 0 1
    outer loop
      vertex 65.8613 17.0159 2
      vertex 59.1802 22.6751 2
      vertex 65.8154 16.7849 2
    endloop
  endfacet
  facet normal -0 0 1
    outer loop
      vertex 58.8953 22.5784 2
      vertex 65.8154 16.7849 2
      vertex 59.1802 22.6751 2
    endloop
  endfacet
  facet normal 0 0 1
    outer loop
      vertex 65.8154 16.7849 2
      vertex 58.8953 22.5784 2
      vertex 65.8 16.55 2
    endloop
  endfacet
  facet normal -0 0 1
    outer loop
      vertex 58.6002 22.5197 2
      vertex 65.8 16.55 2
      vertex 58.8953 22.5784 2
    endloop
  endfacet
  facet normal 0 0 1
    outer loop
      vertex 65.8 16.55 2
      vertex 58.6002 22.5197 2
      vertex 65.8154 16.3151 2
    endloop
  endfacet
  facet normal -0 0 1
    outer loop
      vertex 58.3 22.5 2
      vertex 65.8154 16.3151 2
      vertex 58.6002 22.5197 2
    endloop
  endfacet
  facet normal 0 0 1
    outer loop
      vertex 65.8154 16.3151 2
      vertex 58.3 22.5 2
      vertex 65.8613 16.0841 2
    endloop
  endfacet
  facet normal 0 0 1
    outer loop
      vertex 57.9998 22.5197 2
      vertex 65.8613 16.0841 2
      vertex 58.3 22.5 2
    endloop
  endfacet
  facet normal 0 0 1
    outer loop
      vertex 66.7 14.9912 2
      vertex 50.05 9.08 2
      vertex 50.05 1.08 2
    endloop
  endfacet
  facet normal 0 0 1
    outer loop
      vertex 77.543 -4.76045 2
      vertex 50.05 1.08 2
      vertex 77.7086 -5.09615 2
    endloop
  endfacet
  facet normal 0 0 1
    outer loop
      vertex 50.05 9.08 2
      vertex 65.8613 16.0841 2
      vertex 57.9998 22.5197 2
    endloop
  endfacet
  facet normal 0 0 1
    outer loop
      vertex 65.8613 16.0841 2
      vertex 50.05 9.08 2
      vertex 65.937 15.8612 2
    endloop
  endfacet
  facet normal 0 0 1
    outer loop
      vertex 65.937 15.8612 2
      vertex 50.05 9.08 2
      vertex 66.0412 15.65 2
    endloop
  endfacet
  facet normal 0 0 1
    outer loop
      vertex 50.05 9.08 2
      vertex 57.9998 22.5197 2
      vertex 57.7047 22.5784 2
    endloop
  endfacet
  facet normal 0 0 1
    outer loop
      vertex 50.05 9.08 2
      vertex 57.7047 22.5784 2
      vertex 57.4198 22.6751 2
    endloop
  endfacet
  facet normal 0 0 1
    outer loop
      vertex 50.05 9.08 2
      vertex 57.4198 22.6751 2
      vertex 57.15 22.8081 2
    endloop
  endfacet
  facet normal 0 0 1
    outer loop
      vertex 50.05 9.08 2
      vertex 57.15 22.8081 2
      vertex 56.8998 22.9753 2
    endloop
  endfacet
  facet normal 0 0 1
    outer loop
      vertex 50.05 9.08 2
      vertex 56.8998 22.9753 2
      vertex 56.6737 23.1737 2
    endloop
  endfacet
  facet normal 0 0 1
    outer loop
      vertex 50.05 9.08 2
      vertex 56.6737 23.1737 2
      vertex 56.4753 23.3998 2
    endloop
  endfacet
  facet normal 0 0 1
    outer loop
      vertex 50.05 9.08 2
      vertex 56.0197 24.4998 2
      vertex 56 24.8 2
    endloop
  endfacet
  facet normal 0 0 1
    outer loop
      vertex 50.05 9.08 2
      vertex 56.0784 24.2047 2
      vertex 56.0197 24.4998 2
    endloop
  endfacet
  facet normal 0 0 1
    outer loop
      vertex 50.05 9.08 2
      vertex 56.1751 23.9198 2
      vertex 56.0784 24.2047 2
    endloop
  endfacet
  facet normal 0 0 1
    outer loop
      vertex 50.05 9.08 2
      vertex 56.3081 23.65 2
      vertex 56.1751 23.9198 2
    endloop
  endfacet
  facet normal 0 0 1
    outer loop
      vertex 50.05 9.08 2
      vertex 56.4753 23.3998 2
      vertex 56.3081 23.65 2
    endloop
  endfacet
  facet normal 0 0 1
    outer loop
      vertex 77.7086 -5.09615 2
      vertex 50.05 1.08 2
      vertex 77.9165 -5.40738 2
    endloop
  endfacet
  facet normal 0 0 1
    outer loop
      vertex 77.9165 -5.40738 2
      vertex 50.05 1.08 2
      vertex 77.926 -5.4216 2
    endloop
  endfacet
  facet normal 0 0 1
    outer loop
      vertex 77.926 -5.4216 2
      vertex 50.05 1.08 2
      vertex 77.9373 -5.43446 2
    endloop
  endfacet
  facet normal 0 0 1
    outer loop
      vertex 77.9373 -5.43446 2
      vertex 50.05 1.08 2
      vertex 78.1841 -5.71588 2
    endloop
  endfacet
  facet normal 0 0 1
    outer loop
      vertex 78.1841 -5.71588 2
      vertex 50.05 1.08 2
      vertex 78.4655 -5.96268 2
    endloop
  endfacet
  facet normal 0 0 1
    outer loop
      vertex 78.4655 -5.96268 2
      vertex 50.05 1.08 2
      vertex 78.4784 -5.97396 2
    endloop
  endfacet
  facet normal 0 0 1
    outer loop
      vertex 78.4784 -5.97396 2
      vertex 50.05 1.08 2
      vertex 78.7896 -6.18191 2
    endloop
  endfacet
  facet normal 0 0 1
    outer loop
      vertex 78.7896 -6.18191 2
      vertex 50.05 1.08 2
      vertex 78.8038 -6.19141 2
    endloop
  endfacet
  facet normal 0 0 1
    outer loop
      vertex 50.05 1.08 2
      vertex 78.8192 -6.19898 2
      vertex 78.8038 -6.19141 2
    endloop
  endfacet
  facet normal 0 0 1
    outer loop
      vertex 50.05 1.08 2
      vertex 79.1549 -6.36453 2
      vertex 78.8192 -6.19898 2
    endloop
  endfacet
  facet normal -0 0 1
    outer loop
      vertex 35.55 1.08 2
      vertex 79.1549 -6.36453 2
      vertex 50.05 1.08 2
    endloop
  endfacet
  facet normal 0 0 1
    outer loop
      vertex -2.25489 -6.36453 2
      vertex 79.1549 -6.36453 2
      vertex 35.55 1.08 2
    endloop
  endfacet
  facet normal 0 0 1
    outer loop
      vertex 32.05 16.8 2
      vertex -0.407691 -3.6 2
      vertex 32.05 7.8 2
    endloop
  endfacet
  facet normal 0 0 1
    outer loop
      vertex 32.05 7.8 2
      vertex -0.407691 -3.6 2
      vertex 35.55 1.08 2
    endloop
  endfacet
  facet normal 0 0 1
    outer loop
      vertex -0.40881 -3.61707 2
      vertex 35.55 1.08 2
      vertex -0.407691 -3.6 2
    endloop
  endfacet
  facet normal 0 0 1
    outer loop
      vertex -0.433291 -3.99057 2
      vertex 35.55 1.08 2
      vertex -0.40881 -3.61707 2
    endloop
  endfacet
  facet normal 0 0 1
    outer loop
      vertex -0.506314 -4.35769 2
      vertex 35.55 1.08 2
      vertex -0.433291 -3.99057 2
    endloop
  endfacet
  facet normal 0 0 1
    outer loop
      vertex -0.509651 -4.37447 2
      vertex 35.55 1.08 2
      vertex -0.506314 -4.35769 2
    endloop
  endfacet
  facet normal 0 0 1
    outer loop
      vertex -0.51515 -4.39066 2
      vertex 35.55 1.08 2
      vertex -0.509651 -4.37447 2
    endloop
  endfacet
  facet normal 0 0 1
    outer loop
      vertex -0.635467 -4.74511 2
      vertex 35.55 1.08 2
      vertex -0.51515 -4.39066 2
    endloop
  endfacet
  facet normal 0 0 1
    outer loop
      vertex -0.801019 -5.08081 2
      vertex 35.55 1.08 2
      vertex -0.635467 -4.74511 2
    endloop
  endfacet
  facet normal 0 0 1
    outer loop
      vertex -0.808584 -5.09615 2
      vertex 35.55 1.08 2
      vertex -0.801019 -5.08081 2
    endloop
  endfacet
  facet normal 0 0 1
    outer loop
      vertex -0.818088 -5.11038 2
      vertex 35.55 1.08 2
      vertex -0.808584 -5.09615 2
    endloop
  endfacet
  facet normal 0 0 1
    outer loop
      vertex -1.02604 -5.4216 2
      vertex 35.55 1.08 2
      vertex -0.818088 -5.11038 2
    endloop
  endfacet
  facet normal 0 0 1
    outer loop
      vertex -1.03732 -5.43446 2
      vertex 35.55 1.08 2
      vertex -1.02604 -5.4216 2
    endloop
  endfacet
  facet normal 0 0 1
    outer loop
      vertex -1.28412 -5.71588 2
      vertex 35.55 1.08 2
      vertex -1.03732 -5.43446 2
    endloop
  endfacet
  facet normal 0 0 1
    outer loop
      vertex -1.56554 -5.96268 2
      vertex 35.55 1.08 2
      vertex -1.28412 -5.71588 2
    endloop
  endfacet
  facet normal 0 0 1
    outer loop
      vertex -1.5784 -5.97396 2
      vertex 35.55 1.08 2
      vertex -1.56554 -5.96268 2
    endloop
  endfacet
  facet normal 0 0 1
    outer loop
      vertex -1.88962 -6.18191 2
      vertex 35.55 1.08 2
      vertex -1.5784 -5.97396 2
    endloop
  endfacet
  facet normal 0 0 1
    outer loop
      vertex -1.90385 -6.19141 2
      vertex 35.55 1.08 2
      vertex -1.88962 -6.18191 2
    endloop
  endfacet
  facet normal 0 0 1
    outer loop
      vertex -1.91919 -6.19898 2
      vertex 35.55 1.08 2
      vertex -1.90385 -6.19141 2
    endloop
  endfacet
  facet normal 0 0 1
    outer loop
      vertex -2.25489 -6.36453 2
      vertex 35.55 1.08 2
      vertex -1.91919 -6.19898 2
    endloop
  endfacet
  facet normal 0 0 1
    outer loop
      vertex -8.6 -9 2
      vertex 79.1549 -6.36453 2
      vertex -2.25489 -6.36453 2
    endloop
  endfacet
  facet normal 0 0 1
    outer loop
      vertex -8.6 -9 2
      vertex -2.25489 -6.36453 2
      vertex -2.60934 -6.48485 2
    endloop
  endfacet
  facet normal 0 0 1
    outer loop
      vertex -8.6 -9 2
      vertex -2.60934 -6.48485 2
      vertex -2.62553 -6.49035 2
    endloop
  endfacet
  facet normal 0 0 1
    outer loop
      vertex -8.6 -9 2
      vertex -2.62553 -6.49035 2
      vertex -2.64231 -6.49368 2
    endloop
  endfacet
  facet normal 0 0 1
    outer loop
      vertex -8.6 -9 2
      vertex -2.64231 -6.49368 2
      vertex -3.00942 -6.56671 2
    endloop
  endfacet
  facet normal 0 0 1
    outer loop
      vertex -8.6 -9 2
      vertex -3.00942 -6.56671 2
      vertex -3.38293 -6.59119 2
    endloop
  endfacet
  facet normal 0 0 1
    outer loop
      vertex -8.6 -9 2
      vertex -3.38293 -6.59119 2
      vertex -3.4 -6.59231 2
    endloop
  endfacet
  facet normal 0 0 1
    outer loop
      vertex -8.6 -9 2
      vertex -4.15769 -6.49368 2
      vertex -4.17447 -6.49035 2
    endloop
  endfacet
  facet normal 0 0 1
    outer loop
      vertex -8.6 -9 2
      vertex -4.19066 -6.48485 2
      vertex -4.54511 -6.36453 2
    endloop
  endfacet
  facet normal 0 0 1
    outer loop
      vertex -8.6 -9 2
      vertex -4.91038 -6.18191 2
      vertex -5.2216 -5.97396 2
    endloop
  endfacet
  facet normal 0 0 1
    outer loop
      vertex -8.6 -9 2
      vertex -5.98191 -5.11038 2
      vertex -5.99142 -5.09615 2
    endloop
  endfacet
  facet normal 0 0 1
    outer loop
      vertex -8.6 -9 2
      vertex -6.29368 -4.35769 2
      vertex -6.36671 -3.99057 2
    endloop
  endfacet
  facet normal 0 0 1
    outer loop
      vertex 79.1549 -6.36453 2
      vertex -8.6 -9 2
      vertex 85.7 -9 2
    endloop
  endfacet
  facet normal 0 0 1
    outer loop
      vertex -3.41707 -6.59119 2
      vertex -8.6 -9 2
      vertex -3.4 -6.59231 2
    endloop
  endfacet
  facet normal 0 0 1
    outer loop
      vertex -3.79057 -6.56671 2
      vertex -8.6 -9 2
      vertex -3.41707 -6.59119 2
    endloop
  endfacet
  facet normal 0 0 1
    outer loop
      vertex -4.15769 -6.49368 2
      vertex -8.6 -9 2
      vertex -3.79057 -6.56671 2
    endloop
  endfacet
  facet normal 0 0 1
    outer loop
      vertex -4.19066 -6.48485 2
      vertex -8.6 -9 2
      vertex -4.17447 -6.49035 2
    endloop
  endfacet
  facet normal 0 0 1
    outer loop
      vertex -4.88081 -6.19898 2
      vertex -8.6 -9 2
      vertex -4.54511 -6.36453 2
    endloop
  endfacet
  facet normal 0 0 1
    outer loop
      vertex -4.89615 -6.19141 2
      vertex -8.6 -9 2
      vertex -4.88081 -6.19898 2
    endloop
  endfacet
  facet normal 0 0 1
    outer loop
      vertex -4.91038 -6.18191 2
      vertex -8.6 -9 2
      vertex -4.89615 -6.19141 2
    endloop
  endfacet
  facet normal 0 0 1
    outer loop
      vertex -5.23446 -5.96268 2
      vertex -8.6 -9 2
      vertex -5.2216 -5.97396 2
    endloop
  endfacet
  facet normal 0 0 1
    outer loop
      vertex -5.51588 -5.71588 2
      vertex -8.6 -9 2
      vertex -5.23446 -5.96268 2
    endloop
  endfacet
  facet normal 0 0 1
    outer loop
      vertex -5.76268 -5.43446 2
      vertex -8.6 -9 2
      vertex -5.51588 -5.71588 2
    endloop
  endfacet
  facet normal 0 0 1
    outer loop
      vertex -5.77396 -5.4216 2
      vertex -8.6 -9 2
      vertex -5.76268 -5.43446 2
    endloop
  endfacet
  facet normal 0 0 1
    outer loop
      vertex -5.98191 -5.11038 2
      vertex -8.6 -9 2
      vertex -5.77396 -5.4216 2
    endloop
  endfacet
  facet normal 0 0 1
    outer loop
      vertex -5.99898 -5.08081 2
      vertex -8.6 -9 2
      vertex -5.99142 -5.09615 2
    endloop
  endfacet
  facet normal 0 0 1
    outer loop
      vertex -6.16453 -4.74511 2
      vertex -8.6 -9 2
      vertex -5.99898 -5.08081 2
    endloop
  endfacet
  facet normal 0 0 1
    outer loop
      vertex -6.17003 -4.72891 2
      vertex -8.6 -9 2
      vertex -6.16453 -4.74511 2
    endloop
  endfacet
  facet normal 0 0 1
    outer loop
      vertex -6.29035 -4.37447 2
      vertex -8.6 -9 2
      vertex -6.17003 -4.72891 2
    endloop
  endfacet
  facet normal 0 0 1
    outer loop
      vertex -6.29368 -4.35769 2
      vertex -8.6 -9 2
      vertex -6.29035 -4.37447 2
    endloop
  endfacet
  facet normal 0 0 1
    outer loop
      vertex -6.39119 -3.61707 2
      vertex -8.6 -9 2
      vertex -6.36671 -3.99057 2
    endloop
  endfacet
  facet normal 0 0 1
    outer loop
      vertex -6.39231 -3.6 2
      vertex -8.6 -9 2
      vertex -6.39119 -3.61707 2
    endloop
  endfacet
  facet normal 0 0 1
    outer loop
      vertex -6.39119 -3.58293 2
      vertex -8.6 -9 2
      vertex -6.39231 -3.6 2
    endloop
  endfacet
  facet normal 0 0 1
    outer loop
      vertex 81.0577 -0.706315 2
      vertex 80.55 18.6 2
      vertex 80.6906 -0.633291 2
    endloop
  endfacet
  facet normal 0 0 1
    outer loop
      vertex 80.55 18.6 2
      vertex 80.3171 -0.60881 2
      vertex 80.6906 -0.633291 2
    endloop
  endfacet
  facet normal 0 0 1
    outer loop
      vertex 80.55 18.6 2
      vertex 80.3 -0.607692 2
      vertex 80.3171 -0.60881 2
    endloop
  endfacet
  facet normal 0 0 1
    outer loop
      vertex 80.55 18.6 2
      vertex 80.2829 -0.60881 2
      vertex 80.3 -0.607692 2
    endloop
  endfacet
  facet normal 0 0 1
    outer loop
      vertex 80.55 18.6 2
      vertex 79.9094 -0.633291 2
      vertex 80.2829 -0.60881 2
    endloop
  endfacet
  facet normal 0 0 1
    outer loop
      vertex 80.55 18.6 2
      vertex 79.5423 -0.706315 2
      vertex 79.9094 -0.633291 2
    endloop
  endfacet
  facet normal 0 0 1
    outer loop
      vertex 80.55 18.6 2
      vertex 79.5255 -0.709652 2
      vertex 79.5423 -0.706315 2
    endloop
  endfacet
  facet normal -0 0 1
    outer loop
      vertex 74.55 18.6 2
      vertex 79.5255 -0.709652 2
      vertex 80.55 18.6 2
    endloop
  endfacet
  facet normal -0 0 1
    outer loop
      vertex 68.8728 15.2772 2
      vertex 79.5255 -0.709652 2
      vertex 74.55 18.6 2
    endloop
  endfacet
  facet normal 0 0 1
    outer loop
      vertex 79.5255 -0.709652 2
      vertex 68.8728 15.2772 2
      vertex 79.1711 -0.829969 2
    endloop
  endfacet
  facet normal 0 0 1
    outer loop
      vertex 79.1711 -0.829969 2
      vertex 68.8728 15.2772 2
      vertex 79.1549 -0.835468 2
    endloop
  endfacet
  facet normal -0 0 1
    outer loop
      vertex 68.6958 15.122 2
      vertex 79.1549 -0.835468 2
      vertex 68.8728 15.2772 2
    endloop
  endfacet
  facet normal 0 0 1
    outer loop
      vertex 79.1549 -0.835468 2
      vertex 68.6958 15.122 2
      vertex 78.8192 -1.00102 2
    endloop
  endfacet
  facet normal 0 0 1
    outer loop
      vertex 78.8192 -1.00102 2
      vertex 68.6958 15.122 2
      vertex 78.8038 -1.00858 2
    endloop
  endfacet
  facet normal -0 0 1
    outer loop
      vertex 68.5 14.9912 2
      vertex 78.8038 -1.00858 2
      vertex 68.6958 15.122 2
    endloop
  endfacet
  facet normal 0 0 1
    outer loop
      vertex 78.8038 -1.00858 2
      vertex 68.5 14.9912 2
      vertex 78.7896 -1.01809 2
    endloop
  endfacet
  facet normal 0 0 1
    outer loop
      vertex 78.7896 -1.01809 2
      vertex 68.5 14.9912 2
      vertex 78.4784 -1.22604 2
    endloop
  endfacet
  facet normal -0 0 1
    outer loop
      vertex 68.2888 14.887 2
      vertex 78.4784 -1.22604 2
      vertex 68.5 14.9912 2
    endloop
  endfacet
  facet normal 0 0 1
    outer loop
      vertex 78.4784 -1.22604 2
      vertex 68.2888 14.887 2
      vertex 78.4655 -1.23732 2
    endloop
  endfacet
  facet normal 0 0 1
    outer loop
      vertex 78.4655 -1.23732 2
      vertex 68.2888 14.887 2
      vertex 78.1841 -1.48412 2
    endloop
  endfacet
  facet normal -0 0 1
    outer loop
      vertex 68.0659 14.8113 2
      vertex 78.1841 -1.48412 2
      vertex 68.2888 14.887 2
    endloop
  endfacet
  facet normal 0 0 1
    outer loop
      vertex 78.1841 -1.48412 2
      vertex 68.0659 14.8113 2
      vertex 77.9373 -1.76554 2
    endloop
  endfacet
  facet normal 0 0 1
    outer loop
      vertex 77.9373 -1.76554 2
      vertex 68.0659 14.8113 2
      vertex 77.926 -1.7784 2
    endloop
  endfacet
  facet normal -0 0 1
    outer loop
      vertex 67.8349 14.7654 2
      vertex 77.926 -1.7784 2
      vertex 68.0659 14.8113 2
    endloop
  endfacet
  facet normal 0 0 1
    outer loop
      vertex 77.926 -1.7784 2
      vertex 67.8349 14.7654 2
      vertex 77.9165 -1.79262 2
    endloop
  endfacet
  facet normal 0 0 1
    outer loop
      vertex 77.7086 -2.10385 2
      vertex 67.6 14.75 2
      vertex 77.543 -2.43955 2
    endloop
  endfacet
  facet normal -0 0 1
    outer loop
      vertex 67.6 14.75 2
      vertex 77.7086 -2.10385 2
      vertex 67.8349 14.7654 2
    endloop
  endfacet
  facet normal 0 0 1
    outer loop
      vertex 77.9165 -1.79262 2
      vertex 67.8349 14.7654 2
      vertex 77.7086 -2.10385 2
    endloop
  endfacet
  facet normal 1 -0 0
    outer loop
      vertex 85.7 -9 2
      vertex 85.7 40.8 0
      vertex 85.7 40.8 2
    endloop
  endfacet
  facet normal 1 0 0
    outer loop
      vertex 85.7 40.8 0
      vertex 85.7 -9 2
      vertex 85.7 -9 0
    endloop
  endfacet
  facet normal 0 -1 0
    outer loop
      vertex -8.6 -9 0
      vertex 85.7 -9 2
      vertex -8.6 -9 2
    endloop
  endfacet
  facet normal 0 -1 -0
    outer loop
      vertex 85.7 -9 2
      vertex -8.6 -9 0
      vertex 85.7 -9 0
    endloop
  endfacet
  facet normal 0 1 -0
    outer loop
      vertex 85.7 40.8 0
      vertex -8.6 40.8 2
      vertex 85.7 40.8 2
    endloop
  endfacet
  facet normal 0 1 0
    outer loop
      vertex -8.6 40.8 2
      vertex 85.7 40.8 0
      vertex -8.6 40.8 0
    endloop
  endfacet
  facet normal -0.997859 -0.0654023 0
    outer loop
      vertex 0.0999994 -3.6 0
      vertex 0.0700569 -3.14316 1.4
      vertex 0.0700569 -3.14316 0
    endloop
  endfacet
  facet normal -0.997859 -0.0654023 0
    outer loop
      vertex 0.0700569 -3.14316 1.4
      vertex 0.0999994 -3.6 0
      vertex 0.0999994 -3.6 1.4
    endloop
  endfacet
  facet normal 0.997859 -0.0653969 0
    outer loop
      vertex -6.9 -3.6 1.4
      vertex -6.87006 -3.14316 0
      vertex -6.87006 -3.14316 1.4
    endloop
  endfacet
  facet normal 0.997859 -0.0653969 0
    outer loop
      vertex -6.87006 -3.14316 0
      vertex -6.9 -3.6 1.4
      vertex -6.9 -3.6 0
    endloop
  endfacet
  facet normal -0.0654047 -0.997859 0
    outer loop
      vertex -3.4 -0.0999994 0
      vertex -2.94316 -0.129943 1.4
      vertex -3.4 -0.0999994 1.4
    endloop
  endfacet
  facet normal -0.0654047 -0.997859 -0
    outer loop
      vertex -2.94316 -0.129943 1.4
      vertex -3.4 -0.0999994 0
      vertex -2.94316 -0.129943 0
    endloop
  endfacet
  facet normal -0.0653969 0.997859 0
    outer loop
      vertex -2.94316 -7.07006 0
      vertex -3.4 -7.1 1.4
      vertex -2.94316 -7.07006 1.4
    endloop
  endfacet
  facet normal -0.0653969 0.997859 0
    outer loop
      vertex -3.4 -7.1 1.4
      vertex -2.94316 -7.07006 0
      vertex -3.4 -7.1 0
    endloop
  endfacet
  facet normal -0.75183 -0.659357 0
    outer loop
      vertex -0.623262 -1.46933 0
      vertex -0.925126 -1.12513 1.4
      vertex -0.925126 -1.12513 0
    endloop
  endfacet
  facet normal -0.75183 -0.659357 0
    outer loop
      vertex -0.925126 -1.12513 1.4
      vertex -0.623262 -1.46933 0
      vertex -0.623262 -1.46933 1.4
    endloop
  endfacet
  facet normal 0.659349 -0.751837 0
    outer loop
      vertex -5.87487 -1.12513 -1.5
      vertex -5.53066 -0.823263 1.4
      vertex -5.87487 -1.12513 1.4
    endloop
  endfacet
  facet normal 0.659349 -0.751837 0
    outer loop
      vertex -5.53066 -0.823263 1.4
      vertex -5.87487 -1.12513 -1.5
      vertex -5.53066 -0.823263 -1.5
    endloop
  endfacet
  facet normal 0.321443 -0.946929 0
    outer loop
      vertex -4.73939 -0.366421 0
      vertex -4.30587 -0.219259 1.4
      vertex -4.73939 -0.366421 1.4
    endloop
  endfacet
  facet normal 0.321443 -0.946929 0
    outer loop
      vertex -4.30587 -0.219259 1.4
      vertex -4.73939 -0.366421 0
      vertex -4.30587 -0.219259 0
    endloop
  endfacet
  facet normal -0.946929 -0.321442 0
    outer loop
      vertex -0.0192595 -2.69413 0
      vertex -0.166421 -2.26061 1.4
      vertex -0.166421 -2.26061 0
    endloop
  endfacet
  facet normal -0.946929 -0.321442 0
    outer loop
      vertex -0.166421 -2.26061 1.4
      vertex -0.0192595 -2.69413 0
      vertex -0.0192595 -2.69413 1.4
    endloop
  endfacet
  facet normal -0.980786 -0.195088 0
    outer loop
      vertex 0.0700569 -3.14316 0
      vertex -0.0192595 -2.69413 1.4
      vertex -0.0192595 -2.69413 0
    endloop
  endfacet
  facet normal -0.980786 -0.195088 0
    outer loop
      vertex -0.0192595 -2.69413 1.4
      vertex 0.0700569 -3.14316 0
      vertex 0.0700569 -3.14316 1.4
    endloop
  endfacet
  facet normal -0.442288 -0.896873 0
    outer loop
      vertex -2.06061 -0.366421 0
      vertex -1.65 -0.568911 1.4
      vertex -2.06061 -0.366421 1.4
    endloop
  endfacet
  facet normal -0.442288 -0.896873 -0
    outer loop
      vertex -1.65 -0.568911 1.4
      vertex -2.06061 -0.366421 0
      vertex -1.65 -0.568911 0
    endloop
  endfacet
  facet normal -0.321443 -0.946929 0
    outer loop
      vertex -2.49413 -0.219259 0
      vertex -2.06061 -0.366421 1.4
      vertex -2.49413 -0.219259 1.4
    endloop
  endfacet
  facet normal -0.321443 -0.946929 -0
    outer loop
      vertex -2.06061 -0.366421 1.4
      vertex -2.49413 -0.219259 0
      vertex -2.06061 -0.366421 0
    endloop
  endfacet
  facet normal -0.555565 -0.831473 0
    outer loop
      vertex -1.65 -0.568911 0
      vertex -1.26933 -0.823263 1.4
      vertex -1.65 -0.568911 1.4
    endloop
  endfacet
  facet normal -0.555565 -0.831473 -0
    outer loop
      vertex -1.26933 -0.823263 1.4
      vertex -1.65 -0.568911 0
      vertex -1.26933 -0.823263 0
    endloop
  endfacet
  facet normal 0.896873 -0.442288 0
    outer loop
      vertex -6.63358 -2.26061 1.4
      vertex -6.43109 -1.85 0
      vertex -6.43109 -1.85 1.4
    endloop
  endfacet
  facet normal 0.896873 -0.442288 0
    outer loop
      vertex -6.43109 -1.85 0
      vertex -6.63358 -2.26061 1.4
      vertex -6.63358 -2.26061 0
    endloop
  endfacet
  facet normal 0.831481 -0.555553 0
    outer loop
      vertex -6.17674 -1.46933 1.4
      vertex -6.3 -1.65381 0
      vertex -6.17674 -1.46933 -1.5
    endloop
  endfacet
  facet normal 0.831475 -0.555562 1.72212e-06
    outer loop
      vertex -6.43109 -1.85 1.4
      vertex -6.3 -1.65381 0
      vertex -6.17674 -1.46933 1.4
    endloop
  endfacet
  facet normal 0.83147 -0.55557 0
    outer loop
      vertex -6.3 -1.65381 0
      vertex -6.43109 -1.85 1.4
      vertex -6.43109 -1.85 0
    endloop
  endfacet
  facet normal 0.831481 -0.555553 0
    outer loop
      vertex -6.17674 -1.46933 -1.5
      vertex -6.3 -1.65381 0
      vertex -6.3 -1.65381 -1.5
    endloop
  endfacet
  facet normal 0.94693 -0.321439 0
    outer loop
      vertex -6.78074 -2.69413 1.4
      vertex -6.63358 -2.26061 0
      vertex -6.63358 -2.26061 1.4
    endloop
  endfacet
  facet normal 0.94693 -0.321439 0
    outer loop
      vertex -6.63358 -2.26061 0
      vertex -6.78074 -2.69413 1.4
      vertex -6.78074 -2.69413 0
    endloop
  endfacet
  facet normal 0.442288 -0.896873 1.39214e-07
    outer loop
      vertex -5.15 -0.568911 1.4
      vertex -5.1 -0.544254 0
      vertex -4.73939 -0.366421 1.4
    endloop
  endfacet
  facet normal 0.442285 -0.896875 0
    outer loop
      vertex -5.15 -0.568911 -1.5
      vertex -5.1 -0.544254 0
      vertex -5.15 -0.568911 1.4
    endloop
  endfacet
  facet normal 0.442285 -0.896875 0
    outer loop
      vertex -5.1 -0.544254 0
      vertex -5.15 -0.568911 -1.5
      vertex -5.1 -0.544254 -1.5
    endloop
  endfacet
  facet normal 0.442288 -0.896873 0
    outer loop
      vertex -4.73939 -0.366421 1.4
      vertex -5.1 -0.544254 0
      vertex -4.73939 -0.366421 0
    endloop
  endfacet
  facet normal 0.195087 -0.980786 0
    outer loop
      vertex -4.30587 -0.219259 0
      vertex -3.85684 -0.129943 1.4
      vertex -4.30587 -0.219259 1.4
    endloop
  endfacet
  facet normal 0.195087 -0.980786 0
    outer loop
      vertex -3.85684 -0.129943 1.4
      vertex -4.30587 -0.219259 0
      vertex -3.85684 -0.129943 0
    endloop
  endfacet
  facet normal -0.195095 0.980784 0
    outer loop
      vertex -2.49413 -6.98074 0
      vertex -2.94316 -7.07006 1.4
      vertex -2.49413 -6.98074 1.4
    endloop
  endfacet
  facet normal -0.195095 0.980784 0
    outer loop
      vertex -2.94316 -7.07006 1.4
      vertex -2.49413 -6.98074 0
      vertex -2.94316 -7.07006 0
    endloop
  endfacet
  facet normal -0.831474 -0.555563 0
    outer loop
      vertex -0.368911 -1.85 0
      vertex -0.623262 -1.46933 1.4
      vertex -0.623262 -1.46933 0
    endloop
  endfacet
  facet normal -0.831474 -0.555563 0
    outer loop
      vertex -0.623262 -1.46933 1.4
      vertex -0.368911 -1.85 0
      vertex -0.368911 -1.85 1.4
    endloop
  endfacet
  facet normal -0.896873 -0.442288 0
    outer loop
      vertex -0.166421 -2.26061 0
      vertex -0.368911 -1.85 1.4
      vertex -0.368911 -1.85 0
    endloop
  endfacet
  facet normal -0.896873 -0.442288 0
    outer loop
      vertex -0.368911 -1.85 1.4
      vertex -0.166421 -2.26061 0
      vertex -0.166421 -2.26061 1.4
    endloop
  endfacet
  facet normal -0.195087 -0.980786 0
    outer loop
      vertex -2.94316 -0.129943 0
      vertex -2.49413 -0.219259 1.4
      vertex -2.94316 -0.129943 1.4
    endloop
  endfacet
  facet normal -0.195087 -0.980786 -0
    outer loop
      vertex -2.49413 -0.219259 1.4
      vertex -2.94316 -0.129943 0
      vertex -2.49413 -0.219259 0
    endloop
  endfacet
  facet normal -0.659356 -0.751831 0
    outer loop
      vertex -1.26933 -0.823263 0
      vertex -0.925126 -1.12513 1.4
      vertex -1.26933 -0.823263 1.4
    endloop
  endfacet
  facet normal -0.659356 -0.751831 -0
    outer loop
      vertex -0.925126 -1.12513 1.4
      vertex -1.26933 -0.823263 0
      vertex -0.925126 -1.12513 0
    endloop
  endfacet
  facet normal 0.980784 -0.195095 0
    outer loop
      vertex -6.87006 -3.14316 1.4
      vertex -6.78074 -2.69413 0
      vertex -6.78074 -2.69413 1.4
    endloop
  endfacet
  facet normal 0.980784 -0.195095 0
    outer loop
      vertex -6.78074 -2.69413 0
      vertex -6.87006 -3.14316 1.4
      vertex -6.87006 -3.14316 0
    endloop
  endfacet
  facet normal 0 0 -1
    outer loop
      vertex -1.06168 -3.71948 1.4
      vertex 0.0999994 -3.6 1.4
      vertex 0.0700569 -4.05684 1.4
    endloop
  endfacet
  facet normal 0 0 -1
    outer loop
      vertex -1.11043 -4.08979 1.4
      vertex 0.0700569 -4.05684 1.4
      vertex -0.0192595 -4.50587 1.4
    endloop
  endfacet
  facet normal -0 0 -1
    outer loop
      vertex 0.0999994 -3.6 1.4
      vertex -1.06168 -3.71948 1.4
      vertex -1.05385 -3.6 1.4
    endloop
  endfacet
  facet normal 0 0 -1
    outer loop
      vertex -1.17228 -4.32061 1.4
      vertex -0.0192595 -4.50587 1.4
      vertex -0.166421 -4.93939 1.4
    endloop
  endfacet
  facet normal 0 0 -1
    outer loop
      vertex -1.06168 -3.48052 1.4
      vertex 0.0999994 -3.6 1.4
      vertex -1.05385 -3.6 1.4
    endloop
  endfacet
  facet normal 0 0 -1
    outer loop
      vertex -1.31521 -4.66569 1.4
      vertex -0.166421 -4.93939 1.4
      vertex -0.368911 -5.35 1.4
    endloop
  endfacet
  facet normal 0 0 -1
    outer loop
      vertex 0.0999994 -3.6 1.4
      vertex -1.06168 -3.48052 1.4
      vertex 0.0700569 -3.14316 1.4
    endloop
  endfacet
  facet normal 0 0 -1
    outer loop
      vertex -1.43469 -4.87264 1.4
      vertex -0.368911 -5.35 1.4
      vertex -0.623262 -5.73066 1.4
    endloop
  endfacet
  facet normal 0 0 -1
    outer loop
      vertex -1.07392 -3.29377 1.4
      vertex 0.0700569 -3.14316 1.4
      vertex -1.06168 -3.48052 1.4
    endloop
  endfacet
  facet normal 0 0 -1
    outer loop
      vertex -1.61762 -5.11827 1.4
      vertex -0.623262 -5.73066 1.4
      vertex -0.925126 -6.07487 1.4
    endloop
  endfacet
  facet normal 0 0 -1
    outer loop
      vertex -1.11043 -3.11021 1.4
      vertex 0.0700569 -3.14316 1.4
      vertex -1.07392 -3.29377 1.4
    endloop
  endfacet
  facet normal 0 0 -1
    outer loop
      vertex -1.13379 -2.99277 1.4
      vertex -0.0192595 -2.69413 1.4
      vertex -1.11043 -3.11021 1.4
    endloop
  endfacet
  facet normal 0 0 -1
    outer loop
      vertex 0.0700569 -3.14316 1.4
      vertex -1.11043 -3.11021 1.4
      vertex -0.0192595 -2.69413 1.4
    endloop
  endfacet
  facet normal 0 0 -1
    outer loop
      vertex 0.0700569 -4.05684 1.4
      vertex -1.07392 -3.90623 1.4
      vertex -1.06168 -3.71948 1.4
    endloop
  endfacet
  facet normal -0 0 -1
    outer loop
      vertex 0.0700569 -4.05684 1.4
      vertex -1.11043 -4.08979 1.4
      vertex -1.07392 -3.90623 1.4
    endloop
  endfacet
  facet normal 0 0 -1
    outer loop
      vertex -0.0192595 -4.50587 1.4
      vertex -1.13379 -4.20723 1.4
      vertex -1.11043 -4.08979 1.4
    endloop
  endfacet
  facet normal 0 0 -1
    outer loop
      vertex -0.0192595 -4.50587 1.4
      vertex -1.17228 -4.32061 1.4
      vertex -1.13379 -4.20723 1.4
    endloop
  endfacet
  facet normal 0 0 -1
    outer loop
      vertex -0.166421 -4.93939 1.4
      vertex -1.23244 -4.49783 1.4
      vertex -1.17228 -4.32061 1.4
    endloop
  endfacet
  facet normal 0 0 -1
    outer loop
      vertex -1.88173 -5.38238 1.4
      vertex -0.925126 -6.07487 1.4
      vertex -1.26933 -6.37674 1.4
    endloop
  endfacet
  facet normal 0 0 -1
    outer loop
      vertex -0.166421 -4.93939 1.4
      vertex -1.31521 -4.66569 1.4
      vertex -1.23244 -4.49783 1.4
    endloop
  endfacet
  facet normal 0 0 -1
    outer loop
      vertex -0.368911 -5.35 1.4
      vertex -1.36817 -4.77308 1.4
      vertex -1.31521 -4.66569 1.4
    endloop
  endfacet
  facet normal 0 0 -1
    outer loop
      vertex -0.368911 -5.35 1.4
      vertex -1.43469 -4.87264 1.4
      vertex -1.36817 -4.77308 1.4
    endloop
  endfacet
  facet normal 0 0 -1
    outer loop
      vertex -0.623262 -5.73066 1.4
      vertex -1.53867 -5.02825 1.4
      vertex -1.43469 -4.87264 1.4
    endloop
  endfacet
  facet normal 0 0 -1
    outer loop
      vertex -0.623262 -5.73066 1.4
      vertex -1.61762 -5.11827 1.4
      vertex -1.53867 -5.02825 1.4
    endloop
  endfacet
  facet normal 0 0 -1
    outer loop
      vertex -2.12736 -5.56531 1.4
      vertex -1.26933 -6.37674 1.4
      vertex -1.65 -6.63109 1.4
    endloop
  endfacet
  facet normal 0 0 -1
    outer loop
      vertex -0.925126 -6.07487 1.4
      vertex -1.74102 -5.25898 1.4
      vertex -1.61762 -5.11827 1.4
    endloop
  endfacet
  facet normal 0 0 -1
    outer loop
      vertex -0.925126 -6.07487 1.4
      vertex -1.88173 -5.38238 1.4
      vertex -1.74102 -5.25898 1.4
    endloop
  endfacet
  facet normal 0 0 -1
    outer loop
      vertex -1.26933 -6.37674 1.4
      vertex -1.97175 -5.46133 1.4
      vertex -1.88173 -5.38238 1.4
    endloop
  endfacet
  facet normal 0 0 -1
    outer loop
      vertex -2.33431 -5.68479 1.4
      vertex -1.65 -6.63109 1.4
      vertex -2.06061 -6.83358 1.4
    endloop
  endfacet
  facet normal 0 0 -1
    outer loop
      vertex -1.26933 -6.37674 1.4
      vertex -2.12736 -5.56531 1.4
      vertex -1.97175 -5.46133 1.4
    endloop
  endfacet
  facet normal 0 0 -1
    outer loop
      vertex -1.65 -6.63109 1.4
      vertex -2.22692 -5.63183 1.4
      vertex -2.12736 -5.56531 1.4
    endloop
  endfacet
  facet normal 0 0 -1
    outer loop
      vertex -1.65 -6.63109 1.4
      vertex -2.33431 -5.68479 1.4
      vertex -2.22692 -5.63183 1.4
    endloop
  endfacet
  facet normal 0 0 -1
    outer loop
      vertex -2.67939 -5.82772 1.4
      vertex -2.06061 -6.83358 1.4
      vertex -2.49413 -6.98074 1.4
    endloop
  endfacet
  facet normal 0 0 -1
    outer loop
      vertex -2.06061 -6.83358 1.4
      vertex -2.50217 -5.76756 1.4
      vertex -2.33431 -5.68479 1.4
    endloop
  endfacet
  facet normal 0 0 -1
    outer loop
      vertex -2.06061 -6.83358 1.4
      vertex -2.67939 -5.82772 1.4
      vertex -2.50217 -5.76756 1.4
    endloop
  endfacet
  facet normal 0 0 -1
    outer loop
      vertex -2.49413 -6.98074 1.4
      vertex -2.79277 -5.86621 1.4
      vertex -2.67939 -5.82772 1.4
    endloop
  endfacet
  facet normal 0 0 -1
    outer loop
      vertex -2.49413 -6.98074 1.4
      vertex -2.91021 -5.88957 1.4
      vertex -2.79277 -5.86621 1.4
    endloop
  endfacet
  facet normal 0 0 -1
    outer loop
      vertex -2.94316 -7.07006 1.4
      vertex -2.91021 -5.88957 1.4
      vertex -2.49413 -6.98074 1.4
    endloop
  endfacet
  facet normal 0 0 -1
    outer loop
      vertex -2.94316 -7.07006 1.4
      vertex -3.09377 -5.92608 1.4
      vertex -2.91021 -5.88957 1.4
    endloop
  endfacet
  facet normal 0 0 -1
    outer loop
      vertex -2.94316 -7.07006 1.4
      vertex -3.28052 -5.93832 1.4
      vertex -3.09377 -5.92608 1.4
    endloop
  endfacet
  facet normal 0 0 -1
    outer loop
      vertex -3.4 -7.1 1.4
      vertex -3.28052 -5.93832 1.4
      vertex -2.94316 -7.07006 1.4
    endloop
  endfacet
  facet normal 0 0 -1
    outer loop
      vertex -3.4 -7.1 1.4
      vertex -3.4 -5.94615 1.4
      vertex -3.28052 -5.93832 1.4
    endloop
  endfacet
  facet normal 0 0 -1
    outer loop
      vertex -3.4 -7.1 1.4
      vertex -3.51948 -5.93832 1.4
      vertex -3.4 -5.94615 1.4
    endloop
  endfacet
  facet normal 0 0 -1
    outer loop
      vertex -3.85684 -7.07006 1.4
      vertex -3.51948 -5.93832 1.4
      vertex -3.4 -7.1 1.4
    endloop
  endfacet
  facet normal -0 0 -1
    outer loop
      vertex -3.51948 -5.93832 1.4
      vertex -3.85684 -7.07006 1.4
      vertex -3.70623 -5.92608 1.4
    endloop
  endfacet
  facet normal 0 0 -1
    outer loop
      vertex -3.85684 -7.07006 1.4
      vertex -3.88979 -5.88957 1.4
      vertex -3.70623 -5.92608 1.4
    endloop
  endfacet
  facet normal 0 0 -1
    outer loop
      vertex -4.30587 -6.98074 1.4
      vertex -3.88979 -5.88957 1.4
      vertex -3.85684 -7.07006 1.4
    endloop
  endfacet
  facet normal -0 0 -1
    outer loop
      vertex -3.88979 -5.88957 1.4
      vertex -4.30587 -6.98074 1.4
      vertex -4.00723 -5.86621 1.4
    endloop
  endfacet
  facet normal -0 0 -1
    outer loop
      vertex -4.00723 -5.86621 1.4
      vertex -4.30587 -6.98074 1.4
      vertex -4.12061 -5.82772 1.4
    endloop
  endfacet
  facet normal 0 0 -1
    outer loop
      vertex -4.73939 -6.83358 1.4
      vertex -4.12061 -5.82772 1.4
      vertex -4.30587 -6.98074 1.4
    endloop
  endfacet
  facet normal -0 0 -1
    outer loop
      vertex -4.12061 -5.82772 1.4
      vertex -4.73939 -6.83358 1.4
      vertex -4.29783 -5.76756 1.4
    endloop
  endfacet
  facet normal -0 0 -1
    outer loop
      vertex -4.29783 -5.76756 1.4
      vertex -4.73939 -6.83358 1.4
      vertex -4.46569 -5.68479 1.4
    endloop
  endfacet
  facet normal 0 0 -1
    outer loop
      vertex -5.15 -6.63109 1.4
      vertex -4.46569 -5.68479 1.4
      vertex -4.73939 -6.83358 1.4
    endloop
  endfacet
  facet normal -0 0 -1
    outer loop
      vertex -4.46569 -5.68479 1.4
      vertex -5.15 -6.63109 1.4
      vertex -4.57308 -5.63183 1.4
    endloop
  endfacet
  facet normal -0 0 -1
    outer loop
      vertex -4.57308 -5.63183 1.4
      vertex -5.15 -6.63109 1.4
      vertex -4.67264 -5.56531 1.4
    endloop
  endfacet
  facet normal 0 0 -1
    outer loop
      vertex -5.53066 -6.37674 1.4
      vertex -4.67264 -5.56531 1.4
      vertex -5.15 -6.63109 1.4
    endloop
  endfacet
  facet normal -0 0 -1
    outer loop
      vertex -4.67264 -5.56531 1.4
      vertex -5.53066 -6.37674 1.4
      vertex -4.82825 -5.46133 1.4
    endloop
  endfacet
  facet normal -0 0 -1
    outer loop
      vertex -4.82825 -5.46133 1.4
      vertex -5.53066 -6.37674 1.4
      vertex -4.91827 -5.38238 1.4
    endloop
  endfacet
  facet normal 0 0 -1
    outer loop
      vertex -5.87487 -6.07487 1.4
      vertex -4.91827 -5.38238 1.4
      vertex -5.53066 -6.37674 1.4
    endloop
  endfacet
  facet normal -0 0 -1
    outer loop
      vertex -4.91827 -5.38238 1.4
      vertex -5.87487 -6.07487 1.4
      vertex -5.05898 -5.25898 1.4
    endloop
  endfacet
  facet normal -0 0 -1
    outer loop
      vertex -5.05898 -5.25898 1.4
      vertex -5.87487 -6.07487 1.4
      vertex -5.18238 -5.11827 1.4
    endloop
  endfacet
  facet normal 0 0 -1
    outer loop
      vertex -6.17674 -5.73066 1.4
      vertex -5.18238 -5.11827 1.4
      vertex -5.87487 -6.07487 1.4
    endloop
  endfacet
  facet normal -0 0 -1
    outer loop
      vertex -5.18238 -5.11827 1.4
      vertex -6.17674 -5.73066 1.4
      vertex -5.26133 -5.02825 1.4
    endloop
  endfacet
  facet normal -0 0 -1
    outer loop
      vertex -5.26133 -5.02825 1.4
      vertex -6.17674 -5.73066 1.4
      vertex -5.36531 -4.87264 1.4
    endloop
  endfacet
  facet normal 0 0 -1
    outer loop
      vertex -6.43109 -5.35 1.4
      vertex -5.36531 -4.87264 1.4
      vertex -6.17674 -5.73066 1.4
    endloop
  endfacet
  facet normal -0 0 -1
    outer loop
      vertex -5.36531 -4.87264 1.4
      vertex -6.43109 -5.35 1.4
      vertex -5.43183 -4.77308 1.4
    endloop
  endfacet
  facet normal -0 0 -1
    outer loop
      vertex -5.43183 -4.77308 1.4
      vertex -6.43109 -5.35 1.4
      vertex -5.48479 -4.66569 1.4
    endloop
  endfacet
  facet normal 0 0 -1
    outer loop
      vertex -6.63358 -4.93939 1.4
      vertex -5.48479 -4.66569 1.4
      vertex -6.43109 -5.35 1.4
    endloop
  endfacet
  facet normal -0 0 -1
    outer loop
      vertex -5.48479 -4.66569 1.4
      vertex -6.63358 -4.93939 1.4
      vertex -5.56756 -4.49783 1.4
    endloop
  endfacet
  facet normal -0 0 -1
    outer loop
      vertex -5.60605 -4.38445 1.4
      vertex -6.78074 -4.50587 1.4
      vertex -5.66621 -4.20723 1.4
    endloop
  endfacet
  facet normal 0 0 -1
    outer loop
      vertex -6.78074 -4.50587 1.4
      vertex -5.60605 -4.38445 1.4
      vertex -6.63358 -4.93939 1.4
    endloop
  endfacet
  facet normal -0 0 -1
    outer loop
      vertex -5.56756 -4.49783 1.4
      vertex -6.63358 -4.93939 1.4
      vertex -5.60605 -4.38445 1.4
    endloop
  endfacet
  facet normal 0 0 -1
    outer loop
      vertex -1.17228 -2.87939 1.4
      vertex -0.0192595 -2.69413 1.4
      vertex -1.13379 -2.99277 1.4
    endloop
  endfacet
  facet normal -0 0 -1
    outer loop
      vertex -0.0192595 -2.69413 1.4
      vertex -1.17228 -2.87939 1.4
      vertex -0.166421 -2.26061 1.4
    endloop
  endfacet
  facet normal 0 0 -1
    outer loop
      vertex -1.23244 -2.70217 1.4
      vertex -0.166421 -2.26061 1.4
      vertex -1.17228 -2.87939 1.4
    endloop
  endfacet
  facet normal 0 0 -1
    outer loop
      vertex -1.31521 -2.53431 1.4
      vertex -0.166421 -2.26061 1.4
      vertex -1.23244 -2.70217 1.4
    endloop
  endfacet
  facet normal -0 0 -1
    outer loop
      vertex -0.166421 -2.26061 1.4
      vertex -1.31521 -2.53431 1.4
      vertex -0.368911 -1.85 1.4
    endloop
  endfacet
  facet normal 0 0 -1
    outer loop
      vertex -1.36817 -2.42692 1.4
      vertex -0.368911 -1.85 1.4
      vertex -1.31521 -2.53431 1.4
    endloop
  endfacet
  facet normal 0 0 -1
    outer loop
      vertex -1.43469 -2.32736 1.4
      vertex -0.368911 -1.85 1.4
      vertex -1.36817 -2.42692 1.4
    endloop
  endfacet
  facet normal -0 0 -1
    outer loop
      vertex -0.368911 -1.85 1.4
      vertex -1.43469 -2.32736 1.4
      vertex -0.623262 -1.46933 1.4
    endloop
  endfacet
  facet normal 0 0 -1
    outer loop
      vertex -1.53867 -2.17175 1.4
      vertex -0.623262 -1.46933 1.4
      vertex -1.43469 -2.32736 1.4
    endloop
  endfacet
  facet normal 0 0 -1
    outer loop
      vertex -1.61762 -2.08173 1.4
      vertex -0.623262 -1.46933 1.4
      vertex -1.53867 -2.17175 1.4
    endloop
  endfacet
  facet normal -0 0 -1
    outer loop
      vertex -0.623262 -1.46933 1.4
      vertex -1.61762 -2.08173 1.4
      vertex -0.925126 -1.12513 1.4
    endloop
  endfacet
  facet normal 0 0 -1
    outer loop
      vertex -1.74102 -1.94102 1.4
      vertex -0.925126 -1.12513 1.4
      vertex -1.61762 -2.08173 1.4
    endloop
  endfacet
  facet normal 0 0 -1
    outer loop
      vertex -1.88173 -1.81762 1.4
      vertex -0.925126 -1.12513 1.4
      vertex -1.74102 -1.94102 1.4
    endloop
  endfacet
  facet normal -0 0 -1
    outer loop
      vertex -0.925126 -1.12513 1.4
      vertex -1.88173 -1.81762 1.4
      vertex -1.26933 -0.823263 1.4
    endloop
  endfacet
  facet normal 0 0 -1
    outer loop
      vertex -1.97175 -1.73867 1.4
      vertex -1.26933 -0.823263 1.4
      vertex -1.88173 -1.81762 1.4
    endloop
  endfacet
  facet normal 0 0 -1
    outer loop
      vertex -2.12736 -1.63469 1.4
      vertex -1.26933 -0.823263 1.4
      vertex -1.97175 -1.73867 1.4
    endloop
  endfacet
  facet normal -0 0 -1
    outer loop
      vertex -1.26933 -0.823263 1.4
      vertex -2.12736 -1.63469 1.4
      vertex -1.65 -0.568911 1.4
    endloop
  endfacet
  facet normal 0 0 -1
    outer loop
      vertex -2.22692 -1.56817 1.4
      vertex -1.65 -0.568911 1.4
      vertex -2.12736 -1.63469 1.4
    endloop
  endfacet
  facet normal 0 0 -1
    outer loop
      vertex -2.33431 -1.51521 1.4
      vertex -1.65 -0.568911 1.4
      vertex -2.22692 -1.56817 1.4
    endloop
  endfacet
  facet normal -0 0 -1
    outer loop
      vertex -1.65 -0.568911 1.4
      vertex -2.33431 -1.51521 1.4
      vertex -2.06061 -0.366421 1.4
    endloop
  endfacet
  facet normal 0 0 -1
    outer loop
      vertex -2.50217 -1.43244 1.4
      vertex -2.06061 -0.366421 1.4
      vertex -2.33431 -1.51521 1.4
    endloop
  endfacet
  facet normal 0 0 -1
    outer loop
      vertex -2.61555 -1.39395 1.4
      vertex -2.06061 -0.366421 1.4
      vertex -2.50217 -1.43244 1.4
    endloop
  endfacet
  facet normal -0 0 -1
    outer loop
      vertex -2.06061 -0.366421 1.4
      vertex -2.61555 -1.39395 1.4
      vertex -2.49413 -0.219259 1.4
    endloop
  endfacet
  facet normal 0 0 -1
    outer loop
      vertex -2.79277 -1.33379 1.4
      vertex -2.49413 -0.219259 1.4
      vertex -2.61555 -1.39395 1.4
    endloop
  endfacet
  facet normal 0 0 -1
    outer loop
      vertex -2.91021 -1.31043 1.4
      vertex -2.49413 -0.219259 1.4
      vertex -2.79277 -1.33379 1.4
    endloop
  endfacet
  facet normal 0 0 -1
    outer loop
      vertex -2.91021 -1.31043 1.4
      vertex -2.94316 -0.129943 1.4
      vertex -2.49413 -0.219259 1.4
    endloop
  endfacet
  facet normal 0 0 -1
    outer loop
      vertex -3.09377 -1.27392 1.4
      vertex -2.94316 -0.129943 1.4
      vertex -2.91021 -1.31043 1.4
    endloop
  endfacet
  facet normal 0 0 -1
    outer loop
      vertex -3.28052 -1.26168 1.4
      vertex -2.94316 -0.129943 1.4
      vertex -3.09377 -1.27392 1.4
    endloop
  endfacet
  facet normal 0 0 -1
    outer loop
      vertex -3.4 -0.0999994 1.4
      vertex -3.28052 -1.26168 1.4
      vertex -3.4 -1.25385 1.4
    endloop
  endfacet
  facet normal 0 0 -1
    outer loop
      vertex -3.28052 -1.26168 1.4
      vertex -3.4 -0.0999994 1.4
      vertex -2.94316 -0.129943 1.4
    endloop
  endfacet
  facet normal 0 0 -1
    outer loop
      vertex -3.51948 -1.26168 1.4
      vertex -3.4 -0.0999994 1.4
      vertex -3.4 -1.25385 1.4
    endloop
  endfacet
  facet normal 0 0 -1
    outer loop
      vertex -3.85684 -0.129943 1.4
      vertex -3.51948 -1.26168 1.4
      vertex -3.70623 -1.27392 1.4
    endloop
  endfacet
  facet normal 0 0 -1
    outer loop
      vertex -3.51948 -1.26168 1.4
      vertex -3.85684 -0.129943 1.4
      vertex -3.4 -0.0999994 1.4
    endloop
  endfacet
  facet normal 0 0 -1
    outer loop
      vertex -3.88979 -1.31043 1.4
      vertex -3.85684 -0.129943 1.4
      vertex -3.70623 -1.27392 1.4
    endloop
  endfacet
  facet normal 0 0 -1
    outer loop
      vertex -4.30587 -0.219259 1.4
      vertex -3.88979 -1.31043 1.4
      vertex -4.00723 -1.33379 1.4
    endloop
  endfacet
  facet normal 0 0 -1
    outer loop
      vertex -4.30587 -0.219259 1.4
      vertex -4.00723 -1.33379 1.4
      vertex -4.18445 -1.39395 1.4
    endloop
  endfacet
  facet normal 0 0 -1
    outer loop
      vertex -4.73939 -0.366421 1.4
      vertex -4.18445 -1.39395 1.4
      vertex -4.29783 -1.43244 1.4
    endloop
  endfacet
  facet normal 0 0 -1
    outer loop
      vertex -3.88979 -1.31043 1.4
      vertex -4.30587 -0.219259 1.4
      vertex -3.85684 -0.129943 1.4
    endloop
  endfacet
  facet normal 0 0 -1
    outer loop
      vertex -4.73939 -0.366421 1.4
      vertex -4.29783 -1.43244 1.4
      vertex -4.46569 -1.51521 1.4
    endloop
  endfacet
  facet normal 0 0 -1
    outer loop
      vertex -5.15 -0.568911 1.4
      vertex -4.46569 -1.51521 1.4
      vertex -4.57308 -1.56817 1.4
    endloop
  endfacet
  facet normal 0 0 -1
    outer loop
      vertex -5.15 -0.568911 1.4
      vertex -4.57308 -1.56817 1.4
      vertex -4.67264 -1.63469 1.4
    endloop
  endfacet
  facet normal 0 0 -1
    outer loop
      vertex -4.18445 -1.39395 1.4
      vertex -4.73939 -0.366421 1.4
      vertex -4.30587 -0.219259 1.4
    endloop
  endfacet
  facet normal 0 0 -1
    outer loop
      vertex -5.53066 -0.823263 1.4
      vertex -4.67264 -1.63469 1.4
      vertex -4.82825 -1.73867 1.4
    endloop
  endfacet
  facet normal 0 0 -1
    outer loop
      vertex -5.53066 -0.823263 1.4
      vertex -4.82825 -1.73867 1.4
      vertex -4.91827 -1.81762 1.4
    endloop
  endfacet
  facet normal 0 0 -1
    outer loop
      vertex -5.87487 -1.12513 1.4
      vertex -4.91827 -1.81762 1.4
      vertex -5.05898 -1.94102 1.4
    endloop
  endfacet
  facet normal 0 0 -1
    outer loop
      vertex -4.46569 -1.51521 1.4
      vertex -5.15 -0.568911 1.4
      vertex -4.73939 -0.366421 1.4
    endloop
  endfacet
  facet normal 0 0 -1
    outer loop
      vertex -5.87487 -1.12513 1.4
      vertex -5.05898 -1.94102 1.4
      vertex -5.18238 -2.08173 1.4
    endloop
  endfacet
  facet normal 0 0 -1
    outer loop
      vertex -6.17674 -1.46933 1.4
      vertex -5.18238 -2.08173 1.4
      vertex -5.26133 -2.17175 1.4
    endloop
  endfacet
  facet normal 0 0 -1
    outer loop
      vertex -6.17674 -1.46933 1.4
      vertex -5.26133 -2.17175 1.4
      vertex -5.36531 -2.32736 1.4
    endloop
  endfacet
  facet normal 0 0 -1
    outer loop
      vertex -6.43109 -1.85 1.4
      vertex -5.36531 -2.32736 1.4
      vertex -5.43183 -2.42692 1.4
    endloop
  endfacet
  facet normal 0 0 -1
    outer loop
      vertex -6.43109 -1.85 1.4
      vertex -5.43183 -2.42692 1.4
      vertex -5.48479 -2.53431 1.4
    endloop
  endfacet
  facet normal 0 0 -1
    outer loop
      vertex -4.67264 -1.63469 1.4
      vertex -5.53066 -0.823263 1.4
      vertex -5.15 -0.568911 1.4
    endloop
  endfacet
  facet normal 0 0 -1
    outer loop
      vertex -6.63358 -2.26061 1.4
      vertex -5.48479 -2.53431 1.4
      vertex -5.56756 -2.70217 1.4
    endloop
  endfacet
  facet normal 0 0 -1
    outer loop
      vertex -6.63358 -2.26061 1.4
      vertex -5.56756 -2.70217 1.4
      vertex -5.60605 -2.81555 1.4
    endloop
  endfacet
  facet normal 0 0 -1
    outer loop
      vertex -6.78074 -2.69413 1.4
      vertex -5.60605 -2.81555 1.4
      vertex -5.66621 -2.99277 1.4
    endloop
  endfacet
  facet normal 0 0 -1
    outer loop
      vertex -6.78074 -2.69413 1.4
      vertex -5.66621 -2.99277 1.4
      vertex -5.68957 -3.11021 1.4
    endloop
  endfacet
  facet normal 0 0 -1
    outer loop
      vertex -6.87006 -3.14316 1.4
      vertex -5.68957 -3.11021 1.4
      vertex -5.72608 -3.29377 1.4
    endloop
  endfacet
  facet normal 0 0 -1
    outer loop
      vertex -4.91827 -1.81762 1.4
      vertex -5.87487 -1.12513 1.4
      vertex -5.53066 -0.823263 1.4
    endloop
  endfacet
  facet normal 0 0 -1
    outer loop
      vertex -6.87006 -3.14316 1.4
      vertex -5.72608 -3.29377 1.4
      vertex -5.73832 -3.48052 1.4
    endloop
  endfacet
  facet normal 0 0 -1
    outer loop
      vertex -6.9 -3.6 1.4
      vertex -5.73832 -3.48052 1.4
      vertex -5.74615 -3.6 1.4
    endloop
  endfacet
  facet normal -0 0 -1
    outer loop
      vertex -5.66621 -4.20723 1.4
      vertex -6.78074 -4.50587 1.4
      vertex -5.68957 -4.08979 1.4
    endloop
  endfacet
  facet normal 0 0 -1
    outer loop
      vertex -6.87006 -4.05684 1.4
      vertex -5.68957 -4.08979 1.4
      vertex -6.78074 -4.50587 1.4
    endloop
  endfacet
  facet normal 0 0 -1
    outer loop
      vertex -5.18238 -2.08173 1.4
      vertex -6.17674 -1.46933 1.4
      vertex -5.87487 -1.12513 1.4
    endloop
  endfacet
  facet normal 0 0 -1
    outer loop
      vertex -5.68957 -4.08979 1.4
      vertex -6.87006 -4.05684 1.4
      vertex -5.72608 -3.90623 1.4
    endloop
  endfacet
  facet normal 0 0 -1
    outer loop
      vertex -5.36531 -2.32736 1.4
      vertex -6.43109 -1.85 1.4
      vertex -6.17674 -1.46933 1.4
    endloop
  endfacet
  facet normal -0 0 -1
    outer loop
      vertex -5.72608 -3.90623 1.4
      vertex -6.87006 -4.05684 1.4
      vertex -5.73832 -3.71948 1.4
    endloop
  endfacet
  facet normal 0 0 -1
    outer loop
      vertex -5.48479 -2.53431 1.4
      vertex -6.63358 -2.26061 1.4
      vertex -6.43109 -1.85 1.4
    endloop
  endfacet
  facet normal 0 0 -1
    outer loop
      vertex -6.9 -3.6 1.4
      vertex -5.73832 -3.71948 1.4
      vertex -6.87006 -4.05684 1.4
    endloop
  endfacet
  facet normal 0 0 -1
    outer loop
      vertex -5.60605 -2.81555 1.4
      vertex -6.78074 -2.69413 1.4
      vertex -6.63358 -2.26061 1.4
    endloop
  endfacet
  facet normal 0 0 -1
    outer loop
      vertex -5.73832 -3.71948 1.4
      vertex -6.9 -3.6 1.4
      vertex -5.74615 -3.6 1.4
    endloop
  endfacet
  facet normal -0 0 -1
    outer loop
      vertex -5.68957 -3.11021 1.4
      vertex -6.87006 -3.14316 1.4
      vertex -6.78074 -2.69413 1.4
    endloop
  endfacet
  facet normal -0 0 -1
    outer loop
      vertex -5.73832 -3.48052 1.4
      vertex -6.9 -3.6 1.4
      vertex -6.87006 -3.14316 1.4
    endloop
  endfacet
  facet normal 0.0654047 -0.997859 0
    outer loop
      vertex -3.85684 -0.129943 0
      vertex -3.4 -0.0999994 1.4
      vertex -3.85684 -0.129943 1.4
    endloop
  endfacet
  facet normal 0.0654047 -0.997859 0
    outer loop
      vertex -3.4 -0.0999994 1.4
      vertex -3.85684 -0.129943 0
      vertex -3.4 -0.0999994 0
    endloop
  endfacet
  facet normal -0.997859 0.0654023 0
    outer loop
      vertex 0.0700569 -4.05684 0
      vertex 0.0999994 -3.6 1.4
      vertex 0.0999994 -3.6 0
    endloop
  endfacet
  facet normal -0.997859 0.0654023 0
    outer loop
      vertex 0.0999994 -3.6 1.4
      vertex 0.0700569 -4.05684 0
      vertex 0.0700569 -4.05684 1.4
    endloop
  endfacet
  facet normal -0.946929 0.321442 0
    outer loop
      vertex -0.166421 -4.93939 0
      vertex -0.0192595 -4.50587 1.4
      vertex -0.0192595 -4.50587 0
    endloop
  endfacet
  facet normal -0.946929 0.321442 0
    outer loop
      vertex -0.0192595 -4.50587 1.4
      vertex -0.166421 -4.93939 0
      vertex -0.166421 -4.93939 1.4
    endloop
  endfacet
  facet normal -0.980786 0.195088 0
    outer loop
      vertex -0.0192595 -4.50587 0
      vertex 0.0700569 -4.05684 1.4
      vertex 0.0700569 -4.05684 0
    endloop
  endfacet
  facet normal -0.980786 0.195088 0
    outer loop
      vertex 0.0700569 -4.05684 1.4
      vertex -0.0192595 -4.50587 0
      vertex -0.0192595 -4.50587 1.4
    endloop
  endfacet
  facet normal -0.555562 0.831475 0
    outer loop
      vertex -1.26933 -6.37674 -1.5
      vertex -1.65 -6.63109 1.4
      vertex -1.26933 -6.37674 1.4
    endloop
  endfacet
  facet normal -0.555562 0.831475 0
    outer loop
      vertex -1.65 -6.63109 1.4
      vertex -1.26933 -6.37674 -1.5
      vertex -1.65 -6.63109 -1.5
    endloop
  endfacet
  facet normal -0.442288 0.896873 1.27544e-06
    outer loop
      vertex -1.65 -6.63109 1.4
      vertex -1.78974 -6.7 0
      vertex -2.06061 -6.83358 1.4
    endloop
  endfacet
  facet normal -0.442278 0.896878 0
    outer loop
      vertex -1.65 -6.63109 -1.5
      vertex -1.78974 -6.7 0
      vertex -1.65 -6.63109 1.4
    endloop
  endfacet
  facet normal -0.442278 0.896878 0
    outer loop
      vertex -1.78974 -6.7 0
      vertex -1.65 -6.63109 -1.5
      vertex -1.78974 -6.7 -1.5
    endloop
  endfacet
  facet normal -0.442293 0.896871 0
    outer loop
      vertex -2.06061 -6.83358 1.4
      vertex -1.78974 -6.7 0
      vertex -2.06061 -6.83358 0
    endloop
  endfacet
  facet normal 0.751824 -0.659364 0
    outer loop
      vertex -6.17674 -1.46933 1.4
      vertex -5.87487 -1.12513 -1.5
      vertex -5.87487 -1.12513 1.4
    endloop
  endfacet
  facet normal 0.751824 -0.659364 0
    outer loop
      vertex -5.87487 -1.12513 -1.5
      vertex -6.17674 -1.46933 1.4
      vertex -6.17674 -1.46933 -1.5
    endloop
  endfacet
  facet normal 0.555575 -0.831466 0
    outer loop
      vertex -5.53066 -0.823263 -1.5
      vertex -5.15 -0.568911 1.4
      vertex -5.53066 -0.823263 1.4
    endloop
  endfacet
  facet normal 0.555575 -0.831466 0
    outer loop
      vertex -5.15 -0.568911 1.4
      vertex -5.53066 -0.823263 -1.5
      vertex -5.15 -0.568911 -1.5
    endloop
  endfacet
  facet normal -0.831466 0.555575 0
    outer loop
      vertex -0.469138 -5.5 -1.5
      vertex -0.623262 -5.73066 -1.5
      vertex -0.469138 -5.5 0
    endloop
  endfacet
  facet normal -0.831469 0.555571 0
    outer loop
      vertex -0.469138 -5.5 0
      vertex -0.368911 -5.35 1.4
      vertex -0.368911 -5.35 0
    endloop
  endfacet
  facet normal -0.831466 0.555575 0
    outer loop
      vertex -0.623262 -5.73066 1.4
      vertex -0.469138 -5.5 0
      vertex -0.623262 -5.73066 -1.5
    endloop
  endfacet
  facet normal -0.831467 0.555573 -3.74729e-07
    outer loop
      vertex -0.469138 -5.5 0
      vertex -0.623262 -5.73066 1.4
      vertex -0.368911 -5.35 1.4
    endloop
  endfacet
  facet normal 0.321439 0.94693 -0
    outer loop
      vertex -4.30587 -6.98074 0
      vertex -4.73939 -6.83358 1.4
      vertex -4.30587 -6.98074 1.4
    endloop
  endfacet
  facet normal 0.321439 0.94693 0
    outer loop
      vertex -4.73939 -6.83358 1.4
      vertex -4.30587 -6.98074 0
      vertex -4.73939 -6.83358 0
    endloop
  endfacet
  facet normal 0.751833 0.659353 0
    outer loop
      vertex -5.87487 -6.07487 1.4
      vertex -6.17674 -5.73066 -1.5
      vertex -6.17674 -5.73066 1.4
    endloop
  endfacet
  facet normal 0.751833 0.659353 0
    outer loop
      vertex -6.17674 -5.73066 -1.5
      vertex -5.87487 -6.07487 1.4
      vertex -5.87487 -6.07487 -1.5
    endloop
  endfacet
  facet normal 0.94693 0.321439 0
    outer loop
      vertex -6.63358 -4.93939 1.4
      vertex -6.78074 -4.50587 0
      vertex -6.78074 -4.50587 1.4
    endloop
  endfacet
  facet normal 0.94693 0.321439 0
    outer loop
      vertex -6.78074 -4.50587 0
      vertex -6.63358 -4.93939 1.4
      vertex -6.63358 -4.93939 0
    endloop
  endfacet
  facet normal 0.997859 0.0653969 0
    outer loop
      vertex -6.87006 -4.05684 1.4
      vertex -6.9 -3.6 0
      vertex -6.9 -3.6 1.4
    endloop
  endfacet
  facet normal 0.997859 0.0653969 0
    outer loop
      vertex -6.9 -3.6 0
      vertex -6.87006 -4.05684 1.4
      vertex -6.87006 -4.05684 0
    endloop
  endfacet
  facet normal -0.65936 0.751828 0
    outer loop
      vertex -0.925126 -6.07487 -1.5
      vertex -1.26933 -6.37674 1.4
      vertex -0.925126 -6.07487 1.4
    endloop
  endfacet
  facet normal -0.65936 0.751828 0
    outer loop
      vertex -1.26933 -6.37674 1.4
      vertex -0.925126 -6.07487 -1.5
      vertex -1.26933 -6.37674 -1.5
    endloop
  endfacet
  facet normal -0.321439 0.94693 0
    outer loop
      vertex -2.06061 -6.83358 0
      vertex -2.49413 -6.98074 1.4
      vertex -2.06061 -6.83358 1.4
    endloop
  endfacet
  facet normal -0.321439 0.94693 0
    outer loop
      vertex -2.49413 -6.98074 1.4
      vertex -2.06061 -6.83358 0
      vertex -2.49413 -6.98074 0
    endloop
  endfacet
  facet normal -0.896873 0.442288 0
    outer loop
      vertex -0.368911 -5.35 0
      vertex -0.166421 -4.93939 1.4
      vertex -0.166421 -4.93939 0
    endloop
  endfacet
  facet normal -0.896873 0.442288 0
    outer loop
      vertex -0.166421 -4.93939 1.4
      vertex -0.368911 -5.35 0
      vertex -0.368911 -5.35 1.4
    endloop
  endfacet
  facet normal 0.555572 0.831468 -0
    outer loop
      vertex -5.15 -6.63109 -1.5
      vertex -5.53066 -6.37674 1.4
      vertex -5.15 -6.63109 1.4
    endloop
  endfacet
  facet normal 0.555572 0.831468 0
    outer loop
      vertex -5.53066 -6.37674 1.4
      vertex -5.15 -6.63109 -1.5
      vertex -5.53066 -6.37674 -1.5
    endloop
  endfacet
  facet normal 0.195095 0.980784 -0
    outer loop
      vertex -3.85684 -7.07006 0
      vertex -4.30587 -6.98074 1.4
      vertex -3.85684 -7.07006 1.4
    endloop
  endfacet
  facet normal 0.195095 0.980784 0
    outer loop
      vertex -4.30587 -6.98074 1.4
      vertex -3.85684 -7.07006 0
      vertex -4.30587 -6.98074 0
    endloop
  endfacet
  facet normal 0.659353 0.751833 -0
    outer loop
      vertex -5.53066 -6.37674 -1.5
      vertex -5.87487 -6.07487 1.4
      vertex -5.53066 -6.37674 1.4
    endloop
  endfacet
  facet normal 0.659353 0.751833 0
    outer loop
      vertex -5.87487 -6.07487 1.4
      vertex -5.53066 -6.37674 -1.5
      vertex -5.87487 -6.07487 -1.5
    endloop
  endfacet
  facet normal 0.896873 0.442288 0
    outer loop
      vertex -6.43109 -5.35 1.4
      vertex -6.63358 -4.93939 0
      vertex -6.63358 -4.93939 1.4
    endloop
  endfacet
  facet normal 0.896873 0.442288 0
    outer loop
      vertex -6.63358 -4.93939 0
      vertex -6.43109 -5.35 1.4
      vertex -6.43109 -5.35 0
    endloop
  endfacet
  facet normal 0.980784 0.195095 0
    outer loop
      vertex -6.78074 -4.50587 1.4
      vertex -6.87006 -4.05684 0
      vertex -6.87006 -4.05684 1.4
    endloop
  endfacet
  facet normal 0.980784 0.195095 0
    outer loop
      vertex -6.87006 -4.05684 0
      vertex -6.78074 -4.50587 1.4
      vertex -6.78074 -4.50587 0
    endloop
  endfacet
  facet normal -0.75184 0.659346 0
    outer loop
      vertex -0.925126 -6.07487 -1.5
      vertex -0.623262 -5.73066 1.4
      vertex -0.623262 -5.73066 -1.5
    endloop
  endfacet
  facet normal -0.75184 0.659346 0
    outer loop
      vertex -0.623262 -5.73066 1.4
      vertex -0.925126 -6.07487 -1.5
      vertex -0.925126 -6.07487 1.4
    endloop
  endfacet
  facet normal 0.442293 0.896871 0
    outer loop
      vertex -5.01026 -6.7 0
      vertex -4.73939 -6.83358 1.4
      vertex -4.73939 -6.83358 0
    endloop
  endfacet
  facet normal 0.442288 0.896873 1.27544e-06
    outer loop
      vertex -4.73939 -6.83358 1.4
      vertex -5.01026 -6.7 0
      vertex -5.15 -6.63109 1.4
    endloop
  endfacet
  facet normal 0.442278 0.896878 0
    outer loop
      vertex -5.15 -6.63109 -1.5
      vertex -5.01026 -6.7 0
      vertex -5.01026 -6.7 -1.5
    endloop
  endfacet
  facet normal 0.442278 0.896878 0
    outer loop
      vertex -5.01026 -6.7 0
      vertex -5.15 -6.63109 -1.5
      vertex -5.15 -6.63109 1.4
    endloop
  endfacet
  facet normal 0.0653969 0.997859 -0
    outer loop
      vertex -3.4 -7.1 0
      vertex -3.85684 -7.07006 1.4
      vertex -3.4 -7.1 1.4
    endloop
  endfacet
  facet normal 0.0653969 0.997859 0
    outer loop
      vertex -3.85684 -7.07006 1.4
      vertex -3.4 -7.1 0
      vertex -3.85684 -7.07006 0
    endloop
  endfacet
  facet normal 0.83147 0.55557 0
    outer loop
      vertex -6.43109 -5.35 1.4
      vertex -6.3 -5.54619 0
      vertex -6.43109 -5.35 0
    endloop
  endfacet
  facet normal 0.831468 0.555572 -3.23118e-07
    outer loop
      vertex -6.17674 -5.73066 1.4
      vertex -6.3 -5.54619 0
      vertex -6.43109 -5.35 1.4
    endloop
  endfacet
  facet normal 0.831467 0.555574 -0
    outer loop
      vertex -6.17674 -5.73066 -1.5
      vertex -6.3 -5.54619 0
      vertex -6.17674 -5.73066 1.4
    endloop
  endfacet
  facet normal 0.831467 0.555574 0
    outer loop
      vertex -6.3 -5.54619 0
      vertex -6.17674 -5.73066 -1.5
      vertex -6.3 -5.54619 -1.5
    endloop
  endfacet
  facet normal -0.94697 -0.321322 0
    outer loop
      vertex 83.6807 -2.69413 0
      vertex 83.5336 -2.26061 1.4
      vertex 83.5336 -2.26061 0
    endloop
  endfacet
  facet normal -0.94697 -0.321322 0
    outer loop
      vertex 83.5336 -2.26061 1.4
      vertex 83.6807 -2.69413 0
      vertex 83.6807 -2.69413 1.4
    endloop
  endfacet
  facet normal 0.94697 -0.321322 0
    outer loop
      vertex 76.9193 -2.69413 1.4
      vertex 77.0664 -2.26061 0
      vertex 77.0664 -2.26061 1.4
    endloop
  endfacet
  facet normal 0.94697 -0.321322 0
    outer loop
      vertex 77.0664 -2.26061 0
      vertex 76.9193 -2.69413 1.4
      vertex 76.9193 -2.69413 0
    endloop
  endfacet
  facet normal -0.896904 -0.442226 -0
    outer loop
      vertex 83.4 -1.98974 0
      vertex 83.3311 -1.85 -1.5
      vertex 83.4 -1.98974 -1.5
    endloop
  endfacet
  facet normal -0.896904 -0.442226 0
    outer loop
      vertex 83.3311 -1.85 -1.5
      vertex 83.4 -1.98974 0
      vertex 83.3311 -1.85 1.4
    endloop
  endfacet
  facet normal -0.896844 -0.442346 -0
    outer loop
      vertex 83.5336 -2.26061 1.4
      vertex 83.4 -1.98974 0
      vertex 83.5336 -2.26061 0
    endloop
  endfacet
  facet normal -0.896864 -0.442305 9.86177e-06
    outer loop
      vertex 83.4 -1.98974 0
      vertex 83.5336 -2.26061 1.4
      vertex 83.3311 -1.85 1.4
    endloop
  endfacet
  facet normal -0.442297 -0.896869 0
    outer loop
      vertex 81.6394 -0.366421 0
      vertex 82.05 -0.568911 1.4
      vertex 81.6394 -0.366421 1.4
    endloop
  endfacet
  facet normal -0.442297 -0.896869 -0
    outer loop
      vertex 82.05 -0.568911 1.4
      vertex 81.6394 -0.366421 0
      vertex 82.05 -0.568911 0
    endloop
  endfacet
  facet normal 0.321456 -0.946924 0
    outer loop
      vertex 78.9606 -0.366421 0
      vertex 79.3941 -0.219259 1.4
      vertex 78.9606 -0.366421 1.4
    endloop
  endfacet
  facet normal 0.321456 -0.946924 0
    outer loop
      vertex 79.3941 -0.219259 1.4
      vertex 78.9606 -0.366421 0
      vertex 79.3941 -0.219259 0
    endloop
  endfacet
  facet normal 0.896864 -0.442305 0
    outer loop
      vertex 77.0664 -2.26061 1.4
      vertex 77.2689 -1.85 0
      vertex 77.2689 -1.85 1.4
    endloop
  endfacet
  facet normal 0.896864 -0.442305 0
    outer loop
      vertex 77.2689 -1.85 0
      vertex 77.0664 -2.26061 1.4
      vertex 77.0664 -2.26061 0
    endloop
  endfacet
  facet normal -0.997865 0.0653099 0
    outer loop
      vertex 83.7701 -4.05684 0
      vertex 83.8 -3.6 1.4
      vertex 83.8 -3.6 0
    endloop
  endfacet
  facet normal -0.997865 0.0653099 0
    outer loop
      vertex 83.8 -3.6 1.4
      vertex 83.7701 -4.05684 0
      vertex 83.7701 -4.05684 1.4
    endloop
  endfacet
  facet normal -0.980751 -0.195263 0
    outer loop
      vertex 83.7701 -3.14316 0
      vertex 83.6807 -2.69413 1.4
      vertex 83.6807 -2.69413 0
    endloop
  endfacet
  facet normal -0.980751 -0.195263 0
    outer loop
      vertex 83.6807 -2.69413 1.4
      vertex 83.7701 -3.14316 0
      vertex 83.7701 -3.14316 1.4
    endloop
  endfacet
  facet normal -0.7519 -0.659278 0
    outer loop
      vertex 83.0767 -1.46933 -1.5
      vertex 82.7749 -1.12513 1.4
      vertex 82.7749 -1.12513 -1.5
    endloop
  endfacet
  facet normal -0.7519 -0.659278 0
    outer loop
      vertex 82.7749 -1.12513 1.4
      vertex 83.0767 -1.46933 -1.5
      vertex 83.0767 -1.46933 1.4
    endloop
  endfacet
  facet normal -0.0654104 -0.997858 0
    outer loop
      vertex 80.3 -0.0999994 0
      vertex 80.7568 -0.129943 1.4
      vertex 80.3 -0.0999994 1.4
    endloop
  endfacet
  facet normal -0.0654104 -0.997858 -0
    outer loop
      vertex 80.7568 -0.129943 1.4
      vertex 80.3 -0.0999994 0
      vertex 80.7568 -0.129943 0
    endloop
  endfacet
  facet normal -0.555567 -0.831472 0
    outer loop
      vertex 82.2 -0.669137 0
      vertex 82.05 -0.568911 1.4
      vertex 82.05 -0.568911 0
    endloop
  endfacet
  facet normal -0.555535 -0.831493 5.05186e-06
    outer loop
      vertex 82.05 -0.568911 1.4
      vertex 82.2 -0.669137 0
      vertex 82.4307 -0.823263 1.4
    endloop
  endfacet
  facet normal -0.555513 -0.831508 0
    outer loop
      vertex 82.4307 -0.823263 -1.5
      vertex 82.2 -0.669137 0
      vertex 82.2 -0.669137 -1.5
    endloop
  endfacet
  facet normal -0.555513 -0.831508 0
    outer loop
      vertex 82.2 -0.669137 0
      vertex 82.4307 -0.823263 -1.5
      vertex 82.4307 -0.823263 1.4
    endloop
  endfacet
  facet normal 0.980751 -0.195263 0
    outer loop
      vertex 76.8299 -3.14316 1.4
      vertex 76.9193 -2.69413 0
      vertex 76.9193 -2.69413 1.4
    endloop
  endfacet
  facet normal 0.980751 -0.195263 0
    outer loop
      vertex 76.9193 -2.69413 0
      vertex 76.8299 -3.14316 1.4
      vertex 76.8299 -3.14316 0
    endloop
  endfacet
  facet normal 0.7519 -0.659278 0
    outer loop
      vertex 77.5233 -1.46933 1.4
      vertex 77.8251 -1.12513 0
      vertex 77.8251 -1.12513 1.4
    endloop
  endfacet
  facet normal 0.7519 -0.659278 0
    outer loop
      vertex 77.8251 -1.12513 0
      vertex 77.5233 -1.46933 1.4
      vertex 77.5233 -1.46933 0
    endloop
  endfacet
  facet normal 0.442297 -0.896869 0
    outer loop
      vertex 78.55 -0.568911 0
      vertex 78.9606 -0.366421 1.4
      vertex 78.55 -0.568911 1.4
    endloop
  endfacet
  facet normal 0.442297 -0.896869 0
    outer loop
      vertex 78.9606 -0.366421 1.4
      vertex 78.55 -0.568911 0
      vertex 78.9606 -0.366421 0
    endloop
  endfacet
  facet normal 0.195058 -0.980792 0
    outer loop
      vertex 79.3941 -0.219259 0
      vertex 79.8432 -0.129943 1.4
      vertex 79.3941 -0.219259 1.4
    endloop
  endfacet
  facet normal 0.195058 -0.980792 0
    outer loop
      vertex 79.8432 -0.129943 1.4
      vertex 79.3941 -0.219259 0
      vertex 79.8432 -0.129943 0
    endloop
  endfacet
  facet normal -0.94697 0.321322 0
    outer loop
      vertex 83.5336 -4.93939 0
      vertex 83.6807 -4.50587 1.4
      vertex 83.6807 -4.50587 0
    endloop
  endfacet
  facet normal -0.94697 0.321322 0
    outer loop
      vertex 83.6807 -4.50587 1.4
      vertex 83.5336 -4.93939 0
      vertex 83.5336 -4.93939 1.4
    endloop
  endfacet
  facet normal -0.831425 -0.555637 0
    outer loop
      vertex 83.3311 -1.85 -1.5
      vertex 83.0767 -1.46933 1.4
      vertex 83.0767 -1.46933 -1.5
    endloop
  endfacet
  facet normal -0.831425 -0.555637 0
    outer loop
      vertex 83.0767 -1.46933 1.4
      vertex 83.3311 -1.85 -1.5
      vertex 83.3311 -1.85 1.4
    endloop
  endfacet
  facet normal -0.321456 -0.946924 0
    outer loop
      vertex 81.2059 -0.219259 0
      vertex 81.6394 -0.366421 1.4
      vertex 81.2059 -0.219259 1.4
    endloop
  endfacet
  facet normal -0.321456 -0.946924 -0
    outer loop
      vertex 81.6394 -0.366421 1.4
      vertex 81.2059 -0.219259 0
      vertex 81.6394 -0.366421 0
    endloop
  endfacet
  facet normal -0.195058 -0.980792 0
    outer loop
      vertex 80.7568 -0.129943 0
      vertex 81.2059 -0.219259 1.4
      vertex 80.7568 -0.129943 1.4
    endloop
  endfacet
  facet normal -0.195058 -0.980792 -0
    outer loop
      vertex 81.2059 -0.219259 1.4
      vertex 80.7568 -0.129943 0
      vertex 81.2059 -0.219259 0
    endloop
  endfacet
  facet normal -0.65936 -0.751827 0
    outer loop
      vertex 82.4307 -0.823263 -1.5
      vertex 82.7749 -1.12513 1.4
      vertex 82.4307 -0.823263 1.4
    endloop
  endfacet
  facet normal -0.65936 -0.751827 -0
    outer loop
      vertex 82.7749 -1.12513 1.4
      vertex 82.4307 -0.823263 -1.5
      vertex 82.7749 -1.12513 -1.5
    endloop
  endfacet
  facet normal 0.997865 -0.0653099 0
    outer loop
      vertex 76.8 -3.6 1.4
      vertex 76.8299 -3.14316 0
      vertex 76.8299 -3.14316 1.4
    endloop
  endfacet
  facet normal 0.997865 -0.0653099 0
    outer loop
      vertex 76.8299 -3.14316 0
      vertex 76.8 -3.6 1.4
      vertex 76.8 -3.6 0
    endloop
  endfacet
  facet normal 0 0 -1
    outer loop
      vertex 82.6383 -3.71948 1.4
      vertex 83.8 -3.6 1.4
      vertex 83.7701 -4.05684 1.4
    endloop
  endfacet
  facet normal 0 0 -1
    outer loop
      vertex 82.6027 -4.02367 1.4
      vertex 83.7701 -4.05684 1.4
      vertex 83.6807 -4.50587 1.4
    endloop
  endfacet
  facet normal -0 0 -1
    outer loop
      vertex 83.8 -3.6 1.4
      vertex 82.6383 -3.71948 1.4
      vertex 82.6462 -3.6 1.4
    endloop
  endfacet
  facet normal 0 0 -1
    outer loop
      vertex 82.5061 -4.38445 1.4
      vertex 83.6807 -4.50587 1.4
      vertex 83.5336 -4.93939 1.4
    endloop
  endfacet
  facet normal 0 0 -1
    outer loop
      vertex 82.6383 -3.48052 1.4
      vertex 83.8 -3.6 1.4
      vertex 82.6462 -3.6 1.4
    endloop
  endfacet
  facet normal 0 0 -1
    outer loop
      vertex 82.3848 -4.66569 1.4
      vertex 83.5336 -4.93939 1.4
      vertex 83.3311 -5.35 1.4
    endloop
  endfacet
  facet normal 0 0 -1
    outer loop
      vertex 83.8 -3.6 1.4
      vertex 82.6383 -3.48052 1.4
      vertex 83.7701 -3.14316 1.4
    endloop
  endfacet
  facet normal 0 0 -1
    outer loop
      vertex 82.2653 -4.87264 1.4
      vertex 83.3311 -5.35 1.4
      vertex 83.0767 -5.73066 1.4
    endloop
  endfacet
  facet normal 0 0 -1
    outer loop
      vertex 82.6261 -3.29377 1.4
      vertex 83.7701 -3.14316 1.4
      vertex 82.6383 -3.48052 1.4
    endloop
  endfacet
  facet normal 0 0 -1
    outer loop
      vertex 82.0824 -5.11827 1.4
      vertex 83.0767 -5.73066 1.4
      vertex 82.7749 -6.07487 1.4
    endloop
  endfacet
  facet normal 0 0 -1
    outer loop
      vertex 82.6027 -3.17633 1.4
      vertex 83.7701 -3.14316 1.4
      vertex 82.6261 -3.29377 1.4
    endloop
  endfacet
  facet normal 0 0 -1
    outer loop
      vertex 82.5662 -2.99277 1.4
      vertex 83.6807 -2.69413 1.4
      vertex 82.6027 -3.17633 1.4
    endloop
  endfacet
  facet normal -0 0 -1
    outer loop
      vertex 83.7701 -3.14316 1.4
      vertex 82.6027 -3.17633 1.4
      vertex 83.6807 -2.69413 1.4
    endloop
  endfacet
  facet normal 0 0 -1
    outer loop
      vertex 83.7701 -4.05684 1.4
      vertex 82.6261 -3.90623 1.4
      vertex 82.6383 -3.71948 1.4
    endloop
  endfacet
  facet normal 0 0 -1
    outer loop
      vertex 83.7701 -4.05684 1.4
      vertex 82.6027 -4.02367 1.4
      vertex 82.6261 -3.90623 1.4
    endloop
  endfacet
  facet normal 0 0 -1
    outer loop
      vertex 83.6807 -4.50587 1.4
      vertex 82.5662 -4.20723 1.4
      vertex 82.6027 -4.02367 1.4
    endloop
  endfacet
  facet normal 0 0 -1
    outer loop
      vertex 83.6807 -4.50587 1.4
      vertex 82.5061 -4.38445 1.4
      vertex 82.5662 -4.20723 1.4
    endloop
  endfacet
  facet normal 0 0 -1
    outer loop
      vertex 83.5336 -4.93939 1.4
      vertex 82.4676 -4.49783 1.4
      vertex 82.5061 -4.38445 1.4
    endloop
  endfacet
  facet normal 0 0 -1
    outer loop
      vertex 81.8183 -5.38238 1.4
      vertex 82.7749 -6.07487 1.4
      vertex 82.4307 -6.37674 1.4
    endloop
  endfacet
  facet normal 0 0 -1
    outer loop
      vertex 83.5336 -4.93939 1.4
      vertex 82.3848 -4.66569 1.4
      vertex 82.4676 -4.49783 1.4
    endloop
  endfacet
  facet normal 0 0 -1
    outer loop
      vertex 83.3311 -5.35 1.4
      vertex 82.3318 -4.77308 1.4
      vertex 82.3848 -4.66569 1.4
    endloop
  endfacet
  facet normal 0 0 -1
    outer loop
      vertex 83.3311 -5.35 1.4
      vertex 82.2653 -4.87264 1.4
      vertex 82.3318 -4.77308 1.4
    endloop
  endfacet
  facet normal 0 0 -1
    outer loop
      vertex 83.0767 -5.73066 1.4
      vertex 82.1613 -5.02825 1.4
      vertex 82.2653 -4.87264 1.4
    endloop
  endfacet
  facet normal 0 0 -1
    outer loop
      vertex 83.0767 -5.73066 1.4
      vertex 82.0824 -5.11827 1.4
      vertex 82.1613 -5.02825 1.4
    endloop
  endfacet
  facet normal 0 0 -1
    outer loop
      vertex 81.5726 -5.56531 1.4
      vertex 82.4307 -6.37674 1.4
      vertex 82.05 -6.63109 1.4
    endloop
  endfacet
  facet normal 0 0 -1
    outer loop
      vertex 82.7749 -6.07487 1.4
      vertex 81.959 -5.25898 1.4
      vertex 82.0824 -5.11827 1.4
    endloop
  endfacet
  facet normal 0 0 -1
    outer loop
      vertex 82.7749 -6.07487 1.4
      vertex 81.8183 -5.38238 1.4
      vertex 81.959 -5.25898 1.4
    endloop
  endfacet
  facet normal 0 0 -1
    outer loop
      vertex 82.4307 -6.37674 1.4
      vertex 81.7282 -5.46133 1.4
      vertex 81.8183 -5.38238 1.4
    endloop
  endfacet
  facet normal 0 0 -1
    outer loop
      vertex 81.3657 -5.68479 1.4
      vertex 82.05 -6.63109 1.4
      vertex 81.6394 -6.83358 1.4
    endloop
  endfacet
  facet normal 0 0 -1
    outer loop
      vertex 82.4307 -6.37674 1.4
      vertex 81.5726 -5.56531 1.4
      vertex 81.7282 -5.46133 1.4
    endloop
  endfacet
  facet normal 0 0 -1
    outer loop
      vertex 82.05 -6.63109 1.4
      vertex 81.4731 -5.63183 1.4
      vertex 81.5726 -5.56531 1.4
    endloop
  endfacet
  facet normal 0 0 -1
    outer loop
      vertex 82.05 -6.63109 1.4
      vertex 81.3657 -5.68479 1.4
      vertex 81.4731 -5.63183 1.4
    endloop
  endfacet
  facet normal 0 0 -1
    outer loop
      vertex 81.0206 -5.82772 1.4
      vertex 81.6394 -6.83358 1.4
      vertex 81.2059 -6.98074 1.4
    endloop
  endfacet
  facet normal 0 0 -1
    outer loop
      vertex 81.6394 -6.83358 1.4
      vertex 81.1978 -5.76756 1.4
      vertex 81.3657 -5.68479 1.4
    endloop
  endfacet
  facet normal 0 0 -1
    outer loop
      vertex 81.6394 -6.83358 1.4
      vertex 81.0206 -5.82772 1.4
      vertex 81.1978 -5.76756 1.4
    endloop
  endfacet
  facet normal 0 0 -1
    outer loop
      vertex 81.2059 -6.98074 1.4
      vertex 80.9072 -5.86621 1.4
      vertex 81.0206 -5.82772 1.4
    endloop
  endfacet
  facet normal 0 0 -1
    outer loop
      vertex 81.2059 -6.98074 1.4
      vertex 80.7898 -5.88957 1.4
      vertex 80.9072 -5.86621 1.4
    endloop
  endfacet
  facet normal 0 0 -1
    outer loop
      vertex 80.7568 -7.07006 1.4
      vertex 80.7898 -5.88957 1.4
      vertex 81.2059 -6.98074 1.4
    endloop
  endfacet
  facet normal 0 0 -1
    outer loop
      vertex 80.7568 -7.07006 1.4
      vertex 80.6062 -5.92608 1.4
      vertex 80.7898 -5.88957 1.4
    endloop
  endfacet
  facet normal 0 0 -1
    outer loop
      vertex 80.7568 -7.07006 1.4
      vertex 80.4195 -5.93832 1.4
      vertex 80.6062 -5.92608 1.4
    endloop
  endfacet
  facet normal 0 0 -1
    outer loop
      vertex 80.3 -7.1 1.4
      vertex 80.4195 -5.93832 1.4
      vertex 80.7568 -7.07006 1.4
    endloop
  endfacet
  facet normal 0 0 -1
    outer loop
      vertex 80.3 -7.1 1.4
      vertex 80.3 -5.94615 1.4
      vertex 80.4195 -5.93832 1.4
    endloop
  endfacet
  facet normal 0 0 -1
    outer loop
      vertex 80.3 -7.1 1.4
      vertex 80.1805 -5.93832 1.4
      vertex 80.3 -5.94615 1.4
    endloop
  endfacet
  facet normal 0 0 -1
    outer loop
      vertex 79.8432 -7.07006 1.4
      vertex 80.1805 -5.93832 1.4
      vertex 80.3 -7.1 1.4
    endloop
  endfacet
  facet normal -0 0 -1
    outer loop
      vertex 80.1805 -5.93832 1.4
      vertex 79.8432 -7.07006 1.4
      vertex 79.9938 -5.92608 1.4
    endloop
  endfacet
  facet normal 0 0 -1
    outer loop
      vertex 79.8432 -7.07006 1.4
      vertex 79.8102 -5.88957 1.4
      vertex 79.9938 -5.92608 1.4
    endloop
  endfacet
  facet normal 0 0 -1
    outer loop
      vertex 79.3941 -6.98074 1.4
      vertex 79.8102 -5.88957 1.4
      vertex 79.8432 -7.07006 1.4
    endloop
  endfacet
  facet normal -0 0 -1
    outer loop
      vertex 79.8102 -5.88957 1.4
      vertex 79.3941 -6.98074 1.4
      vertex 79.6928 -5.86621 1.4
    endloop
  endfacet
  facet normal -0 0 -1
    outer loop
      vertex 79.6928 -5.86621 1.4
      vertex 79.3941 -6.98074 1.4
      vertex 79.5794 -5.82772 1.4
    endloop
  endfacet
  facet normal 0 0 -1
    outer loop
      vertex 78.9606 -6.83358 1.4
      vertex 79.5794 -5.82772 1.4
      vertex 79.3941 -6.98074 1.4
    endloop
  endfacet
  facet normal -0 0 -1
    outer loop
      vertex 79.5794 -5.82772 1.4
      vertex 78.9606 -6.83358 1.4
      vertex 79.4022 -5.76756 1.4
    endloop
  endfacet
  facet normal -0 0 -1
    outer loop
      vertex 79.4022 -5.76756 1.4
      vertex 78.9606 -6.83358 1.4
      vertex 79.2343 -5.68479 1.4
    endloop
  endfacet
  facet normal 0 0 -1
    outer loop
      vertex 78.55 -6.63109 1.4
      vertex 79.2343 -5.68479 1.4
      vertex 78.9606 -6.83358 1.4
    endloop
  endfacet
  facet normal -0 0 -1
    outer loop
      vertex 79.2343 -5.68479 1.4
      vertex 78.55 -6.63109 1.4
      vertex 79.1269 -5.63183 1.4
    endloop
  endfacet
  facet normal -0 0 -1
    outer loop
      vertex 79.1269 -5.63183 1.4
      vertex 78.55 -6.63109 1.4
      vertex 79.0274 -5.56531 1.4
    endloop
  endfacet
  facet normal 0 0 -1
    outer loop
      vertex 78.1693 -6.37674 1.4
      vertex 79.0274 -5.56531 1.4
      vertex 78.55 -6.63109 1.4
    endloop
  endfacet
  facet normal -0 0 -1
    outer loop
      vertex 79.0274 -5.56531 1.4
      vertex 78.1693 -6.37674 1.4
      vertex 78.8717 -5.46133 1.4
    endloop
  endfacet
  facet normal -0 0 -1
    outer loop
      vertex 78.8717 -5.46133 1.4
      vertex 78.1693 -6.37674 1.4
      vertex 78.7817 -5.38238 1.4
    endloop
  endfacet
  facet normal 0 0 -1
    outer loop
      vertex 77.8251 -6.07487 1.4
      vertex 78.7817 -5.38238 1.4
      vertex 78.1693 -6.37674 1.4
    endloop
  endfacet
  facet normal -0 0 -1
    outer loop
      vertex 78.7817 -5.38238 1.4
      vertex 77.8251 -6.07487 1.4
      vertex 78.641 -5.25898 1.4
    endloop
  endfacet
  facet normal -0 0 -1
    outer loop
      vertex 78.641 -5.25898 1.4
      vertex 77.8251 -6.07487 1.4
      vertex 78.5176 -5.11827 1.4
    endloop
  endfacet
  facet normal 0 0 -1
    outer loop
      vertex 77.5233 -5.73066 1.4
      vertex 78.5176 -5.11827 1.4
      vertex 77.8251 -6.07487 1.4
    endloop
  endfacet
  facet normal -0 0 -1
    outer loop
      vertex 78.5176 -5.11827 1.4
      vertex 77.5233 -5.73066 1.4
      vertex 78.4387 -5.02825 1.4
    endloop
  endfacet
  facet normal -0 0 -1
    outer loop
      vertex 78.4387 -5.02825 1.4
      vertex 77.5233 -5.73066 1.4
      vertex 78.3721 -4.92869 1.4
    endloop
  endfacet
  facet normal 0 0 -1
    outer loop
      vertex 77.2689 -5.35 1.4
      vertex 78.3721 -4.92869 1.4
      vertex 77.5233 -5.73066 1.4
    endloop
  endfacet
  facet normal -0 0 -1
    outer loop
      vertex 78.3721 -4.92869 1.4
      vertex 77.2689 -5.35 1.4
      vertex 78.2682 -4.77308 1.4
    endloop
  endfacet
  facet normal -0 0 -1
    outer loop
      vertex 78.2682 -4.77308 1.4
      vertex 77.2689 -5.35 1.4
      vertex 78.1854 -4.60522 1.4
    endloop
  endfacet
  facet normal 0 0 -1
    outer loop
      vertex 77.0664 -4.93939 1.4
      vertex 78.1854 -4.60522 1.4
      vertex 77.2689 -5.35 1.4
    endloop
  endfacet
  facet normal -0 0 -1
    outer loop
      vertex 78.1854 -4.60522 1.4
      vertex 77.0664 -4.93939 1.4
      vertex 78.1324 -4.49783 1.4
    endloop
  endfacet
  facet normal 0 0 -1
    outer loop
      vertex 76.8299 -4.05684 1.4
      vertex 77.9617 -3.71948 1.4
      vertex 77.9739 -3.90623 1.4
    endloop
  endfacet
  facet normal 0 0 -1
    outer loop
      vertex 76.9193 -4.50587 1.4
      vertex 78.0939 -4.38445 1.4
      vertex 77.0664 -4.93939 1.4
    endloop
  endfacet
  facet normal -0 0 -1
    outer loop
      vertex 78.1324 -4.49783 1.4
      vertex 77.0664 -4.93939 1.4
      vertex 78.0939 -4.38445 1.4
    endloop
  endfacet
  facet normal 0 0 -1
    outer loop
      vertex 82.5061 -2.81555 1.4
      vertex 83.6807 -2.69413 1.4
      vertex 82.5662 -2.99277 1.4
    endloop
  endfacet
  facet normal -0 0 -1
    outer loop
      vertex 83.6807 -2.69413 1.4
      vertex 82.5061 -2.81555 1.4
      vertex 83.5336 -2.26061 1.4
    endloop
  endfacet
  facet normal 0 0 -1
    outer loop
      vertex 82.4676 -2.70217 1.4
      vertex 83.5336 -2.26061 1.4
      vertex 82.5061 -2.81555 1.4
    endloop
  endfacet
  facet normal 0 0 -1
    outer loop
      vertex 82.3848 -2.53431 1.4
      vertex 83.5336 -2.26061 1.4
      vertex 82.4676 -2.70217 1.4
    endloop
  endfacet
  facet normal -0 0 -1
    outer loop
      vertex 83.5336 -2.26061 1.4
      vertex 82.3848 -2.53431 1.4
      vertex 83.3311 -1.85 1.4
    endloop
  endfacet
  facet normal 0 0 -1
    outer loop
      vertex 82.3318 -2.42692 1.4
      vertex 83.3311 -1.85 1.4
      vertex 82.3848 -2.53431 1.4
    endloop
  endfacet
  facet normal 0 0 -1
    outer loop
      vertex 82.2653 -2.32736 1.4
      vertex 83.3311 -1.85 1.4
      vertex 82.3318 -2.42692 1.4
    endloop
  endfacet
  facet normal -0 0 -1
    outer loop
      vertex 83.3311 -1.85 1.4
      vertex 82.2653 -2.32736 1.4
      vertex 83.0767 -1.46933 1.4
    endloop
  endfacet
  facet normal 0 0 -1
    outer loop
      vertex 82.1613 -2.17175 1.4
      vertex 83.0767 -1.46933 1.4
      vertex 82.2653 -2.32736 1.4
    endloop
  endfacet
  facet normal 0 0 -1
    outer loop
      vertex 82.0824 -2.08173 1.4
      vertex 83.0767 -1.46933 1.4
      vertex 82.1613 -2.17175 1.4
    endloop
  endfacet
  facet normal -0 0 -1
    outer loop
      vertex 83.0767 -1.46933 1.4
      vertex 82.0824 -2.08173 1.4
      vertex 82.7749 -1.12513 1.4
    endloop
  endfacet
  facet normal 0 0 -1
    outer loop
      vertex 81.959 -1.94102 1.4
      vertex 82.7749 -1.12513 1.4
      vertex 82.0824 -2.08173 1.4
    endloop
  endfacet
  facet normal 0 0 -1
    outer loop
      vertex 81.8183 -1.81762 1.4
      vertex 82.7749 -1.12513 1.4
      vertex 81.959 -1.94102 1.4
    endloop
  endfacet
  facet normal -0 0 -1
    outer loop
      vertex 82.7749 -1.12513 1.4
      vertex 81.8183 -1.81762 1.4
      vertex 82.4307 -0.823263 1.4
    endloop
  endfacet
  facet normal 0 0 -1
    outer loop
      vertex 81.7282 -1.73867 1.4
      vertex 82.4307 -0.823263 1.4
      vertex 81.8183 -1.81762 1.4
    endloop
  endfacet
  facet normal 0 0 -1
    outer loop
      vertex 81.5726 -1.63469 1.4
      vertex 82.4307 -0.823263 1.4
      vertex 81.7282 -1.73867 1.4
    endloop
  endfacet
  facet normal -0 0 -1
    outer loop
      vertex 82.4307 -0.823263 1.4
      vertex 81.5726 -1.63469 1.4
      vertex 82.05 -0.568911 1.4
    endloop
  endfacet
  facet normal 0 0 -1
    outer loop
      vertex 81.4731 -1.56817 1.4
      vertex 82.05 -0.568911 1.4
      vertex 81.5726 -1.63469 1.4
    endloop
  endfacet
  facet normal 0 0 -1
    outer loop
      vertex 81.3052 -1.48539 1.4
      vertex 82.05 -0.568911 1.4
      vertex 81.4731 -1.56817 1.4
    endloop
  endfacet
  facet normal -0 0 -1
    outer loop
      vertex 82.05 -0.568911 1.4
      vertex 81.3052 -1.48539 1.4
      vertex 81.6394 -0.366421 1.4
    endloop
  endfacet
  facet normal 0 0 -1
    outer loop
      vertex 81.1978 -1.43244 1.4
      vertex 81.6394 -0.366421 1.4
      vertex 81.3052 -1.48539 1.4
    endloop
  endfacet
  facet normal 0 0 -1
    outer loop
      vertex 81.0844 -1.39395 1.4
      vertex 81.6394 -0.366421 1.4
      vertex 81.1978 -1.43244 1.4
    endloop
  endfacet
  facet normal -0 0 -1
    outer loop
      vertex 81.6394 -0.366421 1.4
      vertex 81.0844 -1.39395 1.4
      vertex 81.2059 -0.219259 1.4
    endloop
  endfacet
  facet normal 0 0 -1
    outer loop
      vertex 80.9072 -1.33379 1.4
      vertex 81.2059 -0.219259 1.4
      vertex 81.0844 -1.39395 1.4
    endloop
  endfacet
  facet normal 0 0 -1
    outer loop
      vertex 80.7898 -1.31043 1.4
      vertex 81.2059 -0.219259 1.4
      vertex 80.9072 -1.33379 1.4
    endloop
  endfacet
  facet normal 0 0 -1
    outer loop
      vertex 80.7898 -1.31043 1.4
      vertex 80.7568 -0.129943 1.4
      vertex 81.2059 -0.219259 1.4
    endloop
  endfacet
  facet normal 0 0 -1
    outer loop
      vertex 80.6062 -1.27392 1.4
      vertex 80.7568 -0.129943 1.4
      vertex 80.7898 -1.31043 1.4
    endloop
  endfacet
  facet normal 0 0 -1
    outer loop
      vertex 80.4195 -1.26168 1.4
      vertex 80.7568 -0.129943 1.4
      vertex 80.6062 -1.27392 1.4
    endloop
  endfacet
  facet normal 0 0 -1
    outer loop
      vertex 80.3 -0.0999994 1.4
      vertex 80.4195 -1.26168 1.4
      vertex 80.3 -1.25385 1.4
    endloop
  endfacet
  facet normal 0 0 -1
    outer loop
      vertex 80.4195 -1.26168 1.4
      vertex 80.3 -0.0999994 1.4
      vertex 80.7568 -0.129943 1.4
    endloop
  endfacet
  facet normal 0 0 -1
    outer loop
      vertex 80.1805 -1.26168 1.4
      vertex 80.3 -0.0999994 1.4
      vertex 80.3 -1.25385 1.4
    endloop
  endfacet
  facet normal 0 0 -1
    outer loop
      vertex 79.8432 -0.129943 1.4
      vertex 80.1805 -1.26168 1.4
      vertex 79.9938 -1.27392 1.4
    endloop
  endfacet
  facet normal 0 0 -1
    outer loop
      vertex 80.1805 -1.26168 1.4
      vertex 79.8432 -0.129943 1.4
      vertex 80.3 -0.0999994 1.4
    endloop
  endfacet
  facet normal 0 0 -1
    outer loop
      vertex 79.8102 -1.31043 1.4
      vertex 79.8432 -0.129943 1.4
      vertex 79.9938 -1.27392 1.4
    endloop
  endfacet
  facet normal 0 0 -1
    outer loop
      vertex 79.3941 -0.219259 1.4
      vertex 79.8102 -1.31043 1.4
      vertex 79.6928 -1.33379 1.4
    endloop
  endfacet
  facet normal 0 0 -1
    outer loop
      vertex 79.3941 -0.219259 1.4
      vertex 79.6928 -1.33379 1.4
      vertex 79.5155 -1.39395 1.4
    endloop
  endfacet
  facet normal 0 0 -1
    outer loop
      vertex 78.9606 -0.366421 1.4
      vertex 79.5155 -1.39395 1.4
      vertex 79.4022 -1.43244 1.4
    endloop
  endfacet
  facet normal 0 0 -1
    outer loop
      vertex 79.8102 -1.31043 1.4
      vertex 79.3941 -0.219259 1.4
      vertex 79.8432 -0.129943 1.4
    endloop
  endfacet
  facet normal 0 0 -1
    outer loop
      vertex 78.9606 -0.366421 1.4
      vertex 79.4022 -1.43244 1.4
      vertex 79.2343 -1.51521 1.4
    endloop
  endfacet
  facet normal 0 0 -1
    outer loop
      vertex 78.55 -0.568911 1.4
      vertex 79.2343 -1.51521 1.4
      vertex 79.1269 -1.56817 1.4
    endloop
  endfacet
  facet normal 0 0 -1
    outer loop
      vertex 78.55 -0.568911 1.4
      vertex 79.1269 -1.56817 1.4
      vertex 79.0274 -1.63469 1.4
    endloop
  endfacet
  facet normal 0 0 -1
    outer loop
      vertex 79.5155 -1.39395 1.4
      vertex 78.9606 -0.366421 1.4
      vertex 79.3941 -0.219259 1.4
    endloop
  endfacet
  facet normal 0 0 -1
    outer loop
      vertex 78.1693 -0.823263 1.4
      vertex 79.0274 -1.63469 1.4
      vertex 78.8717 -1.73867 1.4
    endloop
  endfacet
  facet normal 0 0 -1
    outer loop
      vertex 78.1693 -0.823263 1.4
      vertex 78.8717 -1.73867 1.4
      vertex 78.7817 -1.81762 1.4
    endloop
  endfacet
  facet normal 0 0 -1
    outer loop
      vertex 77.8251 -1.12513 1.4
      vertex 78.7817 -1.81762 1.4
      vertex 78.641 -1.94102 1.4
    endloop
  endfacet
  facet normal 0 0 -1
    outer loop
      vertex 79.2343 -1.51521 1.4
      vertex 78.55 -0.568911 1.4
      vertex 78.9606 -0.366421 1.4
    endloop
  endfacet
  facet normal 0 0 -1
    outer loop
      vertex 77.8251 -1.12513 1.4
      vertex 78.641 -1.94102 1.4
      vertex 78.5176 -2.08173 1.4
    endloop
  endfacet
  facet normal 0 0 -1
    outer loop
      vertex 77.5233 -1.46933 1.4
      vertex 78.5176 -2.08173 1.4
      vertex 78.4387 -2.17175 1.4
    endloop
  endfacet
  facet normal 0 0 -1
    outer loop
      vertex 77.5233 -1.46933 1.4
      vertex 78.4387 -2.17175 1.4
      vertex 78.3721 -2.27131 1.4
    endloop
  endfacet
  facet normal 0 0 -1
    outer loop
      vertex 77.2689 -1.85 1.4
      vertex 78.3721 -2.27131 1.4
      vertex 78.2682 -2.42692 1.4
    endloop
  endfacet
  facet normal 0 0 -1
    outer loop
      vertex 77.2689 -1.85 1.4
      vertex 78.2682 -2.42692 1.4
      vertex 78.1854 -2.59478 1.4
    endloop
  endfacet
  facet normal 0 0 -1
    outer loop
      vertex 79.0274 -1.63469 1.4
      vertex 78.1693 -0.823263 1.4
      vertex 78.55 -0.568911 1.4
    endloop
  endfacet
  facet normal 0 0 -1
    outer loop
      vertex 77.0664 -2.26061 1.4
      vertex 78.1854 -2.59478 1.4
      vertex 78.1324 -2.70217 1.4
    endloop
  endfacet
  facet normal 0 0 -1
    outer loop
      vertex 77.0664 -2.26061 1.4
      vertex 78.1324 -2.70217 1.4
      vertex 78.0939 -2.81555 1.4
    endloop
  endfacet
  facet normal 0 0 -1
    outer loop
      vertex 76.9193 -2.69413 1.4
      vertex 78.0939 -2.81555 1.4
      vertex 78.0338 -2.99277 1.4
    endloop
  endfacet
  facet normal 0 0 -1
    outer loop
      vertex 76.9193 -2.69413 1.4
      vertex 78.0338 -2.99277 1.4
      vertex 78.0104 -3.11021 1.4
    endloop
  endfacet
  facet normal 0 0 -1
    outer loop
      vertex 76.8299 -3.14316 1.4
      vertex 78.0104 -3.11021 1.4
      vertex 77.9739 -3.29377 1.4
    endloop
  endfacet
  facet normal 0 0 -1
    outer loop
      vertex 76.8 -3.6 1.4
      vertex 77.9617 -3.48052 1.4
      vertex 77.9538 -3.6 1.4
    endloop
  endfacet
  facet normal 0 0 -1
    outer loop
      vertex 78.7817 -1.81762 1.4
      vertex 77.8251 -1.12513 1.4
      vertex 78.1693 -0.823263 1.4
    endloop
  endfacet
  facet normal 0 0 -1
    outer loop
      vertex 77.9617 -3.48052 1.4
      vertex 76.8299 -3.14316 1.4
      vertex 77.9739 -3.29377 1.4
    endloop
  endfacet
  facet normal -0 0 -1
    outer loop
      vertex 78.0939 -4.38445 1.4
      vertex 76.9193 -4.50587 1.4
      vertex 78.0338 -4.20723 1.4
    endloop
  endfacet
  facet normal -0 0 -1
    outer loop
      vertex 78.0338 -4.20723 1.4
      vertex 76.9193 -4.50587 1.4
      vertex 78.0104 -4.08979 1.4
    endloop
  endfacet
  facet normal 0 0 -1
    outer loop
      vertex 78.5176 -2.08173 1.4
      vertex 77.5233 -1.46933 1.4
      vertex 77.8251 -1.12513 1.4
    endloop
  endfacet
  facet normal 0 0 -1
    outer loop
      vertex 76.8299 -4.05684 1.4
      vertex 78.0104 -4.08979 1.4
      vertex 76.9193 -4.50587 1.4
    endloop
  endfacet
  facet normal 0 0 -1
    outer loop
      vertex 78.3721 -2.27131 1.4
      vertex 77.2689 -1.85 1.4
      vertex 77.5233 -1.46933 1.4
    endloop
  endfacet
  facet normal 0 0 -1
    outer loop
      vertex 78.0104 -4.08979 1.4
      vertex 76.8299 -4.05684 1.4
      vertex 77.9739 -3.90623 1.4
    endloop
  endfacet
  facet normal 0 0 -1
    outer loop
      vertex 78.1854 -2.59478 1.4
      vertex 77.0664 -2.26061 1.4
      vertex 77.2689 -1.85 1.4
    endloop
  endfacet
  facet normal 0 0 -1
    outer loop
      vertex 76.8 -3.6 1.4
      vertex 77.9617 -3.71948 1.4
      vertex 76.8299 -4.05684 1.4
    endloop
  endfacet
  facet normal 0 0 -1
    outer loop
      vertex 78.0939 -2.81555 1.4
      vertex 76.9193 -2.69413 1.4
      vertex 77.0664 -2.26061 1.4
    endloop
  endfacet
  facet normal 0 0 -1
    outer loop
      vertex 77.9617 -3.71948 1.4
      vertex 76.8 -3.6 1.4
      vertex 77.9538 -3.6 1.4
    endloop
  endfacet
  facet normal -0 0 -1
    outer loop
      vertex 78.0104 -3.11021 1.4
      vertex 76.8299 -3.14316 1.4
      vertex 76.9193 -2.69413 1.4
    endloop
  endfacet
  facet normal -0 0 -1
    outer loop
      vertex 77.9617 -3.48052 1.4
      vertex 76.8 -3.6 1.4
      vertex 76.8299 -3.14316 1.4
    endloop
  endfacet
  facet normal 0.831425 -0.555637 0
    outer loop
      vertex 77.2689 -1.85 1.4
      vertex 77.5233 -1.46933 0
      vertex 77.5233 -1.46933 1.4
    endloop
  endfacet
  facet normal 0.831425 -0.555637 0
    outer loop
      vertex 77.5233 -1.46933 0
      vertex 77.2689 -1.85 1.4
      vertex 77.2689 -1.85 0
    endloop
  endfacet
  facet normal 0.0654104 -0.997858 0
    outer loop
      vertex 79.8432 -0.129943 0
      vertex 80.3 -0.0999994 1.4
      vertex 79.8432 -0.129943 1.4
    endloop
  endfacet
  facet normal 0.0654104 -0.997858 0
    outer loop
      vertex 80.3 -0.0999994 1.4
      vertex 79.8432 -0.129943 0
      vertex 80.3 -0.0999994 0
    endloop
  endfacet
  facet normal 0.555535 -0.831493 0
    outer loop
      vertex 78.1693 -0.823263 0
      vertex 78.55 -0.568911 1.4
      vertex 78.1693 -0.823263 1.4
    endloop
  endfacet
  facet normal 0.555535 -0.831493 0
    outer loop
      vertex 78.55 -0.568911 1.4
      vertex 78.1693 -0.823263 0
      vertex 78.55 -0.568911 0
    endloop
  endfacet
  facet normal 0.65936 -0.751827 0
    outer loop
      vertex 77.8251 -1.12513 0
      vertex 78.1693 -0.823263 1.4
      vertex 77.8251 -1.12513 1.4
    endloop
  endfacet
  facet normal 0.65936 -0.751827 0
    outer loop
      vertex 78.1693 -0.823263 1.4
      vertex 77.8251 -1.12513 0
      vertex 78.1693 -0.823263 0
    endloop
  endfacet
  facet normal -0.997865 -0.0653099 0
    outer loop
      vertex 83.8 -3.6 0
      vertex 83.7701 -3.14316 1.4
      vertex 83.7701 -3.14316 0
    endloop
  endfacet
  facet normal -0.997865 -0.0653099 0
    outer loop
      vertex 83.7701 -3.14316 1.4
      vertex 83.8 -3.6 0
      vertex 83.8 -3.6 1.4
    endloop
  endfacet
  facet normal -0.980751 0.195263 0
    outer loop
      vertex 83.6807 -4.50587 0
      vertex 83.7701 -4.05684 1.4
      vertex 83.7701 -4.05684 0
    endloop
  endfacet
  facet normal -0.980751 0.195263 0
    outer loop
      vertex 83.7701 -4.05684 1.4
      vertex 83.6807 -4.50587 0
      vertex 83.6807 -4.50587 1.4
    endloop
  endfacet
  facet normal -0.0654026 0.997859 0
    outer loop
      vertex 80.7568 -7.07006 0
      vertex 80.3 -7.1 1.4
      vertex 80.7568 -7.07006 1.4
    endloop
  endfacet
  facet normal -0.0654026 0.997859 0
    outer loop
      vertex 80.3 -7.1 1.4
      vertex 80.7568 -7.07006 0
      vertex 80.3 -7.1 0
    endloop
  endfacet
  facet normal -0.195066 0.98079 0
    outer loop
      vertex 81.2059 -6.98074 0
      vertex 80.7568 -7.07006 1.4
      vertex 81.2059 -6.98074 1.4
    endloop
  endfacet
  facet normal -0.195066 0.98079 0
    outer loop
      vertex 80.7568 -7.07006 1.4
      vertex 81.2059 -6.98074 0
      vertex 80.7568 -7.07006 0
    endloop
  endfacet
  facet normal -0.442297 0.896869 -1.02864e-05
    outer loop
      vertex 82.05 -6.63109 1.4
      vertex 81.9103 -6.7 0
      vertex 81.6394 -6.83358 1.4
    endloop
  endfacet
  facet normal -0.442379 0.896828 0
    outer loop
      vertex 82.05 -6.63109 -1.5
      vertex 81.9103 -6.7 0
      vertex 82.05 -6.63109 1.4
    endloop
  endfacet
  facet normal -0.442379 0.896828 0
    outer loop
      vertex 81.9103 -6.7 0
      vertex 82.05 -6.63109 -1.5
      vertex 81.9103 -6.7 -1.5
    endloop
  endfacet
  facet normal -0.442254 0.89689 0
    outer loop
      vertex 81.6394 -6.83358 1.4
      vertex 81.9103 -6.7 0
      vertex 81.6394 -6.83358 0
    endloop
  endfacet
  facet normal -0.751909 0.659267 0
    outer loop
      vertex 82.7749 -6.07487 -1.5
      vertex 83.0767 -5.73066 1.4
      vertex 83.0767 -5.73066 -1.5
    endloop
  endfacet
  facet normal -0.751909 0.659267 0
    outer loop
      vertex 83.0767 -5.73066 1.4
      vertex 82.7749 -6.07487 -1.5
      vertex 82.7749 -6.07487 1.4
    endloop
  endfacet
  facet normal -0.831418 0.555647 0
    outer loop
      vertex 83.0767 -5.73066 -1.5
      vertex 83.3311 -5.35 1.4
      vertex 83.3311 -5.35 -1.5
    endloop
  endfacet
  facet normal -0.831418 0.555647 0
    outer loop
      vertex 83.3311 -5.35 1.4
      vertex 83.0767 -5.73066 -1.5
      vertex 83.0767 -5.73066 1.4
    endloop
  endfacet
  facet normal -0.896904 0.442226 0
    outer loop
      vertex 83.4 -5.21026 -1.5
      vertex 83.3311 -5.35 -1.5
      vertex 83.4 -5.21026 0
    endloop
  endfacet
  facet normal -0.896844 0.442346 0
    outer loop
      vertex 83.4 -5.21026 0
      vertex 83.5336 -4.93939 1.4
      vertex 83.5336 -4.93939 0
    endloop
  endfacet
  facet normal -0.896864 0.442305 9.86177e-06
    outer loop
      vertex 83.4 -5.21026 0
      vertex 83.3311 -5.35 1.4
      vertex 83.5336 -4.93939 1.4
    endloop
  endfacet
  facet normal -0.896904 0.442226 0
    outer loop
      vertex 83.3311 -5.35 1.4
      vertex 83.4 -5.21026 0
      vertex 83.3311 -5.35 -1.5
    endloop
  endfacet
  facet normal 0.195066 0.98079 -0
    outer loop
      vertex 79.8432 -7.07006 0
      vertex 79.3941 -6.98074 1.4
      vertex 79.8432 -7.07006 1.4
    endloop
  endfacet
  facet normal 0.195066 0.98079 0
    outer loop
      vertex 79.3941 -6.98074 1.4
      vertex 79.8432 -7.07006 0
      vertex 79.3941 -6.98074 0
    endloop
  endfacet
  facet normal 0.896864 0.442305 0
    outer loop
      vertex 77.2689 -5.35 1.4
      vertex 77.0664 -4.93939 0
      vertex 77.0664 -4.93939 1.4
    endloop
  endfacet
  facet normal 0.896864 0.442305 0
    outer loop
      vertex 77.0664 -4.93939 0
      vertex 77.2689 -5.35 1.4
      vertex 77.2689 -5.35 0
    endloop
  endfacet
  facet normal 0.659364 0.751824 -0
    outer loop
      vertex 78.1693 -6.37674 -1.5
      vertex 77.8251 -6.07487 1.4
      vertex 78.1693 -6.37674 1.4
    endloop
  endfacet
  facet normal 0.659364 0.751824 0
    outer loop
      vertex 77.8251 -6.07487 1.4
      vertex 78.1693 -6.37674 -1.5
      vertex 77.8251 -6.07487 -1.5
    endloop
  endfacet
  facet normal -0.321452 0.946926 0
    outer loop
      vertex 81.6394 -6.83358 0
      vertex 81.2059 -6.98074 1.4
      vertex 81.6394 -6.83358 1.4
    endloop
  endfacet
  facet normal -0.321452 0.946926 0
    outer loop
      vertex 81.2059 -6.98074 1.4
      vertex 81.6394 -6.83358 0
      vertex 81.2059 -6.98074 0
    endloop
  endfacet
  facet normal -0.659364 0.751824 0
    outer loop
      vertex 82.7749 -6.07487 -1.5
      vertex 82.4307 -6.37674 1.4
      vertex 82.7749 -6.07487 1.4
    endloop
  endfacet
  facet normal -0.659364 0.751824 0
    outer loop
      vertex 82.4307 -6.37674 1.4
      vertex 82.7749 -6.07487 -1.5
      vertex 82.4307 -6.37674 -1.5
    endloop
  endfacet
  facet normal -0.555532 0.831495 0
    outer loop
      vertex 82.4307 -6.37674 -1.5
      vertex 82.05 -6.63109 1.4
      vertex 82.4307 -6.37674 1.4
    endloop
  endfacet
  facet normal -0.555532 0.831495 0
    outer loop
      vertex 82.05 -6.63109 1.4
      vertex 82.4307 -6.37674 -1.5
      vertex 82.05 -6.63109 -1.5
    endloop
  endfacet
  facet normal 0.321452 0.946926 -0
    outer loop
      vertex 79.3941 -6.98074 0
      vertex 78.9606 -6.83358 1.4
      vertex 79.3941 -6.98074 1.4
    endloop
  endfacet
  facet normal 0.321452 0.946926 0
    outer loop
      vertex 78.9606 -6.83358 1.4
      vertex 79.3941 -6.98074 0
      vertex 78.9606 -6.83358 0
    endloop
  endfacet
  facet normal 0.0654026 0.997859 -0
    outer loop
      vertex 80.3 -7.1 0
      vertex 79.8432 -7.07006 1.4
      vertex 80.3 -7.1 1.4
    endloop
  endfacet
  facet normal 0.0654026 0.997859 0
    outer loop
      vertex 79.8432 -7.07006 1.4
      vertex 80.3 -7.1 0
      vertex 79.8432 -7.07006 0
    endloop
  endfacet
  facet normal 0.980751 0.195263 0
    outer loop
      vertex 76.9193 -4.50587 1.4
      vertex 76.8299 -4.05684 0
      vertex 76.8299 -4.05684 1.4
    endloop
  endfacet
  facet normal 0.980751 0.195263 0
    outer loop
      vertex 76.8299 -4.05684 0
      vertex 76.9193 -4.50587 1.4
      vertex 76.9193 -4.50587 0
    endloop
  endfacet
  facet normal 0.997865 0.0653099 0
    outer loop
      vertex 76.8299 -4.05684 1.4
      vertex 76.8 -3.6 0
      vertex 76.8 -3.6 1.4
    endloop
  endfacet
  facet normal 0.997865 0.0653099 0
    outer loop
      vertex 76.8 -3.6 0
      vertex 76.8299 -4.05684 1.4
      vertex 76.8299 -4.05684 0
    endloop
  endfacet
  facet normal 0.94697 0.321322 0
    outer loop
      vertex 77.0664 -4.93939 1.4
      vertex 76.9193 -4.50587 0
      vertex 76.9193 -4.50587 1.4
    endloop
  endfacet
  facet normal 0.94697 0.321322 0
    outer loop
      vertex 76.9193 -4.50587 0
      vertex 77.0664 -4.93939 1.4
      vertex 77.0664 -4.93939 0
    endloop
  endfacet
  facet normal 0.751909 0.659267 0
    outer loop
      vertex 77.8251 -6.07487 1.4
      vertex 77.5233 -5.73066 -1.5
      vertex 77.5233 -5.73066 1.4
    endloop
  endfacet
  facet normal 0.751909 0.659267 0
    outer loop
      vertex 77.5233 -5.73066 -1.5
      vertex 77.8251 -6.07487 1.4
      vertex 77.8251 -6.07487 -1.5
    endloop
  endfacet
  facet normal 0.831538 0.555468 0
    outer loop
      vertex 77.2689 -5.35 1.4
      vertex 77.3691 -5.5 0
      vertex 77.2689 -5.35 0
    endloop
  endfacet
  facet normal 0.831418 0.555647 -2.7876e-05
    outer loop
      vertex 77.5233 -5.73066 1.4
      vertex 77.3691 -5.5 0
      vertex 77.2689 -5.35 1.4
    endloop
  endfacet
  facet normal 0.83134 0.555764 -0
    outer loop
      vertex 77.5233 -5.73066 -1.5
      vertex 77.3691 -5.5 0
      vertex 77.5233 -5.73066 1.4
    endloop
  endfacet
  facet normal 0.83134 0.555764 0
    outer loop
      vertex 77.3691 -5.5 0
      vertex 77.5233 -5.73066 -1.5
      vertex 77.3691 -5.5 -1.5
    endloop
  endfacet
  facet normal 0.442254 0.89689 0
    outer loop
      vertex 78.6897 -6.7 0
      vertex 78.9606 -6.83358 1.4
      vertex 78.9606 -6.83358 0
    endloop
  endfacet
  facet normal 0.442297 0.896869 -1.02864e-05
    outer loop
      vertex 78.9606 -6.83358 1.4
      vertex 78.6897 -6.7 0
      vertex 78.55 -6.63109 1.4
    endloop
  endfacet
  facet normal 0.442379 0.896828 0
    outer loop
      vertex 78.55 -6.63109 -1.5
      vertex 78.6897 -6.7 0
      vertex 78.6897 -6.7 -1.5
    endloop
  endfacet
  facet normal 0.442379 0.896828 0
    outer loop
      vertex 78.6897 -6.7 0
      vertex 78.55 -6.63109 -1.5
      vertex 78.55 -6.63109 1.4
    endloop
  endfacet
  facet normal 0.555532 0.831495 -0
    outer loop
      vertex 78.55 -6.63109 -1.5
      vertex 78.1693 -6.37674 1.4
      vertex 78.55 -6.63109 1.4
    endloop
  endfacet
  facet normal 0.555532 0.831495 0
    outer loop
      vertex 78.1693 -6.37674 1.4
      vertex 78.55 -6.63109 -1.5
      vertex 78.1693 -6.37674 -1.5
    endloop
  endfacet
  facet normal -0.946925 -0.321455 0
    outer loop
      vertex -0.0192595 36.3059 0
      vertex -0.166421 36.7394 1.4
      vertex -0.166421 36.7394 0
    endloop
  endfacet
  facet normal -0.946925 -0.321455 0
    outer loop
      vertex -0.166421 36.7394 1.4
      vertex -0.0192595 36.3059 0
      vertex -0.0192595 36.3059 1.4
    endloop
  endfacet
  facet normal 0.946926 -0.321452 0
    outer loop
      vertex -6.78074 36.3059 1.4
      vertex -6.63358 36.7394 0
      vertex -6.63358 36.7394 1.4
    endloop
  endfacet
  facet normal 0.946926 -0.321452 0
    outer loop
      vertex -6.63358 36.7394 0
      vertex -6.78074 36.3059 1.4
      vertex -6.78074 36.3059 0
    endloop
  endfacet
  facet normal -0.896869 -0.442297 0
    outer loop
      vertex -0.166421 36.7394 0
      vertex -0.368911 37.15 1.4
      vertex -0.368911 37.15 0
    endloop
  endfacet
  facet normal -0.896869 -0.442297 0
    outer loop
      vertex -0.368911 37.15 1.4
      vertex -0.166421 36.7394 0
      vertex -0.166421 36.7394 1.4
    endloop
  endfacet
  facet normal -0.321322 -0.94697 0
    outer loop
      vertex -2.49413 38.7807 0
      vertex -2.06061 38.6336 1.4
      vertex -2.49413 38.7807 1.4
    endloop
  endfacet
  facet normal -0.321322 -0.94697 -0
    outer loop
      vertex -2.06061 38.6336 1.4
      vertex -2.49413 38.7807 0
      vertex -2.06061 38.6336 0
    endloop
  endfacet
  facet normal -0.442346 -0.896844 0
    outer loop
      vertex -1.78974 38.5 0
      vertex -2.06061 38.6336 1.4
      vertex -2.06061 38.6336 0
    endloop
  endfacet
  facet normal -0.442305 -0.896864 9.86177e-06
    outer loop
      vertex -2.06061 38.6336 1.4
      vertex -1.78974 38.5 0
      vertex -1.65 38.4311 1.4
    endloop
  endfacet
  facet normal -0.442226 -0.896904 0
    outer loop
      vertex -1.65 38.4311 -1.5
      vertex -1.78974 38.5 0
      vertex -1.78974 38.5 -1.5
    endloop
  endfacet
  facet normal -0.442226 -0.896904 0
    outer loop
      vertex -1.78974 38.5 0
      vertex -1.65 38.4311 -1.5
      vertex -1.65 38.4311 1.4
    endloop
  endfacet
  facet normal 0.321322 -0.94697 0
    outer loop
      vertex -4.73939 38.6336 0
      vertex -4.30587 38.7807 1.4
      vertex -4.73939 38.6336 1.4
    endloop
  endfacet
  facet normal 0.321322 -0.94697 0
    outer loop
      vertex -4.30587 38.7807 1.4
      vertex -4.73939 38.6336 0
      vertex -4.30587 38.7807 0
    endloop
  endfacet
  facet normal 0.896869 -0.442297 0
    outer loop
      vertex -6.63358 36.7394 1.4
      vertex -6.43109 37.15 0
      vertex -6.43109 37.15 1.4
    endloop
  endfacet
  facet normal 0.896869 -0.442297 0
    outer loop
      vertex -6.43109 37.15 0
      vertex -6.63358 36.7394 1.4
      vertex -6.63358 36.7394 0
    endloop
  endfacet
  facet normal -0.980792 0.195059 0
    outer loop
      vertex -0.0192595 34.4941 0
      vertex 0.0700569 34.9432 1.4
      vertex 0.0700569 34.9432 0
    endloop
  endfacet
  facet normal -0.980792 0.195059 0
    outer loop
      vertex 0.0700569 34.9432 1.4
      vertex -0.0192595 34.4941 0
      vertex -0.0192595 34.4941 1.4
    endloop
  endfacet
  facet normal -0.980792 -0.195059 0
    outer loop
      vertex 0.0700569 35.8568 0
      vertex -0.0192595 36.3059 1.4
      vertex -0.0192595 36.3059 0
    endloop
  endfacet
  facet normal -0.980792 -0.195059 0
    outer loop
      vertex -0.0192595 36.3059 1.4
      vertex 0.0700569 35.8568 0
      vertex 0.0700569 35.8568 1.4
    endloop
  endfacet
  facet normal -0.75183 -0.659357 0
    outer loop
      vertex -0.623262 37.5307 -1.5
      vertex -0.925126 37.8749 1.4
      vertex -0.925126 37.8749 -1.5
    endloop
  endfacet
  facet normal -0.75183 -0.659357 0
    outer loop
      vertex -0.925126 37.8749 1.4
      vertex -0.623262 37.5307 -1.5
      vertex -0.623262 37.5307 1.4
    endloop
  endfacet
  facet normal -0.555637 -0.831425 0
    outer loop
      vertex -1.65 38.4311 -1.5
      vertex -1.26933 38.1767 1.4
      vertex -1.65 38.4311 1.4
    endloop
  endfacet
  facet normal -0.555637 -0.831425 -0
    outer loop
      vertex -1.26933 38.1767 1.4
      vertex -1.65 38.4311 -1.5
      vertex -1.26933 38.1767 -1.5
    endloop
  endfacet
  facet normal 0.751824 -0.659364 0
    outer loop
      vertex -6.17674 37.5307 1.4
      vertex -5.87487 37.8749 -1.5
      vertex -5.87487 37.8749 1.4
    endloop
  endfacet
  facet normal 0.751824 -0.659364 0
    outer loop
      vertex -5.87487 37.8749 -1.5
      vertex -6.17674 37.5307 1.4
      vertex -6.17674 37.5307 -1.5
    endloop
  endfacet
  facet normal 0.442305 -0.896864 9.86177e-06
    outer loop
      vertex -5.15 38.4311 1.4
      vertex -5.01026 38.5 0
      vertex -4.73939 38.6336 1.4
    endloop
  endfacet
  facet normal 0.442226 -0.896904 0
    outer loop
      vertex -5.15 38.4311 -1.5
      vertex -5.01026 38.5 0
      vertex -5.15 38.4311 1.4
    endloop
  endfacet
  facet normal 0.442226 -0.896904 0
    outer loop
      vertex -5.01026 38.5 0
      vertex -5.15 38.4311 -1.5
      vertex -5.01026 38.5 -1.5
    endloop
  endfacet
  facet normal 0.442346 -0.896844 0
    outer loop
      vertex -4.73939 38.6336 1.4
      vertex -5.01026 38.5 0
      vertex -4.73939 38.6336 0
    endloop
  endfacet
  facet normal 0.195263 -0.980751 0
    outer loop
      vertex -4.30587 38.7807 0
      vertex -3.85684 38.8701 1.4
      vertex -4.30587 38.7807 1.4
    endloop
  endfacet
  facet normal 0.195263 -0.980751 0
    outer loop
      vertex -3.85684 38.8701 1.4
      vertex -4.30587 38.7807 0
      vertex -3.85684 38.8701 0
    endloop
  endfacet
  facet normal -0.997859 0.065408 0
    outer loop
      vertex 0.0700569 34.9432 0
      vertex 0.0999994 35.4 1.4
      vertex 0.0999994 35.4 0
    endloop
  endfacet
  facet normal -0.997859 0.065408 0
    outer loop
      vertex 0.0999994 35.4 1.4
      vertex 0.0700569 34.9432 0
      vertex 0.0700569 34.9432 1.4
    endloop
  endfacet
  facet normal -0.946925 0.321455 0
    outer loop
      vertex -0.166421 34.0606 0
      vertex -0.0192595 34.4941 1.4
      vertex -0.0192595 34.4941 0
    endloop
  endfacet
  facet normal -0.946925 0.321455 0
    outer loop
      vertex -0.0192595 34.4941 1.4
      vertex -0.166421 34.0606 0
      vertex -0.166421 34.0606 1.4
    endloop
  endfacet
  facet normal -0.555637 0.831425 0
    outer loop
      vertex -1.26933 32.6233 0
      vertex -1.65 32.3689 1.4
      vertex -1.26933 32.6233 1.4
    endloop
  endfacet
  facet normal -0.555637 0.831425 0
    outer loop
      vertex -1.65 32.3689 1.4
      vertex -1.26933 32.6233 0
      vertex -1.65 32.3689 0
    endloop
  endfacet
  facet normal -0.831511 -0.555508 -0
    outer loop
      vertex -0.469138 37.3 0
      vertex -0.623262 37.5307 -1.5
      vertex -0.469138 37.3 -1.5
    endloop
  endfacet
  facet normal -0.831511 -0.555508 0
    outer loop
      vertex -0.623262 37.5307 -1.5
      vertex -0.469138 37.3 0
      vertex -0.623262 37.5307 1.4
    endloop
  endfacet
  facet normal -0.831469 -0.555571 -0
    outer loop
      vertex -0.368911 37.15 1.4
      vertex -0.469138 37.3 0
      vertex -0.368911 37.15 0
    endloop
  endfacet
  facet normal -0.831494 -0.555533 5.87981e-06
    outer loop
      vertex -0.469138 37.3 0
      vertex -0.368911 37.15 1.4
      vertex -0.623262 37.5307 1.4
    endloop
  endfacet
  facet normal -0.0653099 -0.997865 0
    outer loop
      vertex -3.4 38.9 0
      vertex -2.94316 38.8701 1.4
      vertex -3.4 38.9 1.4
    endloop
  endfacet
  facet normal -0.0653099 -0.997865 -0
    outer loop
      vertex -2.94316 38.8701 1.4
      vertex -3.4 38.9 0
      vertex -2.94316 38.8701 0
    endloop
  endfacet
  facet normal -0.659273 -0.751903 0
    outer loop
      vertex -1.26933 38.1767 -1.5
      vertex -0.925126 37.8749 1.4
      vertex -1.26933 38.1767 1.4
    endloop
  endfacet
  facet normal -0.659273 -0.751903 -0
    outer loop
      vertex -0.925126 37.8749 1.4
      vertex -1.26933 38.1767 -1.5
      vertex -0.925126 37.8749 -1.5
    endloop
  endfacet
  facet normal 0.997859 -0.0654026 0
    outer loop
      vertex -6.9 35.4 1.4
      vertex -6.87006 35.8568 0
      vertex -6.87006 35.8568 1.4
    endloop
  endfacet
  facet normal 0.997859 -0.0654026 0
    outer loop
      vertex -6.87006 35.8568 0
      vertex -6.9 35.4 1.4
      vertex -6.9 35.4 0
    endloop
  endfacet
  facet normal 0.831509 -0.555511 0
    outer loop
      vertex -6.17674 37.5307 1.4
      vertex -6.3 37.3462 0
      vertex -6.17674 37.5307 -1.5
    endloop
  endfacet
  facet normal 0.831495 -0.555532 3.8893e-06
    outer loop
      vertex -6.43109 37.15 1.4
      vertex -6.3 37.3462 0
      vertex -6.17674 37.5307 1.4
    endloop
  endfacet
  facet normal 0.831483 -0.555551 0
    outer loop
      vertex -6.3 37.3462 0
      vertex -6.43109 37.15 1.4
      vertex -6.43109 37.15 0
    endloop
  endfacet
  facet normal 0.831509 -0.555511 0
    outer loop
      vertex -6.17674 37.5307 -1.5
      vertex -6.3 37.3462 0
      vertex -6.3 37.3462 -1.5
    endloop
  endfacet
  facet normal 0.0653099 -0.997865 0
    outer loop
      vertex -3.85684 38.8701 0
      vertex -3.4 38.9 1.4
      vertex -3.85684 38.8701 1.4
    endloop
  endfacet
  facet normal 0.0653099 -0.997865 0
    outer loop
      vertex -3.4 38.9 1.4
      vertex -3.85684 38.8701 0
      vertex -3.4 38.9 0
    endloop
  endfacet
  facet normal 0.555647 -0.831418 0
    outer loop
      vertex -5.53066 38.1767 -1.5
      vertex -5.15 38.4311 1.4
      vertex -5.53066 38.1767 1.4
    endloop
  endfacet
  facet normal 0.555647 -0.831418 0
    outer loop
      vertex -5.15 38.4311 1.4
      vertex -5.53066 38.1767 -1.5
      vertex -5.15 38.4311 -1.5
    endloop
  endfacet
  facet normal 0.659267 -0.751909 0
    outer loop
      vertex -5.87487 37.8749 -1.5
      vertex -5.53066 38.1767 1.4
      vertex -5.87487 37.8749 1.4
    endloop
  endfacet
  facet normal 0.659267 -0.751909 0
    outer loop
      vertex -5.53066 38.1767 1.4
      vertex -5.87487 37.8749 -1.5
      vertex -5.53066 38.1767 -1.5
    endloop
  endfacet
  facet normal -0.997859 -0.065408 0
    outer loop
      vertex 0.0999994 35.4 0
      vertex 0.0700569 35.8568 1.4
      vertex 0.0700569 35.8568 0
    endloop
  endfacet
  facet normal -0.997859 -0.065408 0
    outer loop
      vertex 0.0700569 35.8568 1.4
      vertex 0.0999994 35.4 0
      vertex 0.0999994 35.4 1.4
    endloop
  endfacet
  facet normal -0.831494 0.555533 0
    outer loop
      vertex -0.623262 33.2693 0
      vertex -0.368911 33.65 1.4
      vertex -0.368911 33.65 0
    endloop
  endfacet
  facet normal -0.831494 0.555533 0
    outer loop
      vertex -0.368911 33.65 1.4
      vertex -0.623262 33.2693 0
      vertex -0.623262 33.2693 1.4
    endloop
  endfacet
  facet normal 0.896869 0.442297 0
    outer loop
      vertex -6.43109 33.65 1.4
      vertex -6.63358 34.0606 0
      vertex -6.63358 34.0606 1.4
    endloop
  endfacet
  facet normal 0.896869 0.442297 0
    outer loop
      vertex -6.63358 34.0606 0
      vertex -6.43109 33.65 1.4
      vertex -6.43109 33.65 0
    endloop
  endfacet
  facet normal -0.195263 0.980751 0
    outer loop
      vertex -2.49413 32.0193 0
      vertex -2.94316 31.9299 1.4
      vertex -2.49413 32.0193 1.4
    endloop
  endfacet
  facet normal -0.195263 0.980751 0
    outer loop
      vertex -2.94316 31.9299 1.4
      vertex -2.49413 32.0193 0
      vertex -2.94316 31.9299 0
    endloop
  endfacet
  facet normal -0.659273 0.751903 0
    outer loop
      vertex -0.925126 32.9251 0
      vertex -1.26933 32.6233 1.4
      vertex -0.925126 32.9251 1.4
    endloop
  endfacet
  facet normal -0.659273 0.751903 0
    outer loop
      vertex -1.26933 32.6233 1.4
      vertex -0.925126 32.9251 0
      vertex -1.26933 32.6233 0
    endloop
  endfacet
  facet normal -0.195263 -0.980751 0
    outer loop
      vertex -2.94316 38.8701 0
      vertex -2.49413 38.7807 1.4
      vertex -2.94316 38.8701 1.4
    endloop
  endfacet
  facet normal -0.195263 -0.980751 -0
    outer loop
      vertex -2.49413 38.7807 1.4
      vertex -2.94316 38.8701 0
      vertex -2.49413 38.7807 0
    endloop
  endfacet
  facet normal 0 0 -1
    outer loop
      vertex -1.06168 35.2805 1.4
      vertex 0.0999994 35.4 1.4
      vertex 0.0700569 34.9432 1.4
    endloop
  endfacet
  facet normal 0 0 -1
    outer loop
      vertex -1.11043 34.9102 1.4
      vertex 0.0700569 34.9432 1.4
      vertex -0.0192595 34.4941 1.4
    endloop
  endfacet
  facet normal -0 0 -1
    outer loop
      vertex 0.0999994 35.4 1.4
      vertex -1.06168 35.2805 1.4
      vertex -1.05385 35.4 1.4
    endloop
  endfacet
  facet normal 0 0 -1
    outer loop
      vertex -1.17228 34.6794 1.4
      vertex -0.0192595 34.4941 1.4
      vertex -0.166421 34.0606 1.4
    endloop
  endfacet
  facet normal 0 0 -1
    outer loop
      vertex -1.06168 35.5195 1.4
      vertex 0.0999994 35.4 1.4
      vertex -1.05385 35.4 1.4
    endloop
  endfacet
  facet normal 0 0 -1
    outer loop
      vertex -1.31521 34.3343 1.4
      vertex -0.166421 34.0606 1.4
      vertex -0.368911 33.65 1.4
    endloop
  endfacet
  facet normal 0 0 -1
    outer loop
      vertex 0.0999994 35.4 1.4
      vertex -1.06168 35.5195 1.4
      vertex 0.0700569 35.8568 1.4
    endloop
  endfacet
  facet normal 0 0 -1
    outer loop
      vertex -1.43469 34.1274 1.4
      vertex -0.368911 33.65 1.4
      vertex -0.623262 33.2693 1.4
    endloop
  endfacet
  facet normal 0 0 -1
    outer loop
      vertex -1.07392 35.7062 1.4
      vertex 0.0700569 35.8568 1.4
      vertex -1.06168 35.5195 1.4
    endloop
  endfacet
  facet normal 0 0 -1
    outer loop
      vertex -1.61762 33.8817 1.4
      vertex -0.623262 33.2693 1.4
      vertex -0.925126 32.9251 1.4
    endloop
  endfacet
  facet normal 0 0 -1
    outer loop
      vertex -1.11043 35.8898 1.4
      vertex 0.0700569 35.8568 1.4
      vertex -1.07392 35.7062 1.4
    endloop
  endfacet
  facet normal 0 0 -1
    outer loop
      vertex -1.13379 36.0072 1.4
      vertex -0.0192595 36.3059 1.4
      vertex -1.11043 35.8898 1.4
    endloop
  endfacet
  facet normal 0 0 -1
    outer loop
      vertex 0.0700569 35.8568 1.4
      vertex -1.11043 35.8898 1.4
      vertex -0.0192595 36.3059 1.4
    endloop
  endfacet
  facet normal 0 0 -1
    outer loop
      vertex 0.0700569 34.9432 1.4
      vertex -1.07392 35.0938 1.4
      vertex -1.06168 35.2805 1.4
    endloop
  endfacet
  facet normal -0 0 -1
    outer loop
      vertex 0.0700569 34.9432 1.4
      vertex -1.11043 34.9102 1.4
      vertex -1.07392 35.0938 1.4
    endloop
  endfacet
  facet normal 0 0 -1
    outer loop
      vertex -0.0192595 34.4941 1.4
      vertex -1.13379 34.7928 1.4
      vertex -1.11043 34.9102 1.4
    endloop
  endfacet
  facet normal 0 0 -1
    outer loop
      vertex -0.0192595 34.4941 1.4
      vertex -1.17228 34.6794 1.4
      vertex -1.13379 34.7928 1.4
    endloop
  endfacet
  facet normal 0 0 -1
    outer loop
      vertex -0.166421 34.0606 1.4
      vertex -1.23244 34.5022 1.4
      vertex -1.17228 34.6794 1.4
    endloop
  endfacet
  facet normal 0 0 -1
    outer loop
      vertex -1.88173 33.6176 1.4
      vertex -0.925126 32.9251 1.4
      vertex -1.26933 32.6233 1.4
    endloop
  endfacet
  facet normal 0 0 -1
    outer loop
      vertex -0.166421 34.0606 1.4
      vertex -1.31521 34.3343 1.4
      vertex -1.23244 34.5022 1.4
    endloop
  endfacet
  facet normal 0 0 -1
    outer loop
      vertex -0.368911 33.65 1.4
      vertex -1.36817 34.2269 1.4
      vertex -1.31521 34.3343 1.4
    endloop
  endfacet
  facet normal 0 0 -1
    outer loop
      vertex -0.368911 33.65 1.4
      vertex -1.43469 34.1274 1.4
      vertex -1.36817 34.2269 1.4
    endloop
  endfacet
  facet normal 0 0 -1
    outer loop
      vertex -0.623262 33.2693 1.4
      vertex -1.53867 33.9718 1.4
      vertex -1.43469 34.1274 1.4
    endloop
  endfacet
  facet normal 0 0 -1
    outer loop
      vertex -0.623262 33.2693 1.4
      vertex -1.61762 33.8817 1.4
      vertex -1.53867 33.9718 1.4
    endloop
  endfacet
  facet normal 0 0 -1
    outer loop
      vertex -2.12736 33.4347 1.4
      vertex -1.26933 32.6233 1.4
      vertex -1.65 32.3689 1.4
    endloop
  endfacet
  facet normal 0 0 -1
    outer loop
      vertex -0.925126 32.9251 1.4
      vertex -1.74102 33.741 1.4
      vertex -1.61762 33.8817 1.4
    endloop
  endfacet
  facet normal 0 0 -1
    outer loop
      vertex -0.925126 32.9251 1.4
      vertex -1.88173 33.6176 1.4
      vertex -1.74102 33.741 1.4
    endloop
  endfacet
  facet normal 0 0 -1
    outer loop
      vertex -1.26933 32.6233 1.4
      vertex -1.97175 33.5387 1.4
      vertex -1.88173 33.6176 1.4
    endloop
  endfacet
  facet normal 0 0 -1
    outer loop
      vertex -2.33431 33.3152 1.4
      vertex -1.65 32.3689 1.4
      vertex -2.06061 32.1664 1.4
    endloop
  endfacet
  facet normal 0 0 -1
    outer loop
      vertex -1.26933 32.6233 1.4
      vertex -2.12736 33.4347 1.4
      vertex -1.97175 33.5387 1.4
    endloop
  endfacet
  facet normal 0 0 -1
    outer loop
      vertex -1.65 32.3689 1.4
      vertex -2.22692 33.3682 1.4
      vertex -2.12736 33.4347 1.4
    endloop
  endfacet
  facet normal 0 0 -1
    outer loop
      vertex -1.65 32.3689 1.4
      vertex -2.33431 33.3152 1.4
      vertex -2.22692 33.3682 1.4
    endloop
  endfacet
  facet normal 0 0 -1
    outer loop
      vertex -2.67939 33.1723 1.4
      vertex -2.06061 32.1664 1.4
      vertex -2.49413 32.0193 1.4
    endloop
  endfacet
  facet normal 0 0 -1
    outer loop
      vertex -2.06061 32.1664 1.4
      vertex -2.50217 33.2324 1.4
      vertex -2.33431 33.3152 1.4
    endloop
  endfacet
  facet normal 0 0 -1
    outer loop
      vertex -2.06061 32.1664 1.4
      vertex -2.67939 33.1723 1.4
      vertex -2.50217 33.2324 1.4
    endloop
  endfacet
  facet normal 0 0 -1
    outer loop
      vertex -2.49413 32.0193 1.4
      vertex -2.79277 33.1338 1.4
      vertex -2.67939 33.1723 1.4
    endloop
  endfacet
  facet normal 0 0 -1
    outer loop
      vertex -2.49413 32.0193 1.4
      vertex -2.91021 33.1104 1.4
      vertex -2.79277 33.1338 1.4
    endloop
  endfacet
  facet normal 0 0 -1
    outer loop
      vertex -2.94316 31.9299 1.4
      vertex -2.91021 33.1104 1.4
      vertex -2.49413 32.0193 1.4
    endloop
  endfacet
  facet normal 0 0 -1
    outer loop
      vertex -2.94316 31.9299 1.4
      vertex -3.09377 33.0739 1.4
      vertex -2.91021 33.1104 1.4
    endloop
  endfacet
  facet normal 0 0 -1
    outer loop
      vertex -2.94316 31.9299 1.4
      vertex -3.28052 33.0617 1.4
      vertex -3.09377 33.0739 1.4
    endloop
  endfacet
  facet normal 0 0 -1
    outer loop
      vertex -3.4 31.9 1.4
      vertex -3.28052 33.0617 1.4
      vertex -2.94316 31.9299 1.4
    endloop
  endfacet
  facet normal 0 0 -1
    outer loop
      vertex -3.4 31.9 1.4
      vertex -3.4 33.0538 1.4
      vertex -3.28052 33.0617 1.4
    endloop
  endfacet
  facet normal 0 0 -1
    outer loop
      vertex -3.4 31.9 1.4
      vertex -3.51948 33.0617 1.4
      vertex -3.4 33.0538 1.4
    endloop
  endfacet
  facet normal 0 0 -1
    outer loop
      vertex -3.85684 31.9299 1.4
      vertex -3.51948 33.0617 1.4
      vertex -3.4 31.9 1.4
    endloop
  endfacet
  facet normal -0 0 -1
    outer loop
      vertex -3.51948 33.0617 1.4
      vertex -3.85684 31.9299 1.4
      vertex -3.70623 33.0739 1.4
    endloop
  endfacet
  facet normal 0 0 -1
    outer loop
      vertex -3.85684 31.9299 1.4
      vertex -3.88979 33.1104 1.4
      vertex -3.70623 33.0739 1.4
    endloop
  endfacet
  facet normal 0 0 -1
    outer loop
      vertex -4.30587 32.0193 1.4
      vertex -3.88979 33.1104 1.4
      vertex -3.85684 31.9299 1.4
    endloop
  endfacet
  facet normal -0 0 -1
    outer loop
      vertex -3.88979 33.1104 1.4
      vertex -4.30587 32.0193 1.4
      vertex -4.00723 33.1338 1.4
    endloop
  endfacet
  facet normal -0 0 -1
    outer loop
      vertex -4.00723 33.1338 1.4
      vertex -4.30587 32.0193 1.4
      vertex -4.12061 33.1723 1.4
    endloop
  endfacet
  facet normal 0 0 -1
    outer loop
      vertex -4.73939 32.1664 1.4
      vertex -4.12061 33.1723 1.4
      vertex -4.30587 32.0193 1.4
    endloop
  endfacet
  facet normal -0 0 -1
    outer loop
      vertex -4.12061 33.1723 1.4
      vertex -4.73939 32.1664 1.4
      vertex -4.29783 33.2324 1.4
    endloop
  endfacet
  facet normal -0 0 -1
    outer loop
      vertex -4.29783 33.2324 1.4
      vertex -4.73939 32.1664 1.4
      vertex -4.46569 33.3152 1.4
    endloop
  endfacet
  facet normal 0 0 -1
    outer loop
      vertex -5.15 32.3689 1.4
      vertex -4.46569 33.3152 1.4
      vertex -4.73939 32.1664 1.4
    endloop
  endfacet
  facet normal -0 0 -1
    outer loop
      vertex -4.46569 33.3152 1.4
      vertex -5.15 32.3689 1.4
      vertex -4.57308 33.3682 1.4
    endloop
  endfacet
  facet normal -0 0 -1
    outer loop
      vertex -4.57308 33.3682 1.4
      vertex -5.15 32.3689 1.4
      vertex -4.67264 33.4347 1.4
    endloop
  endfacet
  facet normal 0 0 -1
    outer loop
      vertex -5.53066 32.6233 1.4
      vertex -4.67264 33.4347 1.4
      vertex -5.15 32.3689 1.4
    endloop
  endfacet
  facet normal -0 0 -1
    outer loop
      vertex -4.67264 33.4347 1.4
      vertex -5.53066 32.6233 1.4
      vertex -4.82825 33.5387 1.4
    endloop
  endfacet
  facet normal -0 0 -1
    outer loop
      vertex -4.82825 33.5387 1.4
      vertex -5.53066 32.6233 1.4
      vertex -4.91827 33.6176 1.4
    endloop
  endfacet
  facet normal 0 0 -1
    outer loop
      vertex -5.87487 32.9251 1.4
      vertex -4.91827 33.6176 1.4
      vertex -5.53066 32.6233 1.4
    endloop
  endfacet
  facet normal -0 0 -1
    outer loop
      vertex -4.91827 33.6176 1.4
      vertex -5.87487 32.9251 1.4
      vertex -5.05898 33.741 1.4
    endloop
  endfacet
  facet normal -0 0 -1
    outer loop
      vertex -5.05898 33.741 1.4
      vertex -5.87487 32.9251 1.4
      vertex -5.18238 33.8817 1.4
    endloop
  endfacet
  facet normal 0 0 -1
    outer loop
      vertex -6.17674 33.2693 1.4
      vertex -5.18238 33.8817 1.4
      vertex -5.87487 32.9251 1.4
    endloop
  endfacet
  facet normal -0 0 -1
    outer loop
      vertex -5.18238 33.8817 1.4
      vertex -6.17674 33.2693 1.4
      vertex -5.26133 33.9718 1.4
    endloop
  endfacet
  facet normal -0 0 -1
    outer loop
      vertex -5.26133 33.9718 1.4
      vertex -6.17674 33.2693 1.4
      vertex -5.36531 34.1274 1.4
    endloop
  endfacet
  facet normal 0 0 -1
    outer loop
      vertex -6.43109 33.65 1.4
      vertex -5.36531 34.1274 1.4
      vertex -6.17674 33.2693 1.4
    endloop
  endfacet
  facet normal -0 0 -1
    outer loop
      vertex -5.36531 34.1274 1.4
      vertex -6.43109 33.65 1.4
      vertex -5.43183 34.2269 1.4
    endloop
  endfacet
  facet normal -0 0 -1
    outer loop
      vertex -5.43183 34.2269 1.4
      vertex -6.43109 33.65 1.4
      vertex -5.48479 34.3343 1.4
    endloop
  endfacet
  facet normal 0 0 -1
    outer loop
      vertex -6.63358 34.0606 1.4
      vertex -5.48479 34.3343 1.4
      vertex -6.43109 33.65 1.4
    endloop
  endfacet
  facet normal -0 0 -1
    outer loop
      vertex -5.48479 34.3343 1.4
      vertex -6.63358 34.0606 1.4
      vertex -5.56756 34.5022 1.4
    endloop
  endfacet
  facet normal -0 0 -1
    outer loop
      vertex -5.60605 34.6155 1.4
      vertex -6.78074 34.4941 1.4
      vertex -5.66621 34.7928 1.4
    endloop
  endfacet
  facet normal 0 0 -1
    outer loop
      vertex -6.78074 34.4941 1.4
      vertex -5.60605 34.6155 1.4
      vertex -6.63358 34.0606 1.4
    endloop
  endfacet
  facet normal -0 0 -1
    outer loop
      vertex -5.56756 34.5022 1.4
      vertex -6.63358 34.0606 1.4
      vertex -5.60605 34.6155 1.4
    endloop
  endfacet
  facet normal 0 0 -1
    outer loop
      vertex -1.17228 36.1206 1.4
      vertex -0.0192595 36.3059 1.4
      vertex -1.13379 36.0072 1.4
    endloop
  endfacet
  facet normal -0 0 -1
    outer loop
      vertex -0.0192595 36.3059 1.4
      vertex -1.17228 36.1206 1.4
      vertex -0.166421 36.7394 1.4
    endloop
  endfacet
  facet normal 0 0 -1
    outer loop
      vertex -1.23244 36.2978 1.4
      vertex -0.166421 36.7394 1.4
      vertex -1.17228 36.1206 1.4
    endloop
  endfacet
  facet normal 0 0 -1
    outer loop
      vertex -1.28539 36.4052 1.4
      vertex -0.166421 36.7394 1.4
      vertex -1.23244 36.2978 1.4
    endloop
  endfacet
  facet normal -0 0 -1
    outer loop
      vertex -0.166421 36.7394 1.4
      vertex -1.28539 36.4052 1.4
      vertex -0.368911 37.15 1.4
    endloop
  endfacet
  facet normal 0 0 -1
    outer loop
      vertex -1.36817 36.5731 1.4
      vertex -0.368911 37.15 1.4
      vertex -1.28539 36.4052 1.4
    endloop
  endfacet
  facet normal 0 0 -1
    outer loop
      vertex -1.47215 36.7287 1.4
      vertex -0.368911 37.15 1.4
      vertex -1.36817 36.5731 1.4
    endloop
  endfacet
  facet normal -0 0 -1
    outer loop
      vertex -0.368911 37.15 1.4
      vertex -1.47215 36.7287 1.4
      vertex -0.623262 37.5307 1.4
    endloop
  endfacet
  facet normal 0 0 -1
    outer loop
      vertex -1.53867 36.8282 1.4
      vertex -0.623262 37.5307 1.4
      vertex -1.47215 36.7287 1.4
    endloop
  endfacet
  facet normal 0 0 -1
    outer loop
      vertex -1.61762 36.9183 1.4
      vertex -0.623262 37.5307 1.4
      vertex -1.53867 36.8282 1.4
    endloop
  endfacet
  facet normal -0 0 -1
    outer loop
      vertex -0.623262 37.5307 1.4
      vertex -1.61762 36.9183 1.4
      vertex -0.925126 37.8749 1.4
    endloop
  endfacet
  facet normal 0 0 -1
    outer loop
      vertex -1.74102 37.059 1.4
      vertex -0.925126 37.8749 1.4
      vertex -1.61762 36.9183 1.4
    endloop
  endfacet
  facet normal 0 0 -1
    outer loop
      vertex -1.88173 37.1824 1.4
      vertex -0.925126 37.8749 1.4
      vertex -1.74102 37.059 1.4
    endloop
  endfacet
  facet normal -0 0 -1
    outer loop
      vertex -0.925126 37.8749 1.4
      vertex -1.88173 37.1824 1.4
      vertex -1.26933 38.1767 1.4
    endloop
  endfacet
  facet normal 0 0 -1
    outer loop
      vertex -1.97175 37.2613 1.4
      vertex -1.26933 38.1767 1.4
      vertex -1.88173 37.1824 1.4
    endloop
  endfacet
  facet normal 0 0 -1
    outer loop
      vertex -2.12736 37.3653 1.4
      vertex -1.26933 38.1767 1.4
      vertex -1.97175 37.2613 1.4
    endloop
  endfacet
  facet normal -0 0 -1
    outer loop
      vertex -1.26933 38.1767 1.4
      vertex -2.12736 37.3653 1.4
      vertex -1.65 38.4311 1.4
    endloop
  endfacet
  facet normal 0 0 -1
    outer loop
      vertex -2.22692 37.4318 1.4
      vertex -1.65 38.4311 1.4
      vertex -2.12736 37.3653 1.4
    endloop
  endfacet
  facet normal 0 0 -1
    outer loop
      vertex -2.33431 37.4848 1.4
      vertex -1.65 38.4311 1.4
      vertex -2.22692 37.4318 1.4
    endloop
  endfacet
  facet normal -0 0 -1
    outer loop
      vertex -1.65 38.4311 1.4
      vertex -2.33431 37.4848 1.4
      vertex -2.06061 38.6336 1.4
    endloop
  endfacet
  facet normal 0 0 -1
    outer loop
      vertex -2.50217 37.5676 1.4
      vertex -2.06061 38.6336 1.4
      vertex -2.33431 37.4848 1.4
    endloop
  endfacet
  facet normal 0 0 -1
    outer loop
      vertex -2.61555 37.6061 1.4
      vertex -2.06061 38.6336 1.4
      vertex -2.50217 37.5676 1.4
    endloop
  endfacet
  facet normal -0 0 -1
    outer loop
      vertex -2.06061 38.6336 1.4
      vertex -2.61555 37.6061 1.4
      vertex -2.49413 38.7807 1.4
    endloop
  endfacet
  facet normal 0 0 -1
    outer loop
      vertex -2.79277 37.6662 1.4
      vertex -2.49413 38.7807 1.4
      vertex -2.61555 37.6061 1.4
    endloop
  endfacet
  facet normal 0 0 -1
    outer loop
      vertex -2.91021 37.6896 1.4
      vertex -2.49413 38.7807 1.4
      vertex -2.79277 37.6662 1.4
    endloop
  endfacet
  facet normal 0 0 -1
    outer loop
      vertex -2.91021 37.6896 1.4
      vertex -2.94316 38.8701 1.4
      vertex -2.49413 38.7807 1.4
    endloop
  endfacet
  facet normal 0 0 -1
    outer loop
      vertex -3.09377 37.7261 1.4
      vertex -2.94316 38.8701 1.4
      vertex -2.91021 37.6896 1.4
    endloop
  endfacet
  facet normal 0 0 -1
    outer loop
      vertex -3.28052 37.7383 1.4
      vertex -2.94316 38.8701 1.4
      vertex -3.09377 37.7261 1.4
    endloop
  endfacet
  facet normal 0 0 -1
    outer loop
      vertex -3.4 38.9 1.4
      vertex -3.28052 37.7383 1.4
      vertex -3.4 37.7462 1.4
    endloop
  endfacet
  facet normal 0 0 -1
    outer loop
      vertex -3.28052 37.7383 1.4
      vertex -3.4 38.9 1.4
      vertex -2.94316 38.8701 1.4
    endloop
  endfacet
  facet normal 0 0 -1
    outer loop
      vertex -3.51948 37.7383 1.4
      vertex -3.4 38.9 1.4
      vertex -3.4 37.7462 1.4
    endloop
  endfacet
  facet normal 0 0 -1
    outer loop
      vertex -3.85684 38.8701 1.4
      vertex -3.51948 37.7383 1.4
      vertex -3.70623 37.7261 1.4
    endloop
  endfacet
  facet normal 0 0 -1
    outer loop
      vertex -3.51948 37.7383 1.4
      vertex -3.85684 38.8701 1.4
      vertex -3.4 38.9 1.4
    endloop
  endfacet
  facet normal 0 0 -1
    outer loop
      vertex -3.88979 37.6896 1.4
      vertex -3.85684 38.8701 1.4
      vertex -3.70623 37.7261 1.4
    endloop
  endfacet
  facet normal 0 0 -1
    outer loop
      vertex -4.30587 38.7807 1.4
      vertex -3.88979 37.6896 1.4
      vertex -4.00723 37.6662 1.4
    endloop
  endfacet
  facet normal 0 0 -1
    outer loop
      vertex -4.30587 38.7807 1.4
      vertex -4.00723 37.6662 1.4
      vertex -4.18445 37.6061 1.4
    endloop
  endfacet
  facet normal 0 0 -1
    outer loop
      vertex -4.73939 38.6336 1.4
      vertex -4.18445 37.6061 1.4
      vertex -4.29783 37.5676 1.4
    endloop
  endfacet
  facet normal 0 0 -1
    outer loop
      vertex -3.88979 37.6896 1.4
      vertex -4.30587 38.7807 1.4
      vertex -3.85684 38.8701 1.4
    endloop
  endfacet
  facet normal 0 0 -1
    outer loop
      vertex -4.73939 38.6336 1.4
      vertex -4.29783 37.5676 1.4
      vertex -4.46569 37.4848 1.4
    endloop
  endfacet
  facet normal 0 0 -1
    outer loop
      vertex -5.15 38.4311 1.4
      vertex -4.46569 37.4848 1.4
      vertex -4.57308 37.4318 1.4
    endloop
  endfacet
  facet normal 0 0 -1
    outer loop
      vertex -5.15 38.4311 1.4
      vertex -4.57308 37.4318 1.4
      vertex -4.67264 37.3653 1.4
    endloop
  endfacet
  facet normal 0 0 -1
    outer loop
      vertex -4.18445 37.6061 1.4
      vertex -4.73939 38.6336 1.4
      vertex -4.30587 38.7807 1.4
    endloop
  endfacet
  facet normal 0 0 -1
    outer loop
      vertex -5.53066 38.1767 1.4
      vertex -4.67264 37.3653 1.4
      vertex -4.82825 37.2613 1.4
    endloop
  endfacet
  facet normal 0 0 -1
    outer loop
      vertex -5.53066 38.1767 1.4
      vertex -4.82825 37.2613 1.4
      vertex -4.91827 37.1824 1.4
    endloop
  endfacet
  facet normal 0 0 -1
    outer loop
      vertex -5.87487 37.8749 1.4
      vertex -4.91827 37.1824 1.4
      vertex -5.05898 37.059 1.4
    endloop
  endfacet
  facet normal 0 0 -1
    outer loop
      vertex -4.46569 37.4848 1.4
      vertex -5.15 38.4311 1.4
      vertex -4.73939 38.6336 1.4
    endloop
  endfacet
  facet normal 0 0 -1
    outer loop
      vertex -5.87487 37.8749 1.4
      vertex -5.05898 37.059 1.4
      vertex -5.18238 36.9183 1.4
    endloop
  endfacet
  facet normal 0 0 -1
    outer loop
      vertex -6.17674 37.5307 1.4
      vertex -5.18238 36.9183 1.4
      vertex -5.26133 36.8282 1.4
    endloop
  endfacet
  facet normal 0 0 -1
    outer loop
      vertex -6.17674 37.5307 1.4
      vertex -5.26133 36.8282 1.4
      vertex -5.32785 36.7287 1.4
    endloop
  endfacet
  facet normal 0 0 -1
    outer loop
      vertex -6.43109 37.15 1.4
      vertex -5.32785 36.7287 1.4
      vertex -5.43183 36.5731 1.4
    endloop
  endfacet
  facet normal 0 0 -1
    outer loop
      vertex -6.43109 37.15 1.4
      vertex -5.43183 36.5731 1.4
      vertex -5.5146 36.4052 1.4
    endloop
  endfacet
  facet normal 0 0 -1
    outer loop
      vertex -4.67264 37.3653 1.4
      vertex -5.53066 38.1767 1.4
      vertex -5.15 38.4311 1.4
    endloop
  endfacet
  facet normal 0 0 -1
    outer loop
      vertex -6.63358 36.7394 1.4
      vertex -5.5146 36.4052 1.4
      vertex -5.56756 36.2978 1.4
    endloop
  endfacet
  facet normal 0 0 -1
    outer loop
      vertex -6.63358 36.7394 1.4
      vertex -5.56756 36.2978 1.4
      vertex -5.60605 36.1844 1.4
    endloop
  endfacet
  facet normal 0 0 -1
    outer loop
      vertex -6.78074 36.3059 1.4
      vertex -5.60605 36.1844 1.4
      vertex -5.66621 36.0072 1.4
    endloop
  endfacet
  facet normal 0 0 -1
    outer loop
      vertex -6.78074 36.3059 1.4
      vertex -5.66621 36.0072 1.4
      vertex -5.68957 35.8898 1.4
    endloop
  endfacet
  facet normal 0 0 -1
    outer loop
      vertex -6.87006 35.8568 1.4
      vertex -5.68957 35.8898 1.4
      vertex -5.72608 35.7062 1.4
    endloop
  endfacet
  facet normal 0 0 -1
    outer loop
      vertex -4.91827 37.1824 1.4
      vertex -5.87487 37.8749 1.4
      vertex -5.53066 38.1767 1.4
    endloop
  endfacet
  facet normal 0 0 -1
    outer loop
      vertex -6.87006 35.8568 1.4
      vertex -5.72608 35.7062 1.4
      vertex -5.73832 35.5195 1.4
    endloop
  endfacet
  facet normal 0 0 -1
    outer loop
      vertex -6.9 35.4 1.4
      vertex -5.73832 35.5195 1.4
      vertex -5.74615 35.4 1.4
    endloop
  endfacet
  facet normal -0 0 -1
    outer loop
      vertex -5.66621 34.7928 1.4
      vertex -6.78074 34.4941 1.4
      vertex -5.68957 34.9102 1.4
    endloop
  endfacet
  facet normal 0 0 -1
    outer loop
      vertex -6.87006 34.9432 1.4
      vertex -5.68957 34.9102 1.4
      vertex -6.78074 34.4941 1.4
    endloop
  endfacet
  facet normal 0 0 -1
    outer loop
      vertex -5.18238 36.9183 1.4
      vertex -6.17674 37.5307 1.4
      vertex -5.87487 37.8749 1.4
    endloop
  endfacet
  facet normal 0 0 -1
    outer loop
      vertex -5.68957 34.9102 1.4
      vertex -6.87006 34.9432 1.4
      vertex -5.72608 35.0938 1.4
    endloop
  endfacet
  facet normal 0 0 -1
    outer loop
      vertex -5.32785 36.7287 1.4
      vertex -6.43109 37.15 1.4
      vertex -6.17674 37.5307 1.4
    endloop
  endfacet
  facet normal -0 0 -1
    outer loop
      vertex -5.72608 35.0938 1.4
      vertex -6.87006 34.9432 1.4
      vertex -5.73832 35.2805 1.4
    endloop
  endfacet
  facet normal 0 0 -1
    outer loop
      vertex -5.5146 36.4052 1.4
      vertex -6.63358 36.7394 1.4
      vertex -6.43109 37.15 1.4
    endloop
  endfacet
  facet normal 0 0 -1
    outer loop
      vertex -6.9 35.4 1.4
      vertex -5.73832 35.2805 1.4
      vertex -6.87006 34.9432 1.4
    endloop
  endfacet
  facet normal 0 0 -1
    outer loop
      vertex -5.60605 36.1844 1.4
      vertex -6.78074 36.3059 1.4
      vertex -6.63358 36.7394 1.4
    endloop
  endfacet
  facet normal 0 0 -1
    outer loop
      vertex -5.73832 35.2805 1.4
      vertex -6.9 35.4 1.4
      vertex -5.74615 35.4 1.4
    endloop
  endfacet
  facet normal -0 0 -1
    outer loop
      vertex -5.68957 35.8898 1.4
      vertex -6.87006 35.8568 1.4
      vertex -6.78074 36.3059 1.4
    endloop
  endfacet
  facet normal -0 0 -1
    outer loop
      vertex -5.73832 35.5195 1.4
      vertex -6.9 35.4 1.4
      vertex -6.87006 35.8568 1.4
    endloop
  endfacet
  facet normal 0.98079 -0.195066 0
    outer loop
      vertex -6.87006 35.8568 1.4
      vertex -6.78074 36.3059 0
      vertex -6.78074 36.3059 1.4
    endloop
  endfacet
  facet normal 0.98079 -0.195066 0
    outer loop
      vertex -6.78074 36.3059 0
      vertex -6.87006 35.8568 1.4
      vertex -6.87006 35.8568 0
    endloop
  endfacet
  facet normal -0.896869 0.442297 0
    outer loop
      vertex -0.368911 33.65 0
      vertex -0.166421 34.0606 1.4
      vertex -0.166421 34.0606 0
    endloop
  endfacet
  facet normal -0.896869 0.442297 0
    outer loop
      vertex -0.166421 34.0606 1.4
      vertex -0.368911 33.65 0
      vertex -0.368911 33.65 1.4
    endloop
  endfacet
  facet normal 0.997859 0.0654026 0
    outer loop
      vertex -6.87006 34.9432 1.4
      vertex -6.9 35.4 0
      vertex -6.9 35.4 1.4
    endloop
  endfacet
  facet normal 0.997859 0.0654026 0
    outer loop
      vertex -6.9 35.4 0
      vertex -6.87006 34.9432 1.4
      vertex -6.87006 34.9432 0
    endloop
  endfacet
  facet normal 0.831483 0.555551 0
    outer loop
      vertex -6.43109 33.65 1.4
      vertex -6.3 33.4538 0
      vertex -6.43109 33.65 0
    endloop
  endfacet
  facet normal 0.831495 0.555532 3.8893e-06
    outer loop
      vertex -6.17674 33.2693 1.4
      vertex -6.3 33.4538 0
      vertex -6.43109 33.65 1.4
    endloop
  endfacet
  facet normal 0.831509 0.555511 -0
    outer loop
      vertex -6.17674 33.2693 -1.5
      vertex -6.3 33.4538 0
      vertex -6.17674 33.2693 1.4
    endloop
  endfacet
  facet normal 0.831509 0.555511 0
    outer loop
      vertex -6.3 33.4538 0
      vertex -6.17674 33.2693 -1.5
      vertex -6.3 33.4538 -1.5
    endloop
  endfacet
  facet normal 0.946926 0.321452 0
    outer loop
      vertex -6.63358 34.0606 1.4
      vertex -6.78074 34.4941 0
      vertex -6.78074 34.4941 1.4
    endloop
  endfacet
  facet normal 0.946926 0.321452 0
    outer loop
      vertex -6.78074 34.4941 0
      vertex -6.63358 34.0606 1.4
      vertex -6.63358 34.0606 0
    endloop
  endfacet
  facet normal -0.442305 0.896864 0
    outer loop
      vertex -1.65 32.3689 0
      vertex -2.06061 32.1664 1.4
      vertex -1.65 32.3689 1.4
    endloop
  endfacet
  facet normal -0.442305 0.896864 0
    outer loop
      vertex -2.06061 32.1664 1.4
      vertex -1.65 32.3689 0
      vertex -2.06061 32.1664 0
    endloop
  endfacet
  facet normal -0.321322 0.94697 0
    outer loop
      vertex -2.06061 32.1664 0
      vertex -2.49413 32.0193 1.4
      vertex -2.06061 32.1664 1.4
    endloop
  endfacet
  facet normal -0.321322 0.94697 0
    outer loop
      vertex -2.49413 32.0193 1.4
      vertex -2.06061 32.1664 0
      vertex -2.49413 32.0193 0
    endloop
  endfacet
  facet normal 0.321322 0.94697 -0
    outer loop
      vertex -4.30587 32.0193 0
      vertex -4.73939 32.1664 1.4
      vertex -4.30587 32.0193 1.4
    endloop
  endfacet
  facet normal 0.321322 0.94697 0
    outer loop
      vertex -4.73939 32.1664 1.4
      vertex -4.30587 32.0193 0
      vertex -4.73939 32.1664 0
    endloop
  endfacet
  facet normal -0.0653099 0.997865 0
    outer loop
      vertex -2.94316 31.9299 0
      vertex -3.4 31.9 1.4
      vertex -2.94316 31.9299 1.4
    endloop
  endfacet
  facet normal -0.0653099 0.997865 0
    outer loop
      vertex -3.4 31.9 1.4
      vertex -2.94316 31.9299 0
      vertex -3.4 31.9 0
    endloop
  endfacet
  facet normal 0.0653099 0.997865 -0
    outer loop
      vertex -3.4 31.9 0
      vertex -3.85684 31.9299 1.4
      vertex -3.4 31.9 1.4
    endloop
  endfacet
  facet normal 0.0653099 0.997865 0
    outer loop
      vertex -3.85684 31.9299 1.4
      vertex -3.4 31.9 0
      vertex -3.85684 31.9299 0
    endloop
  endfacet
  facet normal 0.195263 0.980751 -0
    outer loop
      vertex -3.85684 31.9299 0
      vertex -4.30587 32.0193 1.4
      vertex -3.85684 31.9299 1.4
    endloop
  endfacet
  facet normal 0.195263 0.980751 0
    outer loop
      vertex -4.30587 32.0193 1.4
      vertex -3.85684 31.9299 0
      vertex -4.30587 32.0193 0
    endloop
  endfacet
  facet normal 0.659267 0.751909 -0
    outer loop
      vertex -5.53066 32.6233 -1.5
      vertex -5.87487 32.9251 1.4
      vertex -5.53066 32.6233 1.4
    endloop
  endfacet
  facet normal 0.659267 0.751909 0
    outer loop
      vertex -5.87487 32.9251 1.4
      vertex -5.53066 32.6233 -1.5
      vertex -5.87487 32.9251 -1.5
    endloop
  endfacet
  facet normal 0.98079 0.195066 0
    outer loop
      vertex -6.78074 34.4941 1.4
      vertex -6.87006 34.9432 0
      vertex -6.87006 34.9432 1.4
    endloop
  endfacet
  facet normal 0.98079 0.195066 0
    outer loop
      vertex -6.87006 34.9432 0
      vertex -6.78074 34.4941 1.4
      vertex -6.78074 34.4941 0
    endloop
  endfacet
  facet normal -0.75183 0.659357 0
    outer loop
      vertex -0.925126 32.9251 0
      vertex -0.623262 33.2693 1.4
      vertex -0.623262 33.2693 0
    endloop
  endfacet
  facet normal -0.75183 0.659357 0
    outer loop
      vertex -0.623262 33.2693 1.4
      vertex -0.925126 32.9251 0
      vertex -0.925126 32.9251 1.4
    endloop
  endfacet
  facet normal 0.555647 0.831418 -0
    outer loop
      vertex -5.15 32.3689 -1.5
      vertex -5.53066 32.6233 1.4
      vertex -5.15 32.3689 1.4
    endloop
  endfacet
  facet normal 0.555647 0.831418 0
    outer loop
      vertex -5.53066 32.6233 1.4
      vertex -5.15 32.3689 -1.5
      vertex -5.53066 32.6233 -1.5
    endloop
  endfacet
  facet normal 0.442422 0.896807 0
    outer loop
      vertex -5.1 32.3443 0
      vertex -4.73939 32.1664 1.4
      vertex -4.73939 32.1664 0
    endloop
  endfacet
  facet normal 0.442305 0.896864 3.74345e-05
    outer loop
      vertex -4.73939 32.1664 1.4
      vertex -5.1 32.3443 0
      vertex -5.15 32.3689 1.4
    endloop
  endfacet
  facet normal 0.441462 0.89728 0
    outer loop
      vertex -5.15 32.3689 -1.5
      vertex -5.1 32.3443 0
      vertex -5.1 32.3443 -1.5
    endloop
  endfacet
  facet normal 0.441462 0.89728 0
    outer loop
      vertex -5.1 32.3443 0
      vertex -5.15 32.3689 -1.5
      vertex -5.15 32.3689 1.4
    endloop
  endfacet
  facet normal 0.751824 0.659364 0
    outer loop
      vertex -5.87487 32.9251 1.4
      vertex -6.17674 33.2693 -1.5
      vertex -6.17674 33.2693 1.4
    endloop
  endfacet
  facet normal 0.751824 0.659364 0
    outer loop
      vertex -6.17674 33.2693 -1.5
      vertex -5.87487 32.9251 1.4
      vertex -5.87487 32.9251 -1.5
    endloop
  endfacet
  facet normal -0.946966 -0.321335 0
    outer loop
      vertex 83.6807 36.3059 0
      vertex 83.5336 36.7394 1.4
      vertex 83.5336 36.7394 0
    endloop
  endfacet
  facet normal -0.946966 -0.321335 0
    outer loop
      vertex 83.5336 36.7394 1.4
      vertex 83.6807 36.3059 0
      vertex 83.6807 36.3059 1.4
    endloop
  endfacet
  facet normal 0.946966 -0.321335 0
    outer loop
      vertex 76.9193 36.3059 1.4
      vertex 77.0664 36.7394 0
      vertex 77.0664 36.7394 1.4
    endloop
  endfacet
  facet normal 0.946966 -0.321335 0
    outer loop
      vertex 77.0664 36.7394 0
      vertex 76.9193 36.3059 1.4
      vertex 76.9193 36.3059 0
    endloop
  endfacet
  facet normal -0.896853 -0.442328 -0
    outer loop
      vertex 83.4 37.0103 0
      vertex 83.3311 37.15 -1.5
      vertex 83.4 37.0103 -1.5
    endloop
  endfacet
  facet normal -0.896853 -0.442328 0
    outer loop
      vertex 83.3311 37.15 -1.5
      vertex 83.4 37.0103 0
      vertex 83.3311 37.15 1.4
    endloop
  endfacet
  facet normal -0.896864 -0.442307 -0
    outer loop
      vertex 83.5336 36.7394 1.4
      vertex 83.4 37.0103 0
      vertex 83.5336 36.7394 0
    endloop
  endfacet
  facet normal -0.89686 -0.442314 -1.70061e-06
    outer loop
      vertex 83.4 37.0103 0
      vertex 83.5336 36.7394 1.4
      vertex 83.3311 37.15 1.4
    endloop
  endfacet
  facet normal -0.442307 -0.896864 0
    outer loop
      vertex 81.9103 38.5 0
      vertex 81.6394 38.6336 1.4
      vertex 81.6394 38.6336 0
    endloop
  endfacet
  facet normal -0.442314 -0.89686 -1.70061e-06
    outer loop
      vertex 81.6394 38.6336 1.4
      vertex 81.9103 38.5 0
      vertex 82.05 38.4311 1.4
    endloop
  endfacet
  facet normal -0.442328 -0.896853 0
    outer loop
      vertex 82.05 38.4311 -1.5
      vertex 81.9103 38.5 0
      vertex 81.9103 38.5 -1.5
    endloop
  endfacet
  facet normal -0.442328 -0.896853 0
    outer loop
      vertex 81.9103 38.5 0
      vertex 82.05 38.4311 -1.5
      vertex 82.05 38.4311 1.4
    endloop
  endfacet
  facet normal 0.321335 -0.946966 0
    outer loop
      vertex 78.9606 38.6336 0
      vertex 79.3941 38.7807 1.4
      vertex 78.9606 38.6336 1.4
    endloop
  endfacet
  facet normal 0.321335 -0.946966 0
    outer loop
      vertex 79.3941 38.7807 1.4
      vertex 78.9606 38.6336 0
      vertex 79.3941 38.7807 0
    endloop
  endfacet
  facet normal 0.89686 -0.442314 0
    outer loop
      vertex 77.0664 36.7394 1.4
      vertex 77.2689 37.15 0
      vertex 77.2689 37.15 1.4
    endloop
  endfacet
  facet normal 0.89686 -0.442314 0
    outer loop
      vertex 77.2689 37.15 0
      vertex 77.0664 36.7394 1.4
      vertex 77.0664 36.7394 0
    endloop
  endfacet
  facet normal -0.442314 0.89686 0
    outer loop
      vertex 82.05 32.3689 0
      vertex 81.6394 32.1664 1.4
      vertex 82.05 32.3689 1.4
    endloop
  endfacet
  facet normal -0.442314 0.89686 0
    outer loop
      vertex 81.6394 32.1664 1.4
      vertex 82.05 32.3689 0
      vertex 81.6394 32.1664 0
    endloop
  endfacet
  facet normal -0.980757 -0.195234 0
    outer loop
      vertex 83.7701 35.8568 0
      vertex 83.6807 36.3059 1.4
      vertex 83.6807 36.3059 0
    endloop
  endfacet
  facet normal -0.980757 -0.195234 0
    outer loop
      vertex 83.6807 36.3059 1.4
      vertex 83.7701 35.8568 0
      vertex 83.7701 35.8568 1.4
    endloop
  endfacet
  facet normal -0.7519 -0.659278 0
    outer loop
      vertex 83.0767 37.5307 -1.5
      vertex 82.7749 37.8749 1.4
      vertex 82.7749 37.8749 -1.5
    endloop
  endfacet
  facet normal -0.7519 -0.659278 0
    outer loop
      vertex 82.7749 37.8749 1.4
      vertex 83.0767 37.5307 -1.5
      vertex 83.0767 37.5307 1.4
    endloop
  endfacet
  facet normal -0.0653156 -0.997865 0
    outer loop
      vertex 80.3 38.9 0
      vertex 80.7568 38.8701 1.4
      vertex 80.3 38.9 1.4
    endloop
  endfacet
  facet normal -0.0653156 -0.997865 -0
    outer loop
      vertex 80.7568 38.8701 1.4
      vertex 80.3 38.9 0
      vertex 80.7568 38.8701 0
    endloop
  endfacet
  facet normal 0.7519 -0.659278 0
    outer loop
      vertex 77.5233 37.5307 1.4
      vertex 77.8251 37.8749 -1.5
      vertex 77.8251 37.8749 1.4
    endloop
  endfacet
  facet normal 0.7519 -0.659278 0
    outer loop
      vertex 77.8251 37.8749 -1.5
      vertex 77.5233 37.5307 1.4
      vertex 77.5233 37.5307 -1.5
    endloop
  endfacet
  facet normal 0.442314 -0.89686 -1.70061e-06
    outer loop
      vertex 78.55 38.4311 1.4
      vertex 78.6897 38.5 0
      vertex 78.9606 38.6336 1.4
    endloop
  endfacet
  facet normal 0.442328 -0.896853 0
    outer loop
      vertex 78.55 38.4311 -1.5
      vertex 78.6897 38.5 0
      vertex 78.55 38.4311 1.4
    endloop
  endfacet
  facet normal 0.442328 -0.896853 0
    outer loop
      vertex 78.6897 38.5 0
      vertex 78.55 38.4311 -1.5
      vertex 78.6897 38.5 -1.5
    endloop
  endfacet
  facet normal 0.442307 -0.896864 0
    outer loop
      vertex 78.9606 38.6336 1.4
      vertex 78.6897 38.5 0
      vertex 78.9606 38.6336 0
    endloop
  endfacet
  facet normal 0.555607 -0.831445 0
    outer loop
      vertex 78.1693 38.1767 -1.5
      vertex 78.55 38.4311 1.4
      vertex 78.1693 38.1767 1.4
    endloop
  endfacet
  facet normal 0.555607 -0.831445 0
    outer loop
      vertex 78.55 38.4311 1.4
      vertex 78.1693 38.1767 -1.5
      vertex 78.55 38.4311 -1.5
    endloop
  endfacet
  facet normal -0.946966 0.321335 0
    outer loop
      vertex 83.5336 34.0606 0
      vertex 83.6807 34.4941 1.4
      vertex 83.6807 34.4941 0
    endloop
  endfacet
  facet normal -0.946966 0.321335 0
    outer loop
      vertex 83.6807 34.4941 1.4
      vertex 83.5336 34.0606 0
      vertex 83.5336 34.0606 1.4
    endloop
  endfacet
  facet normal -0.321335 0.946966 0
    outer loop
      vertex 81.6394 32.1664 0
      vertex 81.2059 32.0193 1.4
      vertex 81.6394 32.1664 1.4
    endloop
  endfacet
  facet normal -0.321335 0.946966 0
    outer loop
      vertex 81.2059 32.0193 1.4
      vertex 81.6394 32.1664 0
      vertex 81.2059 32.0193 0
    endloop
  endfacet
  facet normal -0.555607 0.831445 -2.16215e-05
    outer loop
      vertex 82.4307 32.6233 1.4
      vertex 82.2 32.4691 0
      vertex 82.05 32.3689 1.4
    endloop
  endfacet
  facet normal -0.555698 0.831384 0
    outer loop
      vertex 82.4307 32.6233 -1.5
      vertex 82.2 32.4691 0
      vertex 82.4307 32.6233 1.4
    endloop
  endfacet
  facet normal -0.555698 0.831384 0
    outer loop
      vertex 82.2 32.4691 0
      vertex 82.4307 32.6233 -1.5
      vertex 82.2 32.4691 -1.5
    endloop
  endfacet
  facet normal -0.555468 0.831538 0
    outer loop
      vertex 82.05 32.3689 1.4
      vertex 82.2 32.4691 0
      vertex 82.05 32.3689 0
    endloop
  endfacet
  facet normal -0.831445 -0.555607 0
    outer loop
      vertex 83.3311 37.15 -1.5
      vertex 83.0767 37.5307 1.4
      vertex 83.0767 37.5307 -1.5
    endloop
  endfacet
  facet normal -0.831445 -0.555607 0
    outer loop
      vertex 83.0767 37.5307 1.4
      vertex 83.3311 37.15 -1.5
      vertex 83.3311 37.15 1.4
    endloop
  endfacet
  facet normal -0.321335 -0.946966 0
    outer loop
      vertex 81.2059 38.7807 0
      vertex 81.6394 38.6336 1.4
      vertex 81.2059 38.7807 1.4
    endloop
  endfacet
  facet normal -0.321335 -0.946966 -0
    outer loop
      vertex 81.6394 38.6336 1.4
      vertex 81.2059 38.7807 0
      vertex 81.6394 38.6336 0
    endloop
  endfacet
  facet normal -0.195234 -0.980757 0
    outer loop
      vertex 80.7568 38.8701 0
      vertex 81.2059 38.7807 1.4
      vertex 80.7568 38.8701 1.4
    endloop
  endfacet
  facet normal -0.195234 -0.980757 -0
    outer loop
      vertex 81.2059 38.7807 1.4
      vertex 80.7568 38.8701 0
      vertex 81.2059 38.7807 0
    endloop
  endfacet
  facet normal -0.659278 -0.7519 0
    outer loop
      vertex 82.4307 38.1767 -1.5
      vertex 82.7749 37.8749 1.4
      vertex 82.4307 38.1767 1.4
    endloop
  endfacet
  facet normal -0.659278 -0.7519 -0
    outer loop
      vertex 82.7749 37.8749 1.4
      vertex 82.4307 38.1767 -1.5
      vertex 82.7749 37.8749 -1.5
    endloop
  endfacet
  facet normal -0.555607 -0.831445 0
    outer loop
      vertex 82.05 38.4311 -1.5
      vertex 82.4307 38.1767 1.4
      vertex 82.05 38.4311 1.4
    endloop
  endfacet
  facet normal -0.555607 -0.831445 -0
    outer loop
      vertex 82.4307 38.1767 1.4
      vertex 82.05 38.4311 -1.5
      vertex 82.4307 38.1767 -1.5
    endloop
  endfacet
  facet normal 0.997865 -0.0653156 0
    outer loop
      vertex 76.8 35.4 1.4
      vertex 76.8299 35.8568 0
      vertex 76.8299 35.8568 1.4
    endloop
  endfacet
  facet normal 0.997865 -0.0653156 0
    outer loop
      vertex 76.8299 35.8568 0
      vertex 76.8 35.4 1.4
      vertex 76.8 35.4 0
    endloop
  endfacet
  facet normal 0.831384 -0.555698 0
    outer loop
      vertex 77.5233 37.5307 1.4
      vertex 77.3691 37.3 0
      vertex 77.5233 37.5307 -1.5
    endloop
  endfacet
  facet normal 0.831445 -0.555607 -2.16215e-05
    outer loop
      vertex 77.2689 37.15 1.4
      vertex 77.3691 37.3 0
      vertex 77.5233 37.5307 1.4
    endloop
  endfacet
  facet normal 0.831538 -0.555468 0
    outer loop
      vertex 77.3691 37.3 0
      vertex 77.2689 37.15 1.4
      vertex 77.2689 37.15 0
    endloop
  endfacet
  facet normal 0.831384 -0.555698 0
    outer loop
      vertex 77.5233 37.5307 -1.5
      vertex 77.3691 37.3 0
      vertex 77.3691 37.3 -1.5
    endloop
  endfacet
  facet normal 0.0653156 -0.997865 0
    outer loop
      vertex 79.8432 38.8701 0
      vertex 80.3 38.9 1.4
      vertex 79.8432 38.8701 1.4
    endloop
  endfacet
  facet normal 0.0653156 -0.997865 0
    outer loop
      vertex 80.3 38.9 1.4
      vertex 79.8432 38.8701 0
      vertex 80.3 38.9 0
    endloop
  endfacet
  facet normal 0.195234 -0.980757 0
    outer loop
      vertex 79.3941 38.7807 0
      vertex 79.8432 38.8701 1.4
      vertex 79.3941 38.7807 1.4
    endloop
  endfacet
  facet normal 0.195234 -0.980757 0
    outer loop
      vertex 79.8432 38.8701 1.4
      vertex 79.3941 38.7807 0
      vertex 79.8432 38.8701 0
    endloop
  endfacet
  facet normal 0.659278 -0.7519 0
    outer loop
      vertex 77.8251 37.8749 -1.5
      vertex 78.1693 38.1767 1.4
      vertex 77.8251 37.8749 1.4
    endloop
  endfacet
  facet normal 0.659278 -0.7519 0
    outer loop
      vertex 78.1693 38.1767 1.4
      vertex 77.8251 37.8749 -1.5
      vertex 78.1693 38.1767 -1.5
    endloop
  endfacet
  facet normal -0.997865 -0.0653156 0
    outer loop
      vertex 83.8 35.4 0
      vertex 83.7701 35.8568 1.4
      vertex 83.7701 35.8568 0
    endloop
  endfacet
  facet normal -0.997865 -0.0653156 0
    outer loop
      vertex 83.7701 35.8568 1.4
      vertex 83.8 35.4 0
      vertex 83.8 35.4 1.4
    endloop
  endfacet
  facet normal -0.997865 0.0653156 0
    outer loop
      vertex 83.7701 34.9432 0
      vertex 83.8 35.4 1.4
      vertex 83.8 35.4 0
    endloop
  endfacet
  facet normal -0.997865 0.0653156 0
    outer loop
      vertex 83.8 35.4 1.4
      vertex 83.7701 34.9432 0
      vertex 83.7701 34.9432 1.4
    endloop
  endfacet
  facet normal -0.195234 0.980757 0
    outer loop
      vertex 81.2059 32.0193 0
      vertex 80.7568 31.9299 1.4
      vertex 81.2059 32.0193 1.4
    endloop
  endfacet
  facet normal -0.195234 0.980757 0
    outer loop
      vertex 80.7568 31.9299 1.4
      vertex 81.2059 32.0193 0
      vertex 80.7568 31.9299 0
    endloop
  endfacet
  facet normal 0 0 -1
    outer loop
      vertex 82.6383 35.2805 1.4
      vertex 83.8 35.4 1.4
      vertex 83.7701 34.9432 1.4
    endloop
  endfacet
  facet normal 0 0 -1
    outer loop
      vertex 82.6027 34.9763 1.4
      vertex 83.7701 34.9432 1.4
      vertex 83.6807 34.4941 1.4
    endloop
  endfacet
  facet normal -0 0 -1
    outer loop
      vertex 83.8 35.4 1.4
      vertex 82.6383 35.2805 1.4
      vertex 82.6462 35.4 1.4
    endloop
  endfacet
  facet normal 0 0 -1
    outer loop
      vertex 82.5061 34.6155 1.4
      vertex 83.6807 34.4941 1.4
      vertex 83.5336 34.0606 1.4
    endloop
  endfacet
  facet normal 0 0 -1
    outer loop
      vertex 82.6383 35.5195 1.4
      vertex 83.8 35.4 1.4
      vertex 82.6462 35.4 1.4
    endloop
  endfacet
  facet normal 0 0 -1
    outer loop
      vertex 82.3848 34.3343 1.4
      vertex 83.5336 34.0606 1.4
      vertex 83.3311 33.65 1.4
    endloop
  endfacet
  facet normal 0 0 -1
    outer loop
      vertex 83.8 35.4 1.4
      vertex 82.6383 35.5195 1.4
      vertex 83.7701 35.8568 1.4
    endloop
  endfacet
  facet normal 0 0 -1
    outer loop
      vertex 82.2653 34.1274 1.4
      vertex 83.3311 33.65 1.4
      vertex 83.0767 33.2693 1.4
    endloop
  endfacet
  facet normal 0 0 -1
    outer loop
      vertex 82.6261 35.7062 1.4
      vertex 83.7701 35.8568 1.4
      vertex 82.6383 35.5195 1.4
    endloop
  endfacet
  facet normal 0 0 -1
    outer loop
      vertex 82.0824 33.8817 1.4
      vertex 83.0767 33.2693 1.4
      vertex 82.7749 32.9251 1.4
    endloop
  endfacet
  facet normal 0 0 -1
    outer loop
      vertex 82.6027 35.8237 1.4
      vertex 83.7701 35.8568 1.4
      vertex 82.6261 35.7062 1.4
    endloop
  endfacet
  facet normal 0 0 -1
    outer loop
      vertex 82.5662 36.0072 1.4
      vertex 83.6807 36.3059 1.4
      vertex 82.6027 35.8237 1.4
    endloop
  endfacet
  facet normal -0 0 -1
    outer loop
      vertex 83.7701 35.8568 1.4
      vertex 82.6027 35.8237 1.4
      vertex 83.6807 36.3059 1.4
    endloop
  endfacet
  facet normal 0 0 -1
    outer loop
      vertex 83.7701 34.9432 1.4
      vertex 82.6261 35.0938 1.4
      vertex 82.6383 35.2805 1.4
    endloop
  endfacet
  facet normal 0 0 -1
    outer loop
      vertex 83.7701 34.9432 1.4
      vertex 82.6027 34.9763 1.4
      vertex 82.6261 35.0938 1.4
    endloop
  endfacet
  facet normal 0 0 -1
    outer loop
      vertex 83.6807 34.4941 1.4
      vertex 82.5662 34.7928 1.4
      vertex 82.6027 34.9763 1.4
    endloop
  endfacet
  facet normal 0 0 -1
    outer loop
      vertex 83.6807 34.4941 1.4
      vertex 82.5061 34.6155 1.4
      vertex 82.5662 34.7928 1.4
    endloop
  endfacet
  facet normal 0 0 -1
    outer loop
      vertex 83.5336 34.0606 1.4
      vertex 82.4676 34.5022 1.4
      vertex 82.5061 34.6155 1.4
    endloop
  endfacet
  facet normal 0 0 -1
    outer loop
      vertex 81.8183 33.6176 1.4
      vertex 82.7749 32.9251 1.4
      vertex 82.4307 32.6233 1.4
    endloop
  endfacet
  facet normal 0 0 -1
    outer loop
      vertex 83.5336 34.0606 1.4
      vertex 82.3848 34.3343 1.4
      vertex 82.4676 34.5022 1.4
    endloop
  endfacet
  facet normal 0 0 -1
    outer loop
      vertex 83.3311 33.65 1.4
      vertex 82.3318 34.2269 1.4
      vertex 82.3848 34.3343 1.4
    endloop
  endfacet
  facet normal 0 0 -1
    outer loop
      vertex 83.3311 33.65 1.4
      vertex 82.2653 34.1274 1.4
      vertex 82.3318 34.2269 1.4
    endloop
  endfacet
  facet normal 0 0 -1
    outer loop
      vertex 83.0767 33.2693 1.4
      vertex 82.1613 33.9718 1.4
      vertex 82.2653 34.1274 1.4
    endloop
  endfacet
  facet normal 0 0 -1
    outer loop
      vertex 83.0767 33.2693 1.4
      vertex 82.0824 33.8817 1.4
      vertex 82.1613 33.9718 1.4
    endloop
  endfacet
  facet normal 0 0 -1
    outer loop
      vertex 81.5726 33.4347 1.4
      vertex 82.4307 32.6233 1.4
      vertex 82.05 32.3689 1.4
    endloop
  endfacet
  facet normal 0 0 -1
    outer loop
      vertex 82.7749 32.9251 1.4
      vertex 81.959 33.741 1.4
      vertex 82.0824 33.8817 1.4
    endloop
  endfacet
  facet normal 0 0 -1
    outer loop
      vertex 82.7749 32.9251 1.4
      vertex 81.8183 33.6176 1.4
      vertex 81.959 33.741 1.4
    endloop
  endfacet
  facet normal 0 0 -1
    outer loop
      vertex 82.4307 32.6233 1.4
      vertex 81.7282 33.5387 1.4
      vertex 81.8183 33.6176 1.4
    endloop
  endfacet
  facet normal 0 0 -1
    outer loop
      vertex 81.3657 33.3152 1.4
      vertex 82.05 32.3689 1.4
      vertex 81.6394 32.1664 1.4
    endloop
  endfacet
  facet normal 0 0 -1
    outer loop
      vertex 82.4307 32.6233 1.4
      vertex 81.5726 33.4347 1.4
      vertex 81.7282 33.5387 1.4
    endloop
  endfacet
  facet normal 0 0 -1
    outer loop
      vertex 82.05 32.3689 1.4
      vertex 81.4731 33.3682 1.4
      vertex 81.5726 33.4347 1.4
    endloop
  endfacet
  facet normal 0 0 -1
    outer loop
      vertex 82.05 32.3689 1.4
      vertex 81.3657 33.3152 1.4
      vertex 81.4731 33.3682 1.4
    endloop
  endfacet
  facet normal 0 0 -1
    outer loop
      vertex 81.0206 33.1723 1.4
      vertex 81.6394 32.1664 1.4
      vertex 81.2059 32.0193 1.4
    endloop
  endfacet
  facet normal 0 0 -1
    outer loop
      vertex 81.6394 32.1664 1.4
      vertex 81.1978 33.2324 1.4
      vertex 81.3657 33.3152 1.4
    endloop
  endfacet
  facet normal 0 0 -1
    outer loop
      vertex 81.6394 32.1664 1.4
      vertex 81.0206 33.1723 1.4
      vertex 81.1978 33.2324 1.4
    endloop
  endfacet
  facet normal 0 0 -1
    outer loop
      vertex 81.2059 32.0193 1.4
      vertex 80.9072 33.1338 1.4
      vertex 81.0206 33.1723 1.4
    endloop
  endfacet
  facet normal 0 0 -1
    outer loop
      vertex 81.2059 32.0193 1.4
      vertex 80.7898 33.1104 1.4
      vertex 80.9072 33.1338 1.4
    endloop
  endfacet
  facet normal 0 0 -1
    outer loop
      vertex 80.55 32.1 1.4
      vertex 81.2059 32.0193 1.4
      vertex 80.7568 31.9299 1.4
    endloop
  endfacet
  facet normal 0 0 -1
    outer loop
      vertex 81.2059 32.0193 1.4
      vertex 80.55 32.1 1.4
      vertex 80.7898 33.1104 1.4
    endloop
  endfacet
  facet normal 0 0 -1
    outer loop
      vertex 80.55 32.1 1.4
      vertex 80.7568 31.9299 1.4
      vertex 80.55 31.9164 1.4
    endloop
  endfacet
  facet normal 0 0 -1
    outer loop
      vertex 80.7898 33.1104 1.4
      vertex 80.55 32.1 1.4
      vertex 80.6062 33.0739 1.4
    endloop
  endfacet
  facet normal 0 0 -1
    outer loop
      vertex 80.55 32.1 1.4
      vertex 80.4195 33.0617 1.4
      vertex 80.6062 33.0739 1.4
    endloop
  endfacet
  facet normal 0 0 -1
    outer loop
      vertex 80.55 32.1 1.4
      vertex 80.3 33.0538 1.4
      vertex 80.4195 33.0617 1.4
    endloop
  endfacet
  facet normal 0 0 -1
    outer loop
      vertex 80.55 32.1 1.4
      vertex 80.1805 33.0617 1.4
      vertex 80.3 33.0538 1.4
    endloop
  endfacet
  facet normal 0 0 -1
    outer loop
      vertex 80.55 32.1 1.4
      vertex 79.9938 33.0739 1.4
      vertex 80.1805 33.0617 1.4
    endloop
  endfacet
  facet normal 0 0 -1
    outer loop
      vertex 79.1563 32.1 1.4
      vertex 79.9938 33.0739 1.4
      vertex 80.55 32.1 1.4
    endloop
  endfacet
  facet normal -0 0 -1
    outer loop
      vertex 79.9938 33.0739 1.4
      vertex 79.1563 32.1 1.4
      vertex 79.8102 33.1104 1.4
    endloop
  endfacet
  facet normal -0 0 -1
    outer loop
      vertex 79.8102 33.1104 1.4
      vertex 79.1563 32.1 1.4
      vertex 79.6928 33.1338 1.4
    endloop
  endfacet
  facet normal -0 0 -1
    outer loop
      vertex 79.6928 33.1338 1.4
      vertex 79.1563 32.1 1.4
      vertex 79.5794 33.1723 1.4
    endloop
  endfacet
  facet normal -0 0 -1
    outer loop
      vertex 79.5794 33.1723 1.4
      vertex 79.1563 32.1 1.4
      vertex 79.4022 33.2324 1.4
    endloop
  endfacet
  facet normal 0 0 -1
    outer loop
      vertex 78.9606 32.1664 1.4
      vertex 79.4022 33.2324 1.4
      vertex 79.1563 32.1 1.4
    endloop
  endfacet
  facet normal -0 0 -1
    outer loop
      vertex 79.4022 33.2324 1.4
      vertex 78.9606 32.1664 1.4
      vertex 79.2343 33.3152 1.4
    endloop
  endfacet
  facet normal 0 0 -1
    outer loop
      vertex 78.55 32.3689 1.4
      vertex 79.2343 33.3152 1.4
      vertex 78.9606 32.1664 1.4
    endloop
  endfacet
  facet normal -0 0 -1
    outer loop
      vertex 79.2343 33.3152 1.4
      vertex 78.55 32.3689 1.4
      vertex 79.1269 33.3682 1.4
    endloop
  endfacet
  facet normal -0 0 -1
    outer loop
      vertex 79.1269 33.3682 1.4
      vertex 78.55 32.3689 1.4
      vertex 79.0274 33.4347 1.4
    endloop
  endfacet
  facet normal 0 0 -1
    outer loop
      vertex 78.1693 32.6233 1.4
      vertex 79.0274 33.4347 1.4
      vertex 78.55 32.3689 1.4
    endloop
  endfacet
  facet normal -0 0 -1
    outer loop
      vertex 79.0274 33.4347 1.4
      vertex 78.1693 32.6233 1.4
      vertex 78.8717 33.5387 1.4
    endloop
  endfacet
  facet normal -0 0 -1
    outer loop
      vertex 78.8717 33.5387 1.4
      vertex 78.1693 32.6233 1.4
      vertex 78.7817 33.6176 1.4
    endloop
  endfacet
  facet normal 0 0 -1
    outer loop
      vertex 77.8251 32.9251 1.4
      vertex 78.7817 33.6176 1.4
      vertex 78.1693 32.6233 1.4
    endloop
  endfacet
  facet normal -0 0 -1
    outer loop
      vertex 78.7817 33.6176 1.4
      vertex 77.8251 32.9251 1.4
      vertex 78.641 33.741 1.4
    endloop
  endfacet
  facet normal -0 0 -1
    outer loop
      vertex 78.641 33.741 1.4
      vertex 77.8251 32.9251 1.4
      vertex 78.5176 33.8817 1.4
    endloop
  endfacet
  facet normal 0 0 -1
    outer loop
      vertex 77.5233 33.2693 1.4
      vertex 78.5176 33.8817 1.4
      vertex 77.8251 32.9251 1.4
    endloop
  endfacet
  facet normal -0 0 -1
    outer loop
      vertex 78.5176 33.8817 1.4
      vertex 77.5233 33.2693 1.4
      vertex 78.4387 33.9718 1.4
    endloop
  endfacet
  facet normal -0 0 -1
    outer loop
      vertex 78.4387 33.9718 1.4
      vertex 77.5233 33.2693 1.4
      vertex 78.3721 34.0713 1.4
    endloop
  endfacet
  facet normal 0 0 -1
    outer loop
      vertex 77.2689 33.65 1.4
      vertex 78.3721 34.0713 1.4
      vertex 77.5233 33.2693 1.4
    endloop
  endfacet
  facet normal -0 0 -1
    outer loop
      vertex 78.3721 34.0713 1.4
      vertex 77.2689 33.65 1.4
      vertex 78.2682 34.2269 1.4
    endloop
  endfacet
  facet normal -0 0 -1
    outer loop
      vertex 78.2682 34.2269 1.4
      vertex 77.2689 33.65 1.4
      vertex 78.1854 34.3948 1.4
    endloop
  endfacet
  facet normal 0 0 -1
    outer loop
      vertex 77.0664 34.0606 1.4
      vertex 78.1854 34.3948 1.4
      vertex 77.2689 33.65 1.4
    endloop
  endfacet
  facet normal -0 0 -1
    outer loop
      vertex 78.1854 34.3948 1.4
      vertex 77.0664 34.0606 1.4
      vertex 78.1324 34.5022 1.4
    endloop
  endfacet
  facet normal 0 0 -1
    outer loop
      vertex 76.8299 34.9432 1.4
      vertex 77.9617 35.2805 1.4
      vertex 77.9739 35.0938 1.4
    endloop
  endfacet
  facet normal 0 0 -1
    outer loop
      vertex 76.9193 34.4941 1.4
      vertex 78.0939 34.6155 1.4
      vertex 77.0664 34.0606 1.4
    endloop
  endfacet
  facet normal -0 0 -1
    outer loop
      vertex 78.1324 34.5022 1.4
      vertex 77.0664 34.0606 1.4
      vertex 78.0939 34.6155 1.4
    endloop
  endfacet
  facet normal 0 0 -1
    outer loop
      vertex 82.5061 36.1844 1.4
      vertex 83.6807 36.3059 1.4
      vertex 82.5662 36.0072 1.4
    endloop
  endfacet
  facet normal -0 0 -1
    outer loop
      vertex 83.6807 36.3059 1.4
      vertex 82.5061 36.1844 1.4
      vertex 83.5336 36.7394 1.4
    endloop
  endfacet
  facet normal 0 0 -1
    outer loop
      vertex 82.4676 36.2978 1.4
      vertex 83.5336 36.7394 1.4
      vertex 82.5061 36.1844 1.4
    endloop
  endfacet
  facet normal 0 0 -1
    outer loop
      vertex 82.4146 36.4052 1.4
      vertex 83.5336 36.7394 1.4
      vertex 82.4676 36.2978 1.4
    endloop
  endfacet
  facet normal -0 0 -1
    outer loop
      vertex 83.5336 36.7394 1.4
      vertex 82.4146 36.4052 1.4
      vertex 83.3311 37.15 1.4
    endloop
  endfacet
  facet normal 0 0 -1
    outer loop
      vertex 82.3318 36.5731 1.4
      vertex 83.3311 37.15 1.4
      vertex 82.4146 36.4052 1.4
    endloop
  endfacet
  facet normal 0 0 -1
    outer loop
      vertex 82.2279 36.7287 1.4
      vertex 83.3311 37.15 1.4
      vertex 82.3318 36.5731 1.4
    endloop
  endfacet
  facet normal -0 0 -1
    outer loop
      vertex 83.3311 37.15 1.4
      vertex 82.2279 36.7287 1.4
      vertex 83.0767 37.5307 1.4
    endloop
  endfacet
  facet normal 0 0 -1
    outer loop
      vertex 82.1613 36.8282 1.4
      vertex 83.0767 37.5307 1.4
      vertex 82.2279 36.7287 1.4
    endloop
  endfacet
  facet normal 0 0 -1
    outer loop
      vertex 82.0824 36.9183 1.4
      vertex 83.0767 37.5307 1.4
      vertex 82.1613 36.8282 1.4
    endloop
  endfacet
  facet normal -0 0 -1
    outer loop
      vertex 83.0767 37.5307 1.4
      vertex 82.0824 36.9183 1.4
      vertex 82.7749 37.8749 1.4
    endloop
  endfacet
  facet normal 0 0 -1
    outer loop
      vertex 81.959 37.059 1.4
      vertex 82.7749 37.8749 1.4
      vertex 82.0824 36.9183 1.4
    endloop
  endfacet
  facet normal 0 0 -1
    outer loop
      vertex 81.8183 37.1824 1.4
      vertex 82.7749 37.8749 1.4
      vertex 81.959 37.059 1.4
    endloop
  endfacet
  facet normal -0 0 -1
    outer loop
      vertex 82.7749 37.8749 1.4
      vertex 81.8183 37.1824 1.4
      vertex 82.4307 38.1767 1.4
    endloop
  endfacet
  facet normal 0 0 -1
    outer loop
      vertex 81.7282 37.2613 1.4
      vertex 82.4307 38.1767 1.4
      vertex 81.8183 37.1824 1.4
    endloop
  endfacet
  facet normal 0 0 -1
    outer loop
      vertex 81.5726 37.3653 1.4
      vertex 82.4307 38.1767 1.4
      vertex 81.7282 37.2613 1.4
    endloop
  endfacet
  facet normal -0 0 -1
    outer loop
      vertex 82.4307 38.1767 1.4
      vertex 81.5726 37.3653 1.4
      vertex 82.05 38.4311 1.4
    endloop
  endfacet
  facet normal 0 0 -1
    outer loop
      vertex 81.4731 37.4318 1.4
      vertex 82.05 38.4311 1.4
      vertex 81.5726 37.3653 1.4
    endloop
  endfacet
  facet normal 0 0 -1
    outer loop
      vertex 81.3052 37.5146 1.4
      vertex 82.05 38.4311 1.4
      vertex 81.4731 37.4318 1.4
    endloop
  endfacet
  facet normal -0 0 -1
    outer loop
      vertex 82.05 38.4311 1.4
      vertex 81.3052 37.5146 1.4
      vertex 81.6394 38.6336 1.4
    endloop
  endfacet
  facet normal 0 0 -1
    outer loop
      vertex 81.1978 37.5676 1.4
      vertex 81.6394 38.6336 1.4
      vertex 81.3052 37.5146 1.4
    endloop
  endfacet
  facet normal 0 0 -1
    outer loop
      vertex 81.0844 37.6061 1.4
      vertex 81.6394 38.6336 1.4
      vertex 81.1978 37.5676 1.4
    endloop
  endfacet
  facet normal -0 0 -1
    outer loop
      vertex 81.6394 38.6336 1.4
      vertex 81.0844 37.6061 1.4
      vertex 81.2059 38.7807 1.4
    endloop
  endfacet
  facet normal 0 0 -1
    outer loop
      vertex 80.9072 37.6662 1.4
      vertex 81.2059 38.7807 1.4
      vertex 81.0844 37.6061 1.4
    endloop
  endfacet
  facet normal 0 0 -1
    outer loop
      vertex 80.7898 37.6896 1.4
      vertex 81.2059 38.7807 1.4
      vertex 80.9072 37.6662 1.4
    endloop
  endfacet
  facet normal 0 0 -1
    outer loop
      vertex 80.7898 37.6896 1.4
      vertex 80.7568 38.8701 1.4
      vertex 81.2059 38.7807 1.4
    endloop
  endfacet
  facet normal 0 0 -1
    outer loop
      vertex 80.6062 37.7261 1.4
      vertex 80.7568 38.8701 1.4
      vertex 80.7898 37.6896 1.4
    endloop
  endfacet
  facet normal 0 0 -1
    outer loop
      vertex 80.4195 37.7383 1.4
      vertex 80.7568 38.8701 1.4
      vertex 80.6062 37.7261 1.4
    endloop
  endfacet
  facet normal 0 0 -1
    outer loop
      vertex 80.3 38.9 1.4
      vertex 80.4195 37.7383 1.4
      vertex 80.3 37.7462 1.4
    endloop
  endfacet
  facet normal 0 0 -1
    outer loop
      vertex 80.4195 37.7383 1.4
      vertex 80.3 38.9 1.4
      vertex 80.7568 38.8701 1.4
    endloop
  endfacet
  facet normal 0 0 -1
    outer loop
      vertex 80.1805 37.7383 1.4
      vertex 80.3 38.9 1.4
      vertex 80.3 37.7462 1.4
    endloop
  endfacet
  facet normal 0 0 -1
    outer loop
      vertex 79.8432 38.8701 1.4
      vertex 80.1805 37.7383 1.4
      vertex 79.9938 37.7261 1.4
    endloop
  endfacet
  facet normal 0 0 -1
    outer loop
      vertex 80.1805 37.7383 1.4
      vertex 79.8432 38.8701 1.4
      vertex 80.3 38.9 1.4
    endloop
  endfacet
  facet normal 0 0 -1
    outer loop
      vertex 79.8102 37.6896 1.4
      vertex 79.8432 38.8701 1.4
      vertex 79.9938 37.7261 1.4
    endloop
  endfacet
  facet normal 0 0 -1
    outer loop
      vertex 79.3941 38.7807 1.4
      vertex 79.8102 37.6896 1.4
      vertex 79.6928 37.6662 1.4
    endloop
  endfacet
  facet normal 0 0 -1
    outer loop
      vertex 79.3941 38.7807 1.4
      vertex 79.6928 37.6662 1.4
      vertex 79.5155 37.6061 1.4
    endloop
  endfacet
  facet normal 0 0 -1
    outer loop
      vertex 78.9606 38.6336 1.4
      vertex 79.5155 37.6061 1.4
      vertex 79.4022 37.5676 1.4
    endloop
  endfacet
  facet normal 0 0 -1
    outer loop
      vertex 79.8102 37.6896 1.4
      vertex 79.3941 38.7807 1.4
      vertex 79.8432 38.8701 1.4
    endloop
  endfacet
  facet normal 0 0 -1
    outer loop
      vertex 78.9606 38.6336 1.4
      vertex 79.4022 37.5676 1.4
      vertex 79.2343 37.4848 1.4
    endloop
  endfacet
  facet normal 0 0 -1
    outer loop
      vertex 78.55 38.4311 1.4
      vertex 79.2343 37.4848 1.4
      vertex 79.1269 37.4318 1.4
    endloop
  endfacet
  facet normal 0 0 -1
    outer loop
      vertex 78.55 38.4311 1.4
      vertex 79.1269 37.4318 1.4
      vertex 79.0274 37.3653 1.4
    endloop
  endfacet
  facet normal 0 0 -1
    outer loop
      vertex 79.5155 37.6061 1.4
      vertex 78.9606 38.6336 1.4
      vertex 79.3941 38.7807 1.4
    endloop
  endfacet
  facet normal 0 0 -1
    outer loop
      vertex 78.1693 38.1767 1.4
      vertex 79.0274 37.3653 1.4
      vertex 78.8717 37.2613 1.4
    endloop
  endfacet
  facet normal 0 0 -1
    outer loop
      vertex 78.1693 38.1767 1.4
      vertex 78.8717 37.2613 1.4
      vertex 78.7817 37.1824 1.4
    endloop
  endfacet
  facet normal 0 0 -1
    outer loop
      vertex 77.8251 37.8749 1.4
      vertex 78.7817 37.1824 1.4
      vertex 78.641 37.059 1.4
    endloop
  endfacet
  facet normal 0 0 -1
    outer loop
      vertex 79.2343 37.4848 1.4
      vertex 78.55 38.4311 1.4
      vertex 78.9606 38.6336 1.4
    endloop
  endfacet
  facet normal 0 0 -1
    outer loop
      vertex 77.8251 37.8749 1.4
      vertex 78.641 37.059 1.4
      vertex 78.5176 36.9183 1.4
    endloop
  endfacet
  facet normal 0 0 -1
    outer loop
      vertex 77.5233 37.5307 1.4
      vertex 78.5176 36.9183 1.4
      vertex 78.4387 36.8282 1.4
    endloop
  endfacet
  facet normal 0 0 -1
    outer loop
      vertex 77.5233 37.5307 1.4
      vertex 78.4387 36.8282 1.4
      vertex 78.3721 36.7287 1.4
    endloop
  endfacet
  facet normal 0 0 -1
    outer loop
      vertex 77.2689 37.15 1.4
      vertex 78.3721 36.7287 1.4
      vertex 78.2682 36.5731 1.4
    endloop
  endfacet
  facet normal 0 0 -1
    outer loop
      vertex 77.2689 37.15 1.4
      vertex 78.2682 36.5731 1.4
      vertex 78.1854 36.4052 1.4
    endloop
  endfacet
  facet normal 0 0 -1
    outer loop
      vertex 79.0274 37.3653 1.4
      vertex 78.1693 38.1767 1.4
      vertex 78.55 38.4311 1.4
    endloop
  endfacet
  facet normal 0 0 -1
    outer loop
      vertex 77.0664 36.7394 1.4
      vertex 78.1854 36.4052 1.4
      vertex 78.1324 36.2978 1.4
    endloop
  endfacet
  facet normal 0 0 -1
    outer loop
      vertex 77.0664 36.7394 1.4
      vertex 78.1324 36.2978 1.4
      vertex 78.0939 36.1844 1.4
    endloop
  endfacet
  facet normal 0 0 -1
    outer loop
      vertex 76.9193 36.3059 1.4
      vertex 78.0939 36.1844 1.4
      vertex 78.0338 36.0072 1.4
    endloop
  endfacet
  facet normal 0 0 -1
    outer loop
      vertex 76.9193 36.3059 1.4
      vertex 78.0338 36.0072 1.4
      vertex 78.0104 35.8898 1.4
    endloop
  endfacet
  facet normal 0 0 -1
    outer loop
      vertex 76.8299 35.8568 1.4
      vertex 78.0104 35.8898 1.4
      vertex 77.9739 35.7062 1.4
    endloop
  endfacet
  facet normal 0 0 -1
    outer loop
      vertex 76.8 35.4 1.4
      vertex 77.9617 35.5195 1.4
      vertex 77.9538 35.4 1.4
    endloop
  endfacet
  facet normal 0 0 -1
    outer loop
      vertex 78.7817 37.1824 1.4
      vertex 77.8251 37.8749 1.4
      vertex 78.1693 38.1767 1.4
    endloop
  endfacet
  facet normal 0 0 -1
    outer loop
      vertex 77.9617 35.5195 1.4
      vertex 76.8299 35.8568 1.4
      vertex 77.9739 35.7062 1.4
    endloop
  endfacet
  facet normal -0 0 -1
    outer loop
      vertex 78.0939 34.6155 1.4
      vertex 76.9193 34.4941 1.4
      vertex 78.0338 34.7928 1.4
    endloop
  endfacet
  facet normal -0 0 -1
    outer loop
      vertex 78.0338 34.7928 1.4
      vertex 76.9193 34.4941 1.4
      vertex 78.0104 34.9102 1.4
    endloop
  endfacet
  facet normal 0 0 -1
    outer loop
      vertex 78.5176 36.9183 1.4
      vertex 77.5233 37.5307 1.4
      vertex 77.8251 37.8749 1.4
    endloop
  endfacet
  facet normal 0 0 -1
    outer loop
      vertex 76.8299 34.9432 1.4
      vertex 78.0104 34.9102 1.4
      vertex 76.9193 34.4941 1.4
    endloop
  endfacet
  facet normal 0 0 -1
    outer loop
      vertex 78.3721 36.7287 1.4
      vertex 77.2689 37.15 1.4
      vertex 77.5233 37.5307 1.4
    endloop
  endfacet
  facet normal 0 0 -1
    outer loop
      vertex 78.0104 34.9102 1.4
      vertex 76.8299 34.9432 1.4
      vertex 77.9739 35.0938 1.4
    endloop
  endfacet
  facet normal 0 0 -1
    outer loop
      vertex 78.1854 36.4052 1.4
      vertex 77.0664 36.7394 1.4
      vertex 77.2689 37.15 1.4
    endloop
  endfacet
  facet normal 0 0 -1
    outer loop
      vertex 76.8 35.4 1.4
      vertex 77.9617 35.2805 1.4
      vertex 76.8299 34.9432 1.4
    endloop
  endfacet
  facet normal 0 0 -1
    outer loop
      vertex 78.0939 36.1844 1.4
      vertex 76.9193 36.3059 1.4
      vertex 77.0664 36.7394 1.4
    endloop
  endfacet
  facet normal 0 0 -1
    outer loop
      vertex 77.9617 35.2805 1.4
      vertex 76.8 35.4 1.4
      vertex 77.9538 35.4 1.4
    endloop
  endfacet
  facet normal -0 0 -1
    outer loop
      vertex 78.0104 35.8898 1.4
      vertex 76.8299 35.8568 1.4
      vertex 76.9193 36.3059 1.4
    endloop
  endfacet
  facet normal -0 0 -1
    outer loop
      vertex 77.9617 35.5195 1.4
      vertex 76.8 35.4 1.4
      vertex 76.8299 35.8568 1.4
    endloop
  endfacet
  facet normal 0.980757 -0.195234 0
    outer loop
      vertex 76.8299 35.8568 1.4
      vertex 76.9193 36.3059 0
      vertex 76.9193 36.3059 1.4
    endloop
  endfacet
  facet normal 0.980757 -0.195234 0
    outer loop
      vertex 76.9193 36.3059 0
      vertex 76.8299 35.8568 1.4
      vertex 76.8299 35.8568 0
    endloop
  endfacet
  facet normal -0.980757 0.195234 0
    outer loop
      vertex 83.6807 34.4941 0
      vertex 83.7701 34.9432 1.4
      vertex 83.7701 34.9432 0
    endloop
  endfacet
  facet normal -0.980757 0.195234 0
    outer loop
      vertex 83.7701 34.9432 1.4
      vertex 83.6807 34.4941 0
      vertex 83.6807 34.4941 1.4
    endloop
  endfacet
  facet normal -0.659278 0.7519 0
    outer loop
      vertex 82.7749 32.9251 -1.5
      vertex 82.4307 32.6233 1.4
      vertex 82.7749 32.9251 1.4
    endloop
  endfacet
  facet normal -0.659278 0.7519 0
    outer loop
      vertex 82.4307 32.6233 1.4
      vertex 82.7749 32.9251 -1.5
      vertex 82.4307 32.6233 -1.5
    endloop
  endfacet
  facet normal -0.831445 0.555607 0
    outer loop
      vertex 83.0767 33.2693 -1.5
      vertex 83.3311 33.65 1.4
      vertex 83.3311 33.65 -1.5
    endloop
  endfacet
  facet normal -0.831445 0.555607 0
    outer loop
      vertex 83.3311 33.65 1.4
      vertex 83.0767 33.2693 -1.5
      vertex 83.0767 33.2693 1.4
    endloop
  endfacet
  facet normal 0.321304 0.946976 -0
    outer loop
      vertex 79.1563 32.1 0
      vertex 78.9606 32.1664 1.4
      vertex 79.1563 32.1 1.4
    endloop
  endfacet
  facet normal 0.321304 0.946976 0
    outer loop
      vertex 78.9606 32.1664 1.4
      vertex 79.1563 32.1 0
      vertex 78.9606 32.1664 0
    endloop
  endfacet
  facet normal 0.997865 0.0653156 0
    outer loop
      vertex 76.8299 34.9432 1.4
      vertex 76.8 35.4 0
      vertex 76.8 35.4 1.4
    endloop
  endfacet
  facet normal 0.997865 0.0653156 0
    outer loop
      vertex 76.8 35.4 0
      vertex 76.8299 34.9432 1.4
      vertex 76.8299 34.9432 0
    endloop
  endfacet
  facet normal 0.89686 0.442314 0
    outer loop
      vertex 77.2689 33.65 1.4
      vertex 77.0664 34.0606 0
      vertex 77.0664 34.0606 1.4
    endloop
  endfacet
  facet normal 0.89686 0.442314 0
    outer loop
      vertex 77.0664 34.0606 0
      vertex 77.2689 33.65 1.4
      vertex 77.2689 33.65 0
    endloop
  endfacet
  facet normal 0.946966 0.321335 0
    outer loop
      vertex 77.0664 34.0606 1.4
      vertex 76.9193 34.4941 0
      vertex 76.9193 34.4941 1.4
    endloop
  endfacet
  facet normal 0.946966 0.321335 0
    outer loop
      vertex 76.9193 34.4941 0
      vertex 77.0664 34.0606 1.4
      vertex 77.0664 34.0606 0
    endloop
  endfacet
  facet normal 0.659278 0.7519 -0
    outer loop
      vertex 78.1693 32.6233 0
      vertex 77.8251 32.9251 1.4
      vertex 78.1693 32.6233 1.4
    endloop
  endfacet
  facet normal 0.659278 0.7519 0
    outer loop
      vertex 77.8251 32.9251 1.4
      vertex 78.1693 32.6233 0
      vertex 77.8251 32.9251 0
    endloop
  endfacet
  facet normal -0.896853 0.442328 0
    outer loop
      vertex 83.4 33.7897 -1.5
      vertex 83.3311 33.65 -1.5
      vertex 83.4 33.7897 0
    endloop
  endfacet
  facet normal -0.896864 0.442307 0
    outer loop
      vertex 83.4 33.7897 0
      vertex 83.5336 34.0606 1.4
      vertex 83.5336 34.0606 0
    endloop
  endfacet
  facet normal -0.89686 0.442314 -1.70061e-06
    outer loop
      vertex 83.4 33.7897 0
      vertex 83.3311 33.65 1.4
      vertex 83.5336 34.0606 1.4
    endloop
  endfacet
  facet normal -0.896853 0.442328 0
    outer loop
      vertex 83.3311 33.65 1.4
      vertex 83.4 33.7897 0
      vertex 83.3311 33.65 -1.5
    endloop
  endfacet
  facet normal 0.555607 0.831445 -0
    outer loop
      vertex 78.55 32.3689 0
      vertex 78.1693 32.6233 1.4
      vertex 78.55 32.3689 1.4
    endloop
  endfacet
  facet normal 0.555607 0.831445 0
    outer loop
      vertex 78.1693 32.6233 1.4
      vertex 78.55 32.3689 0
      vertex 78.1693 32.6233 0
    endloop
  endfacet
  facet normal -0.0651418 0.997876 0
    outer loop
      vertex 80.7568 31.9299 0
      vertex 80.55 31.9164 1.4
      vertex 80.7568 31.9299 1.4
    endloop
  endfacet
  facet normal -0.0651418 0.997876 0
    outer loop
      vertex 80.55 31.9164 1.4
      vertex 80.7568 31.9299 0
      vertex 80.55 31.9164 0
    endloop
  endfacet
  facet normal 0.980757 0.195234 0
    outer loop
      vertex 76.9193 34.4941 1.4
      vertex 76.8299 34.9432 0
      vertex 76.8299 34.9432 1.4
    endloop
  endfacet
  facet normal 0.980757 0.195234 0
    outer loop
      vertex 76.8299 34.9432 0
      vertex 76.9193 34.4941 1.4
      vertex 76.9193 34.4941 0
    endloop
  endfacet
  facet normal 0.831445 0.555607 0
    outer loop
      vertex 77.5233 33.2693 1.4
      vertex 77.2689 33.65 0
      vertex 77.2689 33.65 1.4
    endloop
  endfacet
  facet normal 0.831445 0.555607 0
    outer loop
      vertex 77.2689 33.65 0
      vertex 77.5233 33.2693 1.4
      vertex 77.5233 33.2693 0
    endloop
  endfacet
  facet normal -0.7519 0.659278 0
    outer loop
      vertex 82.7749 32.9251 -1.5
      vertex 83.0767 33.2693 1.4
      vertex 83.0767 33.2693 -1.5
    endloop
  endfacet
  facet normal -0.7519 0.659278 0
    outer loop
      vertex 83.0767 33.2693 1.4
      vertex 82.7749 32.9251 -1.5
      vertex 82.7749 32.9251 1.4
    endloop
  endfacet
  facet normal 0.442314 0.89686 -0
    outer loop
      vertex 78.9606 32.1664 0
      vertex 78.55 32.3689 1.4
      vertex 78.9606 32.1664 1.4
    endloop
  endfacet
  facet normal 0.442314 0.89686 0
    outer loop
      vertex 78.55 32.3689 1.4
      vertex 78.9606 32.1664 0
      vertex 78.55 32.3689 0
    endloop
  endfacet
  facet normal 0.7519 0.659278 0
    outer loop
      vertex 77.8251 32.9251 1.4
      vertex 77.5233 33.2693 0
      vertex 77.5233 33.2693 1.4
    endloop
  endfacet
  facet normal 0.7519 0.659278 0
    outer loop
      vertex 77.5233 33.2693 0
      vertex 77.8251 32.9251 1.4
      vertex 77.8251 32.9251 0
    endloop
  endfacet
  facet normal -0.679772 -0.0445615 0.732068
    outer loop
      vertex -0.40881 -3.58293 2
      vertex -1.05385 -3.6 1.4
      vertex -0.407691 -3.6 2
    endloop
  endfacet
  facet normal -0.679773 -0.0445482 0.732069
    outer loop
      vertex -1.05385 -3.6 1.4
      vertex -0.40881 -3.58293 2
      vertex -1.06168 -3.48052 1.4
    endloop
  endfacet
  facet normal 0.679773 0.0445482 0.732069
    outer loop
      vertex -5.74615 -3.6 1.4
      vertex -6.39119 -3.61707 2
      vertex -5.73832 -3.71948 1.4
    endloop
  endfacet
  facet normal 0.67977 0.0446012 0.732067
    outer loop
      vertex -6.39119 -3.61707 2
      vertex -5.74615 -3.6 1.4
      vertex -6.39231 -3.6 2
    endloop
  endfacet
  facet normal -0.679773 0.0445556 0.732068
    outer loop
      vertex -1.06168 -3.71948 1.4
      vertex -0.433291 -3.99057 2
      vertex -0.40881 -3.61707 2
    endloop
  endfacet
  facet normal -0.679774 0.0445538 0.732067
    outer loop
      vertex -0.433291 -3.99057 2
      vertex -1.06168 -3.71948 1.4
      vertex -1.07392 -3.90623 1.4
    endloop
  endfacet
  facet normal -0.64508 0.218971 0.732068
    outer loop
      vertex -1.17228 -4.32061 1.4
      vertex -0.635467 -4.74511 2
      vertex -0.51515 -4.39066 2
    endloop
  endfacet
  facet normal -0.645075 0.21898 0.73207
    outer loop
      vertex -0.635467 -4.74511 2
      vertex -1.17228 -4.32061 1.4
      vertex -1.23244 -4.49783 1.4
    endloop
  endfacet
  facet normal -0.0445218 -0.679774 0.732069
    outer loop
      vertex -3.4 -1.25385 1.4
      vertex -3.38293 -0.60881 2
      vertex -3.4 -0.607692 2
    endloop
  endfacet
  facet normal -0.0445482 -0.679773 0.732069
    outer loop
      vertex -3.38293 -0.60881 2
      vertex -3.4 -1.25385 1.4
      vertex -3.28052 -1.26168 1.4
    endloop
  endfacet
  facet normal -0.610979 -0.301307 0.732064
    outer loop
      vertex -1.31521 -2.53431 1.4
      vertex -0.635467 -2.45489 2
      vertex -0.801019 -2.11919 2
    endloop
  endfacet
  facet normal -0.610989 -0.301272 0.732071
    outer loop
      vertex -0.635467 -2.45489 2
      vertex -1.31521 -2.53431 1.4
      vertex -1.23244 -2.70217 1.4
    endloop
  endfacet
  facet normal -0.0445482 0.679773 0.732069
    outer loop
      vertex -3.4 -5.94615 1.4
      vertex -3.38293 -6.59119 2
      vertex -3.28052 -5.93832 1.4
    endloop
  endfacet
  facet normal -0.0446012 0.67977 0.732067
    outer loop
      vertex -3.38293 -6.59119 2
      vertex -3.4 -5.94615 1.4
      vertex -3.4 -6.59231 2
    endloop
  endfacet
  facet normal 0.61099 0.301273 0.732069
    outer loop
      vertex -6.16453 -4.74511 2
      vertex -5.48479 -4.66569 1.4
      vertex -5.56756 -4.49783 1.4
    endloop
  endfacet
  facet normal 0.610981 0.301305 0.732064
    outer loop
      vertex -5.48479 -4.66569 1.4
      vertex -6.16453 -4.74511 2
      vertex -5.99898 -5.08081 2
    endloop
  endfacet
  facet normal 0.44917 0.512177 0.732066
    outer loop
      vertex -5.51588 -5.71588 2
      vertex -4.91827 -5.38238 1.4
      vertex -5.05898 -5.25898 1.4
    endloop
  endfacet
  facet normal 0.44917 0.512177 0.732066
    outer loop
      vertex -4.91827 -5.38238 1.4
      vertex -5.51588 -5.71588 2
      vertex -5.23446 -5.96268 2
    endloop
  endfacet
  facet normal 0.679773 -0.0445538 0.732068
    outer loop
      vertex -6.36671 -3.20943 2
      vertex -5.73832 -3.48052 1.4
      vertex -5.72608 -3.29377 1.4
    endloop
  endfacet
  facet normal 0.679773 -0.0445538 0.732068
    outer loop
      vertex -5.73832 -3.48052 1.4
      vertex -6.36671 -3.20943 2
      vertex -6.39119 -3.58293 2
    endloop
  endfacet
  facet normal 0.512177 -0.44917 0.732066
    outer loop
      vertex -5.51588 -1.48412 2
      vertex -5.18238 -2.08173 1.4
      vertex -5.05898 -1.94102 1.4
    endloop
  endfacet
  facet normal 0.512177 -0.44917 0.732066
    outer loop
      vertex -5.18238 -2.08173 1.4
      vertex -5.51588 -1.48412 2
      vertex -5.76268 -1.76554 2
    endloop
  endfacet
  facet normal -0.44917 -0.512177 0.732066
    outer loop
      vertex -1.88173 -1.81762 1.4
      vertex -1.28412 -1.48412 2
      vertex -1.56554 -1.23732 2
    endloop
  endfacet
  facet normal -0.44917 -0.512177 0.732066
    outer loop
      vertex -1.28412 -1.48412 2
      vertex -1.88173 -1.81762 1.4
      vertex -1.74102 -1.94102 1.4
    endloop
  endfacet
  facet normal -0.668144 -0.132899 0.732067
    outer loop
      vertex -1.11043 -3.11021 1.4
      vertex -0.433291 -3.20943 2
      vertex -0.506314 -2.84231 2
    endloop
  endfacet
  facet normal -0.668144 -0.132894 0.732068
    outer loop
      vertex -0.433291 -3.20943 2
      vertex -1.11043 -3.11021 1.4
      vertex -1.07392 -3.29377 1.4
    endloop
  endfacet
  facet normal -0.512177 0.44917 0.732066
    outer loop
      vertex -1.61762 -5.11827 1.4
      vertex -1.28412 -5.71588 2
      vertex -1.03732 -5.43446 2
    endloop
  endfacet
  facet normal -0.512177 0.44917 0.732066
    outer loop
      vertex -1.28412 -5.71588 2
      vertex -1.61762 -5.11827 1.4
      vertex -1.74102 -5.25898 1.4
    endloop
  endfacet
  facet normal -0.51214 0.449217 0.732063
    outer loop
      vertex -1.53867 -5.02825 1.4
      vertex -1.03732 -5.43446 2
      vertex -1.02604 -5.4216 2
    endloop
  endfacet
  facet normal -0.512167 0.449185 0.732064
    outer loop
      vertex -1.03732 -5.43446 2
      vertex -1.53867 -5.02825 1.4
      vertex -1.61762 -5.11827 1.4
    endloop
  endfacet
  facet normal 0.301273 0.61099 0.732069
    outer loop
      vertex -4.46569 -5.68479 1.4
      vertex -4.54511 -6.36453 2
      vertex -4.29783 -5.76756 1.4
    endloop
  endfacet
  facet normal 0.301305 0.610981 0.732064
    outer loop
      vertex -4.54511 -6.36453 2
      vertex -4.46569 -5.68479 1.4
      vertex -4.88081 -6.19898 2
    endloop
  endfacet
  facet normal 0.610979 0.301308 0.732064
    outer loop
      vertex -5.99898 -5.08081 2
      vertex -5.43183 -4.77308 1.4
      vertex -5.48479 -4.66569 1.4
    endloop
  endfacet
  facet normal 0.611062 0.301149 0.732061
    outer loop
      vertex -5.43183 -4.77308 1.4
      vertex -5.99898 -5.08081 2
      vertex -5.99142 -5.09615 2
    endloop
  endfacet
  facet normal 0.645077 -0.218981 0.732068
    outer loop
      vertex -6.29035 -2.82553 2
      vertex -5.60605 -2.81555 1.4
      vertex -6.17003 -2.47109 2
    endloop
  endfacet
  facet normal 0.645077 -0.218981 0.732068
    outer loop
      vertex -5.60605 -2.81555 1.4
      vertex -6.29035 -2.82553 2
      vertex -5.66621 -2.99277 1.4
    endloop
  endfacet
  facet normal 0.132901 -0.668144 0.732066
    outer loop
      vertex -4.15769 -0.706315 2
      vertex -4.00723 -1.33379 1.4
      vertex -3.88979 -1.31043 1.4
    endloop
  endfacet
  facet normal 0.132873 -0.66815 0.732066
    outer loop
      vertex -4.00723 -1.33379 1.4
      vertex -4.15769 -0.706315 2
      vertex -4.17447 -0.709652 2
    endloop
  endfacet
  facet normal 0.512167 -0.449185 0.732064
    outer loop
      vertex -5.76268 -1.76554 2
      vertex -5.26133 -2.17175 1.4
      vertex -5.18238 -2.08173 1.4
    endloop
  endfacet
  facet normal 0.51214 -0.449217 0.732063
    outer loop
      vertex -5.26133 -2.17175 1.4
      vertex -5.76268 -1.76554 2
      vertex -5.77396 -1.7784 2
    endloop
  endfacet
  facet normal 0.610981 -0.301305 0.732064
    outer loop
      vertex -6.16453 -2.45489 2
      vertex -5.48479 -2.53431 1.4
      vertex -5.99898 -2.11919 2
    endloop
  endfacet
  facet normal 0.61099 -0.301273 0.732069
    outer loop
      vertex -5.48479 -2.53431 1.4
      vertex -6.16453 -2.45489 2
      vertex -5.56756 -2.70217 1.4
    endloop
  endfacet
  facet normal -0.132904 -0.668143 0.732067
    outer loop
      vertex -3.00942 -0.633291 2
      vertex -2.91021 -1.31043 1.4
      vertex -2.64231 -0.706315 2
    endloop
  endfacet
  facet normal -0.132893 -0.668143 0.732069
    outer loop
      vertex -2.91021 -1.31043 1.4
      vertex -3.00942 -0.633291 2
      vertex -3.09377 -1.27392 1.4
    endloop
  endfacet
  facet normal -0.0445538 -0.679773 0.732068
    outer loop
      vertex -3.00942 -0.633291 2
      vertex -3.28052 -1.26168 1.4
      vertex -3.09377 -1.27392 1.4
    endloop
  endfacet
  facet normal -0.0445544 -0.679773 0.732068
    outer loop
      vertex -3.28052 -1.26168 1.4
      vertex -3.00942 -0.633291 2
      vertex -3.38293 -0.60881 2
    endloop
  endfacet
  facet normal -0.449217 -0.51214 0.732063
    outer loop
      vertex -1.97175 -1.73867 1.4
      vertex -1.56554 -1.23732 2
      vertex -1.5784 -1.22604 2
    endloop
  endfacet
  facet normal -0.449185 -0.512167 0.732064
    outer loop
      vertex -1.56554 -1.23732 2
      vertex -1.97175 -1.73867 1.4
      vertex -1.88173 -1.81762 1.4
    endloop
  endfacet
  facet normal -0.566426 -0.378476 0.732064
    outer loop
      vertex -1.02604 -1.7784 2
      vertex -1.43469 -2.32736 1.4
      vertex -0.818088 -2.08962 2
    endloop
  endfacet
  facet normal -0.566417 -0.378485 0.732066
    outer loop
      vertex -1.43469 -2.32736 1.4
      vertex -1.02604 -1.7784 2
      vertex -1.53867 -2.17175 1.4
    endloop
  endfacet
  facet normal -0.64508 -0.218971 0.732068
    outer loop
      vertex -0.635467 -2.45489 2
      vertex -1.17228 -2.87939 1.4
      vertex -0.51515 -2.80934 2
    endloop
  endfacet
  facet normal -0.645075 -0.21898 0.73207
    outer loop
      vertex -1.17228 -2.87939 1.4
      vertex -0.635467 -2.45489 2
      vertex -1.23244 -2.70217 1.4
    endloop
  endfacet
  facet normal -0.679773 -0.0445556 0.732068
    outer loop
      vertex -0.433291 -3.20943 2
      vertex -1.06168 -3.48052 1.4
      vertex -0.40881 -3.58293 2
    endloop
  endfacet
  facet normal -0.679774 -0.0445538 0.732067
    outer loop
      vertex -1.06168 -3.48052 1.4
      vertex -0.433291 -3.20943 2
      vertex -1.07392 -3.29377 1.4
    endloop
  endfacet
  facet normal -0.668144 0.132894 0.732068
    outer loop
      vertex -1.11043 -4.08979 1.4
      vertex -0.433291 -3.99057 2
      vertex -1.07392 -3.90623 1.4
    endloop
  endfacet
  facet normal -0.668144 0.132899 0.732067
    outer loop
      vertex -0.433291 -3.99057 2
      vertex -1.11043 -4.08979 1.4
      vertex -0.506314 -4.35769 2
    endloop
  endfacet
  facet normal -0.645044 0.219092 0.732063
    outer loop
      vertex -1.13379 -4.20723 1.4
      vertex -0.51515 -4.39066 2
      vertex -0.509651 -4.37447 2
    endloop
  endfacet
  facet normal -0.645077 0.218989 0.732066
    outer loop
      vertex -0.51515 -4.39066 2
      vertex -1.13379 -4.20723 1.4
      vertex -1.17228 -4.32061 1.4
    endloop
  endfacet
  facet normal -0.679772 0.0445615 0.732068
    outer loop
      vertex -1.05385 -3.6 1.4
      vertex -0.40881 -3.61707 2
      vertex -0.407691 -3.6 2
    endloop
  endfacet
  facet normal -0.679773 0.0445482 0.732069
    outer loop
      vertex -0.40881 -3.61707 2
      vertex -1.05385 -3.6 1.4
      vertex -1.06168 -3.71948 1.4
    endloop
  endfacet
  facet normal -0.610989 0.301272 0.732071
    outer loop
      vertex -1.31521 -4.66569 1.4
      vertex -0.635467 -4.74511 2
      vertex -1.23244 -4.49783 1.4
    endloop
  endfacet
  facet normal -0.610979 0.301307 0.732064
    outer loop
      vertex -0.635467 -4.74511 2
      vertex -1.31521 -4.66569 1.4
      vertex -0.801019 -5.08081 2
    endloop
  endfacet
  facet normal -0.301466 0.610897 0.732068
    outer loop
      vertex -2.22692 -5.63183 1.4
      vertex -1.91919 -6.19898 2
      vertex -1.90385 -6.19141 2
    endloop
  endfacet
  facet normal -0.301308 0.610979 0.732064
    outer loop
      vertex -1.91919 -6.19898 2
      vertex -2.22692 -5.63183 1.4
      vertex -2.33431 -5.68479 1.4
    endloop
  endfacet
  facet normal -0.301305 0.610981 0.732064
    outer loop
      vertex -2.33431 -5.68479 1.4
      vertex -2.25489 -6.36453 2
      vertex -1.91919 -6.19898 2
    endloop
  endfacet
  facet normal -0.301273 0.61099 0.732069
    outer loop
      vertex -2.25489 -6.36453 2
      vertex -2.33431 -5.68479 1.4
      vertex -2.50217 -5.76756 1.4
    endloop
  endfacet
  facet normal 0.645073 0.218988 0.732069
    outer loop
      vertex -6.17003 -4.72891 2
      vertex -5.56756 -4.49783 1.4
      vertex -5.60605 -4.38445 1.4
    endloop
  endfacet
  facet normal 0.645068 0.219004 0.732069
    outer loop
      vertex -5.56756 -4.49783 1.4
      vertex -6.17003 -4.72891 2
      vertex -6.16453 -4.74511 2
    endloop
  endfacet
  facet normal 0.378458 0.566436 0.732065
    outer loop
      vertex -4.91038 -6.18191 2
      vertex -4.57308 -5.63183 1.4
      vertex -4.67264 -5.56531 1.4
    endloop
  endfacet
  facet normal 0.378245 0.566572 0.73207
    outer loop
      vertex -4.57308 -5.63183 1.4
      vertex -4.91038 -6.18191 2
      vertex -4.89615 -6.19141 2
    endloop
  endfacet
  facet normal 0.218981 0.645076 0.732068
    outer loop
      vertex -4.54511 -6.36453 2
      vertex -4.12061 -5.82772 1.4
      vertex -4.29783 -5.76756 1.4
    endloop
  endfacet
  facet normal 0.218976 0.645079 0.732067
    outer loop
      vertex -4.12061 -5.82772 1.4
      vertex -4.54511 -6.36453 2
      vertex -4.19066 -6.48485 2
    endloop
  endfacet
  facet normal 0.449185 0.512167 0.732064
    outer loop
      vertex -5.23446 -5.96268 2
      vertex -4.82825 -5.46133 1.4
      vertex -4.91827 -5.38238 1.4
    endloop
  endfacet
  facet normal 0.449217 0.51214 0.732063
    outer loop
      vertex -4.82825 -5.46133 1.4
      vertex -5.23446 -5.96268 2
      vertex -5.2216 -5.97396 2
    endloop
  endfacet
  facet normal 0.512167 0.449185 0.732064
    outer loop
      vertex -5.26133 -5.02825 1.4
      vertex -5.76268 -5.43446 2
      vertex -5.18238 -5.11827 1.4
    endloop
  endfacet
  facet normal 0.51214 0.449217 0.732063
    outer loop
      vertex -5.76268 -5.43446 2
      vertex -5.26133 -5.02825 1.4
      vertex -5.77396 -5.4216 2
    endloop
  endfacet
  facet normal 0.645077 0.218981 0.732068
    outer loop
      vertex -6.29035 -4.37447 2
      vertex -5.60605 -4.38445 1.4
      vertex -5.66621 -4.20723 1.4
    endloop
  endfacet
  facet normal 0.645077 0.218981 0.732068
    outer loop
      vertex -5.60605 -4.38445 1.4
      vertex -6.29035 -4.37447 2
      vertex -6.17003 -4.72891 2
    endloop
  endfacet
  facet normal 0.668143 -0.132912 0.732065
    outer loop
      vertex -6.36671 -3.20943 2
      vertex -5.68957 -3.11021 1.4
      vertex -6.29368 -2.84231 2
    endloop
  endfacet
  facet normal 0.668143 -0.132893 0.732068
    outer loop
      vertex -5.68957 -3.11021 1.4
      vertex -6.36671 -3.20943 2
      vertex -5.72608 -3.29377 1.4
    endloop
  endfacet
  facet normal 0.668212 -0.132607 0.732058
    outer loop
      vertex -6.29368 -2.84231 2
      vertex -5.66621 -2.99277 1.4
      vertex -6.29035 -2.82553 2
    endloop
  endfacet
  facet normal 0.668147 -0.132901 0.732064
    outer loop
      vertex -5.66621 -2.99277 1.4
      vertex -6.29368 -2.84231 2
      vertex -5.68957 -3.11021 1.4
    endloop
  endfacet
  facet normal 0.0445556 -0.679773 0.732068
    outer loop
      vertex -3.79057 -0.633291 2
      vertex -3.51948 -1.26168 1.4
      vertex -3.41707 -0.60881 2
    endloop
  endfacet
  facet normal 0.0445538 -0.679774 0.732067
    outer loop
      vertex -3.51948 -1.26168 1.4
      vertex -3.79057 -0.633291 2
      vertex -3.70623 -1.27392 1.4
    endloop
  endfacet
  facet normal 0.679773 -0.0445482 0.732069
    outer loop
      vertex -6.39119 -3.58293 2
      vertex -5.74615 -3.6 1.4
      vertex -5.73832 -3.48052 1.4
    endloop
  endfacet
  facet normal 0.67977 -0.0446012 0.732067
    outer loop
      vertex -5.74615 -3.6 1.4
      vertex -6.39119 -3.58293 2
      vertex -6.39231 -3.6 2
    endloop
  endfacet
  facet normal 0.611062 -0.301149 0.732061
    outer loop
      vertex -5.99898 -2.11919 2
      vertex -5.43183 -2.42692 1.4
      vertex -5.99142 -2.10385 2
    endloop
  endfacet
  facet normal 0.610979 -0.301308 0.732064
    outer loop
      vertex -5.43183 -2.42692 1.4
      vertex -5.99898 -2.11919 2
      vertex -5.48479 -2.53431 1.4
    endloop
  endfacet
  facet normal -0.132873 -0.66815 0.732066
    outer loop
      vertex -2.64231 -0.706315 2
      vertex -2.79277 -1.33379 1.4
      vertex -2.62553 -0.709652 2
    endloop
  endfacet
  facet normal -0.132901 -0.668144 0.732066
    outer loop
      vertex -2.79277 -1.33379 1.4
      vertex -2.64231 -0.706315 2
      vertex -2.91021 -1.31043 1.4
    endloop
  endfacet
  facet normal -0.218976 -0.645079 0.732068
    outer loop
      vertex -2.62553 -0.709652 2
      vertex -2.61555 -1.39395 1.4
      vertex -2.27109 -0.829969 2
    endloop
  endfacet
  facet normal -0.218981 -0.645078 0.732067
    outer loop
      vertex -2.61555 -1.39395 1.4
      vertex -2.62553 -0.709652 2
      vertex -2.79277 -1.33379 1.4
    endloop
  endfacet
  facet normal -0.378474 -0.566428 0.732063
    outer loop
      vertex -2.12736 -1.63469 1.4
      vertex -1.5784 -1.22604 2
      vertex -1.88962 -1.01809 2
    endloop
  endfacet
  facet normal -0.378485 -0.566417 0.732066
    outer loop
      vertex -1.5784 -1.22604 2
      vertex -2.12736 -1.63469 1.4
      vertex -1.97175 -1.73867 1.4
    endloop
  endfacet
  facet normal -0.610979 -0.301307 0.732065
    outer loop
      vertex -1.36817 -2.42692 1.4
      vertex -0.801019 -2.11919 2
      vertex -0.808584 -2.10385 2
    endloop
  endfacet
  facet normal -0.610979 -0.301308 0.732065
    outer loop
      vertex -0.801019 -2.11919 2
      vertex -1.36817 -2.42692 1.4
      vertex -1.31521 -2.53431 1.4
    endloop
  endfacet
  facet normal -0.512177 -0.44917 0.732066
    outer loop
      vertex -1.28412 -1.48412 2
      vertex -1.61762 -2.08173 1.4
      vertex -1.03732 -1.76554 2
    endloop
  endfacet
  facet normal -0.512177 -0.44917 0.732066
    outer loop
      vertex -1.61762 -2.08173 1.4
      vertex -1.28412 -1.48412 2
      vertex -1.74102 -1.94102 1.4
    endloop
  endfacet
  facet normal -0.5665 -0.378357 0.732068
    outer loop
      vertex -0.818088 -2.08962 2
      vertex -1.36817 -2.42692 1.4
      vertex -0.808584 -2.10385 2
    endloop
  endfacet
  facet normal -0.566435 -0.378458 0.732066
    outer loop
      vertex -1.36817 -2.42692 1.4
      vertex -0.818088 -2.08962 2
      vertex -1.43469 -2.32736 1.4
    endloop
  endfacet
  facet normal -0.645044 -0.219092 0.732063
    outer loop
      vertex -0.51515 -2.80934 2
      vertex -1.13379 -2.99277 1.4
      vertex -0.509651 -2.82553 2
    endloop
  endfacet
  facet normal -0.645077 -0.218989 0.732066
    outer loop
      vertex -1.13379 -2.99277 1.4
      vertex -0.51515 -2.80934 2
      vertex -1.17228 -2.87939 1.4
    endloop
  endfacet
  facet normal -0.668149 -0.132873 0.732066
    outer loop
      vertex -1.13379 -2.99277 1.4
      vertex -0.506314 -2.84231 2
      vertex -0.509651 -2.82553 2
    endloop
  endfacet
  facet normal -0.668143 -0.1329 0.732067
    outer loop
      vertex -0.506314 -2.84231 2
      vertex -1.13379 -2.99277 1.4
      vertex -1.11043 -3.11021 1.4
    endloop
  endfacet
  facet normal -0.668143 0.1329 0.732067
    outer loop
      vertex -1.13379 -4.20723 1.4
      vertex -0.506314 -4.35769 2
      vertex -1.11043 -4.08979 1.4
    endloop
  endfacet
  facet normal -0.668149 0.132873 0.732066
    outer loop
      vertex -0.506314 -4.35769 2
      vertex -1.13379 -4.20723 1.4
      vertex -0.509651 -4.37447 2
    endloop
  endfacet
  facet normal -0.610979 0.301308 0.732065
    outer loop
      vertex -1.36817 -4.77308 1.4
      vertex -0.801019 -5.08081 2
      vertex -1.31521 -4.66569 1.4
    endloop
  endfacet
  facet normal -0.610979 0.301307 0.732065
    outer loop
      vertex -0.801019 -5.08081 2
      vertex -1.36817 -4.77308 1.4
      vertex -0.808584 -5.09615 2
    endloop
  endfacet
  facet normal -0.378458 0.566436 0.732065
    outer loop
      vertex -2.22692 -5.63183 1.4
      vertex -1.88962 -6.18191 2
      vertex -2.12736 -5.56531 1.4
    endloop
  endfacet
  facet normal -0.378245 0.566572 0.73207
    outer loop
      vertex -1.88962 -6.18191 2
      vertex -2.22692 -5.63183 1.4
      vertex -1.90385 -6.19141 2
    endloop
  endfacet
  facet normal -0.218981 0.645076 0.732068
    outer loop
      vertex -2.67939 -5.82772 1.4
      vertex -2.25489 -6.36453 2
      vertex -2.50217 -5.76756 1.4
    endloop
  endfacet
  facet normal -0.218976 0.645079 0.732067
    outer loop
      vertex -2.25489 -6.36453 2
      vertex -2.67939 -5.82772 1.4
      vertex -2.60934 -6.48485 2
    endloop
  endfacet
  facet normal -0.218989 0.645077 0.732066
    outer loop
      vertex -2.79277 -5.86621 1.4
      vertex -2.60934 -6.48485 2
      vertex -2.67939 -5.82772 1.4
    endloop
  endfacet
  facet normal -0.219128 0.645033 0.732063
    outer loop
      vertex -2.60934 -6.48485 2
      vertex -2.79277 -5.86621 1.4
      vertex -2.62553 -6.49035 2
    endloop
  endfacet
  facet normal 0.668143 0.132893 0.732068
    outer loop
      vertex -6.36671 -3.99057 2
      vertex -5.68957 -4.08979 1.4
      vertex -5.72608 -3.90623 1.4
    endloop
  endfacet
  facet normal 0.668143 0.132912 0.732065
    outer loop
      vertex -5.68957 -4.08979 1.4
      vertex -6.36671 -3.99057 2
      vertex -6.29368 -4.35769 2
    endloop
  endfacet
  facet normal 0.679773 0.0445538 0.732068
    outer loop
      vertex -5.73832 -3.71948 1.4
      vertex -6.36671 -3.99057 2
      vertex -5.72608 -3.90623 1.4
    endloop
  endfacet
  facet normal 0.679773 0.0445538 0.732068
    outer loop
      vertex -6.36671 -3.99057 2
      vertex -5.73832 -3.71948 1.4
      vertex -6.39119 -3.61707 2
    endloop
  endfacet
  facet normal 0.378485 0.566417 0.732066
    outer loop
      vertex -5.2216 -5.97396 2
      vertex -4.67264 -5.56531 1.4
      vertex -4.82825 -5.46133 1.4
    endloop
  endfacet
  facet normal 0.378474 0.566428 0.732063
    outer loop
      vertex -4.67264 -5.56531 1.4
      vertex -5.2216 -5.97396 2
      vertex -4.91038 -6.18191 2
    endloop
  endfacet
  facet normal 0.301308 0.610979 0.732064
    outer loop
      vertex -4.57308 -5.63183 1.4
      vertex -4.88081 -6.19898 2
      vertex -4.46569 -5.68479 1.4
    endloop
  endfacet
  facet normal 0.301466 0.610897 0.732068
    outer loop
      vertex -4.88081 -6.19898 2
      vertex -4.57308 -5.63183 1.4
      vertex -4.89615 -6.19141 2
    endloop
  endfacet
  facet normal 0.566417 0.378485 0.732066
    outer loop
      vertex -5.36531 -4.87264 1.4
      vertex -5.77396 -5.4216 2
      vertex -5.26133 -5.02825 1.4
    endloop
  endfacet
  facet normal 0.566428 0.378474 0.732063
    outer loop
      vertex -5.77396 -5.4216 2
      vertex -5.36531 -4.87264 1.4
      vertex -5.98191 -5.11038 2
    endloop
  endfacet
  facet normal 0.512177 0.44917 0.732066
    outer loop
      vertex -5.18238 -5.11827 1.4
      vertex -5.51588 -5.71588 2
      vertex -5.05898 -5.25898 1.4
    endloop
  endfacet
  facet normal 0.512177 0.44917 0.732066
    outer loop
      vertex -5.51588 -5.71588 2
      vertex -5.18238 -5.11827 1.4
      vertex -5.76268 -5.43446 2
    endloop
  endfacet
  facet normal 0.668147 0.132901 0.732064
    outer loop
      vertex -6.29368 -4.35769 2
      vertex -5.66621 -4.20723 1.4
      vertex -5.68957 -4.08979 1.4
    endloop
  endfacet
  facet normal 0.668212 0.132607 0.732058
    outer loop
      vertex -5.66621 -4.20723 1.4
      vertex -6.29368 -4.35769 2
      vertex -6.29035 -4.37447 2
    endloop
  endfacet
  facet normal 0.0445218 -0.679774 0.732069
    outer loop
      vertex -3.41707 -0.60881 2
      vertex -3.4 -1.25385 1.4
      vertex -3.4 -0.607692 2
    endloop
  endfacet
  facet normal 0.0445482 -0.679773 0.732069
    outer loop
      vertex -3.4 -1.25385 1.4
      vertex -3.41707 -0.60881 2
      vertex -3.51948 -1.26168 1.4
    endloop
  endfacet
  facet normal 0.218981 -0.645078 0.732067
    outer loop
      vertex -4.17447 -0.709652 2
      vertex -4.18445 -1.39395 1.4
      vertex -4.00723 -1.33379 1.4
    endloop
  endfacet
  facet normal 0.218976 -0.645079 0.732068
    outer loop
      vertex -4.18445 -1.39395 1.4
      vertex -4.17447 -0.709652 2
      vertex -4.52891 -0.829969 2
    endloop
  endfacet
  facet normal 0.378525 -0.566394 0.732064
    outer loop
      vertex -4.91038 -1.01809 2
      vertex -4.57308 -1.56817 1.4
      vertex -4.89615 -1.00858 2
    endloop
  endfacet
  facet normal 0.378458 -0.566436 0.732065
    outer loop
      vertex -4.57308 -1.56817 1.4
      vertex -4.91038 -1.01809 2
      vertex -4.67264 -1.63469 1.4
    endloop
  endfacet
  facet normal 0.44917 -0.512177 0.732066
    outer loop
      vertex -5.51588 -1.48412 2
      vertex -4.91827 -1.81762 1.4
      vertex -5.23446 -1.23732 2
    endloop
  endfacet
  facet normal 0.44917 -0.512177 0.732066
    outer loop
      vertex -4.91827 -1.81762 1.4
      vertex -5.51588 -1.48412 2
      vertex -5.05898 -1.94102 1.4
    endloop
  endfacet
  facet normal 0.645068 -0.219004 0.732069
    outer loop
      vertex -6.17003 -2.47109 2
      vertex -5.56756 -2.70217 1.4
      vertex -6.16453 -2.45489 2
    endloop
  endfacet
  facet normal 0.645073 -0.218988 0.732069
    outer loop
      vertex -5.56756 -2.70217 1.4
      vertex -6.17003 -2.47109 2
      vertex -5.60605 -2.81555 1.4
    endloop
  endfacet
  facet normal 0.566436 -0.378458 0.732065
    outer loop
      vertex -5.98191 -2.08962 2
      vertex -5.43183 -2.42692 1.4
      vertex -5.36531 -2.32736 1.4
    endloop
  endfacet
  facet normal 0.566394 -0.378525 0.732064
    outer loop
      vertex -5.43183 -2.42692 1.4
      vertex -5.98191 -2.08962 2
      vertex -5.99142 -2.10385 2
    endloop
  endfacet
  facet normal 0.566417 -0.378485 0.732066
    outer loop
      vertex -5.77396 -1.7784 2
      vertex -5.36531 -2.32736 1.4
      vertex -5.26133 -2.17175 1.4
    endloop
  endfacet
  facet normal 0.566428 -0.378474 0.732063
    outer loop
      vertex -5.36531 -2.32736 1.4
      vertex -5.77396 -1.7784 2
      vertex -5.98191 -2.08962 2
    endloop
  endfacet
  facet normal -0.218969 -0.64508 0.732069
    outer loop
      vertex -2.27109 -0.829969 2
      vertex -2.50217 -1.43244 1.4
      vertex -2.25489 -0.835468 2
    endloop
  endfacet
  facet normal -0.218988 -0.645073 0.732069
    outer loop
      vertex -2.50217 -1.43244 1.4
      vertex -2.27109 -0.829969 2
      vertex -2.61555 -1.39395 1.4
    endloop
  endfacet
  facet normal -0.378525 -0.566394 0.732064
    outer loop
      vertex -2.22692 -1.56817 1.4
      vertex -1.88962 -1.01809 2
      vertex -1.90385 -1.00858 2
    endloop
  endfacet
  facet normal -0.378458 -0.566436 0.732065
    outer loop
      vertex -1.88962 -1.01809 2
      vertex -2.22692 -1.56817 1.4
      vertex -2.12736 -1.63469 1.4
    endloop
  endfacet
  facet normal -0.301307 -0.61098 0.732064
    outer loop
      vertex -2.25489 -0.835468 2
      vertex -2.33431 -1.51521 1.4
      vertex -1.91919 -1.00102 2
    endloop
  endfacet
  facet normal -0.301272 -0.610989 0.73207
    outer loop
      vertex -2.33431 -1.51521 1.4
      vertex -2.25489 -0.835468 2
      vertex -2.50217 -1.43244 1.4
    endloop
  endfacet
  facet normal -0.51214 -0.449217 0.732063
    outer loop
      vertex -1.03732 -1.76554 2
      vertex -1.53867 -2.17175 1.4
      vertex -1.02604 -1.7784 2
    endloop
  endfacet
  facet normal -0.512167 -0.449185 0.732064
    outer loop
      vertex -1.53867 -2.17175 1.4
      vertex -1.03732 -1.76554 2
      vertex -1.61762 -2.08173 1.4
    endloop
  endfacet
  facet normal -0.5665 0.378357 0.732068
    outer loop
      vertex -1.36817 -4.77308 1.4
      vertex -0.818088 -5.11038 2
      vertex -0.808584 -5.09615 2
    endloop
  endfacet
  facet normal -0.566435 0.378458 0.732066
    outer loop
      vertex -0.818088 -5.11038 2
      vertex -1.36817 -4.77308 1.4
      vertex -1.43469 -4.87264 1.4
    endloop
  endfacet
  facet normal -0.566426 0.378476 0.732064
    outer loop
      vertex -1.43469 -4.87264 1.4
      vertex -1.02604 -5.4216 2
      vertex -0.818088 -5.11038 2
    endloop
  endfacet
  facet normal -0.566417 0.378485 0.732066
    outer loop
      vertex -1.02604 -5.4216 2
      vertex -1.43469 -4.87264 1.4
      vertex -1.53867 -5.02825 1.4
    endloop
  endfacet
  facet normal -0.132915 0.668142 0.732065
    outer loop
      vertex -2.91021 -5.88957 1.4
      vertex -3.00942 -6.56671 2
      vertex -2.64231 -6.49368 2
    endloop
  endfacet
  facet normal -0.132893 0.668142 0.732069
    outer loop
      vertex -3.00942 -6.56671 2
      vertex -2.91021 -5.88957 1.4
      vertex -3.09377 -5.92608 1.4
    endloop
  endfacet
  facet normal -0.0445538 0.679773 0.732068
    outer loop
      vertex -3.28052 -5.93832 1.4
      vertex -3.00942 -6.56671 2
      vertex -3.09377 -5.92608 1.4
    endloop
  endfacet
  facet normal -0.0445526 0.679773 0.732068
    outer loop
      vertex -3.00942 -6.56671 2
      vertex -3.28052 -5.93832 1.4
      vertex -3.38293 -6.59119 2
    endloop
  endfacet
  facet normal -0.44917 0.512177 0.732066
    outer loop
      vertex -1.88173 -5.38238 1.4
      vertex -1.28412 -5.71588 2
      vertex -1.74102 -5.25898 1.4
    endloop
  endfacet
  facet normal -0.44917 0.512177 0.732066
    outer loop
      vertex -1.28412 -5.71588 2
      vertex -1.88173 -5.38238 1.4
      vertex -1.56554 -5.96268 2
    endloop
  endfacet
  facet normal 0.0446012 0.67977 0.732067
    outer loop
      vertex -3.4 -5.94615 1.4
      vertex -3.41707 -6.59119 2
      vertex -3.4 -6.59231 2
    endloop
  endfacet
  facet normal 0.0445482 0.679773 0.732069
    outer loop
      vertex -3.41707 -6.59119 2
      vertex -3.4 -5.94615 1.4
      vertex -3.51948 -5.93832 1.4
    endloop
  endfacet
  facet normal 0.566436 0.378458 0.732065
    outer loop
      vertex -5.43183 -4.77308 1.4
      vertex -5.98191 -5.11038 2
      vertex -5.36531 -4.87264 1.4
    endloop
  endfacet
  facet normal 0.566394 0.378525 0.732064
    outer loop
      vertex -5.98191 -5.11038 2
      vertex -5.43183 -4.77308 1.4
      vertex -5.99142 -5.09615 2
    endloop
  endfacet
  facet normal 0.132894 -0.668144 0.732068
    outer loop
      vertex -3.79057 -0.633291 2
      vertex -3.88979 -1.31043 1.4
      vertex -3.70623 -1.27392 1.4
    endloop
  endfacet
  facet normal 0.132901 -0.668144 0.732066
    outer loop
      vertex -3.88979 -1.31043 1.4
      vertex -3.79057 -0.633291 2
      vertex -4.15769 -0.706315 2
    endloop
  endfacet
  facet normal 0.301308 -0.610979 0.732064
    outer loop
      vertex -4.88081 -1.00102 2
      vertex -4.57308 -1.56817 1.4
      vertex -4.46569 -1.51521 1.4
    endloop
  endfacet
  facet normal 0.301149 -0.611062 0.732061
    outer loop
      vertex -4.57308 -1.56817 1.4
      vertex -4.88081 -1.00102 2
      vertex -4.89615 -1.00858 2
    endloop
  endfacet
  facet normal 0.449217 -0.51214 0.732063
    outer loop
      vertex -5.23446 -1.23732 2
      vertex -4.82825 -1.73867 1.4
      vertex -5.2216 -1.22604 2
    endloop
  endfacet
  facet normal 0.449185 -0.512167 0.732064
    outer loop
      vertex -4.82825 -1.73867 1.4
      vertex -5.23446 -1.23732 2
      vertex -4.91827 -1.81762 1.4
    endloop
  endfacet
  facet normal 0.378474 -0.566428 0.732063
    outer loop
      vertex -5.2216 -1.22604 2
      vertex -4.67264 -1.63469 1.4
      vertex -4.91038 -1.01809 2
    endloop
  endfacet
  facet normal 0.378485 -0.566417 0.732066
    outer loop
      vertex -4.67264 -1.63469 1.4
      vertex -5.2216 -1.22604 2
      vertex -4.82825 -1.73867 1.4
    endloop
  endfacet
  facet normal -0.301149 -0.611062 0.732061
    outer loop
      vertex -1.91919 -1.00102 2
      vertex -2.22692 -1.56817 1.4
      vertex -1.90385 -1.00858 2
    endloop
  endfacet
  facet normal -0.301308 -0.610979 0.732064
    outer loop
      vertex -2.22692 -1.56817 1.4
      vertex -1.91919 -1.00102 2
      vertex -2.33431 -1.51521 1.4
    endloop
  endfacet
  facet normal -0.132607 0.668212 0.732058
    outer loop
      vertex -2.79277 -5.86621 1.4
      vertex -2.64231 -6.49368 2
      vertex -2.62553 -6.49035 2
    endloop
  endfacet
  facet normal -0.132901 0.668147 0.732064
    outer loop
      vertex -2.64231 -6.49368 2
      vertex -2.79277 -5.86621 1.4
      vertex -2.91021 -5.88957 1.4
    endloop
  endfacet
  facet normal -0.449185 0.512167 0.732064
    outer loop
      vertex -1.97175 -5.46133 1.4
      vertex -1.56554 -5.96268 2
      vertex -1.88173 -5.38238 1.4
    endloop
  endfacet
  facet normal -0.449217 0.51214 0.732063
    outer loop
      vertex -1.56554 -5.96268 2
      vertex -1.97175 -5.46133 1.4
      vertex -1.5784 -5.97396 2
    endloop
  endfacet
  facet normal -0.378485 0.566417 0.732066
    outer loop
      vertex -2.12736 -5.56531 1.4
      vertex -1.5784 -5.97396 2
      vertex -1.97175 -5.46133 1.4
    endloop
  endfacet
  facet normal -0.378474 0.566428 0.732063
    outer loop
      vertex -1.5784 -5.97396 2
      vertex -2.12736 -5.56531 1.4
      vertex -1.88962 -6.18191 2
    endloop
  endfacet
  facet normal 0.132893 0.668143 0.732068
    outer loop
      vertex -3.88979 -5.88957 1.4
      vertex -3.79057 -6.56671 2
      vertex -3.70623 -5.92608 1.4
    endloop
  endfacet
  facet normal 0.132912 0.668143 0.732065
    outer loop
      vertex -3.79057 -6.56671 2
      vertex -3.88979 -5.88957 1.4
      vertex -4.15769 -6.49368 2
    endloop
  endfacet
  facet normal 0.0445538 0.679773 0.732068
    outer loop
      vertex -3.79057 -6.56671 2
      vertex -3.51948 -5.93832 1.4
      vertex -3.70623 -5.92608 1.4
    endloop
  endfacet
  facet normal 0.0445538 0.679773 0.732068
    outer loop
      vertex -3.51948 -5.93832 1.4
      vertex -3.79057 -6.56671 2
      vertex -3.41707 -6.59119 2
    endloop
  endfacet
  facet normal 0.132901 0.668147 0.732064
    outer loop
      vertex -4.00723 -5.86621 1.4
      vertex -4.15769 -6.49368 2
      vertex -3.88979 -5.88957 1.4
    endloop
  endfacet
  facet normal 0.132607 0.668212 0.732058
    outer loop
      vertex -4.15769 -6.49368 2
      vertex -4.00723 -5.86621 1.4
      vertex -4.17447 -6.49035 2
    endloop
  endfacet
  facet normal 0.218989 0.645077 0.732066
    outer loop
      vertex -4.19066 -6.48485 2
      vertex -4.00723 -5.86621 1.4
      vertex -4.12061 -5.82772 1.4
    endloop
  endfacet
  facet normal 0.219128 0.645033 0.732063
    outer loop
      vertex -4.00723 -5.86621 1.4
      vertex -4.19066 -6.48485 2
      vertex -4.17447 -6.49035 2
    endloop
  endfacet
  facet normal 0.218988 -0.645073 0.732069
    outer loop
      vertex -4.52891 -0.829969 2
      vertex -4.29783 -1.43244 1.4
      vertex -4.18445 -1.39395 1.4
    endloop
  endfacet
  facet normal 0.218969 -0.64508 0.732069
    outer loop
      vertex -4.29783 -1.43244 1.4
      vertex -4.52891 -0.829969 2
      vertex -4.54511 -0.835468 2
    endloop
  endfacet
  facet normal 0.301272 -0.610989 0.73207
    outer loop
      vertex -4.54511 -0.835468 2
      vertex -4.46569 -1.51521 1.4
      vertex -4.29783 -1.43244 1.4
    endloop
  endfacet
  facet normal 0.301307 -0.61098 0.732064
    outer loop
      vertex -4.46569 -1.51521 1.4
      vertex -4.54511 -0.835468 2
      vertex -4.88081 -1.00102 2
    endloop
  endfacet
  facet normal -0.679828 -0.0438085 0.732062
    outer loop
      vertex 83.2912 -3.58293 2
      vertex 82.6462 -3.6 1.4
      vertex 83.2923 -3.6 2
    endloop
  endfacet
  facet normal -0.679778 -0.0449468 0.73204
    outer loop
      vertex 82.6462 -3.6 1.4
      vertex 83.2912 -3.58293 2
      vertex 82.6383 -3.48052 1.4
    endloop
  endfacet
  facet normal 0.679778 0.0449468 0.73204
    outer loop
      vertex 77.9538 -3.6 1.4
      vertex 77.3088 -3.61707 2
      vertex 77.9617 -3.71948 1.4
    endloop
  endfacet
  facet normal 0.679828 0.0438085 0.732062
    outer loop
      vertex 77.3088 -3.61707 2
      vertex 77.9538 -3.6 1.4
      vertex 77.3077 -3.6 2
    endloop
  endfacet
  facet normal -0.679758 0.0445892 0.73208
    outer loop
      vertex 82.6383 -3.71948 1.4
      vertex 83.2667 -3.99057 2
      vertex 83.2912 -3.61707 2
    endloop
  endfacet
  facet normal -0.679805 0.0444103 0.732047
    outer loop
      vertex 83.2667 -3.99057 2
      vertex 82.6383 -3.71948 1.4
      vertex 82.6261 -3.90623 1.4
    endloop
  endfacet
  facet normal -0.645157 0.21879 0.732055
    outer loop
      vertex 82.5061 -4.38445 1.4
      vertex 83.1903 -4.37447 2
      vertex 82.5662 -4.20723 1.4
    endloop
  endfacet
  facet normal -0.645132 0.218964 0.732024
    outer loop
      vertex 83.1903 -4.37447 2
      vertex 82.5061 -4.38445 1.4
      vertex 83.07 -4.72891 2
    endloop
  endfacet
  facet normal 0.0445556 -0.679773 0.732068
    outer loop
      vertex 79.9094 -0.633291 2
      vertex 80.1805 -1.26168 1.4
      vertex 80.2829 -0.60881 2
    endloop
  endfacet
  facet normal 0.0445656 -0.67977 0.73207
    outer loop
      vertex 80.1805 -1.26168 1.4
      vertex 79.9094 -0.633291 2
      vertex 79.9938 -1.27392 1.4
    endloop
  endfacet
  facet normal -0.611022 -0.301234 0.732059
    outer loop
      vertex 82.3848 -2.53431 1.4
      vertex 83.0645 -2.45489 2
      vertex 82.899 -2.11919 2
    endloop
  endfacet
  facet normal -0.610982 -0.301378 0.732033
    outer loop
      vertex 83.0645 -2.45489 2
      vertex 82.3848 -2.53431 1.4
      vertex 82.4676 -2.70217 1.4
    endloop
  endfacet
  facet normal -0.0445655 0.67977 0.73207
    outer loop
      vertex 80.4195 -5.93832 1.4
      vertex 80.6906 -6.56671 2
      vertex 80.6062 -5.92608 1.4
    endloop
  endfacet
  facet normal -0.0445538 0.679773 0.732068
    outer loop
      vertex 80.6906 -6.56671 2
      vertex 80.4195 -5.93832 1.4
      vertex 80.3171 -6.59119 2
    endloop
  endfacet
  facet normal 0.449245 0.512122 0.732059
    outer loop
      vertex 78.4655 -5.96268 2
      vertex 78.8717 -5.46133 1.4
      vertex 78.7817 -5.38238 1.4
    endloop
  endfacet
  facet normal 0.448417 0.512817 0.73208
    outer loop
      vertex 78.8717 -5.46133 1.4
      vertex 78.4655 -5.96268 2
      vertex 78.4784 -5.97396 2
    endloop
  endfacet
  facet normal 0.679805 -0.0444103 0.732047
    outer loop
      vertex 77.3333 -3.20943 2
      vertex 77.9617 -3.48052 1.4
      vertex 77.9739 -3.29377 1.4
    endloop
  endfacet
  facet normal 0.679758 -0.0445892 0.73208
    outer loop
      vertex 77.9617 -3.48052 1.4
      vertex 77.3333 -3.20943 2
      vertex 77.3088 -3.58293 2
    endloop
  endfacet
  facet normal 0.512177 -0.44917 0.732066
    outer loop
      vertex 78.1841 -1.48412 2
      vertex 78.5176 -2.08173 1.4
      vertex 78.641 -1.94102 1.4
    endloop
  endfacet
  facet normal 0.512177 -0.44917 0.732066
    outer loop
      vertex 78.5176 -2.08173 1.4
      vertex 78.1841 -1.48412 2
      vertex 77.9373 -1.76554 2
    endloop
  endfacet
  facet normal 0.0444439 -0.679776 0.732072
    outer loop
      vertex 80.2829 -0.60881 2
      vertex 80.3 -1.25385 1.4
      vertex 80.3 -0.607692 2
    endloop
  endfacet
  facet normal 0.0445407 -0.679772 0.73207
    outer loop
      vertex 80.3 -1.25385 1.4
      vertex 80.2829 -0.60881 2
      vertex 80.1805 -1.26168 1.4
    endloop
  endfacet
  facet normal -0.679758 -0.0445892 0.73208
    outer loop
      vertex 83.2667 -3.20943 2
      vertex 82.6383 -3.48052 1.4
      vertex 83.2912 -3.58293 2
    endloop
  endfacet
  facet normal -0.679805 -0.0444103 0.732047
    outer loop
      vertex 82.6383 -3.48052 1.4
      vertex 83.2667 -3.20943 2
      vertex 82.6261 -3.29377 1.4
    endloop
  endfacet
  facet normal -0.512177 0.44917 0.732066
    outer loop
      vertex 82.0824 -5.11827 1.4
      vertex 82.4159 -5.71588 2
      vertex 82.6627 -5.43446 2
    endloop
  endfacet
  facet normal -0.512177 0.44917 0.732066
    outer loop
      vertex 82.4159 -5.71588 2
      vertex 82.0824 -5.11827 1.4
      vertex 81.959 -5.25898 1.4
    endloop
  endfacet
  facet normal -0.668395 0.131448 0.7321
    outer loop
      vertex 82.6261 -3.90623 1.4
      vertex 83.2634 -4.00735 2
      vertex 83.2667 -3.99057 2
    endloop
  endfacet
  facet normal -0.668099 0.133119 0.732068
    outer loop
      vertex 83.2634 -4.00735 2
      vertex 82.6261 -3.90623 1.4
      vertex 82.6027 -4.02367 1.4
    endloop
  endfacet
  facet normal -0.511739 0.449661 0.732071
    outer loop
      vertex 82.1613 -5.02825 1.4
      vertex 82.6627 -5.43446 2
      vertex 82.674 -5.4216 2
    endloop
  endfacet
  facet normal -0.512289 0.449007 0.732088
    outer loop
      vertex 82.6627 -5.43446 2
      vertex 82.1613 -5.02825 1.4
      vertex 82.0824 -5.11827 1.4
    endloop
  endfacet
  facet normal -0.301307 0.610986 0.732059
    outer loop
      vertex 81.3657 -5.68479 1.4
      vertex 81.4451 -6.36453 2
      vertex 81.7808 -6.19898 2
    endloop
  endfacet
  facet normal -0.301212 0.611012 0.732076
    outer loop
      vertex 81.4451 -6.36453 2
      vertex 81.3657 -5.68479 1.4
      vertex 81.1978 -5.76756 1.4
    endloop
  endfacet
  facet normal 0.512177 0.44917 0.732066
    outer loop
      vertex 78.5176 -5.11827 1.4
      vertex 78.1841 -5.71588 2
      vertex 78.641 -5.25898 1.4
    endloop
  endfacet
  facet normal 0.512177 0.44917 0.732066
    outer loop
      vertex 78.1841 -5.71588 2
      vertex 78.5176 -5.11827 1.4
      vertex 77.9373 -5.43446 2
    endloop
  endfacet
  facet normal 0.301212 0.611012 0.732076
    outer loop
      vertex 79.2343 -5.68479 1.4
      vertex 79.1549 -6.36453 2
      vertex 79.4022 -5.76756 1.4
    endloop
  endfacet
  facet normal 0.301307 0.610986 0.732059
    outer loop
      vertex 79.1549 -6.36453 2
      vertex 79.2343 -5.68479 1.4
      vertex 78.8192 -6.19898 2
    endloop
  endfacet
  facet normal 0.645157 0.21879 0.732055
    outer loop
      vertex 77.4097 -4.37447 2
      vertex 78.0939 -4.38445 1.4
      vertex 78.0338 -4.20723 1.4
    endloop
  endfacet
  facet normal 0.645132 0.218964 0.732024
    outer loop
      vertex 78.0939 -4.38445 1.4
      vertex 77.4097 -4.37447 2
      vertex 77.53 -4.72891 2
    endloop
  endfacet
  facet normal 0.668165 -0.132861 0.732054
    outer loop
      vertex 77.3333 -3.20943 2
      vertex 78.0104 -3.11021 1.4
      vertex 77.4063 -2.84231 2
    endloop
  endfacet
  facet normal 0.668165 -0.132861 0.732054
    outer loop
      vertex 78.0104 -3.11021 1.4
      vertex 77.3333 -3.20943 2
      vertex 77.9739 -3.29377 1.4
    endloop
  endfacet
  facet normal 0.610943 -0.301359 0.732073
    outer loop
      vertex 77.7086 -2.10385 2
      vertex 78.1854 -2.59478 1.4
      vertex 78.2682 -2.42692 1.4
    endloop
  endfacet
  facet normal 0.610933 -0.301372 0.732076
    outer loop
      vertex 78.1854 -2.59478 1.4
      vertex 77.7086 -2.10385 2
      vertex 77.543 -2.43955 2
    endloop
  endfacet
  facet normal 0.566427 -0.378415 0.732095
    outer loop
      vertex 77.9165 -1.79262 2
      vertex 78.4387 -2.17175 1.4
      vertex 77.926 -1.7784 2
    endloop
  endfacet
  facet normal 0.566192 -0.378751 0.732102
    outer loop
      vertex 78.4387 -2.17175 1.4
      vertex 77.9165 -1.79262 2
      vertex 78.3721 -2.27131 1.4
    endloop
  endfacet
  facet normal -0.0444439 -0.679776 0.732072
    outer loop
      vertex 80.3 -1.25385 1.4
      vertex 80.3171 -0.60881 2
      vertex 80.3 -0.607692 2
    endloop
  endfacet
  facet normal -0.0445407 -0.679772 0.73207
    outer loop
      vertex 80.3171 -0.60881 2
      vertex 80.3 -1.25385 1.4
      vertex 80.4195 -1.26168 1.4
    endloop
  endfacet
  facet normal -0.132721 -0.668179 0.732067
    outer loop
      vertex 81.0577 -0.706315 2
      vertex 80.9072 -1.33379 1.4
      vertex 81.0745 -0.709652 2
    endloop
  endfacet
  facet normal -0.132943 -0.66813 0.732071
    outer loop
      vertex 80.9072 -1.33379 1.4
      vertex 81.0577 -0.706315 2
      vertex 80.7898 -1.31043 1.4
    endloop
  endfacet
  facet normal -0.566564 -0.37824 0.732079
    outer loop
      vertex 82.8819 -2.08962 2
      vertex 82.3318 -2.42692 1.4
      vertex 82.8914 -2.10385 2
    endloop
  endfacet
  facet normal -0.566479 -0.378373 0.732076
    outer loop
      vertex 82.3318 -2.42692 1.4
      vertex 82.8819 -2.08962 2
      vertex 82.2653 -2.32736 1.4
    endloop
  endfacet
  facet normal -0.512177 -0.44917 0.732066
    outer loop
      vertex 82.4159 -1.48412 2
      vertex 82.0824 -2.08173 1.4
      vertex 82.6627 -1.76554 2
    endloop
  endfacet
  facet normal -0.512177 -0.44917 0.732066
    outer loop
      vertex 82.0824 -2.08173 1.4
      vertex 82.4159 -1.48412 2
      vertex 81.959 -1.94102 1.4
    endloop
  endfacet
  facet normal -0.668106 -0.133032 0.732077
    outer loop
      vertex 83.1903 -2.82553 2
      vertex 82.6027 -3.17633 1.4
      vertex 83.2634 -3.19265 2
    endloop
  endfacet
  facet normal -0.668174 -0.132863 0.732046
    outer loop
      vertex 82.6027 -3.17633 1.4
      vertex 83.1903 -2.82553 2
      vertex 82.5662 -2.99277 1.4
    endloop
  endfacet
  facet normal -0.668395 -0.131448 0.7321
    outer loop
      vertex 83.2634 -3.19265 2
      vertex 82.6261 -3.29377 1.4
      vertex 83.2667 -3.20943 2
    endloop
  endfacet
  facet normal -0.668099 -0.133119 0.732068
    outer loop
      vertex 82.6261 -3.29377 1.4
      vertex 83.2634 -3.19265 2
      vertex 82.6027 -3.17633 1.4
    endloop
  endfacet
  facet normal -0.645091 0.219051 0.732035
    outer loop
      vertex 82.4676 -4.49783 1.4
      vertex 83.07 -4.72891 2
      vertex 82.5061 -4.38445 1.4
    endloop
  endfacet
  facet normal -0.645103 0.219016 0.732034
    outer loop
      vertex 83.07 -4.72891 2
      vertex 82.4676 -4.49783 1.4
      vertex 83.0645 -4.74511 2
    endloop
  endfacet
  facet normal -0.610982 0.301378 0.732033
    outer loop
      vertex 82.3848 -4.66569 1.4
      vertex 83.0645 -4.74511 2
      vertex 82.4676 -4.49783 1.4
    endloop
  endfacet
  facet normal -0.611022 0.301234 0.732059
    outer loop
      vertex 83.0645 -4.74511 2
      vertex 82.3848 -4.66569 1.4
      vertex 82.899 -5.08081 2
    endloop
  endfacet
  facet normal -0.219002 0.645065 0.732072
    outer loop
      vertex 81.0206 -5.82772 1.4
      vertex 81.4451 -6.36453 2
      vertex 81.1978 -5.76756 1.4
    endloop
  endfacet
  facet normal -0.219002 0.645065 0.732072
    outer loop
      vertex 81.4451 -6.36453 2
      vertex 81.0206 -5.82772 1.4
      vertex 81.0907 -6.48485 2
    endloop
  endfacet
  facet normal 0.679805 0.0444103 0.732047
    outer loop
      vertex 77.9617 -3.71948 1.4
      vertex 77.3333 -3.99057 2
      vertex 77.9739 -3.90623 1.4
    endloop
  endfacet
  facet normal 0.679758 0.0445892 0.73208
    outer loop
      vertex 77.3333 -3.99057 2
      vertex 77.9617 -3.71948 1.4
      vertex 77.3088 -3.61707 2
    endloop
  endfacet
  facet normal 0.219002 0.645065 0.732072
    outer loop
      vertex 79.1549 -6.36453 2
      vertex 79.5794 -5.82772 1.4
      vertex 79.4022 -5.76756 1.4
    endloop
  endfacet
  facet normal 0.219002 0.645065 0.732072
    outer loop
      vertex 79.5794 -5.82772 1.4
      vertex 79.1549 -6.36453 2
      vertex 79.5093 -6.48485 2
    endloop
  endfacet
  facet normal 0.378346 0.566537 0.732045
    outer loop
      vertex 78.4784 -5.97396 2
      vertex 79.0274 -5.56531 1.4
      vertex 78.8717 -5.46133 1.4
    endloop
  endfacet
  facet normal 0.378482 0.566403 0.732079
    outer loop
      vertex 79.0274 -5.56531 1.4
      vertex 78.4784 -5.97396 2
      vertex 78.7896 -6.18191 2
    endloop
  endfacet
  facet normal 0.512289 0.449007 0.732088
    outer loop
      vertex 78.4387 -5.02825 1.4
      vertex 77.9373 -5.43446 2
      vertex 78.5176 -5.11827 1.4
    endloop
  endfacet
  facet normal 0.511739 0.449661 0.732071
    outer loop
      vertex 77.9373 -5.43446 2
      vertex 78.4387 -5.02825 1.4
      vertex 77.926 -5.4216 2
    endloop
  endfacet
  facet normal 0.379085 -0.566036 0.732051
    outer loop
      vertex 78.7896 -1.01809 2
      vertex 79.1269 -1.56817 1.4
      vertex 78.8038 -1.00858 2
    endloop
  endfacet
  facet normal 0.378618 -0.566334 0.732062
    outer loop
      vertex 79.1269 -1.56817 1.4
      vertex 78.7896 -1.01809 2
      vertex 79.0274 -1.63469 1.4
    endloop
  endfacet
  facet normal 0.301211 -0.611011 0.732077
    outer loop
      vertex 79.1549 -0.835468 2
      vertex 79.2343 -1.51521 1.4
      vertex 79.4022 -1.43244 1.4
    endloop
  endfacet
  facet normal 0.30131 -0.610984 0.732059
    outer loop
      vertex 79.2343 -1.51521 1.4
      vertex 79.1549 -0.835468 2
      vertex 78.8192 -1.00102 2
    endloop
  endfacet
  facet normal 0.679778 -0.0449468 0.73204
    outer loop
      vertex 77.3088 -3.58293 2
      vertex 77.9538 -3.6 1.4
      vertex 77.9617 -3.48052 1.4
    endloop
  endfacet
  facet normal 0.679828 -0.0438085 0.732062
    outer loop
      vertex 77.9538 -3.6 1.4
      vertex 77.3088 -3.58293 2
      vertex 77.3077 -3.6 2
    endloop
  endfacet
  facet normal 0.610891 -0.301492 0.732062
    outer loop
      vertex 77.543 -2.43955 2
      vertex 78.1324 -2.70217 1.4
      vertex 78.1854 -2.59478 1.4
    endloop
  endfacet
  facet normal 0.611961 -0.299199 0.732109
    outer loop
      vertex 78.1324 -2.70217 1.4
      vertex 77.543 -2.43955 2
      vertex 77.5355 -2.45489 2
    endloop
  endfacet
  facet normal -0.301226 -0.611016 0.732067
    outer loop
      vertex 81.3052 -1.48539 1.4
      vertex 81.7962 -1.00858 2
      vertex 81.4604 -0.843033 2
    endloop
  endfacet
  facet normal -0.301244 -0.611003 0.732071
    outer loop
      vertex 81.7962 -1.00858 2
      vertex 81.3052 -1.48539 1.4
      vertex 81.4731 -1.56817 1.4
    endloop
  endfacet
  facet normal -0.218968 -0.645076 0.732072
    outer loop
      vertex 81.4289 -0.829969 2
      vertex 81.1978 -1.43244 1.4
      vertex 81.4451 -0.835468 2
    endloop
  endfacet
  facet normal -0.218952 -0.645082 0.732072
    outer loop
      vertex 81.1978 -1.43244 1.4
      vertex 81.4289 -0.829969 2
      vertex 81.0844 -1.39395 1.4
    endloop
  endfacet
  facet normal -0.379085 -0.566036 0.732051
    outer loop
      vertex 81.4731 -1.56817 1.4
      vertex 81.8104 -1.01809 2
      vertex 81.7962 -1.00858 2
    endloop
  endfacet
  facet normal -0.378618 -0.566334 0.732062
    outer loop
      vertex 81.8104 -1.01809 2
      vertex 81.4731 -1.56817 1.4
      vertex 81.5726 -1.63469 1.4
    endloop
  endfacet
  facet normal -0.566462 -0.378406 0.732072
    outer loop
      vertex 82.674 -1.7784 2
      vertex 82.2653 -2.32736 1.4
      vertex 82.8819 -2.08962 2
    endloop
  endfacet
  facet normal -0.566354 -0.378516 0.732099
    outer loop
      vertex 82.2653 -2.32736 1.4
      vertex 82.674 -1.7784 2
      vertex 82.1613 -2.17175 1.4
    endloop
  endfacet
  facet normal -0.511739 -0.449661 0.732071
    outer loop
      vertex 82.6627 -1.76554 2
      vertex 82.1613 -2.17175 1.4
      vertex 82.674 -1.7784 2
    endloop
  endfacet
  facet normal -0.512289 -0.449007 0.732088
    outer loop
      vertex 82.1613 -2.17175 1.4
      vertex 82.6627 -1.76554 2
      vertex 82.0824 -2.08173 1.4
    endloop
  endfacet
  facet normal -0.61038 -0.302405 0.732111
    outer loop
      vertex 82.3318 -2.42692 1.4
      vertex 82.899 -2.11919 2
      vertex 82.8914 -2.10385 2
    endloop
  endfacet
  facet normal -0.610862 -0.301478 0.732092
    outer loop
      vertex 82.899 -2.11919 2
      vertex 82.3318 -2.42692 1.4
      vertex 82.3848 -2.53431 1.4
    endloop
  endfacet
  facet normal -0.679828 0.0438085 0.732062
    outer loop
      vertex 82.6462 -3.6 1.4
      vertex 83.2912 -3.61707 2
      vertex 83.2923 -3.6 2
    endloop
  endfacet
  facet normal -0.679778 0.0449468 0.73204
    outer loop
      vertex 83.2912 -3.61707 2
      vertex 82.6462 -3.6 1.4
      vertex 82.6383 -3.71948 1.4
    endloop
  endfacet
  facet normal -0.668106 0.133032 0.732077
    outer loop
      vertex 82.6027 -4.02367 1.4
      vertex 83.1903 -4.37447 2
      vertex 83.2634 -4.00735 2
    endloop
  endfacet
  facet normal -0.668174 0.132863 0.732046
    outer loop
      vertex 83.1903 -4.37447 2
      vertex 82.6027 -4.02367 1.4
      vertex 82.5662 -4.20723 1.4
    endloop
  endfacet
  facet normal -0.610862 0.301478 0.732092
    outer loop
      vertex 82.3318 -4.77308 1.4
      vertex 82.899 -5.08081 2
      vertex 82.3848 -4.66569 1.4
    endloop
  endfacet
  facet normal -0.61038 0.302405 0.732111
    outer loop
      vertex 82.899 -5.08081 2
      vertex 82.3318 -4.77308 1.4
      vertex 82.8914 -5.09615 2
    endloop
  endfacet
  facet normal -0.0445407 0.679772 0.73207
    outer loop
      vertex 80.3 -5.94615 1.4
      vertex 80.3171 -6.59119 2
      vertex 80.4195 -5.93832 1.4
    endloop
  endfacet
  facet normal -0.0445231 0.679773 0.73207
    outer loop
      vertex 80.3171 -6.59119 2
      vertex 80.3 -5.94615 1.4
      vertex 80.3 -6.59231 2
    endloop
  endfacet
  facet normal -0.378618 0.566334 0.732062
    outer loop
      vertex 81.4731 -5.63183 1.4
      vertex 81.8104 -6.18191 2
      vertex 81.5726 -5.56531 1.4
    endloop
  endfacet
  facet normal -0.378805 0.566214 0.732057
    outer loop
      vertex 81.8104 -6.18191 2
      vertex 81.4731 -5.63183 1.4
      vertex 81.7962 -6.19141 2
    endloop
  endfacet
  facet normal -0.300534 0.61139 0.73204
    outer loop
      vertex 81.4731 -5.63183 1.4
      vertex 81.7808 -6.19898 2
      vertex 81.7962 -6.19141 2
    endloop
  endfacet
  facet normal -0.301289 0.610998 0.732057
    outer loop
      vertex 81.7808 -6.19898 2
      vertex 81.4731 -5.63183 1.4
      vertex 81.3657 -5.68479 1.4
    endloop
  endfacet
  facet normal 0.449187 0.512161 0.732067
    outer loop
      vertex 78.1841 -5.71588 2
      vertex 78.7817 -5.38238 1.4
      vertex 78.641 -5.25898 1.4
    endloop
  endfacet
  facet normal 0.449187 0.512161 0.732067
    outer loop
      vertex 78.7817 -5.38238 1.4
      vertex 78.1841 -5.71588 2
      vertex 78.4655 -5.96268 2
    endloop
  endfacet
  facet normal 0.21895 0.645076 0.732078
    outer loop
      vertex 79.5093 -6.48485 2
      vertex 79.6928 -5.86621 1.4
      vertex 79.5794 -5.82772 1.4
    endloop
  endfacet
  facet normal 0.219002 0.645059 0.732077
    outer loop
      vertex 79.6928 -5.86621 1.4
      vertex 79.5093 -6.48485 2
      vertex 79.5255 -6.49035 2
    endloop
  endfacet
  facet normal 0.301289 0.610998 0.732057
    outer loop
      vertex 79.1269 -5.63183 1.4
      vertex 78.8192 -6.19898 2
      vertex 79.2343 -5.68479 1.4
    endloop
  endfacet
  facet normal 0.300534 0.61139 0.73204
    outer loop
      vertex 78.8192 -6.19898 2
      vertex 79.1269 -5.63183 1.4
      vertex 78.8038 -6.19141 2
    endloop
  endfacet
  facet normal 0.378618 0.566334 0.732062
    outer loop
      vertex 78.7896 -6.18191 2
      vertex 79.1269 -5.63183 1.4
      vertex 79.0274 -5.56531 1.4
    endloop
  endfacet
  facet normal 0.378805 0.566214 0.732057
    outer loop
      vertex 79.1269 -5.63183 1.4
      vertex 78.7896 -6.18191 2
      vertex 78.8038 -6.19141 2
    endloop
  endfacet
  facet normal 0.610943 0.301359 0.732073
    outer loop
      vertex 78.1854 -4.60522 1.4
      vertex 77.7086 -5.09615 2
      vertex 78.2682 -4.77308 1.4
    endloop
  endfacet
  facet normal 0.610933 0.301372 0.732076
    outer loop
      vertex 77.7086 -5.09615 2
      vertex 78.1854 -4.60522 1.4
      vertex 77.543 -4.76045 2
    endloop
  endfacet
  facet normal 0.566541 0.378277 0.732077
    outer loop
      vertex 77.7086 -5.09615 2
      vertex 78.3721 -4.92869 1.4
      vertex 78.2682 -4.77308 1.4
    endloop
  endfacet
  facet normal 0.566485 0.378409 0.732052
    outer loop
      vertex 78.3721 -4.92869 1.4
      vertex 77.7086 -5.09615 2
      vertex 77.9165 -5.40738 2
    endloop
  endfacet
  facet normal 0.566192 0.378751 0.732102
    outer loop
      vertex 77.9165 -5.40738 2
      vertex 78.4387 -5.02825 1.4
      vertex 78.3721 -4.92869 1.4
    endloop
  endfacet
  facet normal 0.566427 0.378415 0.732095
    outer loop
      vertex 78.4387 -5.02825 1.4
      vertex 77.9165 -5.40738 2
      vertex 77.926 -5.4216 2
    endloop
  endfacet
  facet normal 0.132864 -0.668142 0.732075
    outer loop
      vertex 79.9094 -0.633291 2
      vertex 79.8102 -1.31043 1.4
      vertex 79.9938 -1.27392 1.4
    endloop
  endfacet
  facet normal 0.132908 -0.668142 0.732067
    outer loop
      vertex 79.8102 -1.31043 1.4
      vertex 79.9094 -0.633291 2
      vertex 79.5423 -0.706315 2
    endloop
  endfacet
  facet normal 0.219124 -0.64502 0.732075
    outer loop
      vertex 79.1711 -0.829969 2
      vertex 79.4022 -1.43244 1.4
      vertex 79.5155 -1.39395 1.4
    endloop
  endfacet
  facet normal 0.218968 -0.645076 0.732072
    outer loop
      vertex 79.4022 -1.43244 1.4
      vertex 79.1711 -0.829969 2
      vertex 79.1549 -0.835468 2
    endloop
  endfacet
  facet normal 0.301289 -0.610998 0.732057
    outer loop
      vertex 78.8192 -1.00102 2
      vertex 79.1269 -1.56817 1.4
      vertex 79.2343 -1.51521 1.4
    endloop
  endfacet
  facet normal 0.300217 -0.611554 0.732033
    outer loop
      vertex 79.1269 -1.56817 1.4
      vertex 78.8192 -1.00102 2
      vertex 78.8038 -1.00858 2
    endloop
  endfacet
  facet normal 0.449187 -0.512161 0.732067
    outer loop
      vertex 78.1841 -1.48412 2
      vertex 78.7817 -1.81762 1.4
      vertex 78.4655 -1.23732 2
    endloop
  endfacet
  facet normal 0.449187 -0.512161 0.732067
    outer loop
      vertex 78.7817 -1.81762 1.4
      vertex 78.1841 -1.48412 2
      vertex 78.641 -1.94102 1.4
    endloop
  endfacet
  facet normal 0.667604 -0.135271 0.732124
    outer loop
      vertex 77.4063 -2.84231 2
      vertex 78.0338 -2.99277 1.4
      vertex 77.4097 -2.82553 2
    endloop
  endfacet
  facet normal 0.668082 -0.133116 0.732084
    outer loop
      vertex 78.0338 -2.99277 1.4
      vertex 77.4063 -2.84231 2
      vertex 78.0104 -3.11021 1.4
    endloop
  endfacet
  facet normal 0.645132 -0.218964 0.732024
    outer loop
      vertex 77.4097 -2.82553 2
      vertex 78.0939 -2.81555 1.4
      vertex 77.53 -2.47109 2
    endloop
  endfacet
  facet normal 0.645157 -0.21879 0.732055
    outer loop
      vertex 78.0939 -2.81555 1.4
      vertex 77.4097 -2.82553 2
      vertex 78.0338 -2.99277 1.4
    endloop
  endfacet
  facet normal 0.566485 -0.378409 0.732052
    outer loop
      vertex 77.7086 -2.10385 2
      vertex 78.3721 -2.27131 1.4
      vertex 77.9165 -1.79262 2
    endloop
  endfacet
  facet normal 0.566541 -0.378277 0.732077
    outer loop
      vertex 78.3721 -2.27131 1.4
      vertex 77.7086 -2.10385 2
      vertex 78.2682 -2.42692 1.4
    endloop
  endfacet
  facet normal 0.512289 -0.449007 0.732088
    outer loop
      vertex 77.9373 -1.76554 2
      vertex 78.4387 -2.17175 1.4
      vertex 78.5176 -2.08173 1.4
    endloop
  endfacet
  facet normal 0.511739 -0.449661 0.732071
    outer loop
      vertex 78.4387 -2.17175 1.4
      vertex 77.9373 -1.76554 2
      vertex 77.926 -1.7784 2
    endloop
  endfacet
  facet normal -0.0445656 -0.67977 0.73207
    outer loop
      vertex 80.6906 -0.633291 2
      vertex 80.4195 -1.26168 1.4
      vertex 80.6062 -1.27392 1.4
    endloop
  endfacet
  facet normal -0.0445556 -0.679773 0.732068
    outer loop
      vertex 80.4195 -1.26168 1.4
      vertex 80.6906 -0.633291 2
      vertex 80.3171 -0.60881 2
    endloop
  endfacet
  facet normal -0.132908 -0.668142 0.732067
    outer loop
      vertex 80.6906 -0.633291 2
      vertex 80.7898 -1.31043 1.4
      vertex 81.0577 -0.706315 2
    endloop
  endfacet
  facet normal -0.132864 -0.668142 0.732075
    outer loop
      vertex 80.7898 -1.31043 1.4
      vertex 80.6906 -0.633291 2
      vertex 80.6062 -1.27392 1.4
    endloop
  endfacet
  facet normal -0.218995 -0.645061 0.732077
    outer loop
      vertex 81.0745 -0.709652 2
      vertex 81.0844 -1.39395 1.4
      vertex 81.4289 -0.829969 2
    endloop
  endfacet
  facet normal -0.219 -0.645061 0.732076
    outer loop
      vertex 81.0844 -1.39395 1.4
      vertex 81.0745 -0.709652 2
      vertex 80.9072 -1.33379 1.4
    endloop
  endfacet
  facet normal -0.301947 -0.61068 0.732051
    outer loop
      vertex 81.1978 -1.43244 1.4
      vertex 81.4604 -0.843033 2
      vertex 81.4451 -0.835468 2
    endloop
  endfacet
  facet normal -0.301239 -0.611011 0.732066
    outer loop
      vertex 81.4604 -0.843033 2
      vertex 81.1978 -1.43244 1.4
      vertex 81.3052 -1.48539 1.4
    endloop
  endfacet
  facet normal -0.449187 -0.512161 0.732067
    outer loop
      vertex 81.8183 -1.81762 1.4
      vertex 82.4159 -1.48412 2
      vertex 82.1345 -1.23732 2
    endloop
  endfacet
  facet normal -0.449187 -0.512161 0.732067
    outer loop
      vertex 82.4159 -1.48412 2
      vertex 81.8183 -1.81762 1.4
      vertex 81.959 -1.94102 1.4
    endloop
  endfacet
  facet normal -0.645103 -0.219016 0.732034
    outer loop
      vertex 82.4676 -2.70217 1.4
      vertex 83.07 -2.47109 2
      vertex 83.0645 -2.45489 2
    endloop
  endfacet
  facet normal -0.645091 -0.219051 0.732035
    outer loop
      vertex 83.07 -2.47109 2
      vertex 82.4676 -2.70217 1.4
      vertex 82.5061 -2.81555 1.4
    endloop
  endfacet
  facet normal -0.645132 -0.218964 0.732024
    outer loop
      vertex 82.5061 -2.81555 1.4
      vertex 83.1903 -2.82553 2
      vertex 83.07 -2.47109 2
    endloop
  endfacet
  facet normal -0.645157 -0.21879 0.732055
    outer loop
      vertex 83.1903 -2.82553 2
      vertex 82.5061 -2.81555 1.4
      vertex 82.5662 -2.99277 1.4
    endloop
  endfacet
  facet normal -0.566564 0.37824 0.732079
    outer loop
      vertex 82.3318 -4.77308 1.4
      vertex 82.8819 -5.11038 2
      vertex 82.8914 -5.09615 2
    endloop
  endfacet
  facet normal -0.566479 0.378373 0.732076
    outer loop
      vertex 82.8819 -5.11038 2
      vertex 82.3318 -4.77308 1.4
      vertex 82.2653 -4.87264 1.4
    endloop
  endfacet
  facet normal -0.566462 0.378406 0.732072
    outer loop
      vertex 82.2653 -4.87264 1.4
      vertex 82.674 -5.4216 2
      vertex 82.8819 -5.11038 2
    endloop
  endfacet
  facet normal -0.566354 0.378516 0.732099
    outer loop
      vertex 82.674 -5.4216 2
      vertex 82.2653 -4.87264 1.4
      vertex 82.1613 -5.02825 1.4
    endloop
  endfacet
  facet normal -0.21895 0.645076 0.732078
    outer loop
      vertex 80.9072 -5.86621 1.4
      vertex 81.0907 -6.48485 2
      vertex 81.0206 -5.82772 1.4
    endloop
  endfacet
  facet normal -0.219002 0.645059 0.732077
    outer loop
      vertex 81.0907 -6.48485 2
      vertex 80.9072 -5.86621 1.4
      vertex 81.0745 -6.49035 2
    endloop
  endfacet
  facet normal -0.132918 0.668141 0.732066
    outer loop
      vertex 80.7898 -5.88957 1.4
      vertex 80.6906 -6.56671 2
      vertex 81.0577 -6.49368 2
    endloop
  endfacet
  facet normal -0.132864 0.668141 0.732075
    outer loop
      vertex 80.6906 -6.56671 2
      vertex 80.7898 -5.88957 1.4
      vertex 80.6062 -5.92608 1.4
    endloop
  endfacet
  facet normal -0.449187 0.512161 0.732067
    outer loop
      vertex 81.8183 -5.38238 1.4
      vertex 82.4159 -5.71588 2
      vertex 81.959 -5.25898 1.4
    endloop
  endfacet
  facet normal -0.449187 0.512161 0.732067
    outer loop
      vertex 82.4159 -5.71588 2
      vertex 81.8183 -5.38238 1.4
      vertex 82.1345 -5.96268 2
    endloop
  endfacet
  facet normal 0.668165 0.132861 0.732054
    outer loop
      vertex 77.3333 -3.99057 2
      vertex 78.0104 -4.08979 1.4
      vertex 77.9739 -3.90623 1.4
    endloop
  endfacet
  facet normal 0.668165 0.132861 0.732054
    outer loop
      vertex 78.0104 -4.08979 1.4
      vertex 77.3333 -3.99057 2
      vertex 77.4063 -4.35769 2
    endloop
  endfacet
  facet normal 0.668082 0.133116 0.732084
    outer loop
      vertex 77.4063 -4.35769 2
      vertex 78.0338 -4.20723 1.4
      vertex 78.0104 -4.08979 1.4
    endloop
  endfacet
  facet normal 0.667604 0.135271 0.732124
    outer loop
      vertex 78.0338 -4.20723 1.4
      vertex 77.4063 -4.35769 2
      vertex 77.4097 -4.37447 2
    endloop
  endfacet
  facet normal 0.610891 0.301492 0.732062
    outer loop
      vertex 78.1324 -4.49783 1.4
      vertex 77.543 -4.76045 2
      vertex 78.1854 -4.60522 1.4
    endloop
  endfacet
  facet normal 0.611961 0.299199 0.732109
    outer loop
      vertex 77.543 -4.76045 2
      vertex 78.1324 -4.49783 1.4
      vertex 77.5355 -4.74511 2
    endloop
  endfacet
  facet normal 0.645091 0.219051 0.732035
    outer loop
      vertex 77.53 -4.72891 2
      vertex 78.1324 -4.49783 1.4
      vertex 78.0939 -4.38445 1.4
    endloop
  endfacet
  facet normal 0.645103 0.219016 0.732034
    outer loop
      vertex 78.1324 -4.49783 1.4
      vertex 77.53 -4.72891 2
      vertex 77.5355 -4.74511 2
    endloop
  endfacet
  facet normal 0.0445231 0.679773 0.73207
    outer loop
      vertex 80.3 -5.94615 1.4
      vertex 80.2829 -6.59119 2
      vertex 80.3 -6.59231 2
    endloop
  endfacet
  facet normal 0.0445407 0.679772 0.73207
    outer loop
      vertex 80.2829 -6.59119 2
      vertex 80.3 -5.94615 1.4
      vertex 80.1805 -5.93832 1.4
    endloop
  endfacet
  facet normal 0.132864 0.668141 0.732075
    outer loop
      vertex 79.8102 -5.88957 1.4
      vertex 79.9094 -6.56671 2
      vertex 79.9938 -5.92608 1.4
    endloop
  endfacet
  facet normal 0.132918 0.668141 0.732066
    outer loop
      vertex 79.9094 -6.56671 2
      vertex 79.8102 -5.88957 1.4
      vertex 79.5423 -6.49368 2
    endloop
  endfacet
  facet normal 0.218888 -0.645094 0.73208
    outer loop
      vertex 79.5255 -0.709652 2
      vertex 79.5155 -1.39395 1.4
      vertex 79.6928 -1.33379 1.4
    endloop
  endfacet
  facet normal 0.219001 -0.645079 0.73206
    outer loop
      vertex 79.5155 -1.39395 1.4
      vertex 79.5255 -0.709652 2
      vertex 79.1711 -0.829969 2
    endloop
  endfacet
  facet normal 0.448417 -0.512817 0.73208
    outer loop
      vertex 78.4655 -1.23732 2
      vertex 78.8717 -1.73867 1.4
      vertex 78.4784 -1.22604 2
    endloop
  endfacet
  facet normal 0.449245 -0.512122 0.732059
    outer loop
      vertex 78.8717 -1.73867 1.4
      vertex 78.4655 -1.23732 2
      vertex 78.7817 -1.81762 1.4
    endloop
  endfacet
  facet normal 0.378482 -0.566403 0.732079
    outer loop
      vertex 78.4784 -1.22604 2
      vertex 79.0274 -1.63469 1.4
      vertex 78.7896 -1.01809 2
    endloop
  endfacet
  facet normal 0.378346 -0.566537 0.732045
    outer loop
      vertex 79.0274 -1.63469 1.4
      vertex 78.4784 -1.22604 2
      vertex 78.8717 -1.73867 1.4
    endloop
  endfacet
  facet normal 0.645103 -0.219016 0.732034
    outer loop
      vertex 77.53 -2.47109 2
      vertex 78.1324 -2.70217 1.4
      vertex 77.5355 -2.45489 2
    endloop
  endfacet
  facet normal 0.645091 -0.219051 0.732035
    outer loop
      vertex 78.1324 -2.70217 1.4
      vertex 77.53 -2.47109 2
      vertex 78.0939 -2.81555 1.4
    endloop
  endfacet
  facet normal -0.378482 -0.566403 0.732079
    outer loop
      vertex 81.5726 -1.63469 1.4
      vertex 82.1216 -1.22604 2
      vertex 81.8104 -1.01809 2
    endloop
  endfacet
  facet normal -0.378493 -0.566392 0.732081
    outer loop
      vertex 82.1216 -1.22604 2
      vertex 81.5726 -1.63469 1.4
      vertex 81.7282 -1.73867 1.4
    endloop
  endfacet
  facet normal -0.448392 -0.512789 0.732114
    outer loop
      vertex 81.7282 -1.73867 1.4
      vertex 82.1345 -1.23732 2
      vertex 82.1216 -1.22604 2
    endloop
  endfacet
  facet normal -0.448933 -0.512335 0.732101
    outer loop
      vertex 82.1345 -1.23732 2
      vertex 81.7282 -1.73867 1.4
      vertex 81.8183 -1.81762 1.4
    endloop
  endfacet
  facet normal -0.132455 0.668241 0.732059
    outer loop
      vertex 80.9072 -5.86621 1.4
      vertex 81.0577 -6.49368 2
      vertex 81.0745 -6.49035 2
    endloop
  endfacet
  facet normal -0.132944 0.668133 0.732069
    outer loop
      vertex 81.0577 -6.49368 2
      vertex 80.9072 -5.86621 1.4
      vertex 80.7898 -5.88957 1.4
    endloop
  endfacet
  facet normal -0.448933 0.512335 0.732101
    outer loop
      vertex 81.7282 -5.46133 1.4
      vertex 82.1345 -5.96268 2
      vertex 81.8183 -5.38238 1.4
    endloop
  endfacet
  facet normal -0.448392 0.512789 0.732114
    outer loop
      vertex 82.1345 -5.96268 2
      vertex 81.7282 -5.46133 1.4
      vertex 82.1216 -5.97396 2
    endloop
  endfacet
  facet normal -0.378493 0.566392 0.732081
    outer loop
      vertex 81.5726 -5.56531 1.4
      vertex 82.1216 -5.97396 2
      vertex 81.7282 -5.46133 1.4
    endloop
  endfacet
  facet normal -0.378482 0.566403 0.732079
    outer loop
      vertex 82.1216 -5.97396 2
      vertex 81.5726 -5.56531 1.4
      vertex 81.8104 -6.18191 2
    endloop
  endfacet
  facet normal 0.132944 0.668133 0.732069
    outer loop
      vertex 79.6928 -5.86621 1.4
      vertex 79.5423 -6.49368 2
      vertex 79.8102 -5.88957 1.4
    endloop
  endfacet
  facet normal 0.132455 0.668241 0.732059
    outer loop
      vertex 79.5423 -6.49368 2
      vertex 79.6928 -5.86621 1.4
      vertex 79.5255 -6.49035 2
    endloop
  endfacet
  facet normal 0.0445655 0.67977 0.73207
    outer loop
      vertex 79.9094 -6.56671 2
      vertex 80.1805 -5.93832 1.4
      vertex 79.9938 -5.92608 1.4
    endloop
  endfacet
  facet normal 0.0445538 0.679773 0.732068
    outer loop
      vertex 80.1805 -5.93832 1.4
      vertex 79.9094 -6.56671 2
      vertex 80.2829 -6.59119 2
    endloop
  endfacet
  facet normal 0.132943 -0.66813 0.732071
    outer loop
      vertex 79.5423 -0.706315 2
      vertex 79.6928 -1.33379 1.4
      vertex 79.8102 -1.31043 1.4
    endloop
  endfacet
  facet normal 0.132721 -0.668179 0.732067
    outer loop
      vertex 79.6928 -1.33379 1.4
      vertex 79.5423 -0.706315 2
      vertex 79.5255 -0.709652 2
    endloop
  endfacet
  facet normal -0.679775 -0.0444835 0.732071
    outer loop
      vertex -0.40881 35.4171 2
      vertex -1.05385 35.4 1.4
      vertex -0.407691 35.4 2
    endloop
  endfacet
  facet normal -0.679772 -0.0445407 0.73207
    outer loop
      vertex -1.05385 35.4 1.4
      vertex -0.40881 35.4171 2
      vertex -1.06168 35.5195 1.4
    endloop
  endfacet
  facet normal 0.219051 -0.645091 0.732035
    outer loop
      vertex -4.52891 38.17 2
      vertex -4.29783 37.5676 1.4
      vertex -4.18445 37.6061 1.4
    endloop
  endfacet
  facet normal 0.219016 -0.645103 0.732034
    outer loop
      vertex -4.29783 37.5676 1.4
      vertex -4.52891 38.17 2
      vertex -4.54511 38.1645 2
    endloop
  endfacet
  facet normal -0.566403 -0.378493 0.732073
    outer loop
      vertex -1.47215 36.7287 1.4
      vertex -0.808584 36.8962 2
      vertex -1.01654 37.2074 2
    endloop
  endfacet
  facet normal -0.566401 -0.378499 0.732072
    outer loop
      vertex -0.808584 36.8962 2
      vertex -1.47215 36.7287 1.4
      vertex -1.36817 36.5731 1.4
    endloop
  endfacet
  facet normal -0.44917 0.512177 0.732066
    outer loop
      vertex -1.88173 33.6176 1.4
      vertex -1.28412 33.2841 2
      vertex -1.74102 33.741 1.4
    endloop
  endfacet
  facet normal -0.44917 0.512177 0.732066
    outer loop
      vertex -1.28412 33.2841 2
      vertex -1.88173 33.6176 1.4
      vertex -1.56554 33.0373 2
    endloop
  endfacet
  facet normal 0.679772 0.0445407 0.73207
    outer loop
      vertex -5.74615 35.4 1.4
      vertex -6.39119 35.3829 2
      vertex -5.73832 35.2805 1.4
    endloop
  endfacet
  facet normal 0.679773 0.0445231 0.73207
    outer loop
      vertex -6.39119 35.3829 2
      vertex -5.74615 35.4 1.4
      vertex -6.39231 35.4 2
    endloop
  endfacet
  facet normal -0.645066 -0.218997 0.732073
    outer loop
      vertex -0.635467 36.5451 2
      vertex -1.17228 36.1206 1.4
      vertex -0.51515 36.1907 2
    endloop
  endfacet
  facet normal -0.645063 -0.219001 0.732074
    outer loop
      vertex -1.17228 36.1206 1.4
      vertex -0.635467 36.5451 2
      vertex -1.23244 36.2978 1.4
    endloop
  endfacet
  facet normal -0.611011 0.301211 0.732078
    outer loop
      vertex -1.31521 34.3343 1.4
      vertex -0.635467 34.2549 2
      vertex -1.23244 34.5022 1.4
    endloop
  endfacet
  facet normal -0.610984 0.301309 0.73206
    outer loop
      vertex -0.635467 34.2549 2
      vertex -1.31521 34.3343 1.4
      vertex -0.801019 33.9192 2
    endloop
  endfacet
  facet normal 0.512335 -0.448933 0.732101
    outer loop
      vertex -5.76268 37.2345 2
      vertex -5.26133 36.8282 1.4
      vertex -5.18238 36.9183 1.4
    endloop
  endfacet
  facet normal 0.512789 -0.448392 0.732114
    outer loop
      vertex -5.26133 36.8282 1.4
      vertex -5.76268 37.2345 2
      vertex -5.77396 37.2216 2
    endloop
  endfacet
  facet normal -0.512161 -0.449187 0.732067
    outer loop
      vertex -1.28412 37.5159 2
      vertex -1.61762 36.9183 1.4
      vertex -1.03732 37.2345 2
    endloop
  endfacet
  facet normal -0.512161 -0.449187 0.732067
    outer loop
      vertex -1.61762 36.9183 1.4
      vertex -1.28412 37.5159 2
      vertex -1.74102 37.059 1.4
    endloop
  endfacet
  facet normal -0.668129 0.132943 0.732072
    outer loop
      vertex -1.13379 34.7928 1.4
      vertex -0.506314 34.6423 2
      vertex -1.11043 34.9102 1.4
    endloop
  endfacet
  facet normal -0.668178 0.132721 0.732067
    outer loop
      vertex -0.506314 34.6423 2
      vertex -1.13379 34.7928 1.4
      vertex -0.509651 34.6255 2
    endloop
  endfacet
  facet normal -0.301234 0.611022 0.732059
    outer loop
      vertex -2.33431 33.3152 1.4
      vertex -2.25489 32.6355 2
      vertex -1.91919 32.801 2
    endloop
  endfacet
  facet normal -0.301378 0.610982 0.732033
    outer loop
      vertex -2.25489 32.6355 2
      vertex -2.33431 33.3152 1.4
      vertex -2.50217 33.2324 1.4
    endloop
  endfacet
  facet normal 0.378516 0.566354 0.732099
    outer loop
      vertex -5.2216 33.026 2
      vertex -4.67264 33.4347 1.4
      vertex -4.82825 33.5387 1.4
    endloop
  endfacet
  facet normal 0.378406 0.566462 0.732072
    outer loop
      vertex -4.67264 33.4347 1.4
      vertex -5.2216 33.026 2
      vertex -4.91038 32.8181 2
    endloop
  endfacet
  facet normal 0.610998 0.301289 0.732057
    outer loop
      vertex -5.99898 33.9192 2
      vertex -5.43183 34.2269 1.4
      vertex -5.48479 34.3343 1.4
    endloop
  endfacet
  facet normal 0.611554 0.300217 0.732033
    outer loop
      vertex -5.43183 34.2269 1.4
      vertex -5.99898 33.9192 2
      vertex -5.99142 33.9038 2
    endloop
  endfacet
  facet normal 0.301378 0.610982 0.732033
    outer loop
      vertex -4.46569 33.3152 1.4
      vertex -4.54511 32.6355 2
      vertex -4.29783 33.2324 1.4
    endloop
  endfacet
  facet normal 0.301234 0.611022 0.732059
    outer loop
      vertex -4.54511 32.6355 2
      vertex -4.46569 33.3152 1.4
      vertex -4.88081 32.801 2
    endloop
  endfacet
  facet normal 0.668241 -0.132455 0.732059
    outer loop
      vertex -6.29368 36.1577 2
      vertex -5.66621 36.0072 1.4
      vertex -6.29035 36.1745 2
    endloop
  endfacet
  facet normal 0.668133 -0.132944 0.732069
    outer loop
      vertex -5.66621 36.0072 1.4
      vertex -6.29368 36.1577 2
      vertex -5.68957 35.8898 1.4
    endloop
  endfacet
  facet normal 0.610988 -0.301284 0.732066
    outer loop
      vertex -6.15697 36.5604 2
      vertex -5.56756 36.2978 1.4
      vertex -5.5146 36.4052 1.4
    endloop
  endfacet
  facet normal 0.610754 -0.301784 0.732056
    outer loop
      vertex -5.56756 36.2978 1.4
      vertex -6.15697 36.5604 2
      vertex -6.16453 36.5451 2
    endloop
  endfacet
  facet normal 0.0438085 -0.679828 0.732062
    outer loop
      vertex -3.41707 38.3912 2
      vertex -3.4 37.7462 1.4
      vertex -3.4 38.3923 2
    endloop
  endfacet
  facet normal 0.0449468 -0.679778 0.73204
    outer loop
      vertex -3.4 37.7462 1.4
      vertex -3.41707 38.3912 2
      vertex -3.51948 37.7383 1.4
    endloop
  endfacet
  facet normal 0.668141 -0.132918 0.732066
    outer loop
      vertex -6.36671 35.7906 2
      vertex -5.68957 35.8898 1.4
      vertex -6.29368 36.1577 2
    endloop
  endfacet
  facet normal 0.668141 -0.132864 0.732075
    outer loop
      vertex -5.68957 35.8898 1.4
      vertex -6.36671 35.7906 2
      vertex -5.72608 35.7062 1.4
    endloop
  endfacet
  facet normal 0.64506 -0.219 0.732077
    outer loop
      vertex -6.29035 36.1745 2
      vertex -5.60605 36.1844 1.4
      vertex -6.17003 36.5289 2
    endloop
  endfacet
  facet normal 0.64506 -0.219 0.732077
    outer loop
      vertex -5.60605 36.1844 1.4
      vertex -6.29035 36.1745 2
      vertex -5.66621 36.0072 1.4
    endloop
  endfacet
  facet normal -0.302405 -0.61038 0.732111
    outer loop
      vertex -1.91919 37.999 2
      vertex -2.22692 37.4318 1.4
      vertex -1.90385 37.9914 2
    endloop
  endfacet
  facet normal -0.301478 -0.610862 0.732092
    outer loop
      vertex -2.22692 37.4318 1.4
      vertex -1.91919 37.999 2
      vertex -2.33431 37.4848 1.4
    endloop
  endfacet
  facet normal -0.132865 -0.668164 0.732054
    outer loop
      vertex -3.00942 38.3667 2
      vertex -2.91021 37.6896 1.4
      vertex -2.64231 38.2937 2
    endloop
  endfacet
  facet normal -0.132861 -0.668164 0.732055
    outer loop
      vertex -2.91021 37.6896 1.4
      vertex -3.00942 38.3667 2
      vertex -3.09377 37.7261 1.4
    endloop
  endfacet
  facet normal -0.218964 -0.645132 0.732024
    outer loop
      vertex -2.62553 38.2903 2
      vertex -2.61555 37.6061 1.4
      vertex -2.27109 38.17 2
    endloop
  endfacet
  facet normal -0.21879 -0.645157 0.732055
    outer loop
      vertex -2.61555 37.6061 1.4
      vertex -2.62553 38.2903 2
      vertex -2.79277 37.6662 1.4
    endloop
  endfacet
  facet normal -0.611012 -0.301234 0.732067
    outer loop
      vertex -0.808584 36.8962 2
      vertex -1.28539 36.4052 1.4
      vertex -0.643032 36.5604 2
    endloop
  endfacet
  facet normal -0.611004 -0.301244 0.732069
    outer loop
      vertex -1.28539 36.4052 1.4
      vertex -0.808584 36.8962 2
      vertex -1.36817 36.5731 1.4
    endloop
  endfacet
  facet normal -0.668178 -0.132721 0.732067
    outer loop
      vertex -1.13379 36.0072 1.4
      vertex -0.506314 36.1577 2
      vertex -0.509651 36.1745 2
    endloop
  endfacet
  facet normal -0.668129 -0.132943 0.732072
    outer loop
      vertex -0.506314 36.1577 2
      vertex -1.13379 36.0072 1.4
      vertex -1.11043 35.8898 1.4
    endloop
  endfacet
  facet normal -0.679773 -0.0445556 0.732068
    outer loop
      vertex -0.433291 35.7906 2
      vertex -1.06168 35.5195 1.4
      vertex -0.40881 35.4171 2
    endloop
  endfacet
  facet normal -0.67977 -0.0445656 0.73207
    outer loop
      vertex -1.06168 35.5195 1.4
      vertex -0.433291 35.7906 2
      vertex -1.07392 35.7062 1.4
    endloop
  endfacet
  facet normal -0.668142 -0.132906 0.732068
    outer loop
      vertex -1.11043 35.8898 1.4
      vertex -0.433291 35.7906 2
      vertex -0.506314 36.1577 2
    endloop
  endfacet
  facet normal -0.668142 -0.132864 0.732075
    outer loop
      vertex -0.433291 35.7906 2
      vertex -1.11043 35.8898 1.4
      vertex -1.07392 35.7062 1.4
    endloop
  endfacet
  facet normal -0.679775 0.0444835 0.732071
    outer loop
      vertex -1.05385 35.4 1.4
      vertex -0.40881 35.3829 2
      vertex -0.407691 35.4 2
    endloop
  endfacet
  facet normal -0.679772 0.0445407 0.73207
    outer loop
      vertex -0.40881 35.3829 2
      vertex -1.05385 35.4 1.4
      vertex -1.06168 35.2805 1.4
    endloop
  endfacet
  facet normal -0.512161 0.449187 0.732067
    outer loop
      vertex -1.61762 33.8817 1.4
      vertex -1.28412 33.2841 2
      vertex -1.03732 33.5655 2
    endloop
  endfacet
  facet normal -0.512161 0.449187 0.732067
    outer loop
      vertex -1.28412 33.2841 2
      vertex -1.61762 33.8817 1.4
      vertex -1.74102 33.741 1.4
    endloop
  endfacet
  facet normal -0.218799 0.645185 0.732026
    outer loop
      vertex -2.67939 33.1723 1.4
      vertex -2.25489 32.6355 2
      vertex -2.50217 33.2324 1.4
    endloop
  endfacet
  facet normal -0.2191 0.645015 0.732087
    outer loop
      vertex -2.25489 32.6355 2
      vertex -2.67939 33.1723 1.4
      vertex -2.60934 32.5151 2
    endloop
  endfacet
  facet normal -0.645071 0.218966 0.732078
    outer loop
      vertex -1.13379 34.7928 1.4
      vertex -0.51515 34.6093 2
      vertex -0.509651 34.6255 2
    endloop
  endfacet
  facet normal -0.645076 0.21895 0.732078
    outer loop
      vertex -0.51515 34.6093 2
      vertex -1.13379 34.7928 1.4
      vertex -1.17228 34.6794 1.4
    endloop
  endfacet
  facet normal -0.645066 0.218997 0.732073
    outer loop
      vertex -1.17228 34.6794 1.4
      vertex -0.635467 34.2549 2
      vertex -0.51515 34.6093 2
    endloop
  endfacet
  facet normal -0.645063 0.219001 0.732074
    outer loop
      vertex -0.635467 34.2549 2
      vertex -1.17228 34.6794 1.4
      vertex -1.23244 34.5022 1.4
    endloop
  endfacet
  facet normal 0.67977 0.0445655 0.73207
    outer loop
      vertex -5.73832 35.2805 1.4
      vertex -6.36671 35.0094 2
      vertex -5.72608 35.0938 1.4
    endloop
  endfacet
  facet normal 0.679773 0.0445538 0.732068
    outer loop
      vertex -6.36671 35.0094 2
      vertex -5.73832 35.2805 1.4
      vertex -6.39119 35.3829 2
    endloop
  endfacet
  facet normal 0.512161 0.449187 0.732067
    outer loop
      vertex -5.18238 33.8817 1.4
      vertex -5.51588 33.2841 2
      vertex -5.05898 33.741 1.4
    endloop
  endfacet
  facet normal 0.512161 0.449187 0.732067
    outer loop
      vertex -5.51588 33.2841 2
      vertex -5.18238 33.8817 1.4
      vertex -5.76268 33.5655 2
    endloop
  endfacet
  facet normal 0.645093 0.218888 0.732081
    outer loop
      vertex -6.29035 34.6255 2
      vertex -5.60605 34.6155 1.4
      vertex -5.66621 34.7928 1.4
    endloop
  endfacet
  facet normal 0.645077 0.219006 0.73206
    outer loop
      vertex -5.60605 34.6155 1.4
      vertex -6.29035 34.6255 2
      vertex -6.17003 34.2711 2
    endloop
  endfacet
  facet normal 0.611012 0.301212 0.732076
    outer loop
      vertex -6.16453 34.2549 2
      vertex -5.48479 34.3343 1.4
      vertex -5.56756 34.5022 1.4
    endloop
  endfacet
  facet normal 0.610986 0.301307 0.732059
    outer loop
      vertex -5.48479 34.3343 1.4
      vertex -6.16453 34.2549 2
      vertex -5.99898 33.9192 2
    endloop
  endfacet
  facet normal 0.0438085 0.679828 0.732062
    outer loop
      vertex -3.4 33.0538 1.4
      vertex -3.41707 32.4088 2
      vertex -3.4 32.4077 2
    endloop
  endfacet
  facet normal 0.0449468 0.679778 0.73204
    outer loop
      vertex -3.41707 32.4088 2
      vertex -3.4 33.0538 1.4
      vertex -3.51948 33.0617 1.4
    endloop
  endfacet
  facet normal 0.449007 0.512289 0.732088
    outer loop
      vertex -5.23446 33.0373 2
      vertex -4.82825 33.5387 1.4
      vertex -4.91827 33.6176 1.4
    endloop
  endfacet
  facet normal 0.449661 0.511739 0.732071
    outer loop
      vertex -4.82825 33.5387 1.4
      vertex -5.23446 33.0373 2
      vertex -5.2216 33.026 2
    endloop
  endfacet
  facet normal 0.301478 0.610862 0.732092
    outer loop
      vertex -4.57308 33.3682 1.4
      vertex -4.88081 32.801 2
      vertex -4.46569 33.3152 1.4
    endloop
  endfacet
  facet normal 0.302405 0.61038 0.732111
    outer loop
      vertex -4.88081 32.801 2
      vertex -4.57308 33.3682 1.4
      vertex -4.89615 32.8086 2
    endloop
  endfacet
  facet normal 0.512161 -0.449187 0.732067
    outer loop
      vertex -5.51588 37.5159 2
      vertex -5.18238 36.9183 1.4
      vertex -5.05898 37.059 1.4
    endloop
  endfacet
  facet normal 0.512161 -0.449187 0.732067
    outer loop
      vertex -5.18238 36.9183 1.4
      vertex -5.51588 37.5159 2
      vertex -5.76268 37.2345 2
    endloop
  endfacet
  facet normal 0.301378 -0.610982 0.732033
    outer loop
      vertex -4.54511 38.1645 2
      vertex -4.46569 37.4848 1.4
      vertex -4.29783 37.5676 1.4
    endloop
  endfacet
  facet normal 0.301234 -0.611022 0.732059
    outer loop
      vertex -4.46569 37.4848 1.4
      vertex -4.54511 38.1645 2
      vertex -4.88081 37.999 2
    endloop
  endfacet
  facet normal 0.611018 -0.301215 0.73207
    outer loop
      vertex -5.99142 36.8962 2
      vertex -5.5146 36.4052 1.4
      vertex -5.43183 36.5731 1.4
    endloop
  endfacet
  facet normal 0.611008 -0.301228 0.732073
    outer loop
      vertex -5.5146 36.4052 1.4
      vertex -5.99142 36.8962 2
      vertex -6.15697 36.5604 2
    endloop
  endfacet
  facet normal 0.566399 -0.378498 0.732073
    outer loop
      vertex -5.99142 36.8962 2
      vertex -5.32785 36.7287 1.4
      vertex -5.78346 37.2074 2
    endloop
  endfacet
  facet normal 0.566399 -0.378498 0.732073
    outer loop
      vertex -5.32785 36.7287 1.4
      vertex -5.99142 36.8962 2
      vertex -5.43183 36.5731 1.4
    endloop
  endfacet
  facet normal 0.679772 -0.0445407 0.73207
    outer loop
      vertex -6.39119 35.4171 2
      vertex -5.74615 35.4 1.4
      vertex -5.73832 35.5195 1.4
    endloop
  endfacet
  facet normal 0.679773 -0.0445231 0.73207
    outer loop
      vertex -5.74615 35.4 1.4
      vertex -6.39119 35.4171 2
      vertex -6.39231 35.4 2
    endloop
  endfacet
  facet normal 0.67977 -0.0445655 0.73207
    outer loop
      vertex -6.36671 35.7906 2
      vertex -5.73832 35.5195 1.4
      vertex -5.72608 35.7062 1.4
    endloop
  endfacet
  facet normal 0.679773 -0.0445538 0.732068
    outer loop
      vertex -5.73832 35.5195 1.4
      vertex -6.36671 35.7906 2
      vertex -6.39119 35.4171 2
    endloop
  endfacet
  facet normal -0.44917 -0.512177 0.732066
    outer loop
      vertex -1.88173 37.1824 1.4
      vertex -1.28412 37.5159 2
      vertex -1.56554 37.7627 2
    endloop
  endfacet
  facet normal -0.44917 -0.512177 0.732066
    outer loop
      vertex -1.28412 37.5159 2
      vertex -1.88173 37.1824 1.4
      vertex -1.74102 37.059 1.4
    endloop
  endfacet
  facet normal -0.135271 -0.667604 0.732124
    outer loop
      vertex -2.64231 38.2937 2
      vertex -2.79277 37.6662 1.4
      vertex -2.62553 38.2903 2
    endloop
  endfacet
  facet normal -0.133116 -0.668082 0.732084
    outer loop
      vertex -2.79277 37.6662 1.4
      vertex -2.64231 38.2937 2
      vertex -2.91021 37.6896 1.4
    endloop
  endfacet
  facet normal -0.610679 -0.301947 0.732051
    outer loop
      vertex -0.643032 36.5604 2
      vertex -1.23244 36.2978 1.4
      vertex -0.635467 36.5451 2
    endloop
  endfacet
  facet normal -0.611011 -0.301239 0.732066
    outer loop
      vertex -1.23244 36.2978 1.4
      vertex -0.643032 36.5604 2
      vertex -1.28539 36.4052 1.4
    endloop
  endfacet
  facet normal -0.512789 -0.448392 0.732114
    outer loop
      vertex -1.03732 37.2345 2
      vertex -1.53867 36.8282 1.4
      vertex -1.02604 37.2216 2
    endloop
  endfacet
  facet normal -0.512335 -0.448933 0.732101
    outer loop
      vertex -1.53867 36.8282 1.4
      vertex -1.03732 37.2345 2
      vertex -1.61762 36.9183 1.4
    endloop
  endfacet
  facet normal -0.566182 -0.378784 0.732093
    outer loop
      vertex -1.53867 36.8282 1.4
      vertex -1.01654 37.2074 2
      vertex -1.02604 37.2216 2
    endloop
  endfacet
  facet normal -0.56631 -0.378602 0.732089
    outer loop
      vertex -1.01654 37.2074 2
      vertex -1.53867 36.8282 1.4
      vertex -1.47215 36.7287 1.4
    endloop
  endfacet
  facet normal -0.645071 -0.218966 0.732078
    outer loop
      vertex -0.51515 36.1907 2
      vertex -1.13379 36.0072 1.4
      vertex -0.509651 36.1745 2
    endloop
  endfacet
  facet normal -0.645076 -0.21895 0.732078
    outer loop
      vertex -1.13379 36.0072 1.4
      vertex -0.51515 36.1907 2
      vertex -1.17228 36.1206 1.4
    endloop
  endfacet
  facet normal -0.679773 0.0445556 0.732068
    outer loop
      vertex -1.06168 35.2805 1.4
      vertex -0.433291 35.0094 2
      vertex -0.40881 35.3829 2
    endloop
  endfacet
  facet normal -0.67977 0.0445656 0.73207
    outer loop
      vertex -0.433291 35.0094 2
      vertex -1.06168 35.2805 1.4
      vertex -1.07392 35.0938 1.4
    endloop
  endfacet
  facet normal -0.668142 0.132864 0.732075
    outer loop
      vertex -1.11043 34.9102 1.4
      vertex -0.433291 35.0094 2
      vertex -1.07392 35.0938 1.4
    endloop
  endfacet
  facet normal -0.668142 0.132906 0.732068
    outer loop
      vertex -0.433291 35.0094 2
      vertex -1.11043 34.9102 1.4
      vertex -0.506314 34.6423 2
    endloop
  endfacet
  facet normal -0.566401 0.378484 0.732079
    outer loop
      vertex -1.43469 34.1274 1.4
      vertex -1.02604 33.5784 2
      vertex -0.818088 33.8896 2
    endloop
  endfacet
  facet normal -0.566392 0.378493 0.732081
    outer loop
      vertex -1.02604 33.5784 2
      vertex -1.43469 34.1274 1.4
      vertex -1.53867 33.9718 1.4
    endloop
  endfacet
  facet normal -0.512789 0.448392 0.732114
    outer loop
      vertex -1.53867 33.9718 1.4
      vertex -1.03732 33.5655 2
      vertex -1.02604 33.5784 2
    endloop
  endfacet
  facet normal -0.512335 0.448933 0.732101
    outer loop
      vertex -1.03732 33.5655 2
      vertex -1.53867 33.9718 1.4
      vertex -1.61762 33.8817 1.4
    endloop
  endfacet
  facet normal -0.378516 0.566354 0.732099
    outer loop
      vertex -2.12736 33.4347 1.4
      vertex -1.5784 33.026 2
      vertex -1.97175 33.5387 1.4
    endloop
  endfacet
  facet normal -0.378406 0.566462 0.732072
    outer loop
      vertex -1.5784 33.026 2
      vertex -2.12736 33.4347 1.4
      vertex -1.88962 32.8181 2
    endloop
  endfacet
  facet normal -0.21903 0.64503 0.732094
    outer loop
      vertex -2.79277 33.1338 1.4
      vertex -2.60934 32.5151 2
      vertex -2.67939 33.1723 1.4
    endloop
  endfacet
  facet normal -0.215512 0.646138 0.732161
    outer loop
      vertex -2.60934 32.5151 2
      vertex -2.79277 33.1338 1.4
      vertex -2.62553 32.5097 2
    endloop
  endfacet
  facet normal -0.0444102 0.679804 0.732048
    outer loop
      vertex -3.28052 33.0617 1.4
      vertex -3.00942 32.4333 2
      vertex -3.09377 33.0739 1.4
    endloop
  endfacet
  facet normal -0.044588 0.679758 0.73208
    outer loop
      vertex -3.00942 32.4333 2
      vertex -3.28052 33.0617 1.4
      vertex -3.38293 32.4088 2
    endloop
  endfacet
  facet normal 0.64502 0.219125 0.732075
    outer loop
      vertex -6.17003 34.2711 2
      vertex -5.56756 34.5022 1.4
      vertex -5.60605 34.6155 1.4
    endloop
  endfacet
  facet normal 0.645064 0.219003 0.732072
    outer loop
      vertex -5.56756 34.5022 1.4
      vertex -6.17003 34.2711 2
      vertex -6.16453 34.2549 2
    endloop
  endfacet
  facet normal 0.668141 0.132864 0.732075
    outer loop
      vertex -6.36671 35.0094 2
      vertex -5.68957 34.9102 1.4
      vertex -5.72608 35.0938 1.4
    endloop
  endfacet
  facet normal 0.668141 0.132918 0.732066
    outer loop
      vertex -5.68957 34.9102 1.4
      vertex -6.36671 35.0094 2
      vertex -6.29368 34.6423 2
    endloop
  endfacet
  facet normal 0.512335 0.448933 0.732101
    outer loop
      vertex -5.26133 33.9718 1.4
      vertex -5.76268 33.5655 2
      vertex -5.18238 33.8817 1.4
    endloop
  endfacet
  facet normal 0.512789 0.448392 0.732114
    outer loop
      vertex -5.76268 33.5655 2
      vertex -5.26133 33.9718 1.4
      vertex -5.77396 33.5784 2
    endloop
  endfacet
  facet normal 0.566392 0.378493 0.732081
    outer loop
      vertex -5.36531 34.1274 1.4
      vertex -5.77396 33.5784 2
      vertex -5.26133 33.9718 1.4
    endloop
  endfacet
  facet normal 0.566403 0.378482 0.732079
    outer loop
      vertex -5.77396 33.5784 2
      vertex -5.36531 34.1274 1.4
      vertex -5.98191 33.8896 2
    endloop
  endfacet
  facet normal 0.218799 0.645185 0.732026
    outer loop
      vertex -4.54511 32.6355 2
      vertex -4.12061 33.1723 1.4
      vertex -4.29783 33.2324 1.4
    endloop
  endfacet
  facet normal 0.2191 0.645015 0.732087
    outer loop
      vertex -4.12061 33.1723 1.4
      vertex -4.54511 32.6355 2
      vertex -4.19066 32.5151 2
    endloop
  endfacet
  facet normal 0.44917 0.512177 0.732066
    outer loop
      vertex -5.51588 33.2841 2
      vertex -4.91827 33.6176 1.4
      vertex -5.05898 33.741 1.4
    endloop
  endfacet
  facet normal 0.44917 0.512177 0.732066
    outer loop
      vertex -4.91827 33.6176 1.4
      vertex -5.51588 33.2841 2
      vertex -5.23446 33.0373 2
    endloop
  endfacet
  facet normal 0.378373 0.566479 0.732076
    outer loop
      vertex -4.91038 32.8181 2
      vertex -4.57308 33.3682 1.4
      vertex -4.67264 33.4347 1.4
    endloop
  endfacet
  facet normal 0.37824 0.566564 0.732079
    outer loop
      vertex -4.57308 33.3682 1.4
      vertex -4.91038 32.8181 2
      vertex -4.89615 32.8086 2
    endloop
  endfacet
  facet normal 0.44917 -0.512177 0.732066
    outer loop
      vertex -5.51588 37.5159 2
      vertex -4.91827 37.1824 1.4
      vertex -5.23446 37.7627 2
    endloop
  endfacet
  facet normal 0.44917 -0.512177 0.732066
    outer loop
      vertex -4.91827 37.1824 1.4
      vertex -5.51588 37.5159 2
      vertex -5.05898 37.059 1.4
    endloop
  endfacet
  facet normal 0.37824 -0.566564 0.732079
    outer loop
      vertex -4.91038 37.9819 2
      vertex -4.57308 37.4318 1.4
      vertex -4.89615 37.9914 2
    endloop
  endfacet
  facet normal 0.378373 -0.566479 0.732076
    outer loop
      vertex -4.57308 37.4318 1.4
      vertex -4.91038 37.9819 2
      vertex -4.67264 37.3653 1.4
    endloop
  endfacet
  facet normal 0.132861 -0.668165 0.732054
    outer loop
      vertex -3.79057 38.3667 2
      vertex -3.88979 37.6896 1.4
      vertex -3.70623 37.7261 1.4
    endloop
  endfacet
  facet normal 0.132861 -0.668165 0.732054
    outer loop
      vertex -3.88979 37.6896 1.4
      vertex -3.79057 38.3667 2
      vertex -4.15769 38.2937 2
    endloop
  endfacet
  facet normal 0.0445892 -0.679758 0.73208
    outer loop
      vertex -3.79057 38.3667 2
      vertex -3.51948 37.7383 1.4
      vertex -3.41707 38.3912 2
    endloop
  endfacet
  facet normal 0.0444103 -0.679805 0.732047
    outer loop
      vertex -3.51948 37.7383 1.4
      vertex -3.79057 38.3667 2
      vertex -3.70623 37.7261 1.4
    endloop
  endfacet
  facet normal 0.566182 -0.378784 0.732093
    outer loop
      vertex -5.78346 37.2074 2
      vertex -5.26133 36.8282 1.4
      vertex -5.77396 37.2216 2
    endloop
  endfacet
  facet normal 0.56631 -0.378602 0.732089
    outer loop
      vertex -5.26133 36.8282 1.4
      vertex -5.78346 37.2074 2
      vertex -5.32785 36.7287 1.4
    endloop
  endfacet
  facet normal 0.645064 -0.219003 0.732072
    outer loop
      vertex -6.17003 36.5289 2
      vertex -5.56756 36.2978 1.4
      vertex -6.16453 36.5451 2
    endloop
  endfacet
  facet normal 0.645082 -0.218953 0.732071
    outer loop
      vertex -5.56756 36.2978 1.4
      vertex -6.17003 36.5289 2
      vertex -5.60605 36.1844 1.4
    endloop
  endfacet
  facet normal -0.378406 -0.566462 0.732072
    outer loop
      vertex -2.12736 37.3653 1.4
      vertex -1.5784 37.774 2
      vertex -1.88962 37.9819 2
    endloop
  endfacet
  facet normal -0.378516 -0.566354 0.732099
    outer loop
      vertex -1.5784 37.774 2
      vertex -2.12736 37.3653 1.4
      vertex -1.97175 37.2613 1.4
    endloop
  endfacet
  facet normal -0.449661 -0.511739 0.732071
    outer loop
      vertex -1.97175 37.2613 1.4
      vertex -1.56554 37.7627 2
      vertex -1.5784 37.774 2
    endloop
  endfacet
  facet normal -0.449007 -0.512289 0.732088
    outer loop
      vertex -1.56554 37.7627 2
      vertex -1.97175 37.2613 1.4
      vertex -1.88173 37.1824 1.4
    endloop
  endfacet
  facet normal -0.0438085 -0.679828 0.732062
    outer loop
      vertex -3.4 37.7462 1.4
      vertex -3.38293 38.3912 2
      vertex -3.4 38.3923 2
    endloop
  endfacet
  facet normal -0.0449468 -0.679778 0.73204
    outer loop
      vertex -3.38293 38.3912 2
      vertex -3.4 37.7462 1.4
      vertex -3.28052 37.7383 1.4
    endloop
  endfacet
  facet normal -0.0444102 -0.679804 0.732048
    outer loop
      vertex -3.00942 38.3667 2
      vertex -3.28052 37.7383 1.4
      vertex -3.09377 37.7261 1.4
    endloop
  endfacet
  facet normal -0.044588 -0.679758 0.73208
    outer loop
      vertex -3.28052 37.7383 1.4
      vertex -3.00942 38.3667 2
      vertex -3.38293 38.3912 2
    endloop
  endfacet
  facet normal -0.219016 -0.645103 0.732034
    outer loop
      vertex -2.27109 38.17 2
      vertex -2.50217 37.5676 1.4
      vertex -2.25489 38.1645 2
    endloop
  endfacet
  facet normal -0.219051 -0.645091 0.732035
    outer loop
      vertex -2.50217 37.5676 1.4
      vertex -2.27109 38.17 2
      vertex -2.61555 37.6061 1.4
    endloop
  endfacet
  facet normal -0.301234 -0.611022 0.732059
    outer loop
      vertex -2.25489 38.1645 2
      vertex -2.33431 37.4848 1.4
      vertex -1.91919 37.999 2
    endloop
  endfacet
  facet normal -0.301378 -0.610982 0.732033
    outer loop
      vertex -2.33431 37.4848 1.4
      vertex -2.25489 38.1645 2
      vertex -2.50217 37.5676 1.4
    endloop
  endfacet
  facet normal -0.610997 0.301289 0.732057
    outer loop
      vertex -1.36817 34.2269 1.4
      vertex -0.801019 33.9192 2
      vertex -1.31521 34.3343 1.4
    endloop
  endfacet
  facet normal -0.611471 0.300375 0.732037
    outer loop
      vertex -0.801019 33.9192 2
      vertex -1.36817 34.2269 1.4
      vertex -0.808584 33.9038 2
    endloop
  endfacet
  facet normal -0.566142 0.378917 0.732055
    outer loop
      vertex -1.36817 34.2269 1.4
      vertex -0.818088 33.8896 2
      vertex -0.808584 33.9038 2
    endloop
  endfacet
  facet normal -0.566333 0.378618 0.732062
    outer loop
      vertex -0.818088 33.8896 2
      vertex -1.36817 34.2269 1.4
      vertex -1.43469 34.1274 1.4
    endloop
  endfacet
  facet normal -0.449007 0.512289 0.732088
    outer loop
      vertex -1.97175 33.5387 1.4
      vertex -1.56554 33.0373 2
      vertex -1.88173 33.6176 1.4
    endloop
  endfacet
  facet normal -0.449661 0.511739 0.732071
    outer loop
      vertex -1.56554 33.0373 2
      vertex -1.97175 33.5387 1.4
      vertex -1.5784 33.026 2
    endloop
  endfacet
  facet normal -0.0449468 0.679778 0.73204
    outer loop
      vertex -3.4 33.0538 1.4
      vertex -3.38293 32.4088 2
      vertex -3.28052 33.0617 1.4
    endloop
  endfacet
  facet normal -0.0438085 0.679828 0.732062
    outer loop
      vertex -3.38293 32.4088 2
      vertex -3.4 33.0538 1.4
      vertex -3.4 32.4077 2
    endloop
  endfacet
  facet normal -0.135271 0.667604 0.732124
    outer loop
      vertex -2.79277 33.1338 1.4
      vertex -2.64231 32.5063 2
      vertex -2.62553 32.5097 2
    endloop
  endfacet
  facet normal -0.133116 0.668082 0.732084
    outer loop
      vertex -2.64231 32.5063 2
      vertex -2.79277 33.1338 1.4
      vertex -2.91021 33.1104 1.4
    endloop
  endfacet
  facet normal -0.132865 0.668164 0.732054
    outer loop
      vertex -2.91021 33.1104 1.4
      vertex -3.00942 32.4333 2
      vertex -2.64231 32.5063 2
    endloop
  endfacet
  facet normal -0.132861 0.668164 0.732055
    outer loop
      vertex -3.00942 32.4333 2
      vertex -2.91021 33.1104 1.4
      vertex -3.09377 33.0739 1.4
    endloop
  endfacet
  facet normal 0.668133 0.132944 0.732069
    outer loop
      vertex -6.29368 34.6423 2
      vertex -5.66621 34.7928 1.4
      vertex -5.68957 34.9102 1.4
    endloop
  endfacet
  facet normal 0.668241 0.132455 0.732059
    outer loop
      vertex -5.66621 34.7928 1.4
      vertex -6.29368 34.6423 2
      vertex -6.29035 34.6255 2
    endloop
  endfacet
  facet normal 0.566334 0.378618 0.732062
    outer loop
      vertex -5.43183 34.2269 1.4
      vertex -5.98191 33.8896 2
      vertex -5.36531 34.1274 1.4
    endloop
  endfacet
  facet normal 0.566036 0.379085 0.732051
    outer loop
      vertex -5.98191 33.8896 2
      vertex -5.43183 34.2269 1.4
      vertex -5.99142 33.9038 2
    endloop
  endfacet
  facet normal 0.132861 0.668165 0.732054
    outer loop
      vertex -3.88979 33.1104 1.4
      vertex -3.79057 32.4333 2
      vertex -3.70623 33.0739 1.4
    endloop
  endfacet
  facet normal 0.132861 0.668165 0.732054
    outer loop
      vertex -3.79057 32.4333 2
      vertex -3.88979 33.1104 1.4
      vertex -4.15769 32.5063 2
    endloop
  endfacet
  facet normal 0.301478 -0.610862 0.732092
    outer loop
      vertex -4.88081 37.999 2
      vertex -4.57308 37.4318 1.4
      vertex -4.46569 37.4848 1.4
    endloop
  endfacet
  facet normal 0.302405 -0.61038 0.732111
    outer loop
      vertex -4.57308 37.4318 1.4
      vertex -4.88081 37.999 2
      vertex -4.89615 37.9914 2
    endloop
  endfacet
  facet normal 0.449661 -0.511739 0.732071
    outer loop
      vertex -5.23446 37.7627 2
      vertex -4.82825 37.2613 1.4
      vertex -5.2216 37.774 2
    endloop
  endfacet
  facet normal 0.449007 -0.512289 0.732088
    outer loop
      vertex -4.82825 37.2613 1.4
      vertex -5.23446 37.7627 2
      vertex -4.91827 37.1824 1.4
    endloop
  endfacet
  facet normal 0.378406 -0.566462 0.732072
    outer loop
      vertex -5.2216 37.774 2
      vertex -4.67264 37.3653 1.4
      vertex -4.91038 37.9819 2
    endloop
  endfacet
  facet normal 0.378516 -0.566354 0.732099
    outer loop
      vertex -4.67264 37.3653 1.4
      vertex -5.2216 37.774 2
      vertex -4.82825 37.2613 1.4
    endloop
  endfacet
  facet normal -0.37824 -0.566564 0.732079
    outer loop
      vertex -2.22692 37.4318 1.4
      vertex -1.88962 37.9819 2
      vertex -1.90385 37.9914 2
    endloop
  endfacet
  facet normal -0.378373 -0.566479 0.732076
    outer loop
      vertex -1.88962 37.9819 2
      vertex -2.22692 37.4318 1.4
      vertex -2.12736 37.3653 1.4
    endloop
  endfacet
  facet normal -0.378373 0.566479 0.732076
    outer loop
      vertex -2.22692 33.3682 1.4
      vertex -1.88962 32.8181 2
      vertex -2.12736 33.4347 1.4
    endloop
  endfacet
  facet normal -0.37824 0.566564 0.732079
    outer loop
      vertex -1.88962 32.8181 2
      vertex -2.22692 33.3682 1.4
      vertex -1.90385 32.8086 2
    endloop
  endfacet
  facet normal -0.302405 0.61038 0.732111
    outer loop
      vertex -2.22692 33.3682 1.4
      vertex -1.91919 32.801 2
      vertex -1.90385 32.8086 2
    endloop
  endfacet
  facet normal -0.301478 0.610862 0.732092
    outer loop
      vertex -1.91919 32.801 2
      vertex -2.22692 33.3682 1.4
      vertex -2.33431 33.3152 1.4
    endloop
  endfacet
  facet normal 0.0444103 0.679805 0.732047
    outer loop
      vertex -3.79057 32.4333 2
      vertex -3.51948 33.0617 1.4
      vertex -3.70623 33.0739 1.4
    endloop
  endfacet
  facet normal 0.0445892 0.679758 0.73208
    outer loop
      vertex -3.51948 33.0617 1.4
      vertex -3.79057 32.4333 2
      vertex -3.41707 32.4088 2
    endloop
  endfacet
  facet normal 0.133116 0.668082 0.732084
    outer loop
      vertex -4.00723 33.1338 1.4
      vertex -4.15769 32.5063 2
      vertex -3.88979 33.1104 1.4
    endloop
  endfacet
  facet normal 0.135271 0.667604 0.732124
    outer loop
      vertex -4.15769 32.5063 2
      vertex -4.00723 33.1338 1.4
      vertex -4.17447 32.5097 2
    endloop
  endfacet
  facet normal 0.21903 0.64503 0.732094
    outer loop
      vertex -4.19066 32.5151 2
      vertex -4.00723 33.1338 1.4
      vertex -4.12061 33.1723 1.4
    endloop
  endfacet
  facet normal 0.215512 0.646138 0.732161
    outer loop
      vertex -4.00723 33.1338 1.4
      vertex -4.19066 32.5151 2
      vertex -4.17447 32.5097 2
    endloop
  endfacet
  facet normal 0.21879 -0.645157 0.732055
    outer loop
      vertex -4.17447 38.2903 2
      vertex -4.18445 37.6061 1.4
      vertex -4.00723 37.6662 1.4
    endloop
  endfacet
  facet normal 0.218964 -0.645132 0.732024
    outer loop
      vertex -4.18445 37.6061 1.4
      vertex -4.17447 38.2903 2
      vertex -4.52891 38.17 2
    endloop
  endfacet
  facet normal 0.133116 -0.668082 0.732084
    outer loop
      vertex -4.15769 38.2937 2
      vertex -4.00723 37.6662 1.4
      vertex -3.88979 37.6896 1.4
    endloop
  endfacet
  facet normal 0.135271 -0.667604 0.732124
    outer loop
      vertex -4.00723 37.6662 1.4
      vertex -4.15769 38.2937 2
      vertex -4.17447 38.2903 2
    endloop
  endfacet
  facet normal -0.679831 -0.0437318 0.732064
    outer loop
      vertex 83.2912 35.4171 2
      vertex 82.6462 35.4 1.4
      vertex 83.2923 35.4 2
    endloop
  endfacet
  facet normal -0.679777 -0.0449392 0.732041
    outer loop
      vertex 82.6462 35.4 1.4
      vertex 83.2912 35.4171 2
      vertex 82.6383 35.5195 1.4
    endloop
  endfacet
  facet normal 0.449187 -0.512161 0.732067
    outer loop
      vertex 78.1841 37.5159 2
      vertex 78.7817 37.1824 1.4
      vertex 78.4655 37.7627 2
    endloop
  endfacet
  facet normal 0.449187 -0.512161 0.732067
    outer loop
      vertex 78.7817 37.1824 1.4
      vertex 78.1841 37.5159 2
      vertex 78.641 37.059 1.4
    endloop
  endfacet
  facet normal -0.566155 -0.378766 0.732124
    outer loop
      vertex 82.1613 36.8282 1.4
      vertex 82.6835 37.2074 2
      vertex 82.674 37.2216 2
    endloop
  endfacet
  facet normal -0.566065 -0.378894 0.732127
    outer loop
      vertex 82.6835 37.2074 2
      vertex 82.1613 36.8282 1.4
      vertex 82.2279 36.7287 1.4
    endloop
  endfacet
  facet normal -0.449187 0.512161 0.732067
    outer loop
      vertex 81.8183 33.6176 1.4
      vertex 82.4159 33.2841 2
      vertex 81.959 33.741 1.4
    endloop
  endfacet
  facet normal -0.449187 0.512161 0.732067
    outer loop
      vertex 82.4159 33.2841 2
      vertex 81.8183 33.6176 1.4
      vertex 82.1345 33.0373 2
    endloop
  endfacet
  facet normal 0.679777 0.0449392 0.732041
    outer loop
      vertex 77.9538 35.4 1.4
      vertex 77.3088 35.3829 2
      vertex 77.9617 35.2805 1.4
    endloop
  endfacet
  facet normal 0.679831 0.0437318 0.732064
    outer loop
      vertex 77.3088 35.3829 2
      vertex 77.9538 35.4 1.4
      vertex 77.3077 35.4 2
    endloop
  endfacet
  facet normal -0.668413 -0.131295 0.732111
    outer loop
      vertex 83.2634 35.8074 2
      vertex 82.6261 35.7062 1.4
      vertex 83.2667 35.7906 2
    endloop
  endfacet
  facet normal -0.668102 -0.133052 0.732077
    outer loop
      vertex 82.6261 35.7062 1.4
      vertex 83.2634 35.8074 2
      vertex 82.6027 35.8237 1.4
    endloop
  endfacet
  facet normal -0.611004 0.301317 0.73204
    outer loop
      vertex 82.3848 34.3343 1.4
      vertex 83.0645 34.2549 2
      vertex 82.4676 34.5022 1.4
    endloop
  endfacet
  facet normal -0.611026 0.301236 0.732055
    outer loop
      vertex 83.0645 34.2549 2
      vertex 82.3848 34.3343 1.4
      vertex 82.899 33.9192 2
    endloop
  endfacet
  facet normal 0.21882 0.645174 0.732031
    outer loop
      vertex 79.1549 32.6355 2
      vertex 79.5794 33.1723 1.4
      vertex 79.4022 33.2324 1.4
    endloop
  endfacet
  facet normal 0.219125 0.645001 0.732092
    outer loop
      vertex 79.5794 33.1723 1.4
      vertex 79.1549 32.6355 2
      vertex 79.5093 32.5151 2
    endloop
  endfacet
  facet normal 0.679801 0.0444219 0.73205
    outer loop
      vertex 77.9617 35.2805 1.4
      vertex 77.3333 35.0094 2
      vertex 77.9739 35.0938 1.4
    endloop
  endfacet
  facet normal 0.679758 0.0445892 0.73208
    outer loop
      vertex 77.3333 35.0094 2
      vertex 77.9617 35.2805 1.4
      vertex 77.3088 35.3829 2
    endloop
  endfacet
  facet normal -0.512388 -0.448836 0.732123
    outer loop
      vertex 82.6627 37.2345 2
      vertex 82.1613 36.8282 1.4
      vertex 82.674 37.2216 2
    endloop
  endfacet
  facet normal -0.512457 -0.448755 0.732125
    outer loop
      vertex 82.1613 36.8282 1.4
      vertex 82.6627 37.2345 2
      vertex 82.0824 36.9183 1.4
    endloop
  endfacet
  facet normal -0.679758 -0.0445892 0.73208
    outer loop
      vertex 83.2667 35.7906 2
      vertex 82.6383 35.5195 1.4
      vertex 83.2912 35.4171 2
    endloop
  endfacet
  facet normal -0.679801 -0.0444219 0.73205
    outer loop
      vertex 82.6383 35.5195 1.4
      vertex 83.2667 35.7906 2
      vertex 82.6261 35.7062 1.4
    endloop
  endfacet
  facet normal -0.566207 0.3788 0.732066
    outer loop
      vertex 82.3318 34.2269 1.4
      vertex 82.8819 33.8896 2
      vertex 82.8914 33.9038 2
    endloop
  endfacet
  facet normal -0.566377 0.378533 0.732072
    outer loop
      vertex 82.8819 33.8896 2
      vertex 82.3318 34.2269 1.4
      vertex 82.2653 34.1274 1.4
    endloop
  endfacet
  facet normal -0.21882 0.645174 0.732031
    outer loop
      vertex 81.0206 33.1723 1.4
      vertex 81.4451 32.6355 2
      vertex 81.1978 33.2324 1.4
    endloop
  endfacet
  facet normal -0.219125 0.645001 0.732092
    outer loop
      vertex 81.4451 32.6355 2
      vertex 81.0206 33.1723 1.4
      vertex 81.0907 32.5151 2
    endloop
  endfacet
  facet normal -0.668413 0.131295 0.732111
    outer loop
      vertex 82.6261 35.0938 1.4
      vertex 83.2634 34.9926 2
      vertex 83.2667 35.0094 2
    endloop
  endfacet
  facet normal -0.668102 0.133052 0.732077
    outer loop
      vertex 83.2634 34.9926 2
      vertex 82.6261 35.0938 1.4
      vertex 82.6027 34.9763 1.4
    endloop
  endfacet
  facet normal -0.645173 0.218697 0.732068
    outer loop
      vertex 82.5061 34.6155 1.4
      vertex 83.1903 34.6255 2
      vertex 82.5662 34.7928 1.4
    endloop
  endfacet
  facet normal -0.645133 0.218988 0.732016
    outer loop
      vertex 83.1903 34.6255 2
      vertex 82.5061 34.6155 1.4
      vertex 83.07 34.2711 2
    endloop
  endfacet
  facet normal 0.610967 0.301299 0.732078
    outer loop
      vertex 78.1854 34.3948 1.4
      vertex 77.7086 33.9038 2
      vertex 78.2682 34.2269 1.4
    endloop
  endfacet
  facet normal 0.610967 0.301299 0.732078
    outer loop
      vertex 77.7086 33.9038 2
      vertex 78.1854 34.3948 1.4
      vertex 77.543 34.2396 2
    endloop
  endfacet
  facet normal 0.679777 -0.0449392 0.732041
    outer loop
      vertex 77.3088 35.4171 2
      vertex 77.9538 35.4 1.4
      vertex 77.9617 35.5195 1.4
    endloop
  endfacet
  facet normal 0.679831 -0.0437318 0.732064
    outer loop
      vertex 77.9538 35.4 1.4
      vertex 77.3088 35.4171 2
      vertex 77.3077 35.4 2
    endloop
  endfacet
  facet normal 0.512161 -0.449187 0.732067
    outer loop
      vertex 78.1841 37.5159 2
      vertex 78.5176 36.9183 1.4
      vertex 78.641 37.059 1.4
    endloop
  endfacet
  facet normal 0.512161 -0.449187 0.732067
    outer loop
      vertex 78.5176 36.9183 1.4
      vertex 78.1841 37.5159 2
      vertex 77.9373 37.2345 2
    endloop
  endfacet
  facet normal 0.610967 -0.301299 0.732078
    outer loop
      vertex 77.7086 36.8962 2
      vertex 78.1854 36.4052 1.4
      vertex 78.2682 36.5731 1.4
    endloop
  endfacet
  facet normal 0.610967 -0.301299 0.732078
    outer loop
      vertex 78.1854 36.4052 1.4
      vertex 77.7086 36.8962 2
      vertex 77.543 36.5604 2
    endloop
  endfacet
  facet normal 0.133158 -0.668068 0.732089
    outer loop
      vertex 79.5423 38.2937 2
      vertex 79.6928 37.6662 1.4
      vertex 79.8102 37.6896 1.4
    endloop
  endfacet
  facet normal 0.135116 -0.667634 0.732126
    outer loop
      vertex 79.6928 37.6662 1.4
      vertex 79.5423 38.2937 2
      vertex 79.5255 38.2903 2
    endloop
  endfacet
  facet normal 0.6451 -0.219015 0.732037
    outer loop
      vertex 77.53 36.5289 2
      vertex 78.1324 36.2978 1.4
      vertex 77.5355 36.5451 2
    endloop
  endfacet
  facet normal 0.6451 -0.219015 0.732037
    outer loop
      vertex 78.1324 36.2978 1.4
      vertex 77.53 36.5289 2
      vertex 78.0939 36.1844 1.4
    endloop
  endfacet
  facet normal -0.135116 -0.667634 0.732126
    outer loop
      vertex 81.0577 38.2937 2
      vertex 80.9072 37.6662 1.4
      vertex 81.0745 38.2903 2
    endloop
  endfacet
  facet normal -0.133158 -0.668068 0.732089
    outer loop
      vertex 80.9072 37.6662 1.4
      vertex 81.0577 38.2937 2
      vertex 80.7898 37.6896 1.4
    endloop
  endfacet
  facet normal -0.299838 -0.611669 0.732092
    outer loop
      vertex 81.1978 37.5676 1.4
      vertex 81.4604 38.157 2
      vertex 81.4451 38.1645 2
    endloop
  endfacet
  facet normal -0.301471 -0.610906 0.732058
    outer loop
      vertex 81.4604 38.157 2
      vertex 81.1978 37.5676 1.4
      vertex 81.3052 37.5146 1.4
    endloop
  endfacet
  facet normal -0.566463 -0.378431 0.732059
    outer loop
      vertex 82.2279 36.7287 1.4
      vertex 82.8914 36.8962 2
      vertex 82.6835 37.2074 2
    endloop
  endfacet
  facet normal -0.566523 -0.378289 0.732086
    outer loop
      vertex 82.8914 36.8962 2
      vertex 82.2279 36.7287 1.4
      vertex 82.3318 36.5731 1.4
    endloop
  endfacet
  facet normal -0.512161 0.449187 0.732067
    outer loop
      vertex 82.0824 33.8817 1.4
      vertex 82.4159 33.2841 2
      vertex 82.6627 33.5655 2
    endloop
  endfacet
  facet normal -0.512161 0.449187 0.732067
    outer loop
      vertex 82.4159 33.2841 2
      vertex 82.0824 33.8817 1.4
      vertex 81.959 33.741 1.4
    endloop
  endfacet
  facet normal -0.448755 0.512457 0.732125
    outer loop
      vertex 81.7282 33.5387 1.4
      vertex 82.1345 33.0373 2
      vertex 81.8183 33.6176 1.4
    endloop
  endfacet
  facet normal -0.448836 0.512388 0.732123
    outer loop
      vertex 82.1345 33.0373 2
      vertex 81.7282 33.5387 1.4
      vertex 82.1216 33.026 2
    endloop
  endfacet
  facet normal -0.0449392 0.679777 0.732041
    outer loop
      vertex 80.3 33.0538 1.4
      vertex 80.3171 32.4088 2
      vertex 80.4195 33.0617 1.4
    endloop
  endfacet
  facet normal -0.0437318 0.679831 0.732064
    outer loop
      vertex 80.3171 32.4088 2
      vertex 80.3 33.0538 1.4
      vertex 80.3 32.4077 2
    endloop
  endfacet
  facet normal -0.645037 0.219187 0.732041
    outer loop
      vertex 82.4676 34.5022 1.4
      vertex 83.07 34.2711 2
      vertex 82.5061 34.6155 1.4
    endloop
  endfacet
  facet normal -0.6451 0.219015 0.732037
    outer loop
      vertex 83.07 34.2711 2
      vertex 82.4676 34.5022 1.4
      vertex 83.0645 34.2549 2
    endloop
  endfacet
  facet normal -0.679831 0.0437318 0.732064
    outer loop
      vertex 82.6462 35.4 1.4
      vertex 83.2912 35.3829 2
      vertex 83.2923 35.4 2
    endloop
  endfacet
  facet normal -0.679777 0.0449392 0.732041
    outer loop
      vertex 83.2912 35.3829 2
      vertex 82.6462 35.4 1.4
      vertex 82.6383 35.2805 1.4
    endloop
  endfacet
  facet normal -0.679758 0.0445892 0.73208
    outer loop
      vertex 82.6383 35.2805 1.4
      vertex 83.2667 35.0094 2
      vertex 83.2912 35.3829 2
    endloop
  endfacet
  facet normal -0.679801 0.0444219 0.73205
    outer loop
      vertex 83.2667 35.0094 2
      vertex 82.6383 35.2805 1.4
      vertex 82.6261 35.0938 1.4
    endloop
  endfacet
  facet normal -0.668103 0.133038 0.732079
    outer loop
      vertex 82.6027 34.9763 1.4
      vertex 83.1903 34.6255 2
      vertex 83.2634 34.9926 2
    endloop
  endfacet
  facet normal -0.668158 0.132903 0.732053
    outer loop
      vertex 83.1903 34.6255 2
      vertex 82.6027 34.9763 1.4
      vertex 82.5662 34.7928 1.4
    endloop
  endfacet
  facet normal 0.668163 0.132832 0.732061
    outer loop
      vertex 77.3333 35.0094 2
      vertex 78.0104 34.9102 1.4
      vertex 77.9739 35.0938 1.4
    endloop
  endfacet
  facet normal 0.668163 0.132868 0.732055
    outer loop
      vertex 78.0104 34.9102 1.4
      vertex 77.3333 35.0094 2
      vertex 77.4063 34.6423 2
    endloop
  endfacet
  facet normal 0.512161 0.449187 0.732067
    outer loop
      vertex 78.5176 33.8817 1.4
      vertex 78.1841 33.2841 2
      vertex 78.641 33.741 1.4
    endloop
  endfacet
  facet normal 0.512161 0.449187 0.732067
    outer loop
      vertex 78.1841 33.2841 2
      vertex 78.5176 33.8817 1.4
      vertex 77.9373 33.5655 2
    endloop
  endfacet
  facet normal 0.301317 0.611004 0.73204
    outer loop
      vertex 79.2343 33.3152 1.4
      vertex 79.1549 32.6355 2
      vertex 79.4022 33.2324 1.4
    endloop
  endfacet
  facet normal 0.301236 0.611026 0.732055
    outer loop
      vertex 79.1549 32.6355 2
      vertex 79.2343 33.3152 1.4
      vertex 78.8192 32.801 2
    endloop
  endfacet
  facet normal 0.378377 0.566474 0.732078
    outer loop
      vertex 78.4784 33.026 2
      vertex 79.0274 33.4347 1.4
      vertex 78.8717 33.5387 1.4
    endloop
  endfacet
  facet normal 0.378414 0.566438 0.732087
    outer loop
      vertex 79.0274 33.4347 1.4
      vertex 78.4784 33.026 2
      vertex 78.7896 32.8181 2
    endloop
  endfacet
  facet normal 0.448861 -0.512416 0.732088
    outer loop
      vertex 78.4655 37.7627 2
      vertex 78.8717 37.2613 1.4
      vertex 78.4784 37.774 2
    endloop
  endfacet
  facet normal 0.449067 -0.512244 0.732083
    outer loop
      vertex 78.8717 37.2613 1.4
      vertex 78.4655 37.7627 2
      vertex 78.7817 37.1824 1.4
    endloop
  endfacet
  facet normal 0.0437318 -0.679831 0.732064
    outer loop
      vertex 80.2829 38.3912 2
      vertex 80.3 37.7462 1.4
      vertex 80.3 38.3923 2
    endloop
  endfacet
  facet normal 0.0449392 -0.679777 0.732041
    outer loop
      vertex 80.3 37.7462 1.4
      vertex 80.2829 38.3912 2
      vertex 80.1805 37.7383 1.4
    endloop
  endfacet
  facet normal 0.566463 -0.378431 0.732059
    outer loop
      vertex 77.7086 36.8962 2
      vertex 78.3721 36.7287 1.4
      vertex 77.9165 37.2074 2
    endloop
  endfacet
  facet normal 0.566523 -0.378289 0.732086
    outer loop
      vertex 78.3721 36.7287 1.4
      vertex 77.7086 36.8962 2
      vertex 78.2682 36.5731 1.4
    endloop
  endfacet
  facet normal 0.679801 -0.0444219 0.73205
    outer loop
      vertex 77.3333 35.7906 2
      vertex 77.9617 35.5195 1.4
      vertex 77.9739 35.7062 1.4
    endloop
  endfacet
  facet normal 0.679758 -0.0445892 0.73208
    outer loop
      vertex 77.9617 35.5195 1.4
      vertex 77.3333 35.7906 2
      vertex 77.3088 35.4171 2
    endloop
  endfacet
  facet normal -0.0437318 -0.679831 0.732064
    outer loop
      vertex 80.3 37.7462 1.4
      vertex 80.3171 38.3912 2
      vertex 80.3 38.3923 2
    endloop
  endfacet
  facet normal -0.0449392 -0.679777 0.732041
    outer loop
      vertex 80.3171 38.3912 2
      vertex 80.3 37.7462 1.4
      vertex 80.4195 37.7383 1.4
    endloop
  endfacet
  facet normal -0.3788 -0.566207 0.732066
    outer loop
      vertex 81.4731 37.4318 1.4
      vertex 81.8104 37.9819 2
      vertex 81.7962 37.9914 2
    endloop
  endfacet
  facet normal -0.378533 -0.566377 0.732072
    outer loop
      vertex 81.8104 37.9819 2
      vertex 81.4731 37.4318 1.4
      vertex 81.5726 37.3653 1.4
    endloop
  endfacet
  facet normal -0.301299 -0.610967 0.732078
    outer loop
      vertex 81.3052 37.5146 1.4
      vertex 81.7962 37.9914 2
      vertex 81.4604 38.157 2
    endloop
  endfacet
  facet normal -0.301299 -0.610967 0.732078
    outer loop
      vertex 81.7962 37.9914 2
      vertex 81.3052 37.5146 1.4
      vertex 81.4731 37.4318 1.4
    endloop
  endfacet
  facet normal -0.512161 -0.449187 0.732067
    outer loop
      vertex 82.4159 37.5159 2
      vertex 82.0824 36.9183 1.4
      vertex 82.6627 37.2345 2
    endloop
  endfacet
  facet normal -0.512161 -0.449187 0.732067
    outer loop
      vertex 82.0824 36.9183 1.4
      vertex 82.4159 37.5159 2
      vertex 81.959 37.059 1.4
    endloop
  endfacet
  facet normal -0.218982 -0.645115 0.732033
    outer loop
      vertex 81.0745 38.2903 2
      vertex 81.0844 37.6061 1.4
      vertex 81.4289 38.17 2
    endloop
  endfacet
  facet normal -0.218809 -0.64514 0.732064
    outer loop
      vertex 81.0844 37.6061 1.4
      vertex 81.0745 38.2903 2
      vertex 80.9072 37.6662 1.4
    endloop
  endfacet
  facet normal -0.610967 -0.301299 0.732078
    outer loop
      vertex 82.8914 36.8962 2
      vertex 82.4146 36.4052 1.4
      vertex 83.057 36.5604 2
    endloop
  endfacet
  facet normal -0.610967 -0.301299 0.732078
    outer loop
      vertex 82.4146 36.4052 1.4
      vertex 82.8914 36.8962 2
      vertex 82.3318 36.5731 1.4
    endloop
  endfacet
  facet normal -0.611669 -0.299838 0.732092
    outer loop
      vertex 83.057 36.5604 2
      vertex 82.4676 36.2978 1.4
      vertex 83.0645 36.5451 2
    endloop
  endfacet
  facet normal -0.610906 -0.301471 0.732058
    outer loop
      vertex 82.4676 36.2978 1.4
      vertex 83.057 36.5604 2
      vertex 82.4146 36.4052 1.4
    endloop
  endfacet
  facet normal -0.6451 -0.219015 0.732037
    outer loop
      vertex 82.4676 36.2978 1.4
      vertex 83.07 36.5289 2
      vertex 83.0645 36.5451 2
    endloop
  endfacet
  facet normal -0.6451 -0.219015 0.732037
    outer loop
      vertex 83.07 36.5289 2
      vertex 82.4676 36.2978 1.4
      vertex 82.5061 36.1844 1.4
    endloop
  endfacet
  facet normal -0.566438 0.378414 0.732087
    outer loop
      vertex 82.2653 34.1274 1.4
      vertex 82.674 33.5784 2
      vertex 82.8819 33.8896 2
    endloop
  endfacet
  facet normal -0.56633 0.378524 0.732114
    outer loop
      vertex 82.674 33.5784 2
      vertex 82.2653 34.1274 1.4
      vertex 82.1613 33.9718 1.4
    endloop
  endfacet
  facet normal -0.512388 0.448836 0.732123
    outer loop
      vertex 82.1613 33.9718 1.4
      vertex 82.6627 33.5655 2
      vertex 82.674 33.5784 2
    endloop
  endfacet
  facet normal -0.512457 0.448755 0.732125
    outer loop
      vertex 82.6627 33.5655 2
      vertex 82.1613 33.9718 1.4
      vertex 82.0824 33.8817 1.4
    endloop
  endfacet
  facet normal -0.378524 0.56633 0.732114
    outer loop
      vertex 81.5726 33.4347 1.4
      vertex 82.1216 33.026 2
      vertex 81.7282 33.5387 1.4
    endloop
  endfacet
  facet normal -0.378414 0.566438 0.732087
    outer loop
      vertex 82.1216 33.026 2
      vertex 81.5726 33.4347 1.4
      vertex 81.8104 32.8181 2
    endloop
  endfacet
  facet normal -0.132868 0.668163 0.732055
    outer loop
      vertex 80.7898 33.1104 1.4
      vertex 80.6906 32.4333 2
      vertex 81.0577 32.5063 2
    endloop
  endfacet
  facet normal -0.132832 0.668163 0.732061
    outer loop
      vertex 80.6906 32.4333 2
      vertex 80.7898 33.1104 1.4
      vertex 80.6062 33.0739 1.4
    endloop
  endfacet
  facet normal -0.0444219 0.679801 0.73205
    outer loop
      vertex 80.4195 33.0617 1.4
      vertex 80.6906 32.4333 2
      vertex 80.6062 33.0739 1.4
    endloop
  endfacet
  facet normal -0.0445892 0.679758 0.73208
    outer loop
      vertex 80.6906 32.4333 2
      vertex 80.4195 33.0617 1.4
      vertex 80.3171 32.4088 2
    endloop
  endfacet
  facet normal 0.645173 0.218697 0.732068
    outer loop
      vertex 77.4097 34.6255 2
      vertex 78.0939 34.6155 1.4
      vertex 78.0338 34.7928 1.4
    endloop
  endfacet
  facet normal 0.645133 0.218988 0.732016
    outer loop
      vertex 78.0939 34.6155 1.4
      vertex 77.4097 34.6255 2
      vertex 77.53 34.2711 2
    endloop
  endfacet
  facet normal 0.668068 0.133158 0.732089
    outer loop
      vertex 77.4063 34.6423 2
      vertex 78.0338 34.7928 1.4
      vertex 78.0104 34.9102 1.4
    endloop
  endfacet
  facet normal 0.667634 0.135116 0.732126
    outer loop
      vertex 78.0338 34.7928 1.4
      vertex 77.4063 34.6423 2
      vertex 77.4097 34.6255 2
    endloop
  endfacet
  facet normal 0.566523 0.378289 0.732086
    outer loop
      vertex 77.7086 33.9038 2
      vertex 78.3721 34.0713 1.4
      vertex 78.2682 34.2269 1.4
    endloop
  endfacet
  facet normal 0.566463 0.378431 0.732059
    outer loop
      vertex 78.3721 34.0713 1.4
      vertex 77.7086 33.9038 2
      vertex 77.9165 33.5926 2
    endloop
  endfacet
  facet normal 0.512457 0.448755 0.732125
    outer loop
      vertex 78.4387 33.9718 1.4
      vertex 77.9373 33.5655 2
      vertex 78.5176 33.8817 1.4
    endloop
  endfacet
  facet normal 0.512388 0.448836 0.732123
    outer loop
      vertex 77.9373 33.5655 2
      vertex 78.4387 33.9718 1.4
      vertex 77.926 33.5784 2
    endloop
  endfacet
  facet normal 0.566065 0.378894 0.732127
    outer loop
      vertex 77.9165 33.5926 2
      vertex 78.4387 33.9718 1.4
      vertex 78.3721 34.0713 1.4
    endloop
  endfacet
  facet normal 0.566155 0.378766 0.732124
    outer loop
      vertex 78.4387 33.9718 1.4
      vertex 77.9165 33.5926 2
      vertex 77.926 33.5784 2
    endloop
  endfacet
  facet normal 0.0437318 0.679831 0.732064
    outer loop
      vertex 80.3 33.0538 1.4
      vertex 80.2829 32.4088 2
      vertex 80.3 32.4077 2
    endloop
  endfacet
  facet normal 0.0449392 0.679777 0.732041
    outer loop
      vertex 80.2829 32.4088 2
      vertex 80.3 33.0538 1.4
      vertex 80.1805 33.0617 1.4
    endloop
  endfacet
  facet normal 0.301459 0.610881 0.732084
    outer loop
      vertex 79.1269 33.3682 1.4
      vertex 78.8192 32.801 2
      vertex 79.2343 33.3152 1.4
    endloop
  endfacet
  facet normal 0.301471 0.610875 0.732084
    outer loop
      vertex 78.8192 32.801 2
      vertex 79.1269 33.3682 1.4
      vertex 78.8038 32.8086 2
    endloop
  endfacet
  facet normal 0.378533 0.566377 0.732072
    outer loop
      vertex 78.7896 32.8181 2
      vertex 79.1269 33.3682 1.4
      vertex 79.0274 33.4347 1.4
    endloop
  endfacet
  facet normal 0.3788 0.566207 0.732066
    outer loop
      vertex 79.1269 33.3682 1.4
      vertex 78.7896 32.8181 2
      vertex 78.8038 32.8086 2
    endloop
  endfacet
  facet normal 0.449187 0.512161 0.732067
    outer loop
      vertex 78.1841 33.2841 2
      vertex 78.7817 33.6176 1.4
      vertex 78.641 33.741 1.4
    endloop
  endfacet
  facet normal 0.449187 0.512161 0.732067
    outer loop
      vertex 78.7817 33.6176 1.4
      vertex 78.1841 33.2841 2
      vertex 78.4655 33.0373 2
    endloop
  endfacet
  facet normal 0.449067 0.512244 0.732083
    outer loop
      vertex 78.4655 33.0373 2
      vertex 78.8717 33.5387 1.4
      vertex 78.7817 33.6176 1.4
    endloop
  endfacet
  facet normal 0.448861 0.512416 0.732088
    outer loop
      vertex 78.8717 33.5387 1.4
      vertex 78.4655 33.0373 2
      vertex 78.4784 33.026 2
    endloop
  endfacet
  facet normal 0.378414 -0.566438 0.732087
    outer loop
      vertex 78.4784 37.774 2
      vertex 79.0274 37.3653 1.4
      vertex 78.7896 37.9819 2
    endloop
  endfacet
  facet normal 0.378377 -0.566474 0.732078
    outer loop
      vertex 79.0274 37.3653 1.4
      vertex 78.4784 37.774 2
      vertex 78.8717 37.2613 1.4
    endloop
  endfacet
  facet normal 0.132832 -0.668163 0.732061
    outer loop
      vertex 79.9094 38.3667 2
      vertex 79.8102 37.6896 1.4
      vertex 79.9938 37.7261 1.4
    endloop
  endfacet
  facet normal 0.132868 -0.668163 0.732055
    outer loop
      vertex 79.8102 37.6896 1.4
      vertex 79.9094 38.3667 2
      vertex 79.5423 38.2937 2
    endloop
  endfacet
  facet normal 0.0445892 -0.679758 0.73208
    outer loop
      vertex 79.9094 38.3667 2
      vertex 80.1805 37.7383 1.4
      vertex 80.2829 38.3912 2
    endloop
  endfacet
  facet normal 0.0444219 -0.679801 0.73205
    outer loop
      vertex 80.1805 37.7383 1.4
      vertex 79.9094 38.3667 2
      vertex 79.9938 37.7261 1.4
    endloop
  endfacet
  facet normal 0.610906 -0.301471 0.732058
    outer loop
      vertex 77.543 36.5604 2
      vertex 78.1324 36.2978 1.4
      vertex 78.1854 36.4052 1.4
    endloop
  endfacet
  facet normal 0.611669 -0.299838 0.732092
    outer loop
      vertex 78.1324 36.2978 1.4
      vertex 77.543 36.5604 2
      vertex 77.5355 36.5451 2
    endloop
  endfacet
  facet normal 0.668163 -0.132868 0.732055
    outer loop
      vertex 77.3333 35.7906 2
      vertex 78.0104 35.8898 1.4
      vertex 77.4063 36.1577 2
    endloop
  endfacet
  facet normal 0.668163 -0.132832 0.732061
    outer loop
      vertex 78.0104 35.8898 1.4
      vertex 77.3333 35.7906 2
      vertex 77.9739 35.7062 1.4
    endloop
  endfacet
  facet normal -0.449187 -0.512161 0.732067
    outer loop
      vertex 81.8183 37.1824 1.4
      vertex 82.4159 37.5159 2
      vertex 82.1345 37.7627 2
    endloop
  endfacet
  facet normal -0.449187 -0.512161 0.732067
    outer loop
      vertex 82.4159 37.5159 2
      vertex 81.8183 37.1824 1.4
      vertex 81.959 37.059 1.4
    endloop
  endfacet
  facet normal -0.378414 -0.566438 0.732087
    outer loop
      vertex 81.5726 37.3653 1.4
      vertex 82.1216 37.774 2
      vertex 81.8104 37.9819 2
    endloop
  endfacet
  facet normal -0.378524 -0.56633 0.732114
    outer loop
      vertex 82.1216 37.774 2
      vertex 81.5726 37.3653 1.4
      vertex 81.7282 37.2613 1.4
    endloop
  endfacet
  facet normal -0.219015 -0.6451 0.732037
    outer loop
      vertex 81.4289 38.17 2
      vertex 81.1978 37.5676 1.4
      vertex 81.4451 38.1645 2
    endloop
  endfacet
  facet normal -0.219015 -0.6451 0.732037
    outer loop
      vertex 81.1978 37.5676 1.4
      vertex 81.4289 38.17 2
      vertex 81.0844 37.6061 1.4
    endloop
  endfacet
  facet normal -0.0444219 -0.679801 0.73205
    outer loop
      vertex 80.6906 38.3667 2
      vertex 80.4195 37.7383 1.4
      vertex 80.6062 37.7261 1.4
    endloop
  endfacet
  facet normal -0.0445892 -0.679758 0.73208
    outer loop
      vertex 80.4195 37.7383 1.4
      vertex 80.6906 38.3667 2
      vertex 80.3171 38.3912 2
    endloop
  endfacet
  facet normal -0.132868 -0.668163 0.732055
    outer loop
      vertex 80.6906 38.3667 2
      vertex 80.7898 37.6896 1.4
      vertex 81.0577 38.2937 2
    endloop
  endfacet
  facet normal -0.132832 -0.668163 0.732061
    outer loop
      vertex 80.7898 37.6896 1.4
      vertex 80.6906 38.3667 2
      vertex 80.6062 37.7261 1.4
    endloop
  endfacet
  facet normal -0.645115 -0.218982 0.732033
    outer loop
      vertex 82.5061 36.1844 1.4
      vertex 83.1903 36.1745 2
      vertex 83.07 36.5289 2
    endloop
  endfacet
  facet normal -0.64514 -0.218809 0.732064
    outer loop
      vertex 83.1903 36.1745 2
      vertex 82.5061 36.1844 1.4
      vertex 82.5662 36.0072 1.4
    endloop
  endfacet
  facet normal -0.668103 -0.133038 0.732079
    outer loop
      vertex 83.1903 36.1745 2
      vertex 82.6027 35.8237 1.4
      vertex 83.2634 35.8074 2
    endloop
  endfacet
  facet normal -0.668158 -0.132903 0.732053
    outer loop
      vertex 82.6027 35.8237 1.4
      vertex 83.1903 36.1745 2
      vertex 82.5662 36.0072 1.4
    endloop
  endfacet
  facet normal -0.610881 0.301459 0.732084
    outer loop
      vertex 82.3318 34.2269 1.4
      vertex 82.899 33.9192 2
      vertex 82.3848 34.3343 1.4
    endloop
  endfacet
  facet normal -0.610875 0.301471 0.732084
    outer loop
      vertex 82.899 33.9192 2
      vertex 82.3318 34.2269 1.4
      vertex 82.8914 33.9038 2
    endloop
  endfacet
  facet normal -0.378533 0.566377 0.732072
    outer loop
      vertex 81.4731 33.3682 1.4
      vertex 81.8104 32.8181 2
      vertex 81.5726 33.4347 1.4
    endloop
  endfacet
  facet normal -0.3788 0.566207 0.732066
    outer loop
      vertex 81.8104 32.8181 2
      vertex 81.4731 33.3682 1.4
      vertex 81.7962 32.8086 2
    endloop
  endfacet
  facet normal -0.301471 0.610875 0.732084
    outer loop
      vertex 81.4731 33.3682 1.4
      vertex 81.7808 32.801 2
      vertex 81.7962 32.8086 2
    endloop
  endfacet
  facet normal -0.301459 0.610881 0.732084
    outer loop
      vertex 81.7808 32.801 2
      vertex 81.4731 33.3682 1.4
      vertex 81.3657 33.3152 1.4
    endloop
  endfacet
  facet normal -0.301236 0.611026 0.732055
    outer loop
      vertex 81.3657 33.3152 1.4
      vertex 81.4451 32.6355 2
      vertex 81.7808 32.801 2
    endloop
  endfacet
  facet normal -0.301317 0.611004 0.73204
    outer loop
      vertex 81.4451 32.6355 2
      vertex 81.3657 33.3152 1.4
      vertex 81.1978 33.2324 1.4
    endloop
  endfacet
  facet normal -0.135116 0.667634 0.732126
    outer loop
      vertex 80.9072 33.1338 1.4
      vertex 81.0577 32.5063 2
      vertex 81.0745 32.5097 2
    endloop
  endfacet
  facet normal -0.133158 0.668068 0.732089
    outer loop
      vertex 81.0577 32.5063 2
      vertex 80.9072 33.1338 1.4
      vertex 80.7898 33.1104 1.4
    endloop
  endfacet
  facet normal 0.645037 0.219187 0.732041
    outer loop
      vertex 77.53 34.2711 2
      vertex 78.1324 34.5022 1.4
      vertex 78.0939 34.6155 1.4
    endloop
  endfacet
  facet normal 0.6451 0.219015 0.732037
    outer loop
      vertex 78.1324 34.5022 1.4
      vertex 77.53 34.2711 2
      vertex 77.5355 34.2549 2
    endloop
  endfacet
  facet normal 0.132832 0.668163 0.732061
    outer loop
      vertex 79.8102 33.1104 1.4
      vertex 79.9094 32.4333 2
      vertex 79.9938 33.0739 1.4
    endloop
  endfacet
  facet normal 0.132868 0.668163 0.732055
    outer loop
      vertex 79.9094 32.4333 2
      vertex 79.8102 33.1104 1.4
      vertex 79.5423 32.5063 2
    endloop
  endfacet
  facet normal 0.3788 -0.566207 0.732066
    outer loop
      vertex 78.7896 37.9819 2
      vertex 79.1269 37.4318 1.4
      vertex 78.8038 37.9914 2
    endloop
  endfacet
  facet normal 0.378533 -0.566377 0.732072
    outer loop
      vertex 79.1269 37.4318 1.4
      vertex 78.7896 37.9819 2
      vertex 79.0274 37.3653 1.4
    endloop
  endfacet
  facet normal 0.301459 -0.610881 0.732084
    outer loop
      vertex 78.8192 37.999 2
      vertex 79.1269 37.4318 1.4
      vertex 79.2343 37.4848 1.4
    endloop
  endfacet
  facet normal 0.301471 -0.610875 0.732084
    outer loop
      vertex 79.1269 37.4318 1.4
      vertex 78.8192 37.999 2
      vertex 78.8038 37.9914 2
    endloop
  endfacet
  facet normal 0.301317 -0.611004 0.73204
    outer loop
      vertex 79.1549 38.1645 2
      vertex 79.2343 37.4848 1.4
      vertex 79.4022 37.5676 1.4
    endloop
  endfacet
  facet normal 0.301236 -0.611026 0.732055
    outer loop
      vertex 79.2343 37.4848 1.4
      vertex 79.1549 38.1645 2
      vertex 78.8192 37.999 2
    endloop
  endfacet
  facet normal 0.218697 -0.645173 0.732068
    outer loop
      vertex 79.5255 38.2903 2
      vertex 79.5155 37.6061 1.4
      vertex 79.6928 37.6662 1.4
    endloop
  endfacet
  facet normal 0.218988 -0.645133 0.732016
    outer loop
      vertex 79.5155 37.6061 1.4
      vertex 79.5255 38.2903 2
      vertex 79.1711 38.17 2
    endloop
  endfacet
  facet normal 0.566155 -0.378766 0.732124
    outer loop
      vertex 77.9165 37.2074 2
      vertex 78.4387 36.8282 1.4
      vertex 77.926 37.2216 2
    endloop
  endfacet
  facet normal 0.566065 -0.378894 0.732127
    outer loop
      vertex 78.4387 36.8282 1.4
      vertex 77.9165 37.2074 2
      vertex 78.3721 36.7287 1.4
    endloop
  endfacet
  facet normal 0.512457 -0.448755 0.732125
    outer loop
      vertex 77.9373 37.2345 2
      vertex 78.4387 36.8282 1.4
      vertex 78.5176 36.9183 1.4
    endloop
  endfacet
  facet normal 0.512388 -0.448836 0.732123
    outer loop
      vertex 78.4387 36.8282 1.4
      vertex 77.9373 37.2345 2
      vertex 77.926 37.2216 2
    endloop
  endfacet
  facet normal 0.667634 -0.135116 0.732126
    outer loop
      vertex 77.4063 36.1577 2
      vertex 78.0338 36.0072 1.4
      vertex 77.4097 36.1745 2
    endloop
  endfacet
  facet normal 0.668068 -0.133158 0.732089
    outer loop
      vertex 78.0338 36.0072 1.4
      vertex 77.4063 36.1577 2
      vertex 78.0104 35.8898 1.4
    endloop
  endfacet
  facet normal 0.645115 -0.218982 0.732033
    outer loop
      vertex 77.4097 36.1745 2
      vertex 78.0939 36.1844 1.4
      vertex 77.53 36.5289 2
    endloop
  endfacet
  facet normal 0.64514 -0.218809 0.732064
    outer loop
      vertex 78.0939 36.1844 1.4
      vertex 77.4097 36.1745 2
      vertex 78.0338 36.0072 1.4
    endloop
  endfacet
  facet normal -0.448836 -0.512388 0.732123
    outer loop
      vertex 81.7282 37.2613 1.4
      vertex 82.1345 37.7627 2
      vertex 82.1216 37.774 2
    endloop
  endfacet
  facet normal -0.448755 -0.512457 0.732125
    outer loop
      vertex 82.1345 37.7627 2
      vertex 81.7282 37.2613 1.4
      vertex 81.8183 37.1824 1.4
    endloop
  endfacet
  facet normal -0.218991 0.645029 0.732107
    outer loop
      vertex 80.9072 33.1338 1.4
      vertex 81.0907 32.5151 2
      vertex 81.0206 33.1723 1.4
    endloop
  endfacet
  facet normal -0.215388 0.646164 0.732175
    outer loop
      vertex 81.0907 32.5151 2
      vertex 80.9072 33.1338 1.4
      vertex 81.0745 32.5097 2
    endloop
  endfacet
  facet normal 0.610906 0.301471 0.732058
    outer loop
      vertex 78.1324 34.5022 1.4
      vertex 77.543 34.2396 2
      vertex 78.1854 34.3948 1.4
    endloop
  endfacet
  facet normal 0.611669 0.299838 0.732092
    outer loop
      vertex 77.543 34.2396 2
      vertex 78.1324 34.5022 1.4
      vertex 77.5355 34.2549 2
    endloop
  endfacet
  facet normal 0.0444219 0.679801 0.73205
    outer loop
      vertex 79.9094 32.4333 2
      vertex 80.1805 33.0617 1.4
      vertex 79.9938 33.0739 1.4
    endloop
  endfacet
  facet normal 0.0445892 0.679758 0.73208
    outer loop
      vertex 80.1805 33.0617 1.4
      vertex 79.9094 32.4333 2
      vertex 80.2829 32.4088 2
    endloop
  endfacet
  facet normal 0.133158 0.668068 0.732089
    outer loop
      vertex 79.6928 33.1338 1.4
      vertex 79.5423 32.5063 2
      vertex 79.8102 33.1104 1.4
    endloop
  endfacet
  facet normal 0.135116 0.667634 0.732126
    outer loop
      vertex 79.5423 32.5063 2
      vertex 79.6928 33.1338 1.4
      vertex 79.5255 32.5097 2
    endloop
  endfacet
  facet normal 0.218991 0.645029 0.732107
    outer loop
      vertex 79.5093 32.5151 2
      vertex 79.6928 33.1338 1.4
      vertex 79.5794 33.1723 1.4
    endloop
  endfacet
  facet normal 0.215388 0.646164 0.732175
    outer loop
      vertex 79.6928 33.1338 1.4
      vertex 79.5093 32.5151 2
      vertex 79.5255 32.5097 2
    endloop
  endfacet
  facet normal 0.219187 -0.645037 0.732041
    outer loop
      vertex 79.1711 38.17 2
      vertex 79.4022 37.5676 1.4
      vertex 79.5155 37.6061 1.4
    endloop
  endfacet
  facet normal 0.219015 -0.6451 0.732037
    outer loop
      vertex 79.4022 37.5676 1.4
      vertex 79.1711 38.17 2
      vertex 79.1549 38.1645 2
    endloop
  endfacet
  facet normal -0.555774 -0.831334 0
    outer loop
      vertex 59.45 26.7919 0
      vertex 59.7001 26.6247 2
      vertex 59.45 26.7919 2
    endloop
  endfacet
  facet normal -0.555774 -0.831334 -0
    outer loop
      vertex 59.7001 26.6247 2
      vertex 59.45 26.7919 0
      vertex 59.7001 26.6247 0
    endloop
  endfacet
  facet normal 0.195093 0.980785 -0
    outer loop
      vertex 57.9998 22.5197 0
      vertex 57.7047 22.5784 2
      vertex 57.9998 22.5197 2
    endloop
  endfacet
  facet normal 0.195093 0.980785 0
    outer loop
      vertex 57.7047 22.5784 2
      vertex 57.9998 22.5197 0
      vertex 57.7047 22.5784 0
    endloop
  endfacet
  facet normal 0.442153 -0.89694 0
    outer loop
      vertex 57.15 26.7919 0
      vertex 57.4198 26.9249 2
      vertex 57.15 26.7919 2
    endloop
  endfacet
  facet normal 0.442153 -0.89694 0
    outer loop
      vertex 57.4198 26.9249 2
      vertex 57.15 26.7919 0
      vertex 57.4198 26.9249 0
    endloop
  endfacet
  facet normal 0.946941 -0.321408 0
    outer loop
      vertex 56.0784 25.3953 2
      vertex 56.1751 25.6802 0
      vertex 56.1751 25.6802 2
    endloop
  endfacet
  facet normal 0.946941 -0.321408 0
    outer loop
      vertex 56.1751 25.6802 0
      vertex 56.0784 25.3953 2
      vertex 56.0784 25.3953 0
    endloop
  endfacet
  facet normal -0.89694 -0.442153 0
    outer loop
      vertex 60.4249 25.6802 0
      vertex 60.2919 25.95 2
      vertex 60.2919 25.95 0
    endloop
  endfacet
  facet normal -0.89694 -0.442153 0
    outer loop
      vertex 60.2919 25.95 2
      vertex 60.4249 25.6802 0
      vertex 60.4249 25.6802 2
    endloop
  endfacet
  facet normal -0.980785 -0.195093 0
    outer loop
      vertex 60.5803 25.1002 0
      vertex 60.5216 25.3953 2
      vertex 60.5216 25.3953 0
    endloop
  endfacet
  facet normal -0.980785 -0.195093 0
    outer loop
      vertex 60.5216 25.3953 2
      vertex 60.5803 25.1002 0
      vertex 60.5803 25.1002 2
    endloop
  endfacet
  facet normal -0.831334 -0.555774 0
    outer loop
      vertex 60.2919 25.95 0
      vertex 60.1247 26.2001 2
      vertex 60.1247 26.2001 0
    endloop
  endfacet
  facet normal -0.831334 -0.555774 0
    outer loop
      vertex 60.1247 26.2001 2
      vertex 60.2919 25.95 0
      vertex 60.2919 25.95 2
    endloop
  endfacet
  facet normal -0.659398 -0.751794 0
    outer loop
      vertex 59.7001 26.6247 0
      vertex 59.9263 26.4263 2
      vertex 59.7001 26.6247 2
    endloop
  endfacet
  facet normal -0.659398 -0.751794 -0
    outer loop
      vertex 59.9263 26.4263 2
      vertex 59.7001 26.6247 0
      vertex 59.9263 26.4263 0
    endloop
  endfacet
  facet normal -0.321408 -0.946941 0
    outer loop
      vertex 58.8953 27.0216 0
      vertex 59.1802 26.9249 2
      vertex 58.8953 27.0216 2
    endloop
  endfacet
  facet normal -0.321408 -0.946941 -0
    outer loop
      vertex 59.1802 26.9249 2
      vertex 58.8953 27.0216 0
      vertex 59.1802 26.9249 0
    endloop
  endfacet
  facet normal 0.0654821 -0.997854 0
    outer loop
      vertex 57.9998 27.0803 0
      vertex 58.3 27.1 2
      vertex 57.9998 27.0803 2
    endloop
  endfacet
  facet normal 0.0654821 -0.997854 0
    outer loop
      vertex 58.3 27.1 2
      vertex 57.9998 27.0803 0
      vertex 58.3 27.1 0
    endloop
  endfacet
  facet normal 0.831334 -0.555774 0
    outer loop
      vertex 56.3081 25.95 2
      vertex 56.4753 26.2001 0
      vertex 56.4753 26.2001 2
    endloop
  endfacet
  facet normal 0.831334 -0.555774 0
    outer loop
      vertex 56.4753 26.2001 0
      vertex 56.3081 25.95 2
      vertex 56.3081 25.95 0
    endloop
  endfacet
  facet normal 0.55562 -0.831436 0
    outer loop
      vertex 56.8998 26.6247 0
      vertex 57.15 26.7919 2
      vertex 56.8998 26.6247 2
    endloop
  endfacet
  facet normal 0.55562 -0.831436 0
    outer loop
      vertex 57.15 26.7919 2
      vertex 56.8998 26.6247 0
      vertex 57.15 26.7919 0
    endloop
  endfacet
  facet normal 0.195093 -0.980785 0
    outer loop
      vertex 57.7047 27.0216 0
      vertex 57.9998 27.0803 2
      vertex 57.7047 27.0216 2
    endloop
  endfacet
  facet normal 0.195093 -0.980785 0
    outer loop
      vertex 57.9998 27.0803 2
      vertex 57.7047 27.0216 0
      vertex 57.9998 27.0803 0
    endloop
  endfacet
  facet normal -0.997854 -0.0654821 0
    outer loop
      vertex 60.6 24.8 0
      vertex 60.5803 25.1002 2
      vertex 60.5803 25.1002 0
    endloop
  endfacet
  facet normal -0.997854 -0.0654821 0
    outer loop
      vertex 60.5803 25.1002 2
      vertex 60.6 24.8 0
      vertex 60.6 24.8 2
    endloop
  endfacet
  facet normal -0.195093 0.980785 0
    outer loop
      vertex 58.8953 22.5784 0
      vertex 58.6002 22.5197 2
      vertex 58.8953 22.5784 2
    endloop
  endfacet
  facet normal -0.195093 0.980785 0
    outer loop
      vertex 58.6002 22.5197 2
      vertex 58.8953 22.5784 0
      vertex 58.6002 22.5197 0
    endloop
  endfacet
  facet normal -0.831436 0.55562 0
    outer loop
      vertex 60.1247 23.3998 0
      vertex 60.2919 23.65 2
      vertex 60.2919 23.65 0
    endloop
  endfacet
  facet normal -0.831436 0.55562 0
    outer loop
      vertex 60.2919 23.65 2
      vertex 60.1247 23.3998 0
      vertex 60.1247 23.3998 2
    endloop
  endfacet
  facet normal 0.0654821 0.997854 -0
    outer loop
      vertex 58.3 22.5 0
      vertex 57.9998 22.5197 2
      vertex 58.3 22.5 2
    endloop
  endfacet
  facet normal 0.0654821 0.997854 0
    outer loop
      vertex 57.9998 22.5197 2
      vertex 58.3 22.5 0
      vertex 57.9998 22.5197 0
    endloop
  endfacet
  facet normal 0.55562 0.831436 -0
    outer loop
      vertex 57.15 22.8081 0
      vertex 56.8998 22.9753 2
      vertex 57.15 22.8081 2
    endloop
  endfacet
  facet normal 0.55562 0.831436 0
    outer loop
      vertex 56.8998 22.9753 2
      vertex 57.15 22.8081 0
      vertex 56.8998 22.9753 0
    endloop
  endfacet
  facet normal 0.831436 0.55562 0
    outer loop
      vertex 56.4753 23.3998 2
      vertex 56.3081 23.65 0
      vertex 56.3081 23.65 2
    endloop
  endfacet
  facet normal 0.831436 0.55562 0
    outer loop
      vertex 56.3081 23.65 0
      vertex 56.4753 23.3998 2
      vertex 56.4753 23.3998 0
    endloop
  endfacet
  facet normal 0.946941 0.321408 0
    outer loop
      vertex 56.1751 23.9198 2
      vertex 56.0784 24.2047 0
      vertex 56.0784 24.2047 2
    endloop
  endfacet
  facet normal 0.946941 0.321408 0
    outer loop
      vertex 56.0784 24.2047 0
      vertex 56.1751 23.9198 2
      vertex 56.1751 23.9198 0
    endloop
  endfacet
  facet normal -0.946941 -0.321408 0
    outer loop
      vertex 60.5216 25.3953 0
      vertex 60.4249 25.6802 2
      vertex 60.4249 25.6802 0
    endloop
  endfacet
  facet normal -0.946941 -0.321408 0
    outer loop
      vertex 60.4249 25.6802 2
      vertex 60.5216 25.3953 0
      vertex 60.5216 25.3953 2
    endloop
  endfacet
  facet normal -0.751794 -0.659398 0
    outer loop
      vertex 60.1247 26.2001 0
      vertex 59.9263 26.4263 2
      vertex 59.9263 26.4263 0
    endloop
  endfacet
  facet normal -0.751794 -0.659398 0
    outer loop
      vertex 59.9263 26.4263 2
      vertex 60.1247 26.2001 0
      vertex 60.1247 26.2001 2
    endloop
  endfacet
  facet normal -0.442153 -0.89694 0
    outer loop
      vertex 59.1802 26.9249 0
      vertex 59.45 26.7919 2
      vertex 59.1802 26.9249 2
    endloop
  endfacet
  facet normal -0.442153 -0.89694 -0
    outer loop
      vertex 59.45 26.7919 2
      vertex 59.1802 26.9249 0
      vertex 59.45 26.7919 0
    endloop
  endfacet
  facet normal -0.195093 -0.980785 0
    outer loop
      vertex 58.6002 27.0803 0
      vertex 58.8953 27.0216 2
      vertex 58.6002 27.0803 2
    endloop
  endfacet
  facet normal -0.195093 -0.980785 -0
    outer loop
      vertex 58.8953 27.0216 2
      vertex 58.6002 27.0803 0
      vertex 58.8953 27.0216 0
    endloop
  endfacet
  facet normal -0.0654821 -0.997854 0
    outer loop
      vertex 58.3 27.1 0
      vertex 58.6002 27.0803 2
      vertex 58.3 27.1 2
    endloop
  endfacet
  facet normal -0.0654821 -0.997854 -0
    outer loop
      vertex 58.6002 27.0803 2
      vertex 58.3 27.1 0
      vertex 58.6002 27.0803 0
    endloop
  endfacet
  facet normal 0.997854 0.0654821 0
    outer loop
      vertex 56.0197 24.4998 2
      vertex 56 24.8 0
      vertex 56 24.8 2
    endloop
  endfacet
  facet normal 0.997854 0.0654821 0
    outer loop
      vertex 56 24.8 0
      vertex 56.0197 24.4998 2
      vertex 56.0197 24.4998 0
    endloop
  endfacet
  facet normal 0.980785 -0.195093 0
    outer loop
      vertex 56.0197 25.1002 2
      vertex 56.0784 25.3953 0
      vertex 56.0784 25.3953 2
    endloop
  endfacet
  facet normal 0.980785 -0.195093 0
    outer loop
      vertex 56.0784 25.3953 0
      vertex 56.0197 25.1002 2
      vertex 56.0197 25.1002 0
    endloop
  endfacet
  facet normal 0.89694 -0.442153 0
    outer loop
      vertex 56.1751 25.6802 2
      vertex 56.3081 25.95 0
      vertex 56.3081 25.95 2
    endloop
  endfacet
  facet normal 0.89694 -0.442153 0
    outer loop
      vertex 56.3081 25.95 0
      vertex 56.1751 25.6802 2
      vertex 56.1751 25.6802 0
    endloop
  endfacet
  facet normal 0.321408 -0.946941 0
    outer loop
      vertex 57.4198 26.9249 0
      vertex 57.7047 27.0216 2
      vertex 57.4198 26.9249 2
    endloop
  endfacet
  facet normal 0.321408 -0.946941 0
    outer loop
      vertex 57.7047 27.0216 2
      vertex 57.4198 26.9249 0
      vertex 57.7047 27.0216 0
    endloop
  endfacet
  facet normal 0.659563 -0.751649 0
    outer loop
      vertex 56.6737 26.4263 0
      vertex 56.8998 26.6247 2
      vertex 56.6737 26.4263 2
    endloop
  endfacet
  facet normal 0.659563 -0.751649 0
    outer loop
      vertex 56.8998 26.6247 2
      vertex 56.6737 26.4263 0
      vertex 56.8998 26.6247 0
    endloop
  endfacet
  facet normal 0.751794 -0.659398 0
    outer loop
      vertex 56.4753 26.2001 2
      vertex 56.6737 26.4263 0
      vertex 56.6737 26.4263 2
    endloop
  endfacet
  facet normal 0.751794 -0.659398 0
    outer loop
      vertex 56.6737 26.4263 0
      vertex 56.4753 26.2001 2
      vertex 56.4753 26.2001 0
    endloop
  endfacet
  facet normal -0.980785 0.195093 0
    outer loop
      vertex 60.5216 24.2047 0
      vertex 60.5803 24.4998 2
      vertex 60.5803 24.4998 0
    endloop
  endfacet
  facet normal -0.980785 0.195093 0
    outer loop
      vertex 60.5803 24.4998 2
      vertex 60.5216 24.2047 0
      vertex 60.5216 24.2047 2
    endloop
  endfacet
  facet normal -0.321408 0.946941 0
    outer loop
      vertex 59.1802 22.6751 0
      vertex 58.8953 22.5784 2
      vertex 59.1802 22.6751 2
    endloop
  endfacet
  facet normal -0.321408 0.946941 0
    outer loop
      vertex 58.8953 22.5784 2
      vertex 59.1802 22.6751 0
      vertex 58.8953 22.5784 0
    endloop
  endfacet
  facet normal -0.751649 0.659563 0
    outer loop
      vertex 59.9263 23.1737 0
      vertex 60.1247 23.3998 2
      vertex 60.1247 23.3998 0
    endloop
  endfacet
  facet normal -0.751649 0.659563 0
    outer loop
      vertex 60.1247 23.3998 2
      vertex 59.9263 23.1737 0
      vertex 59.9263 23.1737 2
    endloop
  endfacet
  facet normal -0.555774 0.831334 0
    outer loop
      vertex 59.7001 22.9753 0
      vertex 59.45 22.8081 2
      vertex 59.7001 22.9753 2
    endloop
  endfacet
  facet normal -0.555774 0.831334 0
    outer loop
      vertex 59.45 22.8081 2
      vertex 59.7001 22.9753 0
      vertex 59.45 22.8081 0
    endloop
  endfacet
  facet normal -0.89694 0.442153 0
    outer loop
      vertex 60.2919 23.65 0
      vertex 60.4249 23.9198 2
      vertex 60.4249 23.9198 0
    endloop
  endfacet
  facet normal -0.89694 0.442153 0
    outer loop
      vertex 60.4249 23.9198 2
      vertex 60.2919 23.65 0
      vertex 60.2919 23.65 2
    endloop
  endfacet
  facet normal -0.0654821 0.997854 0
    outer loop
      vertex 58.6002 22.5197 0
      vertex 58.3 22.5 2
      vertex 58.6002 22.5197 2
    endloop
  endfacet
  facet normal -0.0654821 0.997854 0
    outer loop
      vertex 58.3 22.5 2
      vertex 58.6002 22.5197 0
      vertex 58.3 22.5 0
    endloop
  endfacet
  facet normal 0.321408 0.946941 -0
    outer loop
      vertex 57.7047 22.5784 0
      vertex 57.4198 22.6751 2
      vertex 57.7047 22.5784 2
    endloop
  endfacet
  facet normal 0.321408 0.946941 0
    outer loop
      vertex 57.4198 22.6751 2
      vertex 57.7047 22.5784 0
      vertex 57.4198 22.6751 0
    endloop
  endfacet
  facet normal 0.89694 0.442153 0
    outer loop
      vertex 56.3081 23.65 2
      vertex 56.1751 23.9198 0
      vertex 56.1751 23.9198 2
    endloop
  endfacet
  facet normal 0.89694 0.442153 0
    outer loop
      vertex 56.1751 23.9198 0
      vertex 56.3081 23.65 2
      vertex 56.3081 23.65 0
    endloop
  endfacet
  facet normal 0.980785 0.195093 0
    outer loop
      vertex 56.0784 24.2047 2
      vertex 56.0197 24.4998 0
      vertex 56.0197 24.4998 2
    endloop
  endfacet
  facet normal 0.980785 0.195093 0
    outer loop
      vertex 56.0197 24.4998 0
      vertex 56.0784 24.2047 2
      vertex 56.0784 24.2047 0
    endloop
  endfacet
  facet normal 0.751649 0.659563 0
    outer loop
      vertex 56.6737 23.1737 2
      vertex 56.4753 23.3998 0
      vertex 56.4753 23.3998 2
    endloop
  endfacet
  facet normal 0.751649 0.659563 0
    outer loop
      vertex 56.4753 23.3998 0
      vertex 56.6737 23.1737 2
      vertex 56.6737 23.1737 0
    endloop
  endfacet
  facet normal 0.659563 0.751649 -0
    outer loop
      vertex 56.8998 22.9753 0
      vertex 56.6737 23.1737 2
      vertex 56.8998 22.9753 2
    endloop
  endfacet
  facet normal 0.659563 0.751649 0
    outer loop
      vertex 56.6737 23.1737 2
      vertex 56.8998 22.9753 0
      vertex 56.6737 23.1737 0
    endloop
  endfacet
  facet normal 0.997854 -0.0654821 0
    outer loop
      vertex 56 24.8 2
      vertex 56.0197 25.1002 0
      vertex 56.0197 25.1002 2
    endloop
  endfacet
  facet normal 0.997854 -0.0654821 0
    outer loop
      vertex 56.0197 25.1002 0
      vertex 56 24.8 2
      vertex 56 24.8 0
    endloop
  endfacet
  facet normal -0.997854 0.0654821 0
    outer loop
      vertex 60.5803 24.4998 0
      vertex 60.6 24.8 2
      vertex 60.6 24.8 0
    endloop
  endfacet
  facet normal -0.997854 0.0654821 0
    outer loop
      vertex 60.6 24.8 2
      vertex 60.5803 24.4998 0
      vertex 60.5803 24.4998 2
    endloop
  endfacet
  facet normal -0.442153 0.89694 0
    outer loop
      vertex 59.45 22.8081 0
      vertex 59.1802 22.6751 2
      vertex 59.45 22.8081 2
    endloop
  endfacet
  facet normal -0.442153 0.89694 0
    outer loop
      vertex 59.1802 22.6751 2
      vertex 59.45 22.8081 0
      vertex 59.1802 22.6751 0
    endloop
  endfacet
  facet normal -0.659398 0.751794 0
    outer loop
      vertex 59.9263 23.1737 0
      vertex 59.7001 22.9753 2
      vertex 59.9263 23.1737 2
    endloop
  endfacet
  facet normal -0.659398 0.751794 0
    outer loop
      vertex 59.7001 22.9753 2
      vertex 59.9263 23.1737 0
      vertex 59.7001 22.9753 0
    endloop
  endfacet
  facet normal -0.946941 0.321408 0
    outer loop
      vertex 60.4249 23.9198 0
      vertex 60.5216 24.2047 2
      vertex 60.5216 24.2047 0
    endloop
  endfacet
  facet normal -0.946941 0.321408 0
    outer loop
      vertex 60.5216 24.2047 2
      vertex 60.4249 23.9198 0
      vertex 60.4249 23.9198 2
    endloop
  endfacet
  facet normal 0.442153 0.89694 -0
    outer loop
      vertex 57.4198 22.6751 0
      vertex 57.15 22.8081 2
      vertex 57.4198 22.6751 2
    endloop
  endfacet
  facet normal 0.442153 0.89694 0
    outer loop
      vertex 57.15 22.8081 2
      vertex 57.4198 22.6751 0
      vertex 57.15 22.8081 0
    endloop
  endfacet
  facet normal -0.555774 -0.831334 0
    outer loop
      vertex 69.95 26.7919 0
      vertex 70.2001 26.6247 2
      vertex 69.95 26.7919 2
    endloop
  endfacet
  facet normal -0.555774 -0.831334 -0
    outer loop
      vertex 70.2001 26.6247 2
      vertex 69.95 26.7919 0
      vertex 70.2001 26.6247 0
    endloop
  endfacet
  facet normal 0.195093 0.980785 -0
    outer loop
      vertex 68.4998 22.5197 0
      vertex 68.2047 22.5784 2
      vertex 68.4998 22.5197 2
    endloop
  endfacet
  facet normal 0.195093 0.980785 0
    outer loop
      vertex 68.2047 22.5784 2
      vertex 68.4998 22.5197 0
      vertex 68.2047 22.5784 0
    endloop
  endfacet
  facet normal 0.442153 -0.89694 0
    outer loop
      vertex 67.65 26.7919 0
      vertex 67.9198 26.9249 2
      vertex 67.65 26.7919 2
    endloop
  endfacet
  facet normal 0.442153 -0.89694 0
    outer loop
      vertex 67.9198 26.9249 2
      vertex 67.65 26.7919 0
      vertex 67.9198 26.9249 0
    endloop
  endfacet
  facet normal 0.946941 -0.321408 0
    outer loop
      vertex 66.5784 25.3953 2
      vertex 66.6751 25.6802 0
      vertex 66.6751 25.6802 2
    endloop
  endfacet
  facet normal 0.946941 -0.321408 0
    outer loop
      vertex 66.6751 25.6802 0
      vertex 66.5784 25.3953 2
      vertex 66.5784 25.3953 0
    endloop
  endfacet
  facet normal -0.89694 -0.442153 0
    outer loop
      vertex 70.9249 25.6802 0
      vertex 70.7919 25.95 2
      vertex 70.7919 25.95 0
    endloop
  endfacet
  facet normal -0.89694 -0.442153 0
    outer loop
      vertex 70.7919 25.95 2
      vertex 70.9249 25.6802 0
      vertex 70.9249 25.6802 2
    endloop
  endfacet
  facet normal -0.980785 -0.195093 0
    outer loop
      vertex 71.0803 25.1002 0
      vertex 71.0216 25.3953 2
      vertex 71.0216 25.3953 0
    endloop
  endfacet
  facet normal -0.980785 -0.195093 0
    outer loop
      vertex 71.0216 25.3953 2
      vertex 71.0803 25.1002 0
      vertex 71.0803 25.1002 2
    endloop
  endfacet
  facet normal -0.831334 -0.555774 0
    outer loop
      vertex 70.7919 25.95 0
      vertex 70.6247 26.2001 2
      vertex 70.6247 26.2001 0
    endloop
  endfacet
  facet normal -0.831334 -0.555774 0
    outer loop
      vertex 70.6247 26.2001 2
      vertex 70.7919 25.95 0
      vertex 70.7919 25.95 2
    endloop
  endfacet
  facet normal -0.659398 -0.751794 0
    outer loop
      vertex 70.2001 26.6247 0
      vertex 70.4263 26.4263 2
      vertex 70.2001 26.6247 2
    endloop
  endfacet
  facet normal -0.659398 -0.751794 -0
    outer loop
      vertex 70.4263 26.4263 2
      vertex 70.2001 26.6247 0
      vertex 70.4263 26.4263 0
    endloop
  endfacet
  facet normal -0.321408 -0.946941 0
    outer loop
      vertex 69.3953 27.0216 0
      vertex 69.6802 26.9249 2
      vertex 69.3953 27.0216 2
    endloop
  endfacet
  facet normal -0.321408 -0.946941 -0
    outer loop
      vertex 69.6802 26.9249 2
      vertex 69.3953 27.0216 0
      vertex 69.6802 26.9249 0
    endloop
  endfacet
  facet normal 0.0654821 -0.997854 0
    outer loop
      vertex 68.4998 27.0803 0
      vertex 68.8 27.1 2
      vertex 68.4998 27.0803 2
    endloop
  endfacet
  facet normal 0.0654821 -0.997854 0
    outer loop
      vertex 68.8 27.1 2
      vertex 68.4998 27.0803 0
      vertex 68.8 27.1 0
    endloop
  endfacet
  facet normal 0.831334 -0.555774 0
    outer loop
      vertex 66.8081 25.95 2
      vertex 66.9753 26.2001 0
      vertex 66.9753 26.2001 2
    endloop
  endfacet
  facet normal 0.831334 -0.555774 0
    outer loop
      vertex 66.9753 26.2001 0
      vertex 66.8081 25.95 2
      vertex 66.8081 25.95 0
    endloop
  endfacet
  facet normal 0.55562 -0.831436 0
    outer loop
      vertex 67.3998 26.6247 0
      vertex 67.65 26.7919 2
      vertex 67.3998 26.6247 2
    endloop
  endfacet
  facet normal 0.55562 -0.831436 0
    outer loop
      vertex 67.65 26.7919 2
      vertex 67.3998 26.6247 0
      vertex 67.65 26.7919 0
    endloop
  endfacet
  facet normal 0.195093 -0.980785 0
    outer loop
      vertex 68.2047 27.0216 0
      vertex 68.4998 27.0803 2
      vertex 68.2047 27.0216 2
    endloop
  endfacet
  facet normal 0.195093 -0.980785 0
    outer loop
      vertex 68.4998 27.0803 2
      vertex 68.2047 27.0216 0
      vertex 68.4998 27.0803 0
    endloop
  endfacet
  facet normal -0.997854 -0.0654821 0
    outer loop
      vertex 71.1 24.8 0
      vertex 71.0803 25.1002 2
      vertex 71.0803 25.1002 0
    endloop
  endfacet
  facet normal -0.997854 -0.0654821 0
    outer loop
      vertex 71.0803 25.1002 2
      vertex 71.1 24.8 0
      vertex 71.1 24.8 2
    endloop
  endfacet
  facet normal -0.195093 0.980785 0
    outer loop
      vertex 69.3953 22.5784 0
      vertex 69.1002 22.5197 2
      vertex 69.3953 22.5784 2
    endloop
  endfacet
  facet normal -0.195093 0.980785 0
    outer loop
      vertex 69.1002 22.5197 2
      vertex 69.3953 22.5784 0
      vertex 69.1002 22.5197 0
    endloop
  endfacet
  facet normal -0.831436 0.55562 0
    outer loop
      vertex 70.6247 23.3998 0
      vertex 70.7919 23.65 2
      vertex 70.7919 23.65 0
    endloop
  endfacet
  facet normal -0.831436 0.55562 0
    outer loop
      vertex 70.7919 23.65 2
      vertex 70.6247 23.3998 0
      vertex 70.6247 23.3998 2
    endloop
  endfacet
  facet normal 0.0654821 0.997854 -0
    outer loop
      vertex 68.8 22.5 0
      vertex 68.4998 22.5197 2
      vertex 68.8 22.5 2
    endloop
  endfacet
  facet normal 0.0654821 0.997854 0
    outer loop
      vertex 68.4998 22.5197 2
      vertex 68.8 22.5 0
      vertex 68.4998 22.5197 0
    endloop
  endfacet
  facet normal 0.55562 0.831436 -0
    outer loop
      vertex 67.65 22.8081 0
      vertex 67.3998 22.9753 2
      vertex 67.65 22.8081 2
    endloop
  endfacet
  facet normal 0.55562 0.831436 0
    outer loop
      vertex 67.3998 22.9753 2
      vertex 67.65 22.8081 0
      vertex 67.3998 22.9753 0
    endloop
  endfacet
  facet normal 0.831436 0.55562 0
    outer loop
      vertex 66.9753 23.3998 2
      vertex 66.8081 23.65 0
      vertex 66.8081 23.65 2
    endloop
  endfacet
  facet normal 0.831436 0.55562 0
    outer loop
      vertex 66.8081 23.65 0
      vertex 66.9753 23.3998 2
      vertex 66.9753 23.3998 0
    endloop
  endfacet
  facet normal 0.946941 0.321408 0
    outer loop
      vertex 66.6751 23.9198 2
      vertex 66.5784 24.2047 0
      vertex 66.5784 24.2047 2
    endloop
  endfacet
  facet normal 0.946941 0.321408 0
    outer loop
      vertex 66.5784 24.2047 0
      vertex 66.6751 23.9198 2
      vertex 66.6751 23.9198 0
    endloop
  endfacet
  facet normal -0.946941 -0.321408 0
    outer loop
      vertex 71.0216 25.3953 0
      vertex 70.9249 25.6802 2
      vertex 70.9249 25.6802 0
    endloop
  endfacet
  facet normal -0.946941 -0.321408 0
    outer loop
      vertex 70.9249 25.6802 2
      vertex 71.0216 25.3953 0
      vertex 71.0216 25.3953 2
    endloop
  endfacet
  facet normal -0.751794 -0.659398 0
    outer loop
      vertex 70.6247 26.2001 0
      vertex 70.4263 26.4263 2
      vertex 70.4263 26.4263 0
    endloop
  endfacet
  facet normal -0.751794 -0.659398 0
    outer loop
      vertex 70.4263 26.4263 2
      vertex 70.6247 26.2001 0
      vertex 70.6247 26.2001 2
    endloop
  endfacet
  facet normal -0.442153 -0.89694 0
    outer loop
      vertex 69.6802 26.9249 0
      vertex 69.95 26.7919 2
      vertex 69.6802 26.9249 2
    endloop
  endfacet
  facet normal -0.442153 -0.89694 -0
    outer loop
      vertex 69.95 26.7919 2
      vertex 69.6802 26.9249 0
      vertex 69.95 26.7919 0
    endloop
  endfacet
  facet normal -0.195093 -0.980785 0
    outer loop
      vertex 69.1002 27.0803 0
      vertex 69.3953 27.0216 2
      vertex 69.1002 27.0803 2
    endloop
  endfacet
  facet normal -0.195093 -0.980785 -0
    outer loop
      vertex 69.3953 27.0216 2
      vertex 69.1002 27.0803 0
      vertex 69.3953 27.0216 0
    endloop
  endfacet
  facet normal -0.0654821 -0.997854 0
    outer loop
      vertex 68.8 27.1 0
      vertex 69.1002 27.0803 2
      vertex 68.8 27.1 2
    endloop
  endfacet
  facet normal -0.0654821 -0.997854 -0
    outer loop
      vertex 69.1002 27.0803 2
      vertex 68.8 27.1 0
      vertex 69.1002 27.0803 0
    endloop
  endfacet
  facet normal 0.997854 0.0654821 0
    outer loop
      vertex 66.5197 24.4998 2
      vertex 66.5 24.8 0
      vertex 66.5 24.8 2
    endloop
  endfacet
  facet normal 0.997854 0.0654821 0
    outer loop
      vertex 66.5 24.8 0
      vertex 66.5197 24.4998 2
      vertex 66.5197 24.4998 0
    endloop
  endfacet
  facet normal 0.980785 -0.195093 0
    outer loop
      vertex 66.5197 25.1002 2
      vertex 66.5784 25.3953 0
      vertex 66.5784 25.3953 2
    endloop
  endfacet
  facet normal 0.980785 -0.195093 0
    outer loop
      vertex 66.5784 25.3953 0
      vertex 66.5197 25.1002 2
      vertex 66.5197 25.1002 0
    endloop
  endfacet
  facet normal 0.89694 -0.442153 0
    outer loop
      vertex 66.6751 25.6802 2
      vertex 66.8081 25.95 0
      vertex 66.8081 25.95 2
    endloop
  endfacet
  facet normal 0.89694 -0.442153 0
    outer loop
      vertex 66.8081 25.95 0
      vertex 66.6751 25.6802 2
      vertex 66.6751 25.6802 0
    endloop
  endfacet
  facet normal 0.321408 -0.946941 0
    outer loop
      vertex 67.9198 26.9249 0
      vertex 68.2047 27.0216 2
      vertex 67.9198 26.9249 2
    endloop
  endfacet
  facet normal 0.321408 -0.946941 0
    outer loop
      vertex 68.2047 27.0216 2
      vertex 67.9198 26.9249 0
      vertex 68.2047 27.0216 0
    endloop
  endfacet
  facet normal 0.659563 -0.751649 0
    outer loop
      vertex 67.1737 26.4263 0
      vertex 67.3998 26.6247 2
      vertex 67.1737 26.4263 2
    endloop
  endfacet
  facet normal 0.659563 -0.751649 0
    outer loop
      vertex 67.3998 26.6247 2
      vertex 67.1737 26.4263 0
      vertex 67.3998 26.6247 0
    endloop
  endfacet
  facet normal 0.751794 -0.659398 0
    outer loop
      vertex 66.9753 26.2001 2
      vertex 67.1737 26.4263 0
      vertex 67.1737 26.4263 2
    endloop
  endfacet
  facet normal 0.751794 -0.659398 0
    outer loop
      vertex 67.1737 26.4263 0
      vertex 66.9753 26.2001 2
      vertex 66.9753 26.2001 0
    endloop
  endfacet
  facet normal -0.980785 0.195093 0
    outer loop
      vertex 71.0216 24.2047 0
      vertex 71.0803 24.4998 2
      vertex 71.0803 24.4998 0
    endloop
  endfacet
  facet normal -0.980785 0.195093 0
    outer loop
      vertex 71.0803 24.4998 2
      vertex 71.0216 24.2047 0
      vertex 71.0216 24.2047 2
    endloop
  endfacet
  facet normal -0.321408 0.946941 0
    outer loop
      vertex 69.6802 22.6751 0
      vertex 69.3953 22.5784 2
      vertex 69.6802 22.6751 2
    endloop
  endfacet
  facet normal -0.321408 0.946941 0
    outer loop
      vertex 69.3953 22.5784 2
      vertex 69.6802 22.6751 0
      vertex 69.3953 22.5784 0
    endloop
  endfacet
  facet normal -0.751649 0.659563 0
    outer loop
      vertex 70.4263 23.1737 0
      vertex 70.6247 23.3998 2
      vertex 70.6247 23.3998 0
    endloop
  endfacet
  facet normal -0.751649 0.659563 0
    outer loop
      vertex 70.6247 23.3998 2
      vertex 70.4263 23.1737 0
      vertex 70.4263 23.1737 2
    endloop
  endfacet
  facet normal -0.555774 0.831334 0
    outer loop
      vertex 70.2001 22.9753 0
      vertex 69.95 22.8081 2
      vertex 70.2001 22.9753 2
    endloop
  endfacet
  facet normal -0.555774 0.831334 0
    outer loop
      vertex 69.95 22.8081 2
      vertex 70.2001 22.9753 0
      vertex 69.95 22.8081 0
    endloop
  endfacet
  facet normal -0.89694 0.442153 0
    outer loop
      vertex 70.7919 23.65 0
      vertex 70.9249 23.9198 2
      vertex 70.9249 23.9198 0
    endloop
  endfacet
  facet normal -0.89694 0.442153 0
    outer loop
      vertex 70.9249 23.9198 2
      vertex 70.7919 23.65 0
      vertex 70.7919 23.65 2
    endloop
  endfacet
  facet normal -0.0654821 0.997854 0
    outer loop
      vertex 69.1002 22.5197 0
      vertex 68.8 22.5 2
      vertex 69.1002 22.5197 2
    endloop
  endfacet
  facet normal -0.0654821 0.997854 0
    outer loop
      vertex 68.8 22.5 2
      vertex 69.1002 22.5197 0
      vertex 68.8 22.5 0
    endloop
  endfacet
  facet normal 0.321408 0.946941 -0
    outer loop
      vertex 68.2047 22.5784 0
      vertex 67.9198 22.6751 2
      vertex 68.2047 22.5784 2
    endloop
  endfacet
  facet normal 0.321408 0.946941 0
    outer loop
      vertex 67.9198 22.6751 2
      vertex 68.2047 22.5784 0
      vertex 67.9198 22.6751 0
    endloop
  endfacet
  facet normal 0.89694 0.442153 0
    outer loop
      vertex 66.8081 23.65 2
      vertex 66.6751 23.9198 0
      vertex 66.6751 23.9198 2
    endloop
  endfacet
  facet normal 0.89694 0.442153 0
    outer loop
      vertex 66.6751 23.9198 0
      vertex 66.8081 23.65 2
      vertex 66.8081 23.65 0
    endloop
  endfacet
  facet normal 0.980785 0.195093 0
    outer loop
      vertex 66.5784 24.2047 2
      vertex 66.5197 24.4998 0
      vertex 66.5197 24.4998 2
    endloop
  endfacet
  facet normal 0.980785 0.195093 0
    outer loop
      vertex 66.5197 24.4998 0
      vertex 66.5784 24.2047 2
      vertex 66.5784 24.2047 0
    endloop
  endfacet
  facet normal 0.751649 0.659563 0
    outer loop
      vertex 67.1737 23.1737 2
      vertex 66.9753 23.3998 0
      vertex 66.9753 23.3998 2
    endloop
  endfacet
  facet normal 0.751649 0.659563 0
    outer loop
      vertex 66.9753 23.3998 0
      vertex 67.1737 23.1737 2
      vertex 67.1737 23.1737 0
    endloop
  endfacet
  facet normal 0.659563 0.751649 -0
    outer loop
      vertex 67.3998 22.9753 0
      vertex 67.1737 23.1737 2
      vertex 67.3998 22.9753 2
    endloop
  endfacet
  facet normal 0.659563 0.751649 0
    outer loop
      vertex 67.1737 23.1737 2
      vertex 67.3998 22.9753 0
      vertex 67.1737 23.1737 0
    endloop
  endfacet
  facet normal 0.997854 -0.0654821 0
    outer loop
      vertex 66.5 24.8 2
      vertex 66.5197 25.1002 0
      vertex 66.5197 25.1002 2
    endloop
  endfacet
  facet normal 0.997854 -0.0654821 0
    outer loop
      vertex 66.5197 25.1002 0
      vertex 66.5 24.8 2
      vertex 66.5 24.8 0
    endloop
  endfacet
  facet normal -0.997854 0.0654821 0
    outer loop
      vertex 71.0803 24.4998 0
      vertex 71.1 24.8 2
      vertex 71.1 24.8 0
    endloop
  endfacet
  facet normal -0.997854 0.0654821 0
    outer loop
      vertex 71.1 24.8 2
      vertex 71.0803 24.4998 0
      vertex 71.0803 24.4998 2
    endloop
  endfacet
  facet normal -0.442153 0.89694 0
    outer loop
      vertex 69.95 22.8081 0
      vertex 69.6802 22.6751 2
      vertex 69.95 22.8081 2
    endloop
  endfacet
  facet normal -0.442153 0.89694 0
    outer loop
      vertex 69.6802 22.6751 2
      vertex 69.95 22.8081 0
      vertex 69.6802 22.6751 0
    endloop
  endfacet
  facet normal -0.659398 0.751794 0
    outer loop
      vertex 70.4263 23.1737 0
      vertex 70.2001 22.9753 2
      vertex 70.4263 23.1737 2
    endloop
  endfacet
  facet normal -0.659398 0.751794 0
    outer loop
      vertex 70.2001 22.9753 2
      vertex 70.4263 23.1737 0
      vertex 70.2001 22.9753 0
    endloop
  endfacet
  facet normal -0.946941 0.321408 0
    outer loop
      vertex 70.9249 23.9198 0
      vertex 71.0216 24.2047 2
      vertex 71.0216 24.2047 0
    endloop
  endfacet
  facet normal -0.946941 0.321408 0
    outer loop
      vertex 71.0216 24.2047 2
      vertex 70.9249 23.9198 0
      vertex 70.9249 23.9198 2
    endloop
  endfacet
  facet normal 0.442153 0.89694 -0
    outer loop
      vertex 67.9198 22.6751 0
      vertex 67.65 22.8081 2
      vertex 67.9198 22.6751 2
    endloop
  endfacet
  facet normal 0.442153 0.89694 0
    outer loop
      vertex 67.65 22.8081 2
      vertex 67.9198 22.6751 0
      vertex 67.65 22.8081 0
    endloop
  endfacet
  facet normal 1 -0 0
    outer loop
      vertex 35.55 1.08 2
      vertex 35.55 7.8 0
      vertex 35.55 7.8 2
    endloop
  endfacet
  facet normal 1 0 0
    outer loop
      vertex 35.55 7.8 0
      vertex 35.55 1.08 2
      vertex 35.55 1.08 0
    endloop
  endfacet
  facet normal -1 0 0
    outer loop
      vertex 50.05 1.08 0
      vertex 50.05 9.08 2
      vertex 50.05 9.08 0
    endloop
  endfacet
  facet normal -1 -0 0
    outer loop
      vertex 50.05 9.08 2
      vertex 50.05 1.08 0
      vertex 50.05 1.08 2
    endloop
  endfacet
  facet normal 0 -1 0
    outer loop
      vertex 38.05 9.08 0
      vertex 50.05 9.08 2
      vertex 38.05 9.08 2
    endloop
  endfacet
  facet normal 0 -1 -0
    outer loop
      vertex 50.05 9.08 2
      vertex 38.05 9.08 0
      vertex 50.05 9.08 0
    endloop
  endfacet
  facet normal 0 1 -0
    outer loop
      vertex 50.05 1.08 0
      vertex 35.55 1.08 2
      vertex 50.05 1.08 2
    endloop
  endfacet
  facet normal 0 1 0
    outer loop
      vertex 35.55 1.08 2
      vertex 50.05 1.08 0
      vertex 35.55 1.08 0
    endloop
  endfacet
  facet normal 1 -0 0
    outer loop
      vertex 32.05 7.8 2
      vertex 32.05 16.8 0
      vertex 32.05 16.8 2
    endloop
  endfacet
  facet normal 1 0 0
    outer loop
      vertex 32.05 16.8 0
      vertex 32.05 7.8 2
      vertex 32.05 7.8 0
    endloop
  endfacet
  facet normal -1 0 0
    outer loop
      vertex 38.05 9.08 0
      vertex 38.05 16.8 2
      vertex 38.05 16.8 0
    endloop
  endfacet
  facet normal -1 -0 0
    outer loop
      vertex 38.05 16.8 2
      vertex 38.05 9.08 0
      vertex 38.05 9.08 2
    endloop
  endfacet
  facet normal 0 -1 0
    outer loop
      vertex 32.05 16.8 0
      vertex 38.05 16.8 2
      vertex 32.05 16.8 2
    endloop
  endfacet
  facet normal 0 -1 -0
    outer loop
      vertex 38.05 16.8 2
      vertex 32.05 16.8 0
      vertex 38.05 16.8 0
    endloop
  endfacet
  facet normal 0 1 -0
    outer loop
      vertex 35.55 7.8 0
      vertex 32.05 7.8 2
      vertex 35.55 7.8 2
    endloop
  endfacet
  facet normal 0 1 0
    outer loop
      vertex 32.05 7.8 2
      vertex 35.55 7.8 0
      vertex 32.05 7.8 0
    endloop
  endfacet
  facet normal 1 -0 0
    outer loop
      vertex 74.55 18.6 2
      vertex 74.55 32.1 0
      vertex 74.55 32.1 2
    endloop
  endfacet
  facet normal 1 0 0
    outer loop
      vertex 74.55 32.1 0
      vertex 74.55 18.6 2
      vertex 74.55 18.6 0
    endloop
  endfacet
  facet normal -1 0 0
    outer loop
      vertex 80.55 31.9164 0
      vertex 80.55 18.6 0
      vertex 80.55 31.9164 1.4
    endloop
  endfacet
  facet normal -1 0 0
    outer loop
      vertex 80.55 31.9164 1.4
      vertex 80.55 32.1 2
      vertex 80.55 32.1 1.4
    endloop
  endfacet
  facet normal -1 0 0
    outer loop
      vertex 80.55 18.6 2
      vertex 80.55 31.9164 1.4
      vertex 80.55 18.6 0
    endloop
  endfacet
  facet normal -1 0 0
    outer loop
      vertex 80.55 31.9164 1.4
      vertex 80.55 18.6 2
      vertex 80.55 32.1 2
    endloop
  endfacet
  facet normal 0 -1 0
    outer loop
      vertex 74.55 32.1 2
      vertex 79.1563 32.1 1.4
      vertex 80.55 32.1 2
    endloop
  endfacet
  facet normal 0 -1 0
    outer loop
      vertex 74.55 32.1 0
      vertex 79.1563 32.1 1.4
      vertex 74.55 32.1 2
    endloop
  endfacet
  facet normal 0 -1 -0
    outer loop
      vertex 79.1563 32.1 1.4
      vertex 74.55 32.1 0
      vertex 79.1563 32.1 0
    endloop
  endfacet
  facet normal 0 -1 -0
    outer loop
      vertex 80.55 32.1 2
      vertex 79.1563 32.1 1.4
      vertex 80.55 32.1 1.4
    endloop
  endfacet
  facet normal 0 1 -0
    outer loop
      vertex 80.55 18.6 0
      vertex 74.55 18.6 2
      vertex 80.55 18.6 2
    endloop
  endfacet
  facet normal 0 1 0
    outer loop
      vertex 74.55 18.6 2
      vertex 80.55 18.6 0
      vertex 74.55 18.6 0
    endloop
  endfacet
  facet normal 0.946884 -0.321575 0
    outer loop
      vertex 65.8613 17.0159 2
      vertex 65.937 17.2388 0
      vertex 65.937 17.2388 2
    endloop
  endfacet
  facet normal 0.946884 -0.321575 0
    outer loop
      vertex 65.937 17.2388 0
      vertex 65.8613 17.0159 2
      vertex 65.8613 17.0159 0
    endloop
  endfacet
  facet normal -0.831527 -0.555484 0
    outer loop
      vertex 69.1588 17.45 0
      vertex 69.028 17.6458 2
      vertex 69.028 17.6458 0
    endloop
  endfacet
  facet normal -0.831527 -0.555484 0
    outer loop
      vertex 69.028 17.6458 2
      vertex 69.1588 17.45 0
      vertex 69.1588 17.45 2
    endloop
  endfacet
  facet normal -0.194891 -0.980825 0
    outer loop
      vertex 67.8349 18.3346 0
      vertex 68.0659 18.2887 2
      vertex 67.8349 18.3346 2
    endloop
  endfacet
  facet normal -0.194891 -0.980825 -0
    outer loop
      vertex 68.0659 18.2887 2
      vertex 67.8349 18.3346 0
      vertex 68.0659 18.2887 0
    endloop
  endfacet
  facet normal -0.321575 -0.946884 0
    outer loop
      vertex 68.0659 18.2887 0
      vertex 68.2888 18.213 2
      vertex 68.0659 18.2887 2
    endloop
  endfacet
  facet normal -0.321575 -0.946884 -0
    outer loop
      vertex 68.2888 18.213 2
      vertex 68.0659 18.2887 0
      vertex 68.2888 18.213 0
    endloop
  endfacet
  facet normal 0.321575 -0.946884 0
    outer loop
      vertex 66.9112 18.213 0
      vertex 67.1341 18.2887 2
      vertex 66.9112 18.213 2
    endloop
  endfacet
  facet normal 0.321575 -0.946884 0
    outer loop
      vertex 67.1341 18.2887 2
      vertex 66.9112 18.213 0
      vertex 67.1341 18.2887 0
    endloop
  endfacet
  facet normal 0.896792 -0.442452 0
    outer loop
      vertex 65.937 17.2388 2
      vertex 66.0412 17.45 0
      vertex 66.0412 17.45 2
    endloop
  endfacet
  facet normal 0.896792 -0.442452 0
    outer loop
      vertex 66.0412 17.45 0
      vertex 65.937 17.2388 2
      vertex 65.937 17.2388 0
    endloop
  endfacet
  facet normal -0.997858 0.0654194 0
    outer loop
      vertex 69.3846 16.3151 0
      vertex 69.4 16.55 2
      vertex 69.4 16.55 0
    endloop
  endfacet
  facet normal -0.997858 0.0654194 0
    outer loop
      vertex 69.4 16.55 2
      vertex 69.3846 16.3151 0
      vertex 69.3846 16.3151 2
    endloop
  endfacet
  facet normal -0.442452 0.896792 0
    outer loop
      vertex 68.5 14.9912 0
      vertex 68.2888 14.887 2
      vertex 68.5 14.9912 2
    endloop
  endfacet
  facet normal -0.442452 0.896792 0
    outer loop
      vertex 68.2888 14.887 2
      vertex 68.5 14.9912 0
      vertex 68.2888 14.887 0
    endloop
  endfacet
  facet normal -0.980825 -0.194891 0
    outer loop
      vertex 69.3846 16.7849 0
      vertex 69.3387 17.0159 2
      vertex 69.3387 17.0159 0
    endloop
  endfacet
  facet normal -0.980825 -0.194891 0
    outer loop
      vertex 69.3387 17.0159 2
      vertex 69.3846 16.7849 0
      vertex 69.3846 16.7849 2
    endloop
  endfacet
  facet normal -0.659286 -0.751892 0
    outer loop
      vertex 68.6958 17.978 0
      vertex 68.8728 17.8228 2
      vertex 68.6958 17.978 2
    endloop
  endfacet
  facet normal -0.659286 -0.751892 -0
    outer loop
      vertex 68.8728 17.8228 2
      vertex 68.6958 17.978 0
      vertex 68.8728 17.8228 0
    endloop
  endfacet
  facet normal -0.0654194 -0.997858 0
    outer loop
      vertex 67.6 18.35 0
      vertex 67.8349 18.3346 2
      vertex 67.6 18.35 2
    endloop
  endfacet
  facet normal -0.0654194 -0.997858 -0
    outer loop
      vertex 67.8349 18.3346 2
      vertex 67.6 18.35 0
      vertex 67.8349 18.3346 0
    endloop
  endfacet
  facet normal -0.555484 -0.831527 0
    outer loop
      vertex 68.5 18.1088 0
      vertex 68.6958 17.978 2
      vertex 68.5 18.1088 2
    endloop
  endfacet
  facet normal -0.555484 -0.831527 -0
    outer loop
      vertex 68.6958 17.978 2
      vertex 68.5 18.1088 0
      vertex 68.6958 17.978 0
    endloop
  endfacet
  facet normal 0.751892 -0.659286 0
    outer loop
      vertex 66.172 17.6458 2
      vertex 66.3272 17.8228 0
      vertex 66.3272 17.8228 2
    endloop
  endfacet
  facet normal 0.751892 -0.659286 0
    outer loop
      vertex 66.3272 17.8228 0
      vertex 66.172 17.6458 2
      vertex 66.172 17.6458 0
    endloop
  endfacet
  facet normal 0.194891 -0.980825 0
    outer loop
      vertex 67.1341 18.2887 0
      vertex 67.3651 18.3346 2
      vertex 67.1341 18.2887 2
    endloop
  endfacet
  facet normal 0.194891 -0.980825 0
    outer loop
      vertex 67.3651 18.3346 2
      vertex 67.1341 18.2887 0
      vertex 67.3651 18.3346 0
    endloop
  endfacet
  facet normal 0.659286 -0.751892 0
    outer loop
      vertex 66.3272 17.8228 0
      vertex 66.5042 17.978 2
      vertex 66.3272 17.8228 2
    endloop
  endfacet
  facet normal 0.659286 -0.751892 0
    outer loop
      vertex 66.5042 17.978 2
      vertex 66.3272 17.8228 0
      vertex 66.5042 17.978 0
    endloop
  endfacet
  facet normal 0.194891 0.980825 -0
    outer loop
      vertex 67.3651 14.7654 0
      vertex 67.1341 14.8113 2
      vertex 67.3651 14.7654 2
    endloop
  endfacet
  facet normal 0.194891 0.980825 0
    outer loop
      vertex 67.1341 14.8113 2
      vertex 67.3651 14.7654 0
      vertex 67.1341 14.8113 0
    endloop
  endfacet
  facet normal -0.321575 0.946884 0
    outer loop
      vertex 68.2888 14.887 0
      vertex 68.0659 14.8113 2
      vertex 68.2888 14.887 2
    endloop
  endfacet
  facet normal -0.321575 0.946884 0
    outer loop
      vertex 68.0659 14.8113 2
      vertex 68.2888 14.887 0
      vertex 68.0659 14.8113 0
    endloop
  endfacet
  facet normal -0.555484 0.831527 0
    outer loop
      vertex 68.6958 15.122 0
      vertex 68.5 14.9912 2
      vertex 68.6958 15.122 2
    endloop
  endfacet
  facet normal -0.555484 0.831527 0
    outer loop
      vertex 68.5 14.9912 2
      vertex 68.6958 15.122 0
      vertex 68.5 14.9912 0
    endloop
  endfacet
  facet normal -0.751892 -0.659286 0
    outer loop
      vertex 69.028 17.6458 0
      vertex 68.8728 17.8228 2
      vertex 68.8728 17.8228 0
    endloop
  endfacet
  facet normal -0.751892 -0.659286 0
    outer loop
      vertex 68.8728 17.8228 2
      vertex 69.028 17.6458 0
      vertex 69.028 17.6458 2
    endloop
  endfacet
  facet normal 0.0654194 -0.997858 0
    outer loop
      vertex 67.3651 18.3346 0
      vertex 67.6 18.35 2
      vertex 67.3651 18.3346 2
    endloop
  endfacet
  facet normal 0.0654194 -0.997858 0
    outer loop
      vertex 67.6 18.35 2
      vertex 67.3651 18.3346 0
      vertex 67.6 18.35 0
    endloop
  endfacet
  facet normal -0.442452 -0.896792 0
    outer loop
      vertex 68.2888 18.213 0
      vertex 68.5 18.1088 2
      vertex 68.2888 18.213 2
    endloop
  endfacet
  facet normal -0.442452 -0.896792 -0
    outer loop
      vertex 68.5 18.1088 2
      vertex 68.2888 18.213 0
      vertex 68.5 18.1088 0
    endloop
  endfacet
  facet normal 0.997858 -0.0654194 0
    outer loop
      vertex 65.8 16.55 2
      vertex 65.8154 16.7849 0
      vertex 65.8154 16.7849 2
    endloop
  endfacet
  facet normal 0.997858 -0.0654194 0
    outer loop
      vertex 65.8154 16.7849 0
      vertex 65.8 16.55 2
      vertex 65.8 16.55 0
    endloop
  endfacet
  facet normal 0.831527 -0.555484 0
    outer loop
      vertex 66.0412 17.45 2
      vertex 66.172 17.6458 0
      vertex 66.172 17.6458 2
    endloop
  endfacet
  facet normal 0.831527 -0.555484 0
    outer loop
      vertex 66.172 17.6458 0
      vertex 66.0412 17.45 2
      vertex 66.0412 17.45 0
    endloop
  endfacet
  facet normal 0.442452 -0.896792 0
    outer loop
      vertex 66.7 18.1088 0
      vertex 66.9112 18.213 2
      vertex 66.7 18.1088 2
    endloop
  endfacet
  facet normal 0.442452 -0.896792 0
    outer loop
      vertex 66.9112 18.213 2
      vertex 66.7 18.1088 0
      vertex 66.9112 18.213 0
    endloop
  endfacet
  facet normal 0.555484 -0.831527 0
    outer loop
      vertex 66.5042 17.978 0
      vertex 66.7 18.1088 2
      vertex 66.5042 17.978 2
    endloop
  endfacet
  facet normal 0.555484 -0.831527 0
    outer loop
      vertex 66.7 18.1088 2
      vertex 66.5042 17.978 0
      vertex 66.7 18.1088 0
    endloop
  endfacet
  facet normal -0.997858 -0.0654194 0
    outer loop
      vertex 69.4 16.55 0
      vertex 69.3846 16.7849 2
      vertex 69.3846 16.7849 0
    endloop
  endfacet
  facet normal -0.997858 -0.0654194 0
    outer loop
      vertex 69.3846 16.7849 2
      vertex 69.4 16.55 0
      vertex 69.4 16.55 2
    endloop
  endfacet
  facet normal -0.194891 0.980825 0
    outer loop
      vertex 68.0659 14.8113 0
      vertex 67.8349 14.7654 2
      vertex 68.0659 14.8113 2
    endloop
  endfacet
  facet normal -0.194891 0.980825 0
    outer loop
      vertex 67.8349 14.7654 2
      vertex 68.0659 14.8113 0
      vertex 67.8349 14.7654 0
    endloop
  endfacet
  facet normal -0.896792 -0.442452 0
    outer loop
      vertex 69.263 17.2388 0
      vertex 69.1588 17.45 2
      vertex 69.1588 17.45 0
    endloop
  endfacet
  facet normal -0.896792 -0.442452 0
    outer loop
      vertex 69.1588 17.45 2
      vertex 69.263 17.2388 0
      vertex 69.263 17.2388 2
    endloop
  endfacet
  facet normal -0.946884 -0.321575 0
    outer loop
      vertex 69.3387 17.0159 0
      vertex 69.263 17.2388 2
      vertex 69.263 17.2388 0
    endloop
  endfacet
  facet normal -0.946884 -0.321575 0
    outer loop
      vertex 69.263 17.2388 2
      vertex 69.3387 17.0159 0
      vertex 69.3387 17.0159 2
    endloop
  endfacet
  facet normal 0.980825 -0.194891 0
    outer loop
      vertex 65.8154 16.7849 2
      vertex 65.8613 17.0159 0
      vertex 65.8613 17.0159 2
    endloop
  endfacet
  facet normal 0.980825 -0.194891 0
    outer loop
      vertex 65.8613 17.0159 0
      vertex 65.8154 16.7849 2
      vertex 65.8154 16.7849 0
    endloop
  endfacet
  facet normal -0.980825 0.194891 0
    outer loop
      vertex 69.3387 16.0841 0
      vertex 69.3846 16.3151 2
      vertex 69.3846 16.3151 0
    endloop
  endfacet
  facet normal -0.980825 0.194891 0
    outer loop
      vertex 69.3846 16.3151 2
      vertex 69.3387 16.0841 0
      vertex 69.3387 16.0841 2
    endloop
  endfacet
  facet normal -0.659286 0.751892 0
    outer loop
      vertex 68.8728 15.2772 0
      vertex 68.6958 15.122 2
      vertex 68.8728 15.2772 2
    endloop
  endfacet
  facet normal -0.659286 0.751892 0
    outer loop
      vertex 68.6958 15.122 2
      vertex 68.8728 15.2772 0
      vertex 68.6958 15.122 0
    endloop
  endfacet
  facet normal -0.831527 0.555484 0
    outer loop
      vertex 69.028 15.4542 0
      vertex 69.1588 15.65 2
      vertex 69.1588 15.65 0
    endloop
  endfacet
  facet normal -0.831527 0.555484 0
    outer loop
      vertex 69.1588 15.65 2
      vertex 69.028 15.4542 0
      vertex 69.028 15.4542 2
    endloop
  endfacet
  facet normal -0.896792 0.442452 0
    outer loop
      vertex 69.1588 15.65 0
      vertex 69.263 15.8612 2
      vertex 69.263 15.8612 0
    endloop
  endfacet
  facet normal -0.896792 0.442452 0
    outer loop
      vertex 69.263 15.8612 2
      vertex 69.1588 15.65 0
      vertex 69.1588 15.65 2
    endloop
  endfacet
  facet normal 0.321575 0.946884 -0
    outer loop
      vertex 67.1341 14.8113 0
      vertex 66.9112 14.887 2
      vertex 67.1341 14.8113 2
    endloop
  endfacet
  facet normal 0.321575 0.946884 0
    outer loop
      vertex 66.9112 14.887 2
      vertex 67.1341 14.8113 0
      vertex 66.9112 14.887 0
    endloop
  endfacet
  facet normal 0.0654194 0.997858 -0
    outer loop
      vertex 67.6 14.75 0
      vertex 67.3651 14.7654 2
      vertex 67.6 14.75 2
    endloop
  endfacet
  facet normal 0.0654194 0.997858 0
    outer loop
      vertex 67.3651 14.7654 2
      vertex 67.6 14.75 0
      vertex 67.3651 14.7654 0
    endloop
  endfacet
  facet normal 0.997858 0.0654194 0
    outer loop
      vertex 65.8154 16.3151 2
      vertex 65.8 16.55 0
      vertex 65.8 16.55 2
    endloop
  endfacet
  facet normal 0.997858 0.0654194 0
    outer loop
      vertex 65.8 16.55 0
      vertex 65.8154 16.3151 2
      vertex 65.8154 16.3151 0
    endloop
  endfacet
  facet normal 0.896792 0.442452 0
    outer loop
      vertex 66.0412 15.65 2
      vertex 65.937 15.8612 0
      vertex 65.937 15.8612 2
    endloop
  endfacet
  facet normal 0.896792 0.442452 0
    outer loop
      vertex 65.937 15.8612 0
      vertex 66.0412 15.65 2
      vertex 66.0412 15.65 0
    endloop
  endfacet
  facet normal 0.946884 0.321575 0
    outer loop
      vertex 65.937 15.8612 2
      vertex 65.8613 16.0841 0
      vertex 65.8613 16.0841 2
    endloop
  endfacet
  facet normal 0.946884 0.321575 0
    outer loop
      vertex 65.8613 16.0841 0
      vertex 65.937 15.8612 2
      vertex 65.937 15.8612 0
    endloop
  endfacet
  facet normal 0.659286 0.751892 -0
    outer loop
      vertex 66.5042 15.122 0
      vertex 66.3272 15.2772 2
      vertex 66.5042 15.122 2
    endloop
  endfacet
  facet normal 0.659286 0.751892 0
    outer loop
      vertex 66.3272 15.2772 2
      vertex 66.5042 15.122 0
      vertex 66.3272 15.2772 0
    endloop
  endfacet
  facet normal -0.946884 0.321575 0
    outer loop
      vertex 69.263 15.8612 0
      vertex 69.3387 16.0841 2
      vertex 69.3387 16.0841 0
    endloop
  endfacet
  facet normal -0.946884 0.321575 0
    outer loop
      vertex 69.3387 16.0841 2
      vertex 69.263 15.8612 0
      vertex 69.263 15.8612 2
    endloop
  endfacet
  facet normal 0.555484 0.831527 -0
    outer loop
      vertex 66.7 14.9912 0
      vertex 66.5042 15.122 2
      vertex 66.7 14.9912 2
    endloop
  endfacet
  facet normal 0.555484 0.831527 0
    outer loop
      vertex 66.5042 15.122 2
      vertex 66.7 14.9912 0
      vertex 66.5042 15.122 0
    endloop
  endfacet
  facet normal -0.0654194 0.997858 0
    outer loop
      vertex 67.8349 14.7654 0
      vertex 67.6 14.75 2
      vertex 67.8349 14.7654 2
    endloop
  endfacet
  facet normal -0.0654194 0.997858 0
    outer loop
      vertex 67.6 14.75 2
      vertex 67.8349 14.7654 0
      vertex 67.6 14.75 0
    endloop
  endfacet
  facet normal 0.980825 0.194891 0
    outer loop
      vertex 65.8613 16.0841 2
      vertex 65.8154 16.3151 0
      vertex 65.8154 16.3151 2
    endloop
  endfacet
  facet normal 0.980825 0.194891 0
    outer loop
      vertex 65.8154 16.3151 0
      vertex 65.8613 16.0841 2
      vertex 65.8613 16.0841 0
    endloop
  endfacet
  facet normal 0.751892 0.659286 0
    outer loop
      vertex 66.3272 15.2772 2
      vertex 66.172 15.4542 0
      vertex 66.172 15.4542 2
    endloop
  endfacet
  facet normal 0.751892 0.659286 0
    outer loop
      vertex 66.172 15.4542 0
      vertex 66.3272 15.2772 2
      vertex 66.3272 15.2772 0
    endloop
  endfacet
  facet normal 0.831527 0.555484 0
    outer loop
      vertex 66.172 15.4542 2
      vertex 66.0412 15.65 0
      vertex 66.0412 15.65 2
    endloop
  endfacet
  facet normal 0.831527 0.555484 0
    outer loop
      vertex 66.0412 15.65 0
      vertex 66.172 15.4542 2
      vertex 66.172 15.4542 0
    endloop
  endfacet
  facet normal -0.751892 0.659286 0
    outer loop
      vertex 68.8728 15.2772 0
      vertex 69.028 15.4542 2
      vertex 69.028 15.4542 0
    endloop
  endfacet
  facet normal -0.751892 0.659286 0
    outer loop
      vertex 69.028 15.4542 2
      vertex 68.8728 15.2772 0
      vertex 68.8728 15.2772 2
    endloop
  endfacet
  facet normal 0.442452 0.896792 -0
    outer loop
      vertex 66.9112 14.887 0
      vertex 66.7 14.9912 2
      vertex 66.9112 14.887 2
    endloop
  endfacet
  facet normal 0.442452 0.896792 0
    outer loop
      vertex 66.7 14.9912 2
      vertex 66.9112 14.887 0
      vertex 66.7 14.9912 0
    endloop
  endfacet
endsolid OpenSCAD_Model
