solid OpenSCAD_Model
  facet normal -1 0 0
    outer loop
      vertex -8.6 -9 0
      vertex -8.6 40.8 12.6
      vertex -8.6 40.8 0
    endloop
  endfacet
  facet normal -1 -0 0
    outer loop
      vertex -8.6 40.8 12.6
      vertex -8.6 -9 0
      vertex -8.6 -9 12.6
    endloop
  endfacet
  facet normal 0 0 1
    outer loop
      vertex 35.55 8.8 12.6
      vertex 32.55 8.8 12.6
      vertex 35.55 1.08 12.6
    endloop
  endfacet
  facet normal -0 0 1
    outer loop
      vertex 38.3953 21.5784 12.6
      vertex 38.55 17.8 12.6
      vertex 38.6802 21.6751 12.6
    endloop
  endfacet
  facet normal -0 0 1
    outer loop
      vertex 38.1002 21.5197 12.6
      vertex 38.55 17.8 12.6
      vertex 38.3953 21.5784 12.6
    endloop
  endfacet
  facet normal -0 0 1
    outer loop
      vertex 37.8 21.5 12.6
      vertex 38.55 17.8 12.6
      vertex 38.1002 21.5197 12.6
    endloop
  endfacet
  facet normal 0 0 1
    outer loop
      vertex 37.4998 21.5197 12.6
      vertex 38.55 17.8 12.6
      vertex 37.8 21.5 12.6
    endloop
  endfacet
  facet normal 0 0 1
    outer loop
      vertex 37.2047 21.5784 12.6
      vertex 38.55 17.8 12.6
      vertex 37.4998 21.5197 12.6
    endloop
  endfacet
  facet normal 0 0 1
    outer loop
      vertex 36.9198 21.6751 12.6
      vertex 38.55 17.8 12.6
      vertex 37.2047 21.5784 12.6
    endloop
  endfacet
  facet normal 0 0 1
    outer loop
      vertex 32.55 17.8 12.6
      vertex 36.9198 21.6751 12.6
      vertex 36.65 21.8081 12.6
    endloop
  endfacet
  facet normal 0 0 1
    outer loop
      vertex 32.55 17.8 12.6
      vertex 36.65 21.8081 12.6
      vertex 36.3998 21.9753 12.6
    endloop
  endfacet
  facet normal 0 0 1
    outer loop
      vertex 32.55 17.8 12.6
      vertex 36.3998 21.9753 12.6
      vertex 36.1737 22.1737 12.6
    endloop
  endfacet
  facet normal 0 0 1
    outer loop
      vertex 32.55 17.8 12.6
      vertex 36.1737 22.1737 12.6
      vertex 35.9753 22.3998 12.6
    endloop
  endfacet
  facet normal 0 0 1
    outer loop
      vertex 32.55 17.8 12.6
      vertex 35.9753 22.3998 12.6
      vertex 35.8081 22.65 12.6
    endloop
  endfacet
  facet normal 0 0 1
    outer loop
      vertex 32.85 28.55 12.6
      vertex 35.5197 23.4998 12.6
      vertex 35.5 23.8 12.6
    endloop
  endfacet
  facet normal 0 0 1
    outer loop
      vertex 32.55 17.8 12.6
      vertex 35.5197 23.4998 12.6
      vertex 32.85 28.55 12.6
    endloop
  endfacet
  facet normal 0 0 1
    outer loop
      vertex 35.5197 23.4998 12.6
      vertex 32.55 17.8 12.6
      vertex 35.5784 23.2047 12.6
    endloop
  endfacet
  facet normal 0 0 1
    outer loop
      vertex 35.5784 23.2047 12.6
      vertex 32.55 17.8 12.6
      vertex 35.6751 22.9198 12.6
    endloop
  endfacet
  facet normal 0 0 1
    outer loop
      vertex 36.9198 21.6751 12.6
      vertex 32.55 17.8 12.6
      vertex 38.55 17.8 12.6
    endloop
  endfacet
  facet normal 0 0 1
    outer loop
      vertex 35.6751 22.9198 12.6
      vertex 32.55 17.8 12.6
      vertex 35.8081 22.65 12.6
    endloop
  endfacet
  facet normal 0 0 1
    outer loop
      vertex 63.7 40.8 12.6
      vertex 50.0216 23.2047 12.6
      vertex 50.05 9.08 12.6
    endloop
  endfacet
  facet normal -0 0 1
    outer loop
      vertex 49.9249 22.9198 12.6
      vertex 50.05 9.08 12.6
      vertex 50.0216 23.2047 12.6
    endloop
  endfacet
  facet normal -0 0 1
    outer loop
      vertex 49.7919 22.65 12.6
      vertex 50.05 9.08 12.6
      vertex 49.9249 22.9198 12.6
    endloop
  endfacet
  facet normal -0 0 1
    outer loop
      vertex 49.6247 22.3998 12.6
      vertex 50.05 9.08 12.6
      vertex 49.7919 22.65 12.6
    endloop
  endfacet
  facet normal -0 0 1
    outer loop
      vertex 49.4263 22.1737 12.6
      vertex 50.05 9.08 12.6
      vertex 49.6247 22.3998 12.6
    endloop
  endfacet
  facet normal -0 0 1
    outer loop
      vertex 49.2001 21.9753 12.6
      vertex 50.05 9.08 12.6
      vertex 49.4263 22.1737 12.6
    endloop
  endfacet
  facet normal -0 0 1
    outer loop
      vertex 48.95 21.8081 12.6
      vertex 50.05 9.08 12.6
      vertex 49.2001 21.9753 12.6
    endloop
  endfacet
  facet normal -0 0 1
    outer loop
      vertex 48.6802 21.6751 12.6
      vertex 50.05 9.08 12.6
      vertex 48.95 21.8081 12.6
    endloop
  endfacet
  facet normal -0 0 1
    outer loop
      vertex 48.3953 21.5784 12.6
      vertex 50.05 9.08 12.6
      vertex 48.6802 21.6751 12.6
    endloop
  endfacet
  facet normal -0 0 1
    outer loop
      vertex 48.1002 21.5197 12.6
      vertex 50.05 9.08 12.6
      vertex 48.3953 21.5784 12.6
    endloop
  endfacet
  facet normal -0 0 1
    outer loop
      vertex 47.8 21.5 12.6
      vertex 50.05 9.08 12.6
      vertex 48.1002 21.5197 12.6
    endloop
  endfacet
  facet normal 0 0 1
    outer loop
      vertex 47.4998 21.5197 12.6
      vertex 50.05 9.08 12.6
      vertex 47.8 21.5 12.6
    endloop
  endfacet
  facet normal 0 0 1
    outer loop
      vertex 47.2047 21.5784 12.6
      vertex 50.05 9.08 12.6
      vertex 47.4998 21.5197 12.6
    endloop
  endfacet
  facet normal 0 0 1
    outer loop
      vertex 38.55 17.8 12.6
      vertex 47.2047 21.5784 12.6
      vertex 46.9198 21.6751 12.6
    endloop
  endfacet
  facet normal 0 0 1
    outer loop
      vertex 38.55 17.8 12.6
      vertex 46.9198 21.6751 12.6
      vertex 46.65 21.8081 12.6
    endloop
  endfacet
  facet normal 0 0 1
    outer loop
      vertex 38.55 17.8 12.6
      vertex 46.65 21.8081 12.6
      vertex 46.3998 21.9753 12.6
    endloop
  endfacet
  facet normal 0 0 1
    outer loop
      vertex 38.55 17.8 12.6
      vertex 46.3998 21.9753 12.6
      vertex 46.1737 22.1737 12.6
    endloop
  endfacet
  facet normal 0 0 1
    outer loop
      vertex 39.4263 22.1737 12.6
      vertex 46.1737 22.1737 12.6
      vertex 45.9753 22.3998 12.6
    endloop
  endfacet
  facet normal 0 0 1
    outer loop
      vertex 39.6247 22.3998 12.6
      vertex 45.9753 22.3998 12.6
      vertex 45.8081 22.65 12.6
    endloop
  endfacet
  facet normal 0 0 1
    outer loop
      vertex 39.7919 22.65 12.6
      vertex 45.8081 22.65 12.6
      vertex 45.6751 22.9198 12.6
    endloop
  endfacet
  facet normal 0 0 1
    outer loop
      vertex 39.9249 22.9198 12.6
      vertex 45.6751 22.9198 12.6
      vertex 45.5784 23.2047 12.6
    endloop
  endfacet
  facet normal -0 0 1
    outer loop
      vertex 40.1 23.8 12.6
      vertex 45.5197 23.4998 12.6
      vertex 45.5 23.8 12.6
    endloop
  endfacet
  facet normal 0 0 1
    outer loop
      vertex 40.0803 23.4998 12.6
      vertex 45.5197 23.4998 12.6
      vertex 40.1 23.8 12.6
    endloop
  endfacet
  facet normal 0 0 1
    outer loop
      vertex 45.5197 23.4998 12.6
      vertex 40.0803 23.4998 12.6
      vertex 45.5784 23.2047 12.6
    endloop
  endfacet
  facet normal 0 0 1
    outer loop
      vertex 40.0216 23.2047 12.6
      vertex 45.5784 23.2047 12.6
      vertex 40.0803 23.4998 12.6
    endloop
  endfacet
  facet normal 0 0 1
    outer loop
      vertex 39.9249 22.9198 12.6
      vertex 45.5784 23.2047 12.6
      vertex 40.0216 23.2047 12.6
    endloop
  endfacet
  facet normal 0 0 1
    outer loop
      vertex 45.6751 22.9198 12.6
      vertex 39.9249 22.9198 12.6
      vertex 39.7919 22.65 12.6
    endloop
  endfacet
  facet normal 0 0 1
    outer loop
      vertex 45.8081 22.65 12.6
      vertex 39.7919 22.65 12.6
      vertex 39.6247 22.3998 12.6
    endloop
  endfacet
  facet normal 0 0 1
    outer loop
      vertex 45.9753 22.3998 12.6
      vertex 39.6247 22.3998 12.6
      vertex 39.4263 22.1737 12.6
    endloop
  endfacet
  facet normal 0 0 1
    outer loop
      vertex 46.1737 22.1737 12.6
      vertex 39.4263 22.1737 12.6
      vertex 38.55 17.8 12.6
    endloop
  endfacet
  facet normal 0 0 1
    outer loop
      vertex 38.55 17.8 12.6
      vertex 39.4263 22.1737 12.6
      vertex 39.2001 21.9753 12.6
    endloop
  endfacet
  facet normal 0 0 1
    outer loop
      vertex 38.55 17.8 12.6
      vertex 39.2001 21.9753 12.6
      vertex 38.95 21.8081 12.6
    endloop
  endfacet
  facet normal 0 0 1
    outer loop
      vertex 38.55 17.8 12.6
      vertex 38.95 21.8081 12.6
      vertex 38.6802 21.6751 12.6
    endloop
  endfacet
  facet normal 0 0 1
    outer loop
      vertex 47.2047 21.5784 12.6
      vertex 38.55 17.8 12.6
      vertex 50.05 9.08 12.6
    endloop
  endfacet
  facet normal 0 0 1
    outer loop
      vertex 50.05 9.08 12.6
      vertex 38.55 17.8 12.6
      vertex 38.55 9.08 12.6
    endloop
  endfacet
  facet normal 0 0 1
    outer loop
      vertex 50.0803 23.4998 12.6
      vertex 63.7 40.8 12.6
      vertex 50.1 23.8 12.6
    endloop
  endfacet
  facet normal 0 0 1
    outer loop
      vertex 63.7 40.8 12.6
      vertex 50.0803 24.1002 12.6
      vertex 50.1 23.8 12.6
    endloop
  endfacet
  facet normal 0 0 1
    outer loop
      vertex 63.7 40.8 12.6
      vertex 50.0216 24.3953 12.6
      vertex 50.0803 24.1002 12.6
    endloop
  endfacet
  facet normal 0 0 1
    outer loop
      vertex 63.7 40.8 12.6
      vertex 49.9249 24.6802 12.6
      vertex 50.0216 24.3953 12.6
    endloop
  endfacet
  facet normal -0 0 1
    outer loop
      vertex 49.0372 31.3542 12.6
      vertex 49.9249 24.6802 12.6
      vertex 63.7 40.8 12.6
    endloop
  endfacet
  facet normal 0 0 1
    outer loop
      vertex 49.9249 24.6802 12.6
      vertex 49.0372 31.3542 12.6
      vertex 49.7919 24.95 12.6
    endloop
  endfacet
  facet normal -0 0 1
    outer loop
      vertex 48.9989 31.1618 12.6
      vertex 49.7919 24.95 12.6
      vertex 49.0372 31.3542 12.6
    endloop
  endfacet
  facet normal -0 0 1
    outer loop
      vertex 48.9358 30.976 12.6
      vertex 49.7919 24.95 12.6
      vertex 48.9989 31.1618 12.6
    endloop
  endfacet
  facet normal 0 0 1
    outer loop
      vertex 49.0372 31.3542 12.6
      vertex 63.7 40.8 12.6
      vertex 49.05 31.55 12.6
    endloop
  endfacet
  facet normal 0 0 1
    outer loop
      vertex 63.7 40.8 12.6
      vertex 49.0372 31.7458 12.6
      vertex 49.05 31.55 12.6
    endloop
  endfacet
  facet normal 0 0 1
    outer loop
      vertex 63.7 40.8 12.6
      vertex 48.9989 31.9382 12.6
      vertex 49.0372 31.7458 12.6
    endloop
  endfacet
  facet normal 0 0 1
    outer loop
      vertex 63.7 40.8 12.6
      vertex 48.9358 32.124 12.6
      vertex 48.9989 31.9382 12.6
    endloop
  endfacet
  facet normal 0 0 1
    outer loop
      vertex 63.7 40.8 12.6
      vertex 48.849 32.3 12.6
      vertex 48.9358 32.124 12.6
    endloop
  endfacet
  facet normal 0 0 1
    outer loop
      vertex 63.7 40.8 12.6
      vertex 48.74 32.4631 12.6
      vertex 48.849 32.3 12.6
    endloop
  endfacet
  facet normal 0 0 1
    outer loop
      vertex 63.7 40.8 12.6
      vertex 48.6107 32.6107 12.6
      vertex 48.74 32.4631 12.6
    endloop
  endfacet
  facet normal 0 0 1
    outer loop
      vertex 63.7 40.8 12.6
      vertex 48.4631 32.74 12.6
      vertex 48.6107 32.6107 12.6
    endloop
  endfacet
  facet normal 0 0 1
    outer loop
      vertex 63.7 40.8 12.6
      vertex 48.3 32.849 12.6
      vertex 48.4631 32.74 12.6
    endloop
  endfacet
  facet normal -0 0 1
    outer loop
      vertex 45.85 34.55 12.6
      vertex 48.3 32.849 12.6
      vertex 63.7 40.8 12.6
    endloop
  endfacet
  facet normal 0 0 1
    outer loop
      vertex 48.3 32.849 12.6
      vertex 45.85 34.55 12.6
      vertex 48.124 32.9358 12.6
    endloop
  endfacet
  facet normal 0 0 1
    outer loop
      vertex 48.124 32.9358 12.6
      vertex 45.85 34.55 12.6
      vertex 47.9382 32.9989 12.6
    endloop
  endfacet
  facet normal 0 0 1
    outer loop
      vertex 47.9382 32.9989 12.6
      vertex 45.85 34.55 12.6
      vertex 47.7458 33.0372 12.6
    endloop
  endfacet
  facet normal 0 0 1
    outer loop
      vertex 47.7458 33.0372 12.6
      vertex 45.85 34.55 12.6
      vertex 47.55 33.05 12.6
    endloop
  endfacet
  facet normal 0 0 1
    outer loop
      vertex 47.55 33.05 12.6
      vertex 45.85 34.55 12.6
      vertex 47.3542 33.0372 12.6
    endloop
  endfacet
  facet normal 0 0 1
    outer loop
      vertex 47.3542 33.0372 12.6
      vertex 45.85 34.55 12.6
      vertex 47.1618 32.9989 12.6
    endloop
  endfacet
  facet normal 0 0 1
    outer loop
      vertex 45.85 28.55 12.6
      vertex 46.05 31.55 12.6
      vertex 45.85 34.55 12.6
    endloop
  endfacet
  facet normal 0 0 1
    outer loop
      vertex 46.0628 31.7458 12.6
      vertex 45.85 34.55 12.6
      vertex 46.05 31.55 12.6
    endloop
  endfacet
  facet normal 0 0 1
    outer loop
      vertex 46.1011 31.9382 12.6
      vertex 45.85 34.55 12.6
      vertex 46.0628 31.7458 12.6
    endloop
  endfacet
  facet normal 0 0 1
    outer loop
      vertex 46.1642 32.124 12.6
      vertex 45.85 34.55 12.6
      vertex 46.1011 31.9382 12.6
    endloop
  endfacet
  facet normal 0 0 1
    outer loop
      vertex 46.251 32.3 12.6
      vertex 45.85 34.55 12.6
      vertex 46.1642 32.124 12.6
    endloop
  endfacet
  facet normal 0 0 1
    outer loop
      vertex 46.36 32.4631 12.6
      vertex 45.85 34.55 12.6
      vertex 46.251 32.3 12.6
    endloop
  endfacet
  facet normal 0 0 1
    outer loop
      vertex 46.4893 32.6107 12.6
      vertex 45.85 34.55 12.6
      vertex 46.36 32.4631 12.6
    endloop
  endfacet
  facet normal 0 0 1
    outer loop
      vertex 46.6369 32.74 12.6
      vertex 45.85 34.55 12.6
      vertex 46.4893 32.6107 12.6
    endloop
  endfacet
  facet normal 0 0 1
    outer loop
      vertex 46.8 32.849 12.6
      vertex 45.85 34.55 12.6
      vertex 46.6369 32.74 12.6
    endloop
  endfacet
  facet normal 0 0 1
    outer loop
      vertex 46.976 32.9358 12.6
      vertex 45.85 34.55 12.6
      vertex 46.8 32.849 12.6
    endloop
  endfacet
  facet normal 0 0 1
    outer loop
      vertex 47.1618 32.9989 12.6
      vertex 45.85 34.55 12.6
      vertex 46.976 32.9358 12.6
    endloop
  endfacet
  facet normal 0 0 1
    outer loop
      vertex 63.7 40.8 12.6
      vertex 32.85 34.55 12.6
      vertex 45.85 34.55 12.6
    endloop
  endfacet
  facet normal 0 0 1
    outer loop
      vertex -8.6 40.8 12.6
      vertex 32.85 28.55 12.6
      vertex 32.85 34.55 12.6
    endloop
  endfacet
  facet normal 0 0 1
    outer loop
      vertex -8.6 -9 12.6
      vertex 32.55 17.8 12.6
      vertex -8.6 40.8 12.6
    endloop
  endfacet
  facet normal 0 0 1
    outer loop
      vertex 32.85 28.55 12.6
      vertex -8.6 40.8 12.6
      vertex 32.55 17.8 12.6
    endloop
  endfacet
  facet normal -0 0 1
    outer loop
      vertex -8.6 40.8 12.6
      vertex 32.85 34.55 12.6
      vertex 63.7 40.8 12.6
    endloop
  endfacet
  facet normal 0 0 1
    outer loop
      vertex 50.0216 23.2047 12.6
      vertex 63.7 40.8 12.6
      vertex 50.0803 23.4998 12.6
    endloop
  endfacet
  facet normal 0 0 1
    outer loop
      vertex 63.7 40.8 12.6
      vertex 50.05 9.08 12.6
      vertex 63.7 -9 12.6
    endloop
  endfacet
  facet normal -0 0 1
    outer loop
      vertex 50.05 1.08 12.6
      vertex 63.7 -9 12.6
      vertex 50.05 9.08 12.6
    endloop
  endfacet
  facet normal -0 0 1
    outer loop
      vertex 35.55 1.08 12.6
      vertex 63.7 -9 12.6
      vertex 50.05 1.08 12.6
    endloop
  endfacet
  facet normal 0 0 1
    outer loop
      vertex 32.55 17.8 12.6
      vertex -8.6 -9 12.6
      vertex 32.55 8.8 12.6
    endloop
  endfacet
  facet normal 0 0 1
    outer loop
      vertex 35.55 1.08 12.6
      vertex -8.6 -9 12.6
      vertex 63.7 -9 12.6
    endloop
  endfacet
  facet normal 0 0 1
    outer loop
      vertex 32.55 8.8 12.6
      vertex -8.6 -9 12.6
      vertex 35.55 1.08 12.6
    endloop
  endfacet
  facet normal 0 0 1
    outer loop
      vertex 49.7919 24.95 12.6
      vertex 48.9358 30.976 12.6
      vertex 49.6247 25.2001 12.6
    endloop
  endfacet
  facet normal -0 0 1
    outer loop
      vertex 48.849 30.8 12.6
      vertex 49.6247 25.2001 12.6
      vertex 48.9358 30.976 12.6
    endloop
  endfacet
  facet normal 0 0 1
    outer loop
      vertex 49.6247 25.2001 12.6
      vertex 48.849 30.8 12.6
      vertex 49.4263 25.4263 12.6
    endloop
  endfacet
  facet normal -0 0 1
    outer loop
      vertex 48.74 30.6369 12.6
      vertex 49.4263 25.4263 12.6
      vertex 48.849 30.8 12.6
    endloop
  endfacet
  facet normal 0 0 1
    outer loop
      vertex 49.4263 25.4263 12.6
      vertex 48.74 30.6369 12.6
      vertex 49.2001 25.6247 12.6
    endloop
  endfacet
  facet normal -0 0 1
    outer loop
      vertex 48.6107 30.4893 12.6
      vertex 49.2001 25.6247 12.6
      vertex 48.74 30.6369 12.6
    endloop
  endfacet
  facet normal 0 0 1
    outer loop
      vertex 49.2001 25.6247 12.6
      vertex 48.6107 30.4893 12.6
      vertex 48.95 25.7919 12.6
    endloop
  endfacet
  facet normal -0 0 1
    outer loop
      vertex 48.4631 30.36 12.6
      vertex 48.95 25.7919 12.6
      vertex 48.6107 30.4893 12.6
    endloop
  endfacet
  facet normal 0 0 1
    outer loop
      vertex 48.95 25.7919 12.6
      vertex 48.4631 30.36 12.6
      vertex 48.6802 25.9249 12.6
    endloop
  endfacet
  facet normal -0 0 1
    outer loop
      vertex 48.3 30.251 12.6
      vertex 48.6802 25.9249 12.6
      vertex 48.4631 30.36 12.6
    endloop
  endfacet
  facet normal 0 0 1
    outer loop
      vertex 48.6802 25.9249 12.6
      vertex 48.3 30.251 12.6
      vertex 48.3953 26.0216 12.6
    endloop
  endfacet
  facet normal -0 0 1
    outer loop
      vertex 48.124 30.1642 12.6
      vertex 48.3953 26.0216 12.6
      vertex 48.3 30.251 12.6
    endloop
  endfacet
  facet normal -0 0 1
    outer loop
      vertex 47.9382 30.1011 12.6
      vertex 48.3953 26.0216 12.6
      vertex 48.124 30.1642 12.6
    endloop
  endfacet
  facet normal 0 0 1
    outer loop
      vertex 48.3953 26.0216 12.6
      vertex 47.9382 30.1011 12.6
      vertex 48.1002 26.0803 12.6
    endloop
  endfacet
  facet normal -0 0 1
    outer loop
      vertex 47.7458 30.0628 12.6
      vertex 48.1002 26.0803 12.6
      vertex 47.9382 30.1011 12.6
    endloop
  endfacet
  facet normal 0 0 1
    outer loop
      vertex 48.1002 26.0803 12.6
      vertex 47.7458 30.0628 12.6
      vertex 47.8 26.1 12.6
    endloop
  endfacet
  facet normal -0 0 1
    outer loop
      vertex 47.55 30.05 12.6
      vertex 47.8 26.1 12.6
      vertex 47.7458 30.0628 12.6
    endloop
  endfacet
  facet normal 0 0 1
    outer loop
      vertex 47.55 30.05 12.6
      vertex 47.4998 26.0803 12.6
      vertex 47.8 26.1 12.6
    endloop
  endfacet
  facet normal 0 0 1
    outer loop
      vertex 47.3542 30.0628 12.6
      vertex 47.4998 26.0803 12.6
      vertex 47.55 30.05 12.6
    endloop
  endfacet
  facet normal 0 0 1
    outer loop
      vertex 47.3542 30.0628 12.6
      vertex 47.2047 26.0216 12.6
      vertex 47.4998 26.0803 12.6
    endloop
  endfacet
  facet normal 0 0 1
    outer loop
      vertex 47.1618 30.1011 12.6
      vertex 47.2047 26.0216 12.6
      vertex 47.3542 30.0628 12.6
    endloop
  endfacet
  facet normal 0 0 1
    outer loop
      vertex 46.976 30.1642 12.6
      vertex 47.2047 26.0216 12.6
      vertex 47.1618 30.1011 12.6
    endloop
  endfacet
  facet normal 0 0 1
    outer loop
      vertex 46.976 30.1642 12.6
      vertex 46.9198 25.9249 12.6
      vertex 47.2047 26.0216 12.6
    endloop
  endfacet
  facet normal 0 0 1
    outer loop
      vertex 46.8 30.251 12.6
      vertex 46.9198 25.9249 12.6
      vertex 46.976 30.1642 12.6
    endloop
  endfacet
  facet normal 0 0 1
    outer loop
      vertex 46.8 30.251 12.6
      vertex 46.65 25.7919 12.6
      vertex 46.9198 25.9249 12.6
    endloop
  endfacet
  facet normal 0 0 1
    outer loop
      vertex 46.6369 30.36 12.6
      vertex 46.65 25.7919 12.6
      vertex 46.8 30.251 12.6
    endloop
  endfacet
  facet normal 0 0 1
    outer loop
      vertex 46.3998 25.6247 12.6
      vertex 46.6369 30.36 12.6
      vertex 46.4893 30.4893 12.6
    endloop
  endfacet
  facet normal 0 0 1
    outer loop
      vertex 46.6369 30.36 12.6
      vertex 46.3998 25.6247 12.6
      vertex 46.65 25.7919 12.6
    endloop
  endfacet
  facet normal 0 0 1
    outer loop
      vertex 46.1737 25.4263 12.6
      vertex 46.4893 30.4893 12.6
      vertex 46.36 30.6369 12.6
    endloop
  endfacet
  facet normal 0 0 1
    outer loop
      vertex 45.9753 25.2001 12.6
      vertex 46.36 30.6369 12.6
      vertex 46.251 30.8 12.6
    endloop
  endfacet
  facet normal 0 0 1
    outer loop
      vertex 46.4893 30.4893 12.6
      vertex 46.1737 25.4263 12.6
      vertex 46.3998 25.6247 12.6
    endloop
  endfacet
  facet normal 0 0 1
    outer loop
      vertex 45.9753 25.2001 12.6
      vertex 46.251 30.8 12.6
      vertex 46.1642 30.976 12.6
    endloop
  endfacet
  facet normal 0 0 1
    outer loop
      vertex 45.9753 25.2001 12.6
      vertex 46.1642 30.976 12.6
      vertex 46.1011 31.1618 12.6
    endloop
  endfacet
  facet normal 0 0 1
    outer loop
      vertex 45.9753 25.2001 12.6
      vertex 46.1011 31.1618 12.6
      vertex 46.0628 31.3542 12.6
    endloop
  endfacet
  facet normal 0 0 1
    outer loop
      vertex 45.9753 25.2001 12.6
      vertex 46.0628 31.3542 12.6
      vertex 46.05 31.55 12.6
    endloop
  endfacet
  facet normal 0 0 1
    outer loop
      vertex 46.36 30.6369 12.6
      vertex 45.9753 25.2001 12.6
      vertex 46.1737 25.4263 12.6
    endloop
  endfacet
  facet normal 0 0 1
    outer loop
      vertex 46.05 31.55 12.6
      vertex 45.85 28.55 12.6
      vertex 45.9753 25.2001 12.6
    endloop
  endfacet
  facet normal 0 0 1
    outer loop
      vertex 45.85 28.55 12.6
      vertex 45.8081 24.95 12.6
      vertex 45.9753 25.2001 12.6
    endloop
  endfacet
  facet normal 0 0 1
    outer loop
      vertex 39.7919 24.95 12.6
      vertex 45.8081 24.95 12.6
      vertex 45.85 28.55 12.6
    endloop
  endfacet
  facet normal 0 0 1
    outer loop
      vertex 45.8081 24.95 12.6
      vertex 39.7919 24.95 12.6
      vertex 45.6751 24.6802 12.6
    endloop
  endfacet
  facet normal 0 -0 1
    outer loop
      vertex 39.9249 24.6802 12.6
      vertex 45.6751 24.6802 12.6
      vertex 39.7919 24.95 12.6
    endloop
  endfacet
  facet normal 0 0 1
    outer loop
      vertex 45.5197 24.1002 12.6
      vertex 40.1 23.8 12.6
      vertex 45.5 23.8 12.6
    endloop
  endfacet
  facet normal 0 0 1
    outer loop
      vertex 45.6751 24.6802 12.6
      vertex 39.9249 24.6802 12.6
      vertex 45.5784 24.3953 12.6
    endloop
  endfacet
  facet normal 0 0 1
    outer loop
      vertex 45.5197 24.1002 12.6
      vertex 40.0803 24.1002 12.6
      vertex 40.1 23.8 12.6
    endloop
  endfacet
  facet normal 0 0 1
    outer loop
      vertex 45.5197 24.1002 12.6
      vertex 40.0216 24.3953 12.6
      vertex 40.0803 24.1002 12.6
    endloop
  endfacet
  facet normal 0 0 1
    outer loop
      vertex 45.5784 24.3953 12.6
      vertex 40.0216 24.3953 12.6
      vertex 45.5197 24.1002 12.6
    endloop
  endfacet
  facet normal 0 -0 1
    outer loop
      vertex 40.0216 24.3953 12.6
      vertex 45.5784 24.3953 12.6
      vertex 39.9249 24.6802 12.6
    endloop
  endfacet
  facet normal 0 0 1
    outer loop
      vertex 45.85 28.55 12.6
      vertex 39.6247 25.2001 12.6
      vertex 39.7919 24.95 12.6
    endloop
  endfacet
  facet normal 0 0 1
    outer loop
      vertex 45.85 28.55 12.6
      vertex 39.4263 25.4263 12.6
      vertex 39.6247 25.2001 12.6
    endloop
  endfacet
  facet normal 0 0 1
    outer loop
      vertex 45.85 28.55 12.6
      vertex 39.2001 25.6247 12.6
      vertex 39.4263 25.4263 12.6
    endloop
  endfacet
  facet normal 0 0 1
    outer loop
      vertex 45.85 28.55 12.6
      vertex 38.95 25.7919 12.6
      vertex 39.2001 25.6247 12.6
    endloop
  endfacet
  facet normal 0 0 1
    outer loop
      vertex 45.85 28.55 12.6
      vertex 38.6802 25.9249 12.6
      vertex 38.95 25.7919 12.6
    endloop
  endfacet
  facet normal 0 0 1
    outer loop
      vertex 45.85 28.55 12.6
      vertex 38.3953 26.0216 12.6
      vertex 38.6802 25.9249 12.6
    endloop
  endfacet
  facet normal 0 0 1
    outer loop
      vertex 45.85 28.55 12.6
      vertex 38.1002 26.0803 12.6
      vertex 38.3953 26.0216 12.6
    endloop
  endfacet
  facet normal -0 0 1
    outer loop
      vertex 32.85 28.55 12.6
      vertex 38.1002 26.0803 12.6
      vertex 45.85 28.55 12.6
    endloop
  endfacet
  facet normal 0 0 1
    outer loop
      vertex 38.1002 26.0803 12.6
      vertex 32.85 28.55 12.6
      vertex 37.8 26.1 12.6
    endloop
  endfacet
  facet normal 0 0 1
    outer loop
      vertex 37.8 26.1 12.6
      vertex 32.85 28.55 12.6
      vertex 37.4998 26.0803 12.6
    endloop
  endfacet
  facet normal 0 0 1
    outer loop
      vertex 35.5197 24.1002 12.6
      vertex 32.85 28.55 12.6
      vertex 35.5 23.8 12.6
    endloop
  endfacet
  facet normal 0 0 1
    outer loop
      vertex 35.5784 24.3953 12.6
      vertex 32.85 28.55 12.6
      vertex 35.5197 24.1002 12.6
    endloop
  endfacet
  facet normal 0 0 1
    outer loop
      vertex 35.6751 24.6802 12.6
      vertex 32.85 28.55 12.6
      vertex 35.5784 24.3953 12.6
    endloop
  endfacet
  facet normal 0 0 1
    outer loop
      vertex 35.8081 24.95 12.6
      vertex 32.85 28.55 12.6
      vertex 35.6751 24.6802 12.6
    endloop
  endfacet
  facet normal 0 0 1
    outer loop
      vertex 35.9753 25.2001 12.6
      vertex 32.85 28.55 12.6
      vertex 35.8081 24.95 12.6
    endloop
  endfacet
  facet normal 0 0 1
    outer loop
      vertex 36.1737 25.4263 12.6
      vertex 32.85 28.55 12.6
      vertex 35.9753 25.2001 12.6
    endloop
  endfacet
  facet normal 0 0 1
    outer loop
      vertex 36.3998 25.6247 12.6
      vertex 32.85 28.55 12.6
      vertex 36.1737 25.4263 12.6
    endloop
  endfacet
  facet normal 0 0 1
    outer loop
      vertex 36.65 25.7919 12.6
      vertex 32.85 28.55 12.6
      vertex 36.3998 25.6247 12.6
    endloop
  endfacet
  facet normal 0 0 1
    outer loop
      vertex 36.9198 25.9249 12.6
      vertex 32.85 28.55 12.6
      vertex 36.65 25.7919 12.6
    endloop
  endfacet
  facet normal 0 0 1
    outer loop
      vertex 37.2047 26.0216 12.6
      vertex 32.85 28.55 12.6
      vertex 36.9198 25.9249 12.6
    endloop
  endfacet
  facet normal 0 0 1
    outer loop
      vertex 37.4998 26.0803 12.6
      vertex 32.85 28.55 12.6
      vertex 37.2047 26.0216 12.6
    endloop
  endfacet
  facet normal 1 -0 0
    outer loop
      vertex 63.7 -9 12.6
      vertex 63.7 40.8 0
      vertex 63.7 40.8 12.6
    endloop
  endfacet
  facet normal 1 0 0
    outer loop
      vertex 63.7 40.8 0
      vertex 63.7 -9 12.6
      vertex 63.7 -9 0
    endloop
  endfacet
  facet normal 0 0 -1
    outer loop
      vertex 63.7 -9 0
      vertex 61.7 -7 0
      vertex 63.7 40.8 0
    endloop
  endfacet
  facet normal 0 0 -1
    outer loop
      vertex 63.7 -9 0
      vertex -6.6 -7 0
      vertex 61.7 -7 0
    endloop
  endfacet
  facet normal -0 0 -1
    outer loop
      vertex -6.6 -7 0
      vertex -8.6 -9 0
      vertex -6.6 38.8 0
    endloop
  endfacet
  facet normal 0 0 -1
    outer loop
      vertex -8.6 -9 0
      vertex -6.6 -7 0
      vertex 63.7 -9 0
    endloop
  endfacet
  facet normal 0 0 -1
    outer loop
      vertex 61.7 38.8 0
      vertex 63.7 40.8 0
      vertex 61.7 -7 0
    endloop
  endfacet
  facet normal 0 0 -1
    outer loop
      vertex -6.6 38.8 0
      vertex 63.7 40.8 0
      vertex 61.7 38.8 0
    endloop
  endfacet
  facet normal 0 0 -1
    outer loop
      vertex -6.6 38.8 0
      vertex -8.6 40.8 0
      vertex 63.7 40.8 0
    endloop
  endfacet
  facet normal 0 0 -1
    outer loop
      vertex -8.6 40.8 0
      vertex -6.6 38.8 0
      vertex -8.6 -9 0
    endloop
  endfacet
  facet normal 0 -1 0
    outer loop
      vertex -8.6 -9 0
      vertex 63.7 -9 12.6
      vertex -8.6 -9 12.6
    endloop
  endfacet
  facet normal 0 -1 -0
    outer loop
      vertex 63.7 -9 12.6
      vertex -8.6 -9 0
      vertex 63.7 -9 0
    endloop
  endfacet
  facet normal 0 1 0
    outer loop
      vertex 63.7 40.8 12.6
      vertex 24.55 40.8 9.5
      vertex -8.6 40.8 12.6
    endloop
  endfacet
  facet normal 0 1 0
    outer loop
      vertex 63.7 40.8 12.6
      vertex 24.55 40.8 3.5
      vertex 24.55 40.8 9.5
    endloop
  endfacet
  facet normal 0 1 0
    outer loop
      vertex -8.6 40.8 0
      vertex 24.55 40.8 3.5
      vertex 63.7 40.8 0
    endloop
  endfacet
  facet normal 0 1 -0
    outer loop
      vertex 63.7 40.8 0
      vertex 24.55 40.8 3.5
      vertex 63.7 40.8 12.6
    endloop
  endfacet
  facet normal 0 1 -0
    outer loop
      vertex 9.55 40.8 9.5
      vertex -8.6 40.8 12.6
      vertex 24.55 40.8 9.5
    endloop
  endfacet
  facet normal 0 1 -0
    outer loop
      vertex 9.55 40.8 3.5
      vertex -8.6 40.8 12.6
      vertex 9.55 40.8 9.5
    endloop
  endfacet
  facet normal 0 1 0
    outer loop
      vertex 9.55 40.8 3.5
      vertex -8.6 40.8 0
      vertex -8.6 40.8 12.6
    endloop
  endfacet
  facet normal 0 1 0
    outer loop
      vertex 24.55 40.8 3.5
      vertex -8.6 40.8 0
      vertex 9.55 40.8 3.5
    endloop
  endfacet
  facet normal 1 -0 0
    outer loop
      vertex -6.6 -7 10.6
      vertex -6.6 38.8 0
      vertex -6.6 38.8 10.6
    endloop
  endfacet
  facet normal 1 0 0
    outer loop
      vertex -6.6 38.8 0
      vertex -6.6 -7 10.6
      vertex -6.6 -7 0
    endloop
  endfacet
  facet normal 0 0 -1
    outer loop
      vertex -0.243585 -2.17541 10.6
      vertex 32.55 8.8 10.6
      vertex -0.109036 -2.57178 10.6
    endloop
  endfacet
  facet normal 0 0 -1
    outer loop
      vertex 32.55 17.8 10.6
      vertex -0.0273762 34.7823 10.6
      vertex 0 35.2 10.6
    endloop
  endfacet
  facet normal 0 0 -1
    outer loop
      vertex -0.428719 -1.8 10.6
      vertex 32.55 8.8 10.6
      vertex -0.243585 -2.17541 10.6
    endloop
  endfacet
  facet normal 0 0 -1
    outer loop
      vertex 32.55 17.8 10.6
      vertex -0.109036 34.3718 10.6
      vertex -0.0273762 34.7823 10.6
    endloop
  endfacet
  facet normal 0 0 -1
    outer loop
      vertex -0.661269 -1.45196 10.6
      vertex 32.55 8.8 10.6
      vertex -0.428719 -1.8 10.6
    endloop
  endfacet
  facet normal 0 0 -1
    outer loop
      vertex 32.55 17.8 10.6
      vertex -0.243585 33.9754 10.6
      vertex -0.109036 34.3718 10.6
    endloop
  endfacet
  facet normal 0 0 -1
    outer loop
      vertex -0.937258 -1.13726 10.6
      vertex 32.55 8.8 10.6
      vertex -0.661269 -1.45196 10.6
    endloop
  endfacet
  facet normal 0 0 -1
    outer loop
      vertex 32.55 17.8 10.6
      vertex -0.428719 33.6 10.6
      vertex -0.243585 33.9754 10.6
    endloop
  endfacet
  facet normal -0 0 -1
    outer loop
      vertex 32.55 8.8 10.6
      vertex -0.937258 -1.13726 10.6
      vertex 32.55 17.8 10.6
    endloop
  endfacet
  facet normal 0 0 -1
    outer loop
      vertex 32.55 17.8 10.6
      vertex -0.661269 33.252 10.6
      vertex -0.428719 33.6 10.6
    endloop
  endfacet
  facet normal 0 0 -1
    outer loop
      vertex -1.25196 -0.861269 10.6
      vertex 32.55 17.8 10.6
      vertex -0.937258 -1.13726 10.6
    endloop
  endfacet
  facet normal 0 0 -1
    outer loop
      vertex 32.55 17.8 10.6
      vertex -0.937258 32.9373 10.6
      vertex -0.661269 33.252 10.6
    endloop
  endfacet
  facet normal 0 0 -1
    outer loop
      vertex -1.25196 32.6613 10.6
      vertex 32.55 17.8 10.6
      vertex -1.25196 -0.861269 10.6
    endloop
  endfacet
  facet normal 0 0 -1
    outer loop
      vertex 32.55 17.8 10.6
      vertex -1.25196 32.6613 10.6
      vertex -0.937258 32.9373 10.6
    endloop
  endfacet
  facet normal 0 0 -1
    outer loop
      vertex -1.6 -0.628718 10.6
      vertex -1.25196 32.6613 10.6
      vertex -1.25196 -0.861269 10.6
    endloop
  endfacet
  facet normal 0 0 -1
    outer loop
      vertex -1.6 -0.628718 10.6
      vertex -1.6 32.4287 10.6
      vertex -1.25196 32.6613 10.6
    endloop
  endfacet
  facet normal 0 0 -1
    outer loop
      vertex -1.97541 -0.443585 10.6
      vertex -1.6 32.4287 10.6
      vertex -1.6 -0.628718 10.6
    endloop
  endfacet
  facet normal 0 0 -1
    outer loop
      vertex -1.97541 -0.443585 10.6
      vertex -1.97541 32.2436 10.6
      vertex -1.6 32.4287 10.6
    endloop
  endfacet
  facet normal 0 0 -1
    outer loop
      vertex -2.37178 -0.309037 10.6
      vertex -1.97541 32.2436 10.6
      vertex -1.97541 -0.443585 10.6
    endloop
  endfacet
  facet normal 0 0 -1
    outer loop
      vertex -2.37178 -0.309037 10.6
      vertex -2.37178 32.109 10.6
      vertex -1.97541 32.2436 10.6
    endloop
  endfacet
  facet normal 0 0 -1
    outer loop
      vertex -2.78232 -0.227376 10.6
      vertex -2.37178 32.109 10.6
      vertex -2.37178 -0.309037 10.6
    endloop
  endfacet
  facet normal 0 0 -1
    outer loop
      vertex -2.78232 -0.227376 10.6
      vertex -2.78232 32.0274 10.6
      vertex -2.37178 32.109 10.6
    endloop
  endfacet
  facet normal 0 0 -1
    outer loop
      vertex -3.2 -0.2 10.6
      vertex -2.78232 32.0274 10.6
      vertex -2.78232 -0.227376 10.6
    endloop
  endfacet
  facet normal 0 0 -1
    outer loop
      vertex -3.2 -0.2 10.6
      vertex -3.2 32 10.6
      vertex -2.78232 32.0274 10.6
    endloop
  endfacet
  facet normal 0 0 -1
    outer loop
      vertex -3.61768 -0.227376 10.6
      vertex -3.2 32 10.6
      vertex -3.2 -0.2 10.6
    endloop
  endfacet
  facet normal 0 0 -1
    outer loop
      vertex -3.61768 -0.227376 10.6
      vertex -3.61768 32.0274 10.6
      vertex -3.2 32 10.6
    endloop
  endfacet
  facet normal 0 0 -1
    outer loop
      vertex -4.02822 -0.309037 10.6
      vertex -3.61768 32.0274 10.6
      vertex -3.61768 -0.227376 10.6
    endloop
  endfacet
  facet normal 0 0 -1
    outer loop
      vertex -4.02822 -0.309037 10.6
      vertex -4.02822 32.109 10.6
      vertex -3.61768 32.0274 10.6
    endloop
  endfacet
  facet normal 0 0 -1
    outer loop
      vertex -4.42459 -0.443585 10.6
      vertex -4.02822 32.109 10.6
      vertex -4.02822 -0.309037 10.6
    endloop
  endfacet
  facet normal 0 0 -1
    outer loop
      vertex -4.42459 -0.443585 10.6
      vertex -4.42459 32.2436 10.6
      vertex -4.02822 32.109 10.6
    endloop
  endfacet
  facet normal 0 0 -1
    outer loop
      vertex -4.8 -0.628718 10.6
      vertex -4.42459 32.2436 10.6
      vertex -4.42459 -0.443585 10.6
    endloop
  endfacet
  facet normal 0 0 -1
    outer loop
      vertex -4.8 -0.628718 10.6
      vertex -4.8 32.4287 10.6
      vertex -4.42459 32.2436 10.6
    endloop
  endfacet
  facet normal 0 0 -1
    outer loop
      vertex -5.14804 -0.861269 10.6
      vertex -4.8 32.4287 10.6
      vertex -4.8 -0.628718 10.6
    endloop
  endfacet
  facet normal 0 0 -1
    outer loop
      vertex -5.14804 -0.861269 10.6
      vertex -5.14804 32.6613 10.6
      vertex -4.8 32.4287 10.6
    endloop
  endfacet
  facet normal 0 0 -1
    outer loop
      vertex -5.46274 -1.13726 10.6
      vertex -5.14804 32.6613 10.6
      vertex -5.14804 -0.861269 10.6
    endloop
  endfacet
  facet normal 0 0 -1
    outer loop
      vertex -5.46274 -1.13726 10.6
      vertex -5.46274 32.9373 10.6
      vertex -5.14804 32.6613 10.6
    endloop
  endfacet
  facet normal 0 0 -1
    outer loop
      vertex -5.73873 -1.45196 10.6
      vertex -5.46274 32.9373 10.6
      vertex -5.46274 -1.13726 10.6
    endloop
  endfacet
  facet normal 0 0 -1
    outer loop
      vertex -5.73873 -1.45196 10.6
      vertex -5.73873 33.252 10.6
      vertex -5.46274 32.9373 10.6
    endloop
  endfacet
  facet normal 0 0 -1
    outer loop
      vertex -5.97128 -1.8 10.6
      vertex -5.73873 33.252 10.6
      vertex -5.73873 -1.45196 10.6
    endloop
  endfacet
  facet normal 0 0 -1
    outer loop
      vertex -5.97128 -1.8 10.6
      vertex -5.97128 33.6 10.6
      vertex -5.73873 33.252 10.6
    endloop
  endfacet
  facet normal 0 0 -1
    outer loop
      vertex -6.15641 -2.17541 10.6
      vertex -5.97128 33.6 10.6
      vertex -5.97128 -1.8 10.6
    endloop
  endfacet
  facet normal 0 0 -1
    outer loop
      vertex -6.15641 -2.17541 10.6
      vertex -6.15641 33.9754 10.6
      vertex -5.97128 33.6 10.6
    endloop
  endfacet
  facet normal 0 0 -1
    outer loop
      vertex -6.29096 -2.57178 10.6
      vertex -6.15641 33.9754 10.6
      vertex -6.15641 -2.17541 10.6
    endloop
  endfacet
  facet normal 0 0 -1
    outer loop
      vertex -6.29096 -2.57178 10.6
      vertex -6.29096 34.3718 10.6
      vertex -6.15641 33.9754 10.6
    endloop
  endfacet
  facet normal 0 0 -1
    outer loop
      vertex -6.37262 -2.98232 10.6
      vertex -6.29096 34.3718 10.6
      vertex -6.29096 -2.57178 10.6
    endloop
  endfacet
  facet normal 0 0 -1
    outer loop
      vertex -6.37262 -2.98232 10.6
      vertex -6.37262 34.7823 10.6
      vertex -6.29096 34.3718 10.6
    endloop
  endfacet
  facet normal 0 0 -1
    outer loop
      vertex -6.4 -3.4 10.6
      vertex -6.37262 34.7823 10.6
      vertex -6.37262 -2.98232 10.6
    endloop
  endfacet
  facet normal -0 0 -1
    outer loop
      vertex -6.37262 34.7823 10.6
      vertex -6.4 -3.4 10.6
      vertex -6.4 35.2 10.6
    endloop
  endfacet
  facet normal 0 0 -1
    outer loop
      vertex 45.8081 24.95 10.6
      vertex 45.85 28.55 10.6
      vertex 45.9753 25.2001 10.6
    endloop
  endfacet
  facet normal 0 0 -1
    outer loop
      vertex 39.7919 24.95 10.6
      vertex 45.8081 24.95 10.6
      vertex 45.6751 24.6802 10.6
    endloop
  endfacet
  facet normal 0 0 -1
    outer loop
      vertex 39.9249 24.6802 10.6
      vertex 45.6751 24.6802 10.6
      vertex 45.5784 24.3953 10.6
    endloop
  endfacet
  facet normal 0 0 -1
    outer loop
      vertex 40.0216 24.3953 10.6
      vertex 45.5784 24.3953 10.6
      vertex 45.5197 24.1002 10.6
    endloop
  endfacet
  facet normal 0 0 -1
    outer loop
      vertex 40.1 23.8 10.6
      vertex 45.5197 24.1002 10.6
      vertex 45.5 23.8 10.6
    endloop
  endfacet
  facet normal 0 0 -1
    outer loop
      vertex 40.0803 24.1002 10.6
      vertex 45.5197 24.1002 10.6
      vertex 40.1 23.8 10.6
    endloop
  endfacet
  facet normal 0 0 -1
    outer loop
      vertex 40.0216 24.3953 10.6
      vertex 45.5197 24.1002 10.6
      vertex 40.0803 24.1002 10.6
    endloop
  endfacet
  facet normal 0 0 -1
    outer loop
      vertex 45.5784 24.3953 10.6
      vertex 40.0216 24.3953 10.6
      vertex 39.9249 24.6802 10.6
    endloop
  endfacet
  facet normal 0 0 -1
    outer loop
      vertex 45.6751 24.6802 10.6
      vertex 39.9249 24.6802 10.6
      vertex 39.7919 24.95 10.6
    endloop
  endfacet
  facet normal 0 0 -1
    outer loop
      vertex 45.8081 24.95 10.6
      vertex 39.7919 24.95 10.6
      vertex 45.85 28.55 10.6
    endloop
  endfacet
  facet normal 0 0 -1
    outer loop
      vertex 39.6247 25.2001 10.6
      vertex 45.85 28.55 10.6
      vertex 39.7919 24.95 10.6
    endloop
  endfacet
  facet normal 0 0 -1
    outer loop
      vertex 39.4263 25.4263 10.6
      vertex 45.85 28.55 10.6
      vertex 39.6247 25.2001 10.6
    endloop
  endfacet
  facet normal 0 0 -1
    outer loop
      vertex 39.2001 25.6247 10.6
      vertex 45.85 28.55 10.6
      vertex 39.4263 25.4263 10.6
    endloop
  endfacet
  facet normal 0 0 -1
    outer loop
      vertex 38.95 25.7919 10.6
      vertex 45.85 28.55 10.6
      vertex 39.2001 25.6247 10.6
    endloop
  endfacet
  facet normal 0 0 -1
    outer loop
      vertex 38.6802 25.9249 10.6
      vertex 45.85 28.55 10.6
      vertex 38.95 25.7919 10.6
    endloop
  endfacet
  facet normal 0 0 -1
    outer loop
      vertex 38.3953 26.0216 10.6
      vertex 45.85 28.55 10.6
      vertex 38.6802 25.9249 10.6
    endloop
  endfacet
  facet normal 0 0 -1
    outer loop
      vertex 38.1002 26.0803 10.6
      vertex 45.85 28.55 10.6
      vertex 38.3953 26.0216 10.6
    endloop
  endfacet
  facet normal 0 0 -1
    outer loop
      vertex 32.85 28.55 10.6
      vertex 38.1002 26.0803 10.6
      vertex 37.8 26.1 10.6
    endloop
  endfacet
  facet normal 0 0 -1
    outer loop
      vertex 32.85 28.55 10.6
      vertex 37.8 26.1 10.6
      vertex 37.4998 26.0803 10.6
    endloop
  endfacet
  facet normal 0 0 -1
    outer loop
      vertex 32.85 28.55 10.6
      vertex 37.4998 26.0803 10.6
      vertex 37.2047 26.0216 10.6
    endloop
  endfacet
  facet normal 0 0 -1
    outer loop
      vertex 38.1002 26.0803 10.6
      vertex 32.85 28.55 10.6
      vertex 45.85 28.55 10.6
    endloop
  endfacet
  facet normal 0 0 -1
    outer loop
      vertex 36.9198 25.9249 10.6
      vertex 32.85 28.55 10.6
      vertex 37.2047 26.0216 10.6
    endloop
  endfacet
  facet normal 0 0 -1
    outer loop
      vertex 36.65 25.7919 10.6
      vertex 32.85 28.55 10.6
      vertex 36.9198 25.9249 10.6
    endloop
  endfacet
  facet normal 0 0 -1
    outer loop
      vertex 36.3998 25.6247 10.6
      vertex 32.85 28.55 10.6
      vertex 36.65 25.7919 10.6
    endloop
  endfacet
  facet normal 0 0 -1
    outer loop
      vertex 36.1737 25.4263 10.6
      vertex 32.85 28.55 10.6
      vertex 36.3998 25.6247 10.6
    endloop
  endfacet
  facet normal 0 0 -1
    outer loop
      vertex 35.9753 25.2001 10.6
      vertex 32.85 28.55 10.6
      vertex 36.1737 25.4263 10.6
    endloop
  endfacet
  facet normal 0 0 -1
    outer loop
      vertex 35.8081 24.95 10.6
      vertex 32.85 28.55 10.6
      vertex 35.9753 25.2001 10.6
    endloop
  endfacet
  facet normal 0 0 -1
    outer loop
      vertex 35.6751 24.6802 10.6
      vertex 32.85 28.55 10.6
      vertex 35.8081 24.95 10.6
    endloop
  endfacet
  facet normal 0 0 -1
    outer loop
      vertex 35.5784 24.3953 10.6
      vertex 32.85 28.55 10.6
      vertex 35.6751 24.6802 10.6
    endloop
  endfacet
  facet normal 0 0 -1
    outer loop
      vertex 35.5197 24.1002 10.6
      vertex 32.85 28.55 10.6
      vertex 35.5784 24.3953 10.6
    endloop
  endfacet
  facet normal 0 0 -1
    outer loop
      vertex 32.85 28.55 10.6
      vertex 35.5197 24.1002 10.6
      vertex 35.5 23.8 10.6
    endloop
  endfacet
  facet normal 0 0 -1
    outer loop
      vertex 54.3774 30.5677 10.6
      vertex 49.0372 31.3542 10.6
      vertex 49.05 31.55 10.6
    endloop
  endfacet
  facet normal 0 0 -1
    outer loop
      vertex 54.459 29.3218 10.6
      vertex 48.9989 31.1618 10.6
      vertex 49.0372 31.3542 10.6
    endloop
  endfacet
  facet normal 0 0 -1
    outer loop
      vertex 48.6107 30.4893 10.6
      vertex 49.2001 25.6247 10.6
      vertex 48.95 25.7919 10.6
    endloop
  endfacet
  facet normal 0 0 -1
    outer loop
      vertex 54.459 29.3218 10.6
      vertex 48.9358 30.976 10.6
      vertex 48.9989 31.1618 10.6
    endloop
  endfacet
  facet normal 0 0 -1
    outer loop
      vertex 54.459 29.3218 10.6
      vertex 48.849 30.8 10.6
      vertex 48.9358 30.976 10.6
    endloop
  endfacet
  facet normal 0 0 -1
    outer loop
      vertex 54.459 29.3218 10.6
      vertex 48.74 30.6369 10.6
      vertex 48.849 30.8 10.6
    endloop
  endfacet
  facet normal 0 0 -1
    outer loop
      vertex 48.4631 30.36 10.6
      vertex 48.95 25.7919 10.6
      vertex 48.6802 25.9249 10.6
    endloop
  endfacet
  facet normal 0 0 -1
    outer loop
      vertex 49.2001 25.6247 10.6
      vertex 48.6107 30.4893 10.6
      vertex 48.74 30.6369 10.6
    endloop
  endfacet
  facet normal 0 0 -1
    outer loop
      vertex 48.95 25.7919 10.6
      vertex 48.4631 30.36 10.6
      vertex 48.6107 30.4893 10.6
    endloop
  endfacet
  facet normal 0 0 -1
    outer loop
      vertex 48.3 30.251 10.6
      vertex 48.6802 25.9249 10.6
      vertex 48.3953 26.0216 10.6
    endloop
  endfacet
  facet normal 0 0 -1
    outer loop
      vertex 48.6802 25.9249 10.6
      vertex 48.3 30.251 10.6
      vertex 48.4631 30.36 10.6
    endloop
  endfacet
  facet normal 0 0 -1
    outer loop
      vertex 48.3953 26.0216 10.6
      vertex 48.124 30.1642 10.6
      vertex 48.3 30.251 10.6
    endloop
  endfacet
  facet normal 0 0 -1
    outer loop
      vertex 47.9382 30.1011 10.6
      vertex 48.3953 26.0216 10.6
      vertex 48.1002 26.0803 10.6
    endloop
  endfacet
  facet normal 0 0 -1
    outer loop
      vertex 48.3953 26.0216 10.6
      vertex 47.9382 30.1011 10.6
      vertex 48.124 30.1642 10.6
    endloop
  endfacet
  facet normal 0 0 -1
    outer loop
      vertex 47.7458 30.0628 10.6
      vertex 48.1002 26.0803 10.6
      vertex 47.8 26.1 10.6
    endloop
  endfacet
  facet normal 0 0 -1
    outer loop
      vertex 48.1002 26.0803 10.6
      vertex 47.7458 30.0628 10.6
      vertex 47.9382 30.1011 10.6
    endloop
  endfacet
  facet normal 0 0 -1
    outer loop
      vertex 47.8 26.1 10.6
      vertex 47.55 30.05 10.6
      vertex 47.7458 30.0628 10.6
    endloop
  endfacet
  facet normal 0 0 -1
    outer loop
      vertex 45.85 28.55 10.6
      vertex 47.8 26.1 10.6
      vertex 47.4998 26.0803 10.6
    endloop
  endfacet
  facet normal 0 0 -1
    outer loop
      vertex 47.8 26.1 10.6
      vertex 45.85 28.55 10.6
      vertex 47.55 30.05 10.6
    endloop
  endfacet
  facet normal 0 0 -1
    outer loop
      vertex 45.85 28.55 10.6
      vertex 47.4998 26.0803 10.6
      vertex 47.2047 26.0216 10.6
    endloop
  endfacet
  facet normal -0 0 -1
    outer loop
      vertex 47.55 30.05 10.6
      vertex 45.85 28.55 10.6
      vertex 47.3542 30.0628 10.6
    endloop
  endfacet
  facet normal -0 0 -1
    outer loop
      vertex 47.3542 30.0628 10.6
      vertex 45.85 28.55 10.6
      vertex 47.1618 30.1011 10.6
    endloop
  endfacet
  facet normal 0 0 -1
    outer loop
      vertex 45.85 28.55 10.6
      vertex 47.2047 26.0216 10.6
      vertex 46.9198 25.9249 10.6
    endloop
  endfacet
  facet normal -0 0 -1
    outer loop
      vertex 47.1618 30.1011 10.6
      vertex 45.85 28.55 10.6
      vertex 46.976 30.1642 10.6
    endloop
  endfacet
  facet normal 0 0 -1
    outer loop
      vertex 45.85 28.55 10.6
      vertex 46.9198 25.9249 10.6
      vertex 46.65 25.7919 10.6
    endloop
  endfacet
  facet normal -0 0 -1
    outer loop
      vertex 46.976 30.1642 10.6
      vertex 45.85 28.55 10.6
      vertex 46.8 30.251 10.6
    endloop
  endfacet
  facet normal -0 0 -1
    outer loop
      vertex 46.8 30.251 10.6
      vertex 45.85 28.55 10.6
      vertex 46.6369 30.36 10.6
    endloop
  endfacet
  facet normal 0 0 -1
    outer loop
      vertex 45.85 28.55 10.6
      vertex 46.65 25.7919 10.6
      vertex 46.3998 25.6247 10.6
    endloop
  endfacet
  facet normal -0 0 -1
    outer loop
      vertex 46.6369 30.36 10.6
      vertex 45.85 28.55 10.6
      vertex 46.4893 30.4893 10.6
    endloop
  endfacet
  facet normal -0 0 -1
    outer loop
      vertex 46.4893 30.4893 10.6
      vertex 45.85 28.55 10.6
      vertex 46.36 30.6369 10.6
    endloop
  endfacet
  facet normal 0 0 -1
    outer loop
      vertex 45.85 28.55 10.6
      vertex 46.3998 25.6247 10.6
      vertex 46.1737 25.4263 10.6
    endloop
  endfacet
  facet normal -0 0 -1
    outer loop
      vertex 46.36 30.6369 10.6
      vertex 45.85 28.55 10.6
      vertex 46.251 30.8 10.6
    endloop
  endfacet
  facet normal -0 0 -1
    outer loop
      vertex 46.251 30.8 10.6
      vertex 45.85 28.55 10.6
      vertex 46.1642 30.976 10.6
    endloop
  endfacet
  facet normal -0 0 -1
    outer loop
      vertex 46.1642 30.976 10.6
      vertex 45.85 28.55 10.6
      vertex 46.1011 31.1618 10.6
    endloop
  endfacet
  facet normal -0 0 -1
    outer loop
      vertex 46.1011 31.1618 10.6
      vertex 45.85 28.55 10.6
      vertex 46.0628 31.3542 10.6
    endloop
  endfacet
  facet normal 0 0 -1
    outer loop
      vertex 45.85 28.55 10.6
      vertex 46.1737 25.4263 10.6
      vertex 45.9753 25.2001 10.6
    endloop
  endfacet
  facet normal 0 0 -1
    outer loop
      vertex 60.7226 29.7323 10.6
      vertex 61.7 38.8 10.6
      vertex 60.7226 4.96768 10.6
    endloop
  endfacet
  facet normal 0 0 -1
    outer loop
      vertex 61.7 38.8 10.6
      vertex 60.7226 29.7323 10.6
      vertex 60.75 30.15 10.6
    endloop
  endfacet
  facet normal 0 0 -1
    outer loop
      vertex 60.641 5.37822 10.6
      vertex 60.7226 29.7323 10.6
      vertex 60.7226 4.96768 10.6
    endloop
  endfacet
  facet normal 0 0 -1
    outer loop
      vertex 60.641 5.37822 10.6
      vertex 60.641 29.3218 10.6
      vertex 60.7226 29.7323 10.6
    endloop
  endfacet
  facet normal 0 0 -1
    outer loop
      vertex 60.5064 5.77459 10.6
      vertex 60.641 29.3218 10.6
      vertex 60.641 5.37822 10.6
    endloop
  endfacet
  facet normal 0 0 -1
    outer loop
      vertex 60.5064 5.77459 10.6
      vertex 60.5064 28.9254 10.6
      vertex 60.641 29.3218 10.6
    endloop
  endfacet
  facet normal 0 0 -1
    outer loop
      vertex 60.3213 6.15 10.6
      vertex 60.5064 28.9254 10.6
      vertex 60.5064 5.77459 10.6
    endloop
  endfacet
  facet normal 0 0 -1
    outer loop
      vertex 60.3213 6.15 10.6
      vertex 60.3213 28.55 10.6
      vertex 60.5064 28.9254 10.6
    endloop
  endfacet
  facet normal 0 0 -1
    outer loop
      vertex 60.0887 6.49804 10.6
      vertex 60.3213 28.55 10.6
      vertex 60.3213 6.15 10.6
    endloop
  endfacet
  facet normal 0 0 -1
    outer loop
      vertex 60.0887 6.49804 10.6
      vertex 60.0887 28.202 10.6
      vertex 60.3213 28.55 10.6
    endloop
  endfacet
  facet normal 0 0 -1
    outer loop
      vertex 59.8127 6.81274 10.6
      vertex 60.0887 28.202 10.6
      vertex 60.0887 6.49804 10.6
    endloop
  endfacet
  facet normal 0 0 -1
    outer loop
      vertex 59.8127 6.81274 10.6
      vertex 59.8127 27.8873 10.6
      vertex 60.0887 28.202 10.6
    endloop
  endfacet
  facet normal 0 0 -1
    outer loop
      vertex 59.498 7.08873 10.6
      vertex 59.8127 27.8873 10.6
      vertex 59.8127 6.81274 10.6
    endloop
  endfacet
  facet normal 0 0 -1
    outer loop
      vertex 59.498 7.08873 10.6
      vertex 59.498 27.6113 10.6
      vertex 59.8127 27.8873 10.6
    endloop
  endfacet
  facet normal 0 0 -1
    outer loop
      vertex 59.15 7.32128 10.6
      vertex 59.498 27.6113 10.6
      vertex 59.498 7.08873 10.6
    endloop
  endfacet
  facet normal 0 0 -1
    outer loop
      vertex 59.15 7.32128 10.6
      vertex 59.15 27.3787 10.6
      vertex 59.498 27.6113 10.6
    endloop
  endfacet
  facet normal 0 0 -1
    outer loop
      vertex 58.7746 7.50641 10.6
      vertex 59.15 27.3787 10.6
      vertex 59.15 7.32128 10.6
    endloop
  endfacet
  facet normal 0 0 -1
    outer loop
      vertex 58.7746 7.50641 10.6
      vertex 58.7746 27.1936 10.6
      vertex 59.15 27.3787 10.6
    endloop
  endfacet
  facet normal 0 0 -1
    outer loop
      vertex 58.3782 7.64096 10.6
      vertex 58.7746 27.1936 10.6
      vertex 58.7746 7.50641 10.6
    endloop
  endfacet
  facet normal 0 0 -1
    outer loop
      vertex 58.3782 7.64096 10.6
      vertex 58.3782 27.059 10.6
      vertex 58.7746 27.1936 10.6
    endloop
  endfacet
  facet normal 0 0 -1
    outer loop
      vertex 57.9677 7.72262 10.6
      vertex 58.3782 27.059 10.6
      vertex 58.3782 7.64096 10.6
    endloop
  endfacet
  facet normal 0 0 -1
    outer loop
      vertex 57.9677 7.72262 10.6
      vertex 57.9677 26.9774 10.6
      vertex 58.3782 27.059 10.6
    endloop
  endfacet
  facet normal 0 0 -1
    outer loop
      vertex 57.55 7.75 10.6
      vertex 57.9677 26.9774 10.6
      vertex 57.9677 7.72262 10.6
    endloop
  endfacet
  facet normal 0 0 -1
    outer loop
      vertex 57.55 7.75 10.6
      vertex 57.55 26.95 10.6
      vertex 57.9677 26.9774 10.6
    endloop
  endfacet
  facet normal 0 0 -1
    outer loop
      vertex 49.6247 22.3998 10.6
      vertex 57.55 7.75 10.6
      vertex 57.1323 7.72262 10.6
    endloop
  endfacet
  facet normal 0 0 -1
    outer loop
      vertex 57.55 7.75 10.6
      vertex 49.7919 22.65 10.6
      vertex 57.55 26.95 10.6
    endloop
  endfacet
  facet normal 0 0 -1
    outer loop
      vertex 49.4263 22.1737 10.6
      vertex 57.1323 7.72262 10.6
      vertex 56.7218 7.64096 10.6
    endloop
  endfacet
  facet normal -0 0 -1
    outer loop
      vertex 57.55 26.95 10.6
      vertex 49.7919 22.65 10.6
      vertex 57.1323 26.9774 10.6
    endloop
  endfacet
  facet normal 0 0 -1
    outer loop
      vertex 50.05 9.08 10.6
      vertex 56.7218 7.64096 10.6
      vertex 56.3254 7.50641 10.6
    endloop
  endfacet
  facet normal 0 -0 -1
    outer loop
      vertex 49.9249 22.9198 10.6
      vertex 57.1323 26.9774 10.6
      vertex 49.7919 22.65 10.6
    endloop
  endfacet
  facet normal 0 0 -1
    outer loop
      vertex 50.05 9.08 10.6
      vertex 56.3254 7.50641 10.6
      vertex 55.95 7.32128 10.6
    endloop
  endfacet
  facet normal -0 0 -1
    outer loop
      vertex 57.1323 26.9774 10.6
      vertex 49.9249 22.9198 10.6
      vertex 56.7218 27.059 10.6
    endloop
  endfacet
  facet normal 0 0 -1
    outer loop
      vertex 50.05 9.08 10.6
      vertex 55.95 7.32128 10.6
      vertex 55.602 7.08873 10.6
    endloop
  endfacet
  facet normal 0 -0 -1
    outer loop
      vertex 50.0216 23.2047 10.6
      vertex 56.7218 27.059 10.6
      vertex 49.9249 22.9198 10.6
    endloop
  endfacet
  facet normal 0 0 -1
    outer loop
      vertex 50.05 9.08 10.6
      vertex 55.602 7.08873 10.6
      vertex 55.2873 6.81274 10.6
    endloop
  endfacet
  facet normal -0 0 -1
    outer loop
      vertex 56.7218 27.059 10.6
      vertex 50.0216 23.2047 10.6
      vertex 56.3254 27.1936 10.6
    endloop
  endfacet
  facet normal 0 0 -1
    outer loop
      vertex 50.05 9.08 10.6
      vertex 55.2873 6.81274 10.6
      vertex 55.0113 6.49804 10.6
    endloop
  endfacet
  facet normal 0 -0 -1
    outer loop
      vertex 50.0803 23.4998 10.6
      vertex 56.3254 27.1936 10.6
      vertex 50.0216 23.2047 10.6
    endloop
  endfacet
  facet normal 0 0 -1
    outer loop
      vertex 50.05 9.08 10.6
      vertex 55.0113 6.49804 10.6
      vertex 54.7787 6.15 10.6
    endloop
  endfacet
  facet normal -0 0 -1
    outer loop
      vertex 56.3254 27.1936 10.6
      vertex 50.1 23.8 10.6
      vertex 55.95 27.3787 10.6
    endloop
  endfacet
  facet normal 0 0 -1
    outer loop
      vertex 50.05 9.08 10.6
      vertex 54.7787 6.15 10.6
      vertex 54.5936 5.77459 10.6
    endloop
  endfacet
  facet normal 0 0 -1
    outer loop
      vertex 50.0803 24.1002 10.6
      vertex 55.95 27.3787 10.6
      vertex 50.1 23.8 10.6
    endloop
  endfacet
  facet normal 0 0 -1
    outer loop
      vertex 50.05 9.08 10.6
      vertex 54.5936 5.77459 10.6
      vertex 54.459 5.37822 10.6
    endloop
  endfacet
  facet normal -0 0 -1
    outer loop
      vertex 55.95 27.3787 10.6
      vertex 50.0803 24.1002 10.6
      vertex 55.602 27.6113 10.6
    endloop
  endfacet
  facet normal 0 0 -1
    outer loop
      vertex 50.05 9.08 10.6
      vertex 54.459 5.37822 10.6
      vertex 54.3774 4.96768 10.6
    endloop
  endfacet
  facet normal 0 0 -1
    outer loop
      vertex 50.0216 24.3953 10.6
      vertex 55.602 27.6113 10.6
      vertex 50.0803 24.1002 10.6
    endloop
  endfacet
  facet normal 0 0 -1
    outer loop
      vertex 50.05 1.08 10.6
      vertex 54.3774 4.96768 10.6
      vertex 54.35 4.55 10.6
    endloop
  endfacet
  facet normal -0 0 -1
    outer loop
      vertex 55.602 27.6113 10.6
      vertex 50.0216 24.3953 10.6
      vertex 55.2873 27.8873 10.6
    endloop
  endfacet
  facet normal 0 0 -1
    outer loop
      vertex 61.7 -7 10.6
      vertex 60.75 4.55 10.6
      vertex 61.7 38.8 10.6
    endloop
  endfacet
  facet normal 0 0 -1
    outer loop
      vertex 61.7 -7 10.6
      vertex 60.7226 4.13232 10.6
      vertex 60.75 4.55 10.6
    endloop
  endfacet
  facet normal 0 0 -1
    outer loop
      vertex 61.7 -7 10.6
      vertex 60.641 3.72178 10.6
      vertex 60.7226 4.13232 10.6
    endloop
  endfacet
  facet normal 0 0 -1
    outer loop
      vertex 61.7 -7 10.6
      vertex 60.5064 3.32541 10.6
      vertex 60.641 3.72178 10.6
    endloop
  endfacet
  facet normal 0 0 -1
    outer loop
      vertex 61.7 -7 10.6
      vertex 60.3213 2.95 10.6
      vertex 60.5064 3.32541 10.6
    endloop
  endfacet
  facet normal 0 0 -1
    outer loop
      vertex 61.7 -7 10.6
      vertex 60.0887 2.60196 10.6
      vertex 60.3213 2.95 10.6
    endloop
  endfacet
  facet normal 0 0 -1
    outer loop
      vertex 61.7 -7 10.6
      vertex 59.8127 2.28726 10.6
      vertex 60.0887 2.60196 10.6
    endloop
  endfacet
  facet normal 0 0 -1
    outer loop
      vertex 61.7 -7 10.6
      vertex 59.498 2.01127 10.6
      vertex 59.8127 2.28726 10.6
    endloop
  endfacet
  facet normal 0 0 -1
    outer loop
      vertex 61.7 -7 10.6
      vertex 59.15 1.77872 10.6
      vertex 59.498 2.01127 10.6
    endloop
  endfacet
  facet normal 0 0 -1
    outer loop
      vertex 61.7 -7 10.6
      vertex 58.7746 1.59359 10.6
      vertex 59.15 1.77872 10.6
    endloop
  endfacet
  facet normal 0 0 -1
    outer loop
      vertex 61.7 -7 10.6
      vertex 58.3782 1.45904 10.6
      vertex 58.7746 1.59359 10.6
    endloop
  endfacet
  facet normal 0 0 -1
    outer loop
      vertex 61.7 -7 10.6
      vertex 57.9677 1.37738 10.6
      vertex 58.3782 1.45904 10.6
    endloop
  endfacet
  facet normal 0 0 -1
    outer loop
      vertex 61.7 -7 10.6
      vertex 57.55 1.35 10.6
      vertex 57.9677 1.37738 10.6
    endloop
  endfacet
  facet normal 0 0 -1
    outer loop
      vertex 61.7 -7 10.6
      vertex 57.1323 1.37738 10.6
      vertex 57.55 1.35 10.6
    endloop
  endfacet
  facet normal 0 0 -1
    outer loop
      vertex 61.7 -7 10.6
      vertex 56.7218 1.45904 10.6
      vertex 57.1323 1.37738 10.6
    endloop
  endfacet
  facet normal 0 0 -1
    outer loop
      vertex 61.7 -7 10.6
      vertex 56.3254 1.59359 10.6
      vertex 56.7218 1.45904 10.6
    endloop
  endfacet
  facet normal 0 0 -1
    outer loop
      vertex 50.05 1.08 10.6
      vertex 56.3254 1.59359 10.6
      vertex 61.7 -7 10.6
    endloop
  endfacet
  facet normal -0 0 -1
    outer loop
      vertex 56.3254 1.59359 10.6
      vertex 50.05 1.08 10.6
      vertex 55.95 1.77872 10.6
    endloop
  endfacet
  facet normal -0 0 -1
    outer loop
      vertex 55.95 1.77872 10.6
      vertex 50.05 1.08 10.6
      vertex 55.602 2.01127 10.6
    endloop
  endfacet
  facet normal -0 0 -1
    outer loop
      vertex 55.602 2.01127 10.6
      vertex 50.05 1.08 10.6
      vertex 55.2873 2.28726 10.6
    endloop
  endfacet
  facet normal -0 0 -1
    outer loop
      vertex 55.2873 27.8873 10.6
      vertex 49.9249 24.6802 10.6
      vertex 55.0113 28.202 10.6
    endloop
  endfacet
  facet normal 0 0 -1
    outer loop
      vertex 50.05 1.08 10.6
      vertex 54.35 4.55 10.6
      vertex 54.3774 4.13232 10.6
    endloop
  endfacet
  facet normal 0 0 -1
    outer loop
      vertex 50.05 1.08 10.6
      vertex 54.3774 4.13232 10.6
      vertex 54.459 3.72178 10.6
    endloop
  endfacet
  facet normal -0 0 -1
    outer loop
      vertex 55.0113 28.202 10.6
      vertex 49.7919 24.95 10.6
      vertex 54.7787 28.55 10.6
    endloop
  endfacet
  facet normal -0 0 -1
    outer loop
      vertex 54.3774 4.96768 10.6
      vertex 50.05 1.08 10.6
      vertex 50.05 9.08 10.6
    endloop
  endfacet
  facet normal -0 0 -1
    outer loop
      vertex 54.5936 3.32541 10.6
      vertex 50.05 1.08 10.6
      vertex 54.459 3.72178 10.6
    endloop
  endfacet
  facet normal -0 0 -1
    outer loop
      vertex 54.7787 2.95 10.6
      vertex 50.05 1.08 10.6
      vertex 54.5936 3.32541 10.6
    endloop
  endfacet
  facet normal -0 0 -1
    outer loop
      vertex 55.0113 2.60196 10.6
      vertex 50.05 1.08 10.6
      vertex 54.7787 2.95 10.6
    endloop
  endfacet
  facet normal -0 0 -1
    outer loop
      vertex 55.2873 2.28726 10.6
      vertex 50.05 1.08 10.6
      vertex 55.0113 2.60196 10.6
    endloop
  endfacet
  facet normal 0 0 -1
    outer loop
      vertex 61.7 -7 10.6
      vertex 35.55 1.08 10.6
      vertex 50.05 1.08 10.6
    endloop
  endfacet
  facet normal 0 0 -1
    outer loop
      vertex 35.55 1.08 10.6
      vertex 32.55 8.8 10.6
      vertex 35.55 8.8 10.6
    endloop
  endfacet
  facet normal -0 0 -1
    outer loop
      vertex 35.55 1.08 10.6
      vertex -0.0273762 -2.98232 10.6
      vertex 32.55 8.8 10.6
    endloop
  endfacet
  facet normal 0 0 -1
    outer loop
      vertex -0.0273762 -2.98232 10.6
      vertex 35.55 1.08 10.6
      vertex 0 -3.4 10.6
    endloop
  endfacet
  facet normal 0 0 -1
    outer loop
      vertex -1.6 -6.17128 10.6
      vertex 35.55 1.08 10.6
      vertex 61.7 -7 10.6
    endloop
  endfacet
  facet normal 0 0 -1
    outer loop
      vertex 35.55 1.08 10.6
      vertex -0.0273762 -3.81768 10.6
      vertex 0 -3.4 10.6
    endloop
  endfacet
  facet normal 0 0 -1
    outer loop
      vertex 35.55 1.08 10.6
      vertex -0.109036 -4.22822 10.6
      vertex -0.0273762 -3.81768 10.6
    endloop
  endfacet
  facet normal 0 0 -1
    outer loop
      vertex 35.55 1.08 10.6
      vertex -0.243585 -4.62459 10.6
      vertex -0.109036 -4.22822 10.6
    endloop
  endfacet
  facet normal 0 0 -1
    outer loop
      vertex 35.55 1.08 10.6
      vertex -0.428719 -5 10.6
      vertex -0.243585 -4.62459 10.6
    endloop
  endfacet
  facet normal 0 0 -1
    outer loop
      vertex 35.55 1.08 10.6
      vertex -0.661269 -5.34804 10.6
      vertex -0.428719 -5 10.6
    endloop
  endfacet
  facet normal 0 0 -1
    outer loop
      vertex 35.55 1.08 10.6
      vertex -0.937258 -5.66274 10.6
      vertex -0.661269 -5.34804 10.6
    endloop
  endfacet
  facet normal 0 0 -1
    outer loop
      vertex 35.55 1.08 10.6
      vertex -1.25196 -5.93873 10.6
      vertex -0.937258 -5.66274 10.6
    endloop
  endfacet
  facet normal 0 0 -1
    outer loop
      vertex 35.55 1.08 10.6
      vertex -1.6 -6.17128 10.6
      vertex -1.25196 -5.93873 10.6
    endloop
  endfacet
  facet normal 0 0 -1
    outer loop
      vertex 61.7 -7 10.6
      vertex -1.97541 -6.35641 10.6
      vertex -1.6 -6.17128 10.6
    endloop
  endfacet
  facet normal 0 0 -1
    outer loop
      vertex 61.7 -7 10.6
      vertex -2.37178 -6.49096 10.6
      vertex -1.97541 -6.35641 10.6
    endloop
  endfacet
  facet normal 0 0 -1
    outer loop
      vertex 61.7 -7 10.6
      vertex -2.78232 -6.57262 10.6
      vertex -2.37178 -6.49096 10.6
    endloop
  endfacet
  facet normal 0 0 -1
    outer loop
      vertex -6.6 -7 10.6
      vertex -2.78232 -6.57262 10.6
      vertex 61.7 -7 10.6
    endloop
  endfacet
  facet normal -0 0 -1
    outer loop
      vertex -6.4 -3.4 10.6
      vertex -6.6 -7 10.6
      vertex -6.4 35.2 10.6
    endloop
  endfacet
  facet normal -0 0 -1
    outer loop
      vertex -6.37262 -3.81768 10.6
      vertex -6.6 -7 10.6
      vertex -6.4 -3.4 10.6
    endloop
  endfacet
  facet normal -0 0 -1
    outer loop
      vertex -6.29096 -4.22822 10.6
      vertex -6.6 -7 10.6
      vertex -6.37262 -3.81768 10.6
    endloop
  endfacet
  facet normal -0 0 -1
    outer loop
      vertex -6.15641 -4.62459 10.6
      vertex -6.6 -7 10.6
      vertex -6.29096 -4.22822 10.6
    endloop
  endfacet
  facet normal -0 0 -1
    outer loop
      vertex -5.97128 -5 10.6
      vertex -6.6 -7 10.6
      vertex -6.15641 -4.62459 10.6
    endloop
  endfacet
  facet normal -0 0 -1
    outer loop
      vertex -5.73873 -5.34804 10.6
      vertex -6.6 -7 10.6
      vertex -5.97128 -5 10.6
    endloop
  endfacet
  facet normal -0 0 -1
    outer loop
      vertex -5.46274 -5.66274 10.6
      vertex -6.6 -7 10.6
      vertex -5.73873 -5.34804 10.6
    endloop
  endfacet
  facet normal -0 0 -1
    outer loop
      vertex -5.14804 -5.93873 10.6
      vertex -6.6 -7 10.6
      vertex -5.46274 -5.66274 10.6
    endloop
  endfacet
  facet normal -0 0 -1
    outer loop
      vertex -4.8 -6.17128 10.6
      vertex -6.6 -7 10.6
      vertex -5.14804 -5.93873 10.6
    endloop
  endfacet
  facet normal -0 0 -1
    outer loop
      vertex -4.42459 -6.35641 10.6
      vertex -6.6 -7 10.6
      vertex -4.8 -6.17128 10.6
    endloop
  endfacet
  facet normal -0 0 -1
    outer loop
      vertex -4.02822 -6.49096 10.6
      vertex -6.6 -7 10.6
      vertex -4.42459 -6.35641 10.6
    endloop
  endfacet
  facet normal -0 0 -1
    outer loop
      vertex -3.61768 -6.57262 10.6
      vertex -6.6 -7 10.6
      vertex -4.02822 -6.49096 10.6
    endloop
  endfacet
  facet normal -0 0 -1
    outer loop
      vertex -3.2 -6.6 10.6
      vertex -6.6 -7 10.6
      vertex -3.61768 -6.57262 10.6
    endloop
  endfacet
  facet normal 0 0 -1
    outer loop
      vertex -2.78232 -6.57262 10.6
      vertex -6.6 -7 10.6
      vertex -3.2 -6.6 10.6
    endloop
  endfacet
  facet normal 0 0 -1
    outer loop
      vertex 60.7226 4.96768 10.6
      vertex 61.7 38.8 10.6
      vertex 60.75 4.55 10.6
    endloop
  endfacet
  facet normal 0 0 -1
    outer loop
      vertex 60.7226 30.5677 10.6
      vertex 61.7 38.8 10.6
      vertex 60.75 30.15 10.6
    endloop
  endfacet
  facet normal 0 0 -1
    outer loop
      vertex 60.641 30.9782 10.6
      vertex 61.7 38.8 10.6
      vertex 60.7226 30.5677 10.6
    endloop
  endfacet
  facet normal 0 0 -1
    outer loop
      vertex 60.5064 31.3746 10.6
      vertex 61.7 38.8 10.6
      vertex 60.641 30.9782 10.6
    endloop
  endfacet
  facet normal 0 0 -1
    outer loop
      vertex 60.3213 31.75 10.6
      vertex 61.7 38.8 10.6
      vertex 60.5064 31.3746 10.6
    endloop
  endfacet
  facet normal 0 0 -1
    outer loop
      vertex 60.0887 32.098 10.6
      vertex 61.7 38.8 10.6
      vertex 60.3213 31.75 10.6
    endloop
  endfacet
  facet normal 0 0 -1
    outer loop
      vertex 59.8127 32.4127 10.6
      vertex 61.7 38.8 10.6
      vertex 60.0887 32.098 10.6
    endloop
  endfacet
  facet normal 0 0 -1
    outer loop
      vertex 59.498 32.6887 10.6
      vertex 61.7 38.8 10.6
      vertex 59.8127 32.4127 10.6
    endloop
  endfacet
  facet normal 0 0 -1
    outer loop
      vertex 59.15 32.9213 10.6
      vertex 61.7 38.8 10.6
      vertex 59.498 32.6887 10.6
    endloop
  endfacet
  facet normal 0 0 -1
    outer loop
      vertex 58.7746 33.1064 10.6
      vertex 61.7 38.8 10.6
      vertex 59.15 32.9213 10.6
    endloop
  endfacet
  facet normal 0 0 -1
    outer loop
      vertex 58.3782 33.241 10.6
      vertex 61.7 38.8 10.6
      vertex 58.7746 33.1064 10.6
    endloop
  endfacet
  facet normal 0 0 -1
    outer loop
      vertex 57.9677 33.3226 10.6
      vertex 61.7 38.8 10.6
      vertex 58.3782 33.241 10.6
    endloop
  endfacet
  facet normal 0 0 -1
    outer loop
      vertex 57.55 33.35 10.6
      vertex 61.7 38.8 10.6
      vertex 57.9677 33.3226 10.6
    endloop
  endfacet
  facet normal 0 0 -1
    outer loop
      vertex 57.1323 33.3226 10.6
      vertex 61.7 38.8 10.6
      vertex 57.55 33.35 10.6
    endloop
  endfacet
  facet normal 0 0 -1
    outer loop
      vertex 56.7218 33.241 10.6
      vertex 61.7 38.8 10.6
      vertex 57.1323 33.3226 10.6
    endloop
  endfacet
  facet normal 0 0 -1
    outer loop
      vertex 56.3254 33.1064 10.6
      vertex 61.7 38.8 10.6
      vertex 56.7218 33.241 10.6
    endloop
  endfacet
  facet normal 0 0 -1
    outer loop
      vertex 45.85 34.55 10.6
      vertex 56.3254 33.1064 10.6
      vertex 55.95 32.9213 10.6
    endloop
  endfacet
  facet normal 0 0 -1
    outer loop
      vertex 48.3 32.849 10.6
      vertex 55.95 32.9213 10.6
      vertex 55.602 32.6887 10.6
    endloop
  endfacet
  facet normal 0 0 -1
    outer loop
      vertex 48.6107 32.6107 10.6
      vertex 55.602 32.6887 10.6
      vertex 55.2873 32.4127 10.6
    endloop
  endfacet
  facet normal 0 0 -1
    outer loop
      vertex 49.6247 25.2001 10.6
      vertex 54.7787 28.55 10.6
      vertex 49.7919 24.95 10.6
    endloop
  endfacet
  facet normal -0 0 -1
    outer loop
      vertex 54.7787 28.55 10.6
      vertex 49.6247 25.2001 10.6
      vertex 54.5936 28.9254 10.6
    endloop
  endfacet
  facet normal 0 0 -1
    outer loop
      vertex 49.4263 25.4263 10.6
      vertex 54.5936 28.9254 10.6
      vertex 49.6247 25.2001 10.6
    endloop
  endfacet
  facet normal 0 0 -1
    outer loop
      vertex 49.2001 25.6247 10.6
      vertex 54.5936 28.9254 10.6
      vertex 49.4263 25.4263 10.6
    endloop
  endfacet
  facet normal -0 0 -1
    outer loop
      vertex 54.5936 28.9254 10.6
      vertex 49.2001 25.6247 10.6
      vertex 54.459 29.3218 10.6
    endloop
  endfacet
  facet normal 0 0 -1
    outer loop
      vertex 48.74 30.6369 10.6
      vertex 54.459 29.3218 10.6
      vertex 49.2001 25.6247 10.6
    endloop
  endfacet
  facet normal 0 0 -1
    outer loop
      vertex 49.0372 31.3542 10.6
      vertex 54.3774 29.7323 10.6
      vertex 54.459 29.3218 10.6
    endloop
  endfacet
  facet normal 0 0 -1
    outer loop
      vertex 49.0372 31.3542 10.6
      vertex 54.35 30.15 10.6
      vertex 54.3774 29.7323 10.6
    endloop
  endfacet
  facet normal 0 0 -1
    outer loop
      vertex 49.0372 31.3542 10.6
      vertex 54.3774 30.5677 10.6
      vertex 54.35 30.15 10.6
    endloop
  endfacet
  facet normal 0 0 -1
    outer loop
      vertex 54.3774 30.5677 10.6
      vertex 49.05 31.55 10.6
      vertex 54.459 30.9782 10.6
    endloop
  endfacet
  facet normal 0 0 -1
    outer loop
      vertex 54.459 30.9782 10.6
      vertex 49.0372 31.7458 10.6
      vertex 54.5936 31.3746 10.6
    endloop
  endfacet
  facet normal 0 0 -1
    outer loop
      vertex 49.0372 31.7458 10.6
      vertex 54.459 30.9782 10.6
      vertex 49.05 31.55 10.6
    endloop
  endfacet
  facet normal 0 0 -1
    outer loop
      vertex 48.9989 31.9382 10.6
      vertex 54.5936 31.3746 10.6
      vertex 49.0372 31.7458 10.6
    endloop
  endfacet
  facet normal 0 0 -1
    outer loop
      vertex 54.5936 31.3746 10.6
      vertex 48.9989 31.9382 10.6
      vertex 54.7787 31.75 10.6
    endloop
  endfacet
  facet normal 0 0 -1
    outer loop
      vertex 48.9358 32.124 10.6
      vertex 54.7787 31.75 10.6
      vertex 48.9989 31.9382 10.6
    endloop
  endfacet
  facet normal 0 0 -1
    outer loop
      vertex 48.849 32.3 10.6
      vertex 54.7787 31.75 10.6
      vertex 48.9358 32.124 10.6
    endloop
  endfacet
  facet normal 0 0 -1
    outer loop
      vertex 54.7787 31.75 10.6
      vertex 48.849 32.3 10.6
      vertex 55.0113 32.098 10.6
    endloop
  endfacet
  facet normal 0 0 -1
    outer loop
      vertex 48.74 32.4631 10.6
      vertex 55.0113 32.098 10.6
      vertex 48.849 32.3 10.6
    endloop
  endfacet
  facet normal 0 0 -1
    outer loop
      vertex 55.0113 32.098 10.6
      vertex 48.74 32.4631 10.6
      vertex 55.2873 32.4127 10.6
    endloop
  endfacet
  facet normal 0 0 -1
    outer loop
      vertex 48.6107 32.6107 10.6
      vertex 55.2873 32.4127 10.6
      vertex 48.74 32.4631 10.6
    endloop
  endfacet
  facet normal -0 0 -1
    outer loop
      vertex 55.602 32.6887 10.6
      vertex 48.6107 32.6107 10.6
      vertex 48.4631 32.74 10.6
    endloop
  endfacet
  facet normal 0 0 -1
    outer loop
      vertex 55.602 32.6887 10.6
      vertex 48.4631 32.74 10.6
      vertex 48.3 32.849 10.6
    endloop
  endfacet
  facet normal -0 0 -1
    outer loop
      vertex 55.95 32.9213 10.6
      vertex 48.3 32.849 10.6
      vertex 48.124 32.9358 10.6
    endloop
  endfacet
  facet normal 0 0 -1
    outer loop
      vertex 55.95 32.9213 10.6
      vertex 48.124 32.9358 10.6
      vertex 45.85 34.55 10.6
    endloop
  endfacet
  facet normal 0 0 -1
    outer loop
      vertex 45.85 34.55 10.6
      vertex 48.124 32.9358 10.6
      vertex 47.9382 32.9989 10.6
    endloop
  endfacet
  facet normal 0 0 -1
    outer loop
      vertex 45.85 34.55 10.6
      vertex 47.9382 32.9989 10.6
      vertex 47.7458 33.0372 10.6
    endloop
  endfacet
  facet normal 0 0 -1
    outer loop
      vertex 45.85 34.55 10.6
      vertex 47.7458 33.0372 10.6
      vertex 47.55 33.05 10.6
    endloop
  endfacet
  facet normal 0 0 -1
    outer loop
      vertex 45.85 34.55 10.6
      vertex 47.55 33.05 10.6
      vertex 47.3542 33.0372 10.6
    endloop
  endfacet
  facet normal 0 0 -1
    outer loop
      vertex 45.85 34.55 10.6
      vertex 47.3542 33.0372 10.6
      vertex 47.1618 32.9989 10.6
    endloop
  endfacet
  facet normal 0 0 -1
    outer loop
      vertex 45.85 34.55 10.6
      vertex 47.1618 32.9989 10.6
      vertex 46.976 32.9358 10.6
    endloop
  endfacet
  facet normal -0 0 -1
    outer loop
      vertex 46.0628 31.3542 10.6
      vertex 45.85 28.55 10.6
      vertex 46.05 31.55 10.6
    endloop
  endfacet
  facet normal 0 0 -1
    outer loop
      vertex 45.85 34.55 10.6
      vertex 46.05 31.55 10.6
      vertex 45.85 28.55 10.6
    endloop
  endfacet
  facet normal 0 0 -1
    outer loop
      vertex 46.05 31.55 10.6
      vertex 45.85 34.55 10.6
      vertex 46.0628 31.7458 10.6
    endloop
  endfacet
  facet normal 0 0 -1
    outer loop
      vertex 45.85 34.55 10.6
      vertex 46.1011 31.9382 10.6
      vertex 46.0628 31.7458 10.6
    endloop
  endfacet
  facet normal 0 0 -1
    outer loop
      vertex 45.85 34.55 10.6
      vertex 46.1642 32.124 10.6
      vertex 46.1011 31.9382 10.6
    endloop
  endfacet
  facet normal 0 0 -1
    outer loop
      vertex 45.85 34.55 10.6
      vertex 46.251 32.3 10.6
      vertex 46.1642 32.124 10.6
    endloop
  endfacet
  facet normal 0 0 -1
    outer loop
      vertex 45.85 34.55 10.6
      vertex 46.36 32.4631 10.6
      vertex 46.251 32.3 10.6
    endloop
  endfacet
  facet normal 0 0 -1
    outer loop
      vertex 45.85 34.55 10.6
      vertex 46.4893 32.6107 10.6
      vertex 46.36 32.4631 10.6
    endloop
  endfacet
  facet normal 0 0 -1
    outer loop
      vertex 45.85 34.55 10.6
      vertex 46.6369 32.74 10.6
      vertex 46.4893 32.6107 10.6
    endloop
  endfacet
  facet normal 0 0 -1
    outer loop
      vertex 45.85 34.55 10.6
      vertex 46.8 32.849 10.6
      vertex 46.6369 32.74 10.6
    endloop
  endfacet
  facet normal 0 0 -1
    outer loop
      vertex 45.85 34.55 10.6
      vertex 46.976 32.9358 10.6
      vertex 46.8 32.849 10.6
    endloop
  endfacet
  facet normal 0 0 -1
    outer loop
      vertex 56.3254 33.1064 10.6
      vertex 45.85 34.55 10.6
      vertex 61.7 38.8 10.6
    endloop
  endfacet
  facet normal 0 0 -1
    outer loop
      vertex 32.85 34.55 10.6
      vertex 61.7 38.8 10.6
      vertex 45.85 34.55 10.6
    endloop
  endfacet
  facet normal 0 0 -1
    outer loop
      vertex 32.55 17.8 10.6
      vertex 0 35.2 10.6
      vertex 32.85 28.55 10.6
    endloop
  endfacet
  facet normal 0 0 -1
    outer loop
      vertex 32.85 28.55 10.6
      vertex 0 35.2 10.6
      vertex 32.85 34.55 10.6
    endloop
  endfacet
  facet normal 0 0 -1
    outer loop
      vertex -0.0273762 35.6177 10.6
      vertex 32.85 34.55 10.6
      vertex 0 35.2 10.6
    endloop
  endfacet
  facet normal 0 0 -1
    outer loop
      vertex -0.109036 36.0282 10.6
      vertex 32.85 34.55 10.6
      vertex -0.0273762 35.6177 10.6
    endloop
  endfacet
  facet normal 0 0 -1
    outer loop
      vertex -0.243585 36.4246 10.6
      vertex 32.85 34.55 10.6
      vertex -0.109036 36.0282 10.6
    endloop
  endfacet
  facet normal 0 0 -1
    outer loop
      vertex -0.428719 36.8 10.6
      vertex 32.85 34.55 10.6
      vertex -0.243585 36.4246 10.6
    endloop
  endfacet
  facet normal 0 0 -1
    outer loop
      vertex -0.661269 37.148 10.6
      vertex 32.85 34.55 10.6
      vertex -0.428719 36.8 10.6
    endloop
  endfacet
  facet normal 0 0 -1
    outer loop
      vertex -0.937258 37.4627 10.6
      vertex 32.85 34.55 10.6
      vertex -0.661269 37.148 10.6
    endloop
  endfacet
  facet normal 0 0 -1
    outer loop
      vertex -1.25196 37.7387 10.6
      vertex 32.85 34.55 10.6
      vertex -0.937258 37.4627 10.6
    endloop
  endfacet
  facet normal 0 0 -1
    outer loop
      vertex -1.6 37.9713 10.6
      vertex 32.85 34.55 10.6
      vertex -1.25196 37.7387 10.6
    endloop
  endfacet
  facet normal 0 0 -1
    outer loop
      vertex -1.97541 38.1564 10.6
      vertex 32.85 34.55 10.6
      vertex -1.6 37.9713 10.6
    endloop
  endfacet
  facet normal 0 0 -1
    outer loop
      vertex -2.37178 38.291 10.6
      vertex 32.85 34.55 10.6
      vertex -1.97541 38.1564 10.6
    endloop
  endfacet
  facet normal 0 0 -1
    outer loop
      vertex 32.85 34.55 10.6
      vertex -2.37178 38.291 10.6
      vertex 61.7 38.8 10.6
    endloop
  endfacet
  facet normal 0 0 -1
    outer loop
      vertex -2.78232 38.3726 10.6
      vertex 61.7 38.8 10.6
      vertex -2.37178 38.291 10.6
    endloop
  endfacet
  facet normal 0 0 -1
    outer loop
      vertex -6.6 38.8 10.6
      vertex -2.78232 38.3726 10.6
      vertex -3.2 38.4 10.6
    endloop
  endfacet
  facet normal 0 0 -1
    outer loop
      vertex -2.78232 38.3726 10.6
      vertex -6.6 38.8 10.6
      vertex 61.7 38.8 10.6
    endloop
  endfacet
  facet normal 0 0 -1
    outer loop
      vertex -3.61768 38.3726 10.6
      vertex -6.6 38.8 10.6
      vertex -3.2 38.4 10.6
    endloop
  endfacet
  facet normal 0 0 -1
    outer loop
      vertex -4.02822 38.291 10.6
      vertex -6.6 38.8 10.6
      vertex -3.61768 38.3726 10.6
    endloop
  endfacet
  facet normal 0 0 -1
    outer loop
      vertex -4.42459 38.1564 10.6
      vertex -6.6 38.8 10.6
      vertex -4.02822 38.291 10.6
    endloop
  endfacet
  facet normal 0 0 -1
    outer loop
      vertex -4.8 37.9713 10.6
      vertex -6.6 38.8 10.6
      vertex -4.42459 38.1564 10.6
    endloop
  endfacet
  facet normal 0 0 -1
    outer loop
      vertex -5.14804 37.7387 10.6
      vertex -6.6 38.8 10.6
      vertex -4.8 37.9713 10.6
    endloop
  endfacet
  facet normal 0 0 -1
    outer loop
      vertex -5.46274 37.4627 10.6
      vertex -6.6 38.8 10.6
      vertex -5.14804 37.7387 10.6
    endloop
  endfacet
  facet normal 0 0 -1
    outer loop
      vertex -5.73873 37.148 10.6
      vertex -6.6 38.8 10.6
      vertex -5.46274 37.4627 10.6
    endloop
  endfacet
  facet normal 0 0 -1
    outer loop
      vertex -5.97128 36.8 10.6
      vertex -6.6 38.8 10.6
      vertex -5.73873 37.148 10.6
    endloop
  endfacet
  facet normal 0 0 -1
    outer loop
      vertex -6.15641 36.4246 10.6
      vertex -6.6 38.8 10.6
      vertex -5.97128 36.8 10.6
    endloop
  endfacet
  facet normal 0 0 -1
    outer loop
      vertex -6.29096 36.0282 10.6
      vertex -6.6 38.8 10.6
      vertex -6.15641 36.4246 10.6
    endloop
  endfacet
  facet normal 0 0 -1
    outer loop
      vertex -6.37262 35.6177 10.6
      vertex -6.6 38.8 10.6
      vertex -6.29096 36.0282 10.6
    endloop
  endfacet
  facet normal 0 0 -1
    outer loop
      vertex -6.4 35.2 10.6
      vertex -6.6 38.8 10.6
      vertex -6.37262 35.6177 10.6
    endloop
  endfacet
  facet normal 0 0 -1
    outer loop
      vertex -6.6 38.8 10.6
      vertex -6.4 35.2 10.6
      vertex -6.6 -7 10.6
    endloop
  endfacet
  facet normal 0 0 -1
    outer loop
      vertex 56.7218 7.64096 10.6
      vertex 50.05 9.08 10.6
      vertex 49.4263 22.1737 10.6
    endloop
  endfacet
  facet normal 0 0 -1
    outer loop
      vertex 49.7919 24.95 10.6
      vertex 55.0113 28.202 10.6
      vertex 49.9249 24.6802 10.6
    endloop
  endfacet
  facet normal 0 0 -1
    outer loop
      vertex 49.9249 24.6802 10.6
      vertex 55.2873 27.8873 10.6
      vertex 50.0216 24.3953 10.6
    endloop
  endfacet
  facet normal 0 -0 -1
    outer loop
      vertex 50.1 23.8 10.6
      vertex 56.3254 27.1936 10.6
      vertex 50.0803 23.4998 10.6
    endloop
  endfacet
  facet normal 0 0 -1
    outer loop
      vertex 57.55 7.75 10.6
      vertex 49.6247 22.3998 10.6
      vertex 49.7919 22.65 10.6
    endloop
  endfacet
  facet normal 0 0 -1
    outer loop
      vertex 57.1323 7.72262 10.6
      vertex 49.4263 22.1737 10.6
      vertex 49.6247 22.3998 10.6
    endloop
  endfacet
  facet normal 0 0 -1
    outer loop
      vertex 50.05 9.08 10.6
      vertex 49.2001 21.9753 10.6
      vertex 49.4263 22.1737 10.6
    endloop
  endfacet
  facet normal 0 0 -1
    outer loop
      vertex 50.05 9.08 10.6
      vertex 48.95 21.8081 10.6
      vertex 49.2001 21.9753 10.6
    endloop
  endfacet
  facet normal 0 0 -1
    outer loop
      vertex 50.05 9.08 10.6
      vertex 48.6802 21.6751 10.6
      vertex 48.95 21.8081 10.6
    endloop
  endfacet
  facet normal 0 0 -1
    outer loop
      vertex 50.05 9.08 10.6
      vertex 48.3953 21.5784 10.6
      vertex 48.6802 21.6751 10.6
    endloop
  endfacet
  facet normal 0 0 -1
    outer loop
      vertex 50.05 9.08 10.6
      vertex 48.1002 21.5197 10.6
      vertex 48.3953 21.5784 10.6
    endloop
  endfacet
  facet normal 0 0 -1
    outer loop
      vertex 50.05 9.08 10.6
      vertex 47.8 21.5 10.6
      vertex 48.1002 21.5197 10.6
    endloop
  endfacet
  facet normal 0 0 -1
    outer loop
      vertex 50.05 9.08 10.6
      vertex 47.4998 21.5197 10.6
      vertex 47.8 21.5 10.6
    endloop
  endfacet
  facet normal 0 0 -1
    outer loop
      vertex 50.05 9.08 10.6
      vertex 47.2047 21.5784 10.6
      vertex 47.4998 21.5197 10.6
    endloop
  endfacet
  facet normal 0 0 -1
    outer loop
      vertex 38.55 17.8 10.6
      vertex 47.2047 21.5784 10.6
      vertex 50.05 9.08 10.6
    endloop
  endfacet
  facet normal -0 0 -1
    outer loop
      vertex 47.2047 21.5784 10.6
      vertex 38.55 17.8 10.6
      vertex 46.9198 21.6751 10.6
    endloop
  endfacet
  facet normal -0 0 -1
    outer loop
      vertex 46.9198 21.6751 10.6
      vertex 38.55 17.8 10.6
      vertex 46.65 21.8081 10.6
    endloop
  endfacet
  facet normal -0 0 -1
    outer loop
      vertex 46.65 21.8081 10.6
      vertex 38.55 17.8 10.6
      vertex 46.3998 21.9753 10.6
    endloop
  endfacet
  facet normal -0 0 -1
    outer loop
      vertex 46.3998 21.9753 10.6
      vertex 38.55 17.8 10.6
      vertex 46.1737 22.1737 10.6
    endloop
  endfacet
  facet normal 0 -0 -1
    outer loop
      vertex 39.4263 22.1737 10.6
      vertex 46.1737 22.1737 10.6
      vertex 38.55 17.8 10.6
    endloop
  endfacet
  facet normal 0 0 -1
    outer loop
      vertex 46.1737 22.1737 10.6
      vertex 39.4263 22.1737 10.6
      vertex 45.9753 22.3998 10.6
    endloop
  endfacet
  facet normal 0 -0 -1
    outer loop
      vertex 39.6247 22.3998 10.6
      vertex 45.9753 22.3998 10.6
      vertex 39.4263 22.1737 10.6
    endloop
  endfacet
  facet normal 0 0 -1
    outer loop
      vertex 45.5197 23.4998 10.6
      vertex 40.1 23.8 10.6
      vertex 45.5 23.8 10.6
    endloop
  endfacet
  facet normal 0 0 -1
    outer loop
      vertex 40.0803 23.4998 10.6
      vertex 45.5197 23.4998 10.6
      vertex 45.5784 23.2047 10.6
    endloop
  endfacet
  facet normal 0 0 -1
    outer loop
      vertex 45.9753 22.3998 10.6
      vertex 39.6247 22.3998 10.6
      vertex 45.8081 22.65 10.6
    endloop
  endfacet
  facet normal 0 0 -1
    outer loop
      vertex 45.5197 23.4998 10.6
      vertex 40.0803 23.4998 10.6
      vertex 40.1 23.8 10.6
    endloop
  endfacet
  facet normal 0 0 -1
    outer loop
      vertex 45.5784 23.2047 10.6
      vertex 40.0216 23.2047 10.6
      vertex 40.0803 23.4998 10.6
    endloop
  endfacet
  facet normal -0 0 -1
    outer loop
      vertex 45.5784 23.2047 10.6
      vertex 39.9249 22.9198 10.6
      vertex 40.0216 23.2047 10.6
    endloop
  endfacet
  facet normal 0 0 -1
    outer loop
      vertex 45.6751 22.9198 10.6
      vertex 39.9249 22.9198 10.6
      vertex 45.5784 23.2047 10.6
    endloop
  endfacet
  facet normal 0 0 -1
    outer loop
      vertex 45.8081 22.65 10.6
      vertex 39.7919 22.65 10.6
      vertex 45.6751 22.9198 10.6
    endloop
  endfacet
  facet normal 0 -0 -1
    outer loop
      vertex 39.9249 22.9198 10.6
      vertex 45.6751 22.9198 10.6
      vertex 39.7919 22.65 10.6
    endloop
  endfacet
  facet normal 0 -0 -1
    outer loop
      vertex 39.7919 22.65 10.6
      vertex 45.8081 22.65 10.6
      vertex 39.6247 22.3998 10.6
    endloop
  endfacet
  facet normal 0 0 -1
    outer loop
      vertex 39.4263 22.1737 10.6
      vertex 38.55 17.8 10.6
      vertex 39.2001 21.9753 10.6
    endloop
  endfacet
  facet normal 0 0 -1
    outer loop
      vertex 39.2001 21.9753 10.6
      vertex 38.55 17.8 10.6
      vertex 38.95 21.8081 10.6
    endloop
  endfacet
  facet normal 0 0 -1
    outer loop
      vertex 38.55 17.8 10.6
      vertex 50.05 9.08 10.6
      vertex 38.55 9.08 10.6
    endloop
  endfacet
  facet normal 0 0 -1
    outer loop
      vertex 38.95 21.8081 10.6
      vertex 38.55 17.8 10.6
      vertex 38.6802 21.6751 10.6
    endloop
  endfacet
  facet normal 0 0 -1
    outer loop
      vertex 38.55 17.8 10.6
      vertex 38.3953 21.5784 10.6
      vertex 38.6802 21.6751 10.6
    endloop
  endfacet
  facet normal 0 0 -1
    outer loop
      vertex 38.55 17.8 10.6
      vertex 38.1002 21.5197 10.6
      vertex 38.3953 21.5784 10.6
    endloop
  endfacet
  facet normal 0 0 -1
    outer loop
      vertex 38.55 17.8 10.6
      vertex 37.8 21.5 10.6
      vertex 38.1002 21.5197 10.6
    endloop
  endfacet
  facet normal 0 0 -1
    outer loop
      vertex 38.55 17.8 10.6
      vertex 37.4998 21.5197 10.6
      vertex 37.8 21.5 10.6
    endloop
  endfacet
  facet normal 0 0 -1
    outer loop
      vertex 38.55 17.8 10.6
      vertex 37.2047 21.5784 10.6
      vertex 37.4998 21.5197 10.6
    endloop
  endfacet
  facet normal 0 0 -1
    outer loop
      vertex 38.55 17.8 10.6
      vertex 36.9198 21.6751 10.6
      vertex 37.2047 21.5784 10.6
    endloop
  endfacet
  facet normal 0 0 -1
    outer loop
      vertex 32.55 17.8 10.6
      vertex 36.9198 21.6751 10.6
      vertex 38.55 17.8 10.6
    endloop
  endfacet
  facet normal -0 0 -1
    outer loop
      vertex 36.9198 21.6751 10.6
      vertex 32.55 17.8 10.6
      vertex 36.65 21.8081 10.6
    endloop
  endfacet
  facet normal -0 0 -1
    outer loop
      vertex 36.65 21.8081 10.6
      vertex 32.55 17.8 10.6
      vertex 36.3998 21.9753 10.6
    endloop
  endfacet
  facet normal -0 0 -1
    outer loop
      vertex 36.3998 21.9753 10.6
      vertex 32.55 17.8 10.6
      vertex 36.1737 22.1737 10.6
    endloop
  endfacet
  facet normal -0 0 -1
    outer loop
      vertex 36.1737 22.1737 10.6
      vertex 32.55 17.8 10.6
      vertex 35.9753 22.3998 10.6
    endloop
  endfacet
  facet normal 0 0 -1
    outer loop
      vertex 35.5197 23.4998 10.6
      vertex 32.85 28.55 10.6
      vertex 35.5 23.8 10.6
    endloop
  endfacet
  facet normal 0 0 -1
    outer loop
      vertex 32.55 17.8 10.6
      vertex 35.5197 23.4998 10.6
      vertex 35.5784 23.2047 10.6
    endloop
  endfacet
  facet normal 0 0 -1
    outer loop
      vertex 32.55 17.8 10.6
      vertex 35.5784 23.2047 10.6
      vertex 35.6751 22.9198 10.6
    endloop
  endfacet
  facet normal 0 0 -1
    outer loop
      vertex 32.55 17.8 10.6
      vertex 35.6751 22.9198 10.6
      vertex 35.8081 22.65 10.6
    endloop
  endfacet
  facet normal 0 0 -1
    outer loop
      vertex -0.109036 -2.57178 10.6
      vertex 32.55 8.8 10.6
      vertex -0.0273762 -2.98232 10.6
    endloop
  endfacet
  facet normal -0 0 -1
    outer loop
      vertex 35.5197 23.4998 10.6
      vertex 32.55 17.8 10.6
      vertex 32.85 28.55 10.6
    endloop
  endfacet
  facet normal -0 0 -1
    outer loop
      vertex 35.9753 22.3998 10.6
      vertex 32.55 17.8 10.6
      vertex 35.8081 22.65 10.6
    endloop
  endfacet
  facet normal -1 0 0
    outer loop
      vertex 61.7 -7 0
      vertex 61.7 38.8 10.6
      vertex 61.7 38.8 0
    endloop
  endfacet
  facet normal -1 -0 0
    outer loop
      vertex 61.7 38.8 10.6
      vertex 61.7 -7 0
      vertex 61.7 -7 10.6
    endloop
  endfacet
  facet normal 0 1 -0
    outer loop
      vertex 61.7 -7 0
      vertex -6.6 -7 10.6
      vertex 61.7 -7 10.6
    endloop
  endfacet
  facet normal 0 1 0
    outer loop
      vertex -6.6 -7 10.6
      vertex 61.7 -7 0
      vertex -6.6 -7 0
    endloop
  endfacet
  facet normal 0 -1 0
    outer loop
      vertex 24.55 38.8 9.5
      vertex -6.6 38.8 10.6
      vertex 9.55 38.8 9.5
    endloop
  endfacet
  facet normal 0 -1 0
    outer loop
      vertex -6.6 38.8 10.6
      vertex 9.55 38.8 3.5
      vertex 9.55 38.8 9.5
    endloop
  endfacet
  facet normal 0 -1 -0
    outer loop
      vertex 9.55 38.8 3.5
      vertex -6.6 38.8 0
      vertex 24.55 38.8 3.5
    endloop
  endfacet
  facet normal 0 -1 0
    outer loop
      vertex -6.6 38.8 0
      vertex 9.55 38.8 3.5
      vertex -6.6 38.8 10.6
    endloop
  endfacet
  facet normal 0 -1 0
    outer loop
      vertex -6.6 38.8 10.6
      vertex 24.55 38.8 9.5
      vertex 61.7 38.8 10.6
    endloop
  endfacet
  facet normal 0 -1 0
    outer loop
      vertex 24.55 38.8 3.5
      vertex 61.7 38.8 10.6
      vertex 24.55 38.8 9.5
    endloop
  endfacet
  facet normal 0 -1 0
    outer loop
      vertex 24.55 38.8 3.5
      vertex 61.7 38.8 0
      vertex 61.7 38.8 10.6
    endloop
  endfacet
  facet normal 0 -1 0
    outer loop
      vertex 61.7 38.8 0
      vertex 24.55 38.8 3.5
      vertex -6.6 38.8 0
    endloop
  endfacet
  facet normal 1 -0 0
    outer loop
      vertex 9.55 38.8 9.5
      vertex 9.55 40.8 3.5
      vertex 9.55 40.8 9.5
    endloop
  endfacet
  facet normal 1 0 0
    outer loop
      vertex 9.55 40.8 3.5
      vertex 9.55 38.8 9.5
      vertex 9.55 38.8 3.5
    endloop
  endfacet
  facet normal 0 0 -1
    outer loop
      vertex 9.55 38.8 9.5
      vertex 24.55 40.8 9.5
      vertex 24.55 38.8 9.5
    endloop
  endfacet
  facet normal -0 0 -1
    outer loop
      vertex 24.55 40.8 9.5
      vertex 9.55 38.8 9.5
      vertex 9.55 40.8 9.5
    endloop
  endfacet
  facet normal -1 0 0
    outer loop
      vertex 24.55 38.8 3.5
      vertex 24.55 40.8 9.5
      vertex 24.55 40.8 3.5
    endloop
  endfacet
  facet normal -1 -0 0
    outer loop
      vertex 24.55 40.8 9.5
      vertex 24.55 38.8 3.5
      vertex 24.55 38.8 9.5
    endloop
  endfacet
  facet normal -0 0 1
    outer loop
      vertex 9.55 40.8 3.5
      vertex 24.55 38.8 3.5
      vertex 24.55 40.8 3.5
    endloop
  endfacet
  facet normal 0 0 1
    outer loop
      vertex 24.55 38.8 3.5
      vertex 9.55 40.8 3.5
      vertex 9.55 38.8 3.5
    endloop
  endfacet
  facet normal -1 0 0
    outer loop
      vertex -6.3 -6.7 -1.5
      vertex -6.3 -4.18279 0
      vertex -6.3 -4.18279 -1.5
    endloop
  endfacet
  facet normal -1 -0 0
    outer loop
      vertex -6.3 -4.18279 0
      vertex -6.3 -6.7 -1.5
      vertex -6.3 -6.7 0
    endloop
  endfacet
  facet normal -1 0 0
    outer loop
      vertex -6.3 35.9828 -1.5
      vertex -6.3 38.5 0
      vertex -6.3 38.5 -1.5
    endloop
  endfacet
  facet normal -1 -0 0
    outer loop
      vertex -6.3 38.5 0
      vertex -6.3 35.9828 -1.5
      vertex -6.3 35.9828 0
    endloop
  endfacet
  facet normal -1 0 0
    outer loop
      vertex -6.3 -2.61721 -1.5
      vertex -6.3 34.4172 0
      vertex -6.3 34.4172 -1.5
    endloop
  endfacet
  facet normal -1 -0 0
    outer loop
      vertex -6.3 34.4172 0
      vertex -6.3 -2.61721 -1.5
      vertex -6.3 -2.61721 0
    endloop
  endfacet
  facet normal -0 0 1
    outer loop
      vertex 60.7226 29.7323 0
      vertex 60.75 4.55 0
      vertex 60.75 30.15 0
    endloop
  endfacet
  facet normal 0 0 1
    outer loop
      vertex 60.7226 29.7323 0
      vertex 60.7226 4.96768 0
      vertex 60.75 4.55 0
    endloop
  endfacet
  facet normal -0 0 1
    outer loop
      vertex 60.641 29.3218 0
      vertex 60.7226 4.96768 0
      vertex 60.7226 29.7323 0
    endloop
  endfacet
  facet normal 0 0 1
    outer loop
      vertex 60.641 29.3218 0
      vertex 60.641 5.37822 0
      vertex 60.7226 4.96768 0
    endloop
  endfacet
  facet normal -0 0 1
    outer loop
      vertex 60.5064 28.9254 0
      vertex 60.641 5.37822 0
      vertex 60.641 29.3218 0
    endloop
  endfacet
  facet normal 0 0 1
    outer loop
      vertex 60.5064 28.9254 0
      vertex 60.5064 5.77459 0
      vertex 60.641 5.37822 0
    endloop
  endfacet
  facet normal -0 0 1
    outer loop
      vertex 60.3213 28.55 0
      vertex 60.5064 5.77459 0
      vertex 60.5064 28.9254 0
    endloop
  endfacet
  facet normal 0 0 1
    outer loop
      vertex 60.3213 28.55 0
      vertex 60.3213 6.15 0
      vertex 60.5064 5.77459 0
    endloop
  endfacet
  facet normal -0 0 1
    outer loop
      vertex 60.2 28.3685 0
      vertex 60.3213 6.15 0
      vertex 60.3213 28.55 0
    endloop
  endfacet
  facet normal 0 0 1
    outer loop
      vertex 60.3213 6.15 0
      vertex 60.2 28.3685 0
      vertex 60.2 6.33151 0
    endloop
  endfacet
  facet normal 0 0 1
    outer loop
      vertex 60.75 4.55 0
      vertex 61.4 38.5 0
      vertex 60.75 30.15 0
    endloop
  endfacet
  facet normal 0 0 1
    outer loop
      vertex 61.4 38.5 0
      vertex 60.7226 30.5677 0
      vertex 60.75 30.15 0
    endloop
  endfacet
  facet normal 0 0 1
    outer loop
      vertex 61.4 38.5 0
      vertex 60.641 30.9782 0
      vertex 60.7226 30.5677 0
    endloop
  endfacet
  facet normal 0 0 1
    outer loop
      vertex 61.4 38.5 0
      vertex 60.5064 31.3746 0
      vertex 60.641 30.9782 0
    endloop
  endfacet
  facet normal 0 0 1
    outer loop
      vertex 61.4 38.5 0
      vertex 60.3213 31.75 0
      vertex 60.5064 31.3746 0
    endloop
  endfacet
  facet normal 0 0 1
    outer loop
      vertex 60.2 31.9315 0
      vertex 61.4 38.5 0
      vertex 60.2 37.3 0
    endloop
  endfacet
  facet normal -0 0 1
    outer loop
      vertex -0.937258 37.4627 0
      vertex 60.2 37.3 0
      vertex 61.4 38.5 0
    endloop
  endfacet
  facet normal 0 0 1
    outer loop
      vertex 60.2 37.3 0
      vertex -0.937258 37.4627 0
      vertex -0.794538 37.3 0
    endloop
  endfacet
  facet normal 0 0 1
    outer loop
      vertex 61.4 38.5 0
      vertex -1.25196 37.7387 0
      vertex -0.937258 37.4627 0
    endloop
  endfacet
  facet normal 0 0 1
    outer loop
      vertex 61.4 38.5 0
      vertex -1.6 37.9713 0
      vertex -1.25196 37.7387 0
    endloop
  endfacet
  facet normal 0 0 1
    outer loop
      vertex 61.4 38.5 0
      vertex -1.97541 38.1564 0
      vertex -1.6 37.9713 0
    endloop
  endfacet
  facet normal 0 0 1
    outer loop
      vertex 61.4 38.5 0
      vertex -2.37178 38.291 0
      vertex -1.97541 38.1564 0
    endloop
  endfacet
  facet normal 0 0 1
    outer loop
      vertex 61.4 38.5 0
      vertex -2.78232 38.3726 0
      vertex -2.37178 38.291 0
    endloop
  endfacet
  facet normal 0 0 1
    outer loop
      vertex 61.4 38.5 0
      vertex -3.2 38.4 0
      vertex -2.78232 38.3726 0
    endloop
  endfacet
  facet normal -0 0 1
    outer loop
      vertex -6.3 38.5 0
      vertex -3.2 38.4 0
      vertex 61.4 38.5 0
    endloop
  endfacet
  facet normal 0 0 1
    outer loop
      vertex -6.3 38.5 0
      vertex -3.61768 38.3726 0
      vertex -3.2 38.4 0
    endloop
  endfacet
  facet normal 0 0 1
    outer loop
      vertex -6.3 38.5 0
      vertex -4.02822 38.291 0
      vertex -3.61768 38.3726 0
    endloop
  endfacet
  facet normal 0 0 1
    outer loop
      vertex -6.3 38.5 0
      vertex -4.42459 38.1564 0
      vertex -4.02822 38.291 0
    endloop
  endfacet
  facet normal 0 0 1
    outer loop
      vertex -6.3 38.5 0
      vertex -4.8 37.9713 0
      vertex -4.42459 38.1564 0
    endloop
  endfacet
  facet normal 0 0 1
    outer loop
      vertex -6.3 38.5 0
      vertex -5.14804 37.7387 0
      vertex -4.8 37.9713 0
    endloop
  endfacet
  facet normal 0 0 1
    outer loop
      vertex -6.3 38.5 0
      vertex -5.46274 37.4627 0
      vertex -5.14804 37.7387 0
    endloop
  endfacet
  facet normal 0 0 1
    outer loop
      vertex -6.3 38.5 0
      vertex -5.73873 37.148 0
      vertex -5.46274 37.4627 0
    endloop
  endfacet
  facet normal 0 0 1
    outer loop
      vertex -6.3 38.5 0
      vertex -5.97128 36.8 0
      vertex -5.73873 37.148 0
    endloop
  endfacet
  facet normal 0 0 1
    outer loop
      vertex -6.3 38.5 0
      vertex -6.15641 36.4246 0
      vertex -5.97128 36.8 0
    endloop
  endfacet
  facet normal 0 0 1
    outer loop
      vertex -6.3 38.5 0
      vertex -6.29096 36.0282 0
      vertex -6.15641 36.4246 0
    endloop
  endfacet
  facet normal 0 0 1
    outer loop
      vertex -6.29096 36.0282 0
      vertex -6.3 38.5 0
      vertex -6.3 35.9828 0
    endloop
  endfacet
  facet normal 0 0 1
    outer loop
      vertex 61.4 38.5 0
      vertex 60.75 4.55 0
      vertex 61.4 -6.7 0
    endloop
  endfacet
  facet normal -0 0 1
    outer loop
      vertex 60.7226 4.13232 0
      vertex 61.4 -6.7 0
      vertex 60.75 4.55 0
    endloop
  endfacet
  facet normal -0 0 1
    outer loop
      vertex 60.641 3.72178 0
      vertex 61.4 -6.7 0
      vertex 60.7226 4.13232 0
    endloop
  endfacet
  facet normal -0 0 1
    outer loop
      vertex 60.5064 3.32541 0
      vertex 61.4 -6.7 0
      vertex 60.641 3.72178 0
    endloop
  endfacet
  facet normal -0 0 1
    outer loop
      vertex 60.3213 2.95 0
      vertex 61.4 -6.7 0
      vertex 60.5064 3.32541 0
    endloop
  endfacet
  facet normal -0 0 1
    outer loop
      vertex 60.2 2.76849 0
      vertex 61.4 -6.7 0
      vertex 60.3213 2.95 0
    endloop
  endfacet
  facet normal -0 0 1
    outer loop
      vertex 60.2 -5.5 0
      vertex 61.4 -6.7 0
      vertex 60.2 2.76849 0
    endloop
  endfacet
  facet normal 0 0 1
    outer loop
      vertex -0.937258 -5.66274 0
      vertex 60.2 -5.5 0
      vertex -0.794538 -5.5 0
    endloop
  endfacet
  facet normal 0 0 1
    outer loop
      vertex 60.2 -5.5 0
      vertex -0.937258 -5.66274 0
      vertex 61.4 -6.7 0
    endloop
  endfacet
  facet normal -0 0 1
    outer loop
      vertex -1.25196 -5.93873 0
      vertex 61.4 -6.7 0
      vertex -0.937258 -5.66274 0
    endloop
  endfacet
  facet normal -0 0 1
    outer loop
      vertex -1.6 -6.17128 0
      vertex 61.4 -6.7 0
      vertex -1.25196 -5.93873 0
    endloop
  endfacet
  facet normal -0 0 1
    outer loop
      vertex -1.97541 -6.35641 0
      vertex 61.4 -6.7 0
      vertex -1.6 -6.17128 0
    endloop
  endfacet
  facet normal -0 0 1
    outer loop
      vertex -2.37178 -6.49096 0
      vertex 61.4 -6.7 0
      vertex -1.97541 -6.35641 0
    endloop
  endfacet
  facet normal -0 0 1
    outer loop
      vertex -2.78232 -6.57262 0
      vertex 61.4 -6.7 0
      vertex -2.37178 -6.49096 0
    endloop
  endfacet
  facet normal -0 0 1
    outer loop
      vertex -3.2 -6.6 0
      vertex 61.4 -6.7 0
      vertex -2.78232 -6.57262 0
    endloop
  endfacet
  facet normal 0 0 1
    outer loop
      vertex -3.2 -6.6 0
      vertex -6.3 -6.7 0
      vertex 61.4 -6.7 0
    endloop
  endfacet
  facet normal 0 0 1
    outer loop
      vertex -3.61768 -6.57262 0
      vertex -6.3 -6.7 0
      vertex -3.2 -6.6 0
    endloop
  endfacet
  facet normal 0 0 1
    outer loop
      vertex -4.02822 -6.49096 0
      vertex -6.3 -6.7 0
      vertex -3.61768 -6.57262 0
    endloop
  endfacet
  facet normal 0 0 1
    outer loop
      vertex -4.42459 -6.35641 0
      vertex -6.3 -6.7 0
      vertex -4.02822 -6.49096 0
    endloop
  endfacet
  facet normal 0 0 1
    outer loop
      vertex -4.8 -6.17128 0
      vertex -6.3 -6.7 0
      vertex -4.42459 -6.35641 0
    endloop
  endfacet
  facet normal 0 0 1
    outer loop
      vertex -5.14804 -5.93873 0
      vertex -6.3 -6.7 0
      vertex -4.8 -6.17128 0
    endloop
  endfacet
  facet normal 0 0 1
    outer loop
      vertex -5.46274 -5.66274 0
      vertex -6.3 -6.7 0
      vertex -5.14804 -5.93873 0
    endloop
  endfacet
  facet normal 0 0 1
    outer loop
      vertex -5.73873 -5.34804 0
      vertex -6.3 -6.7 0
      vertex -5.46274 -5.66274 0
    endloop
  endfacet
  facet normal 0 0 1
    outer loop
      vertex -5.97128 -5 0
      vertex -6.3 -6.7 0
      vertex -5.73873 -5.34804 0
    endloop
  endfacet
  facet normal 0 0 1
    outer loop
      vertex -6.15641 -4.62459 0
      vertex -6.3 -6.7 0
      vertex -5.97128 -5 0
    endloop
  endfacet
  facet normal 0 0 1
    outer loop
      vertex -6.29096 -4.22822 0
      vertex -6.3 -6.7 0
      vertex -6.15641 -4.62459 0
    endloop
  endfacet
  facet normal 0 0 1
    outer loop
      vertex -6.3 -6.7 0
      vertex -6.29096 -4.22822 0
      vertex -6.3 -4.18279 0
    endloop
  endfacet
  facet normal 0 0 1
    outer loop
      vertex 61.4 38.5 0
      vertex 60.2 31.9315 0
      vertex 60.3213 31.75 0
    endloop
  endfacet
  facet normal 0 0 1
    outer loop
      vertex -5.14804 32.6613 0
      vertex -5.1 -0.829172 0
      vertex -5.1 32.6292 0
    endloop
  endfacet
  facet normal 0 0 1
    outer loop
      vertex -5.14804 32.6613 0
      vertex -5.14804 -0.861269 0
      vertex -5.1 -0.829172 0
    endloop
  endfacet
  facet normal 0 0 1
    outer loop
      vertex -5.46274 32.9373 0
      vertex -5.14804 -0.861269 0
      vertex -5.14804 32.6613 0
    endloop
  endfacet
  facet normal 0 0 1
    outer loop
      vertex -5.46274 32.9373 0
      vertex -5.46274 -1.13726 0
      vertex -5.14804 -0.861269 0
    endloop
  endfacet
  facet normal 0 0 1
    outer loop
      vertex -5.73873 33.252 0
      vertex -5.46274 -1.13726 0
      vertex -5.46274 32.9373 0
    endloop
  endfacet
  facet normal 0 0 1
    outer loop
      vertex -5.73873 33.252 0
      vertex -5.73873 -1.45196 0
      vertex -5.46274 -1.13726 0
    endloop
  endfacet
  facet normal 0 0 1
    outer loop
      vertex -5.97128 33.6 0
      vertex -5.73873 -1.45196 0
      vertex -5.73873 33.252 0
    endloop
  endfacet
  facet normal 0 0 1
    outer loop
      vertex -5.97128 33.6 0
      vertex -5.97128 -1.8 0
      vertex -5.73873 -1.45196 0
    endloop
  endfacet
  facet normal 0 0 1
    outer loop
      vertex -6.15641 33.9754 0
      vertex -5.97128 -1.8 0
      vertex -5.97128 33.6 0
    endloop
  endfacet
  facet normal 0 0 1
    outer loop
      vertex -6.15641 33.9754 0
      vertex -6.15641 -2.17541 0
      vertex -5.97128 -1.8 0
    endloop
  endfacet
  facet normal 0 0 1
    outer loop
      vertex -6.29096 34.3718 0
      vertex -6.15641 -2.17541 0
      vertex -6.15641 33.9754 0
    endloop
  endfacet
  facet normal 0 0 1
    outer loop
      vertex -6.29096 34.3718 0
      vertex -6.29096 -2.57178 0
      vertex -6.15641 -2.17541 0
    endloop
  endfacet
  facet normal 0 0 1
    outer loop
      vertex -6.3 34.4172 0
      vertex -6.29096 -2.57178 0
      vertex -6.29096 34.3718 0
    endloop
  endfacet
  facet normal 0 0 1
    outer loop
      vertex -6.29096 -2.57178 0
      vertex -6.3 34.4172 0
      vertex -6.3 -2.61721 0
    endloop
  endfacet
  facet normal 1 -0 0
    outer loop
      vertex 61.4 -6.7 0
      vertex 61.4 38.5 -1.5
      vertex 61.4 38.5 0
    endloop
  endfacet
  facet normal 1 0 0
    outer loop
      vertex 61.4 38.5 -1.5
      vertex 61.4 -6.7 0
      vertex 61.4 -6.7 -1.5
    endloop
  endfacet
  facet normal 0 1 -0
    outer loop
      vertex 61.4 38.5 -1.5
      vertex -6.3 38.5 0
      vertex 61.4 38.5 0
    endloop
  endfacet
  facet normal 0 1 0
    outer loop
      vertex -6.3 38.5 0
      vertex 61.4 38.5 -1.5
      vertex -6.3 38.5 -1.5
    endloop
  endfacet
  facet normal 0 0 -1
    outer loop
      vertex 60.7226 4.96768 -1.5
      vertex 60.75 30.15 -1.5
      vertex 60.75 4.55 -1.5
    endloop
  endfacet
  facet normal 0 0 -1
    outer loop
      vertex 60.7226 4.96768 -1.5
      vertex 60.7226 29.7323 -1.5
      vertex 60.75 30.15 -1.5
    endloop
  endfacet
  facet normal 0 0 -1
    outer loop
      vertex 60.641 5.37822 -1.5
      vertex 60.7226 29.7323 -1.5
      vertex 60.7226 4.96768 -1.5
    endloop
  endfacet
  facet normal 0 0 -1
    outer loop
      vertex 60.641 5.37822 -1.5
      vertex 60.641 29.3218 -1.5
      vertex 60.7226 29.7323 -1.5
    endloop
  endfacet
  facet normal 0 0 -1
    outer loop
      vertex 60.5064 5.77459 -1.5
      vertex 60.641 29.3218 -1.5
      vertex 60.641 5.37822 -1.5
    endloop
  endfacet
  facet normal 0 0 -1
    outer loop
      vertex 60.5064 5.77459 -1.5
      vertex 60.5064 28.9254 -1.5
      vertex 60.641 29.3218 -1.5
    endloop
  endfacet
  facet normal 0 0 -1
    outer loop
      vertex 60.3213 6.15 -1.5
      vertex 60.5064 28.9254 -1.5
      vertex 60.5064 5.77459 -1.5
    endloop
  endfacet
  facet normal 0 0 -1
    outer loop
      vertex 60.3213 6.15 -1.5
      vertex 60.3213 28.55 -1.5
      vertex 60.5064 28.9254 -1.5
    endloop
  endfacet
  facet normal 0 0 -1
    outer loop
      vertex 60.2 6.33151 -1.5
      vertex 60.3213 28.55 -1.5
      vertex 60.3213 6.15 -1.5
    endloop
  endfacet
  facet normal 0 0 -1
    outer loop
      vertex 60.3213 28.55 -1.5
      vertex 60.2 6.33151 -1.5
      vertex 60.2 28.3685 -1.5
    endloop
  endfacet
  facet normal 0 0 -1
    outer loop
      vertex 61.4 -6.7 -1.5
      vertex 60.75 4.55 -1.5
      vertex 61.4 38.5 -1.5
    endloop
  endfacet
  facet normal 0 0 -1
    outer loop
      vertex 61.4 -6.7 -1.5
      vertex 60.7226 4.13232 -1.5
      vertex 60.75 4.55 -1.5
    endloop
  endfacet
  facet normal 0 0 -1
    outer loop
      vertex 61.4 -6.7 -1.5
      vertex 60.641 3.72178 -1.5
      vertex 60.7226 4.13232 -1.5
    endloop
  endfacet
  facet normal 0 0 -1
    outer loop
      vertex 61.4 -6.7 -1.5
      vertex 60.5064 3.32541 -1.5
      vertex 60.641 3.72178 -1.5
    endloop
  endfacet
  facet normal 0 0 -1
    outer loop
      vertex 61.4 -6.7 -1.5
      vertex 60.3213 2.95 -1.5
      vertex 60.5064 3.32541 -1.5
    endloop
  endfacet
  facet normal 0 0 -1
    outer loop
      vertex 60.2 2.76849 -1.5
      vertex 61.4 -6.7 -1.5
      vertex 60.2 -5.5 -1.5
    endloop
  endfacet
  facet normal 0 0 -1
    outer loop
      vertex -0.937258 -5.66274 -1.5
      vertex 60.2 -5.5 -1.5
      vertex 61.4 -6.7 -1.5
    endloop
  endfacet
  facet normal -0 0 -1
    outer loop
      vertex 60.2 -5.5 -1.5
      vertex -0.937258 -5.66274 -1.5
      vertex -0.794538 -5.5 -1.5
    endloop
  endfacet
  facet normal 0 0 -1
    outer loop
      vertex 61.4 -6.7 -1.5
      vertex -1.25196 -5.93873 -1.5
      vertex -0.937258 -5.66274 -1.5
    endloop
  endfacet
  facet normal 0 0 -1
    outer loop
      vertex 61.4 -6.7 -1.5
      vertex -1.6 -6.17128 -1.5
      vertex -1.25196 -5.93873 -1.5
    endloop
  endfacet
  facet normal 0 0 -1
    outer loop
      vertex 61.4 -6.7 -1.5
      vertex -1.97541 -6.35641 -1.5
      vertex -1.6 -6.17128 -1.5
    endloop
  endfacet
  facet normal 0 0 -1
    outer loop
      vertex 61.4 -6.7 -1.5
      vertex -2.37178 -6.49096 -1.5
      vertex -1.97541 -6.35641 -1.5
    endloop
  endfacet
  facet normal 0 0 -1
    outer loop
      vertex 61.4 -6.7 -1.5
      vertex -2.78232 -6.57262 -1.5
      vertex -2.37178 -6.49096 -1.5
    endloop
  endfacet
  facet normal 0 0 -1
    outer loop
      vertex 61.4 -6.7 -1.5
      vertex -3.2 -6.6 -1.5
      vertex -2.78232 -6.57262 -1.5
    endloop
  endfacet
  facet normal 0 0 -1
    outer loop
      vertex -6.3 -6.7 -1.5
      vertex -3.2 -6.6 -1.5
      vertex 61.4 -6.7 -1.5
    endloop
  endfacet
  facet normal 0 0 -1
    outer loop
      vertex -6.3 -6.7 -1.5
      vertex -3.61768 -6.57262 -1.5
      vertex -3.2 -6.6 -1.5
    endloop
  endfacet
  facet normal 0 0 -1
    outer loop
      vertex -6.3 -6.7 -1.5
      vertex -4.02822 -6.49096 -1.5
      vertex -3.61768 -6.57262 -1.5
    endloop
  endfacet
  facet normal 0 0 -1
    outer loop
      vertex -6.3 -6.7 -1.5
      vertex -4.42459 -6.35641 -1.5
      vertex -4.02822 -6.49096 -1.5
    endloop
  endfacet
  facet normal 0 0 -1
    outer loop
      vertex -6.3 -6.7 -1.5
      vertex -4.8 -6.17128 -1.5
      vertex -4.42459 -6.35641 -1.5
    endloop
  endfacet
  facet normal 0 0 -1
    outer loop
      vertex -6.3 -6.7 -1.5
      vertex -5.14804 -5.93873 -1.5
      vertex -4.8 -6.17128 -1.5
    endloop
  endfacet
  facet normal 0 0 -1
    outer loop
      vertex -6.3 -6.7 -1.5
      vertex -5.46274 -5.66274 -1.5
      vertex -5.14804 -5.93873 -1.5
    endloop
  endfacet
  facet normal 0 0 -1
    outer loop
      vertex -6.3 -6.7 -1.5
      vertex -5.73873 -5.34804 -1.5
      vertex -5.46274 -5.66274 -1.5
    endloop
  endfacet
  facet normal 0 0 -1
    outer loop
      vertex -6.3 -6.7 -1.5
      vertex -5.97128 -5 -1.5
      vertex -5.73873 -5.34804 -1.5
    endloop
  endfacet
  facet normal 0 0 -1
    outer loop
      vertex -6.3 -6.7 -1.5
      vertex -6.15641 -4.62459 -1.5
      vertex -5.97128 -5 -1.5
    endloop
  endfacet
  facet normal 0 0 -1
    outer loop
      vertex -6.3 -6.7 -1.5
      vertex -6.29096 -4.22822 -1.5
      vertex -6.15641 -4.62459 -1.5
    endloop
  endfacet
  facet normal -0 0 -1
    outer loop
      vertex -6.29096 -4.22822 -1.5
      vertex -6.3 -6.7 -1.5
      vertex -6.3 -4.18279 -1.5
    endloop
  endfacet
  facet normal 0 0 -1
    outer loop
      vertex 60.75 30.15 -1.5
      vertex 61.4 38.5 -1.5
      vertex 60.75 4.55 -1.5
    endloop
  endfacet
  facet normal 0 0 -1
    outer loop
      vertex 60.7226 30.5677 -1.5
      vertex 61.4 38.5 -1.5
      vertex 60.75 30.15 -1.5
    endloop
  endfacet
  facet normal 0 0 -1
    outer loop
      vertex 60.641 30.9782 -1.5
      vertex 61.4 38.5 -1.5
      vertex 60.7226 30.5677 -1.5
    endloop
  endfacet
  facet normal 0 0 -1
    outer loop
      vertex 60.5064 31.3746 -1.5
      vertex 61.4 38.5 -1.5
      vertex 60.641 30.9782 -1.5
    endloop
  endfacet
  facet normal 0 0 -1
    outer loop
      vertex 60.3213 31.75 -1.5
      vertex 61.4 38.5 -1.5
      vertex 60.5064 31.3746 -1.5
    endloop
  endfacet
  facet normal 0 0 -1
    outer loop
      vertex 60.2 31.9315 -1.5
      vertex 61.4 38.5 -1.5
      vertex 60.3213 31.75 -1.5
    endloop
  endfacet
  facet normal 0 0 -1
    outer loop
      vertex 60.2 37.3 -1.5
      vertex 61.4 38.5 -1.5
      vertex 60.2 31.9315 -1.5
    endloop
  endfacet
  facet normal 0 0 -1
    outer loop
      vertex -0.937258 37.4627 -1.5
      vertex 60.2 37.3 -1.5
      vertex -0.794538 37.3 -1.5
    endloop
  endfacet
  facet normal 0 0 -1
    outer loop
      vertex 60.2 37.3 -1.5
      vertex -0.937258 37.4627 -1.5
      vertex 61.4 38.5 -1.5
    endloop
  endfacet
  facet normal 0 0 -1
    outer loop
      vertex -1.25196 37.7387 -1.5
      vertex 61.4 38.5 -1.5
      vertex -0.937258 37.4627 -1.5
    endloop
  endfacet
  facet normal 0 0 -1
    outer loop
      vertex -1.6 37.9713 -1.5
      vertex 61.4 38.5 -1.5
      vertex -1.25196 37.7387 -1.5
    endloop
  endfacet
  facet normal 0 0 -1
    outer loop
      vertex -1.97541 38.1564 -1.5
      vertex 61.4 38.5 -1.5
      vertex -1.6 37.9713 -1.5
    endloop
  endfacet
  facet normal 0 0 -1
    outer loop
      vertex -2.37178 38.291 -1.5
      vertex 61.4 38.5 -1.5
      vertex -1.97541 38.1564 -1.5
    endloop
  endfacet
  facet normal 0 0 -1
    outer loop
      vertex -2.78232 38.3726 -1.5
      vertex 61.4 38.5 -1.5
      vertex -2.37178 38.291 -1.5
    endloop
  endfacet
  facet normal 0 0 -1
    outer loop
      vertex -3.2 38.4 -1.5
      vertex 61.4 38.5 -1.5
      vertex -2.78232 38.3726 -1.5
    endloop
  endfacet
  facet normal 0 0 -1
    outer loop
      vertex -3.2 38.4 -1.5
      vertex -6.3 38.5 -1.5
      vertex 61.4 38.5 -1.5
    endloop
  endfacet
  facet normal 0 0 -1
    outer loop
      vertex -3.61768 38.3726 -1.5
      vertex -6.3 38.5 -1.5
      vertex -3.2 38.4 -1.5
    endloop
  endfacet
  facet normal 0 0 -1
    outer loop
      vertex -4.02822 38.291 -1.5
      vertex -6.3 38.5 -1.5
      vertex -3.61768 38.3726 -1.5
    endloop
  endfacet
  facet normal 0 0 -1
    outer loop
      vertex -4.42459 38.1564 -1.5
      vertex -6.3 38.5 -1.5
      vertex -4.02822 38.291 -1.5
    endloop
  endfacet
  facet normal 0 0 -1
    outer loop
      vertex -4.8 37.9713 -1.5
      vertex -6.3 38.5 -1.5
      vertex -4.42459 38.1564 -1.5
    endloop
  endfacet
  facet normal 0 0 -1
    outer loop
      vertex -5.14804 37.7387 -1.5
      vertex -6.3 38.5 -1.5
      vertex -4.8 37.9713 -1.5
    endloop
  endfacet
  facet normal 0 0 -1
    outer loop
      vertex -5.46274 37.4627 -1.5
      vertex -6.3 38.5 -1.5
      vertex -5.14804 37.7387 -1.5
    endloop
  endfacet
  facet normal 0 0 -1
    outer loop
      vertex -5.73873 37.148 -1.5
      vertex -6.3 38.5 -1.5
      vertex -5.46274 37.4627 -1.5
    endloop
  endfacet
  facet normal 0 0 -1
    outer loop
      vertex -5.97128 36.8 -1.5
      vertex -6.3 38.5 -1.5
      vertex -5.73873 37.148 -1.5
    endloop
  endfacet
  facet normal 0 0 -1
    outer loop
      vertex -6.15641 36.4246 -1.5
      vertex -6.3 38.5 -1.5
      vertex -5.97128 36.8 -1.5
    endloop
  endfacet
  facet normal 0 0 -1
    outer loop
      vertex -6.29096 36.0282 -1.5
      vertex -6.3 38.5 -1.5
      vertex -6.15641 36.4246 -1.5
    endloop
  endfacet
  facet normal 0 0 -1
    outer loop
      vertex -6.3 38.5 -1.5
      vertex -6.29096 36.0282 -1.5
      vertex -6.3 35.9828 -1.5
    endloop
  endfacet
  facet normal 0 0 -1
    outer loop
      vertex 61.4 -6.7 -1.5
      vertex 60.2 2.76849 -1.5
      vertex 60.3213 2.95 -1.5
    endloop
  endfacet
  facet normal 0 0 -1
    outer loop
      vertex -5.14804 -0.861269 -1.5
      vertex -5.1 32.6292 -1.5
      vertex -5.1 -0.829172 -1.5
    endloop
  endfacet
  facet normal 0 0 -1
    outer loop
      vertex -5.14804 -0.861269 -1.5
      vertex -5.14804 32.6613 -1.5
      vertex -5.1 32.6292 -1.5
    endloop
  endfacet
  facet normal 0 0 -1
    outer loop
      vertex -5.46274 -1.13726 -1.5
      vertex -5.14804 32.6613 -1.5
      vertex -5.14804 -0.861269 -1.5
    endloop
  endfacet
  facet normal 0 0 -1
    outer loop
      vertex -5.46274 -1.13726 -1.5
      vertex -5.46274 32.9373 -1.5
      vertex -5.14804 32.6613 -1.5
    endloop
  endfacet
  facet normal 0 0 -1
    outer loop
      vertex -5.73873 -1.45196 -1.5
      vertex -5.46274 32.9373 -1.5
      vertex -5.46274 -1.13726 -1.5
    endloop
  endfacet
  facet normal 0 0 -1
    outer loop
      vertex -5.73873 -1.45196 -1.5
      vertex -5.73873 33.252 -1.5
      vertex -5.46274 32.9373 -1.5
    endloop
  endfacet
  facet normal 0 0 -1
    outer loop
      vertex -5.97128 -1.8 -1.5
      vertex -5.73873 33.252 -1.5
      vertex -5.73873 -1.45196 -1.5
    endloop
  endfacet
  facet normal 0 0 -1
    outer loop
      vertex -5.97128 -1.8 -1.5
      vertex -5.97128 33.6 -1.5
      vertex -5.73873 33.252 -1.5
    endloop
  endfacet
  facet normal 0 0 -1
    outer loop
      vertex -6.15641 -2.17541 -1.5
      vertex -5.97128 33.6 -1.5
      vertex -5.97128 -1.8 -1.5
    endloop
  endfacet
  facet normal 0 0 -1
    outer loop
      vertex -6.15641 -2.17541 -1.5
      vertex -6.15641 33.9754 -1.5
      vertex -5.97128 33.6 -1.5
    endloop
  endfacet
  facet normal 0 0 -1
    outer loop
      vertex -6.29096 -2.57178 -1.5
      vertex -6.15641 33.9754 -1.5
      vertex -6.15641 -2.17541 -1.5
    endloop
  endfacet
  facet normal 0 0 -1
    outer loop
      vertex -6.29096 -2.57178 -1.5
      vertex -6.29096 34.3718 -1.5
      vertex -6.15641 33.9754 -1.5
    endloop
  endfacet
  facet normal 0 0 -1
    outer loop
      vertex -6.3 -2.61721 -1.5
      vertex -6.29096 34.3718 -1.5
      vertex -6.29096 -2.57178 -1.5
    endloop
  endfacet
  facet normal -0 0 -1
    outer loop
      vertex -6.29096 34.3718 -1.5
      vertex -6.3 -2.61721 -1.5
      vertex -6.3 34.4172 -1.5
    endloop
  endfacet
  facet normal 0 -1 0
    outer loop
      vertex -6.3 -6.7 -1.5
      vertex 61.4 -6.7 0
      vertex -6.3 -6.7 0
    endloop
  endfacet
  facet normal 0 -1 -0
    outer loop
      vertex 61.4 -6.7 0
      vertex -6.3 -6.7 -1.5
      vertex 61.4 -6.7 -1.5
    endloop
  endfacet
  facet normal 1 -0 0
    outer loop
      vertex -5.1 -0.829172 0
      vertex -5.1 32.6292 -1.5
      vertex -5.1 32.6292 0
    endloop
  endfacet
  facet normal 1 0 0
    outer loop
      vertex -5.1 32.6292 -1.5
      vertex -5.1 -0.829172 0
      vertex -5.1 -0.829172 -1.5
    endloop
  endfacet
  facet normal -1 0 0
    outer loop
      vertex 60.2 31.9315 -1.5
      vertex 60.2 37.3 0
      vertex 60.2 37.3 -1.5
    endloop
  endfacet
  facet normal -1 -0 0
    outer loop
      vertex 60.2 37.3 0
      vertex 60.2 31.9315 -1.5
      vertex 60.2 31.9315 0
    endloop
  endfacet
  facet normal -1 0 0
    outer loop
      vertex 60.2 -5.5 -1.5
      vertex 60.2 2.76849 0
      vertex 60.2 2.76849 -1.5
    endloop
  endfacet
  facet normal -1 -0 0
    outer loop
      vertex 60.2 2.76849 0
      vertex 60.2 -5.5 -1.5
      vertex 60.2 -5.5 0
    endloop
  endfacet
  facet normal -1 0 0
    outer loop
      vertex 60.2 6.33151 -1.5
      vertex 60.2 28.3685 0
      vertex 60.2 28.3685 -1.5
    endloop
  endfacet
  facet normal -1 -0 0
    outer loop
      vertex 60.2 28.3685 0
      vertex 60.2 6.33151 -1.5
      vertex 60.2 6.33151 0
    endloop
  endfacet
  facet normal 0 1 -0
    outer loop
      vertex 60.2 -5.5 -1.5
      vertex -0.794538 -5.5 0
      vertex 60.2 -5.5 0
    endloop
  endfacet
  facet normal 0 1 0
    outer loop
      vertex -0.794538 -5.5 0
      vertex 60.2 -5.5 -1.5
      vertex -0.794538 -5.5 -1.5
    endloop
  endfacet
  facet normal 0 -1 0
    outer loop
      vertex -0.794538 37.3 -1.5
      vertex 60.2 37.3 0
      vertex -0.794538 37.3 0
    endloop
  endfacet
  facet normal 0 -1 -0
    outer loop
      vertex 60.2 37.3 0
      vertex -0.794538 37.3 -1.5
      vertex 60.2 37.3 -1.5
    endloop
  endfacet
  facet normal 0.997855 0.0654598 0
    outer loop
      vertex 60.75 4.55 -1.5
      vertex 60.7226 4.96768 -4.4
      vertex 60.7226 4.96768 -1.5
    endloop
  endfacet
  facet normal 0.997855 0.0654598 0
    outer loop
      vertex 60.7226 4.96768 -4.4
      vertex 60.75 4.55 -1.5
      vertex 60.75 4.55 -4.4
    endloop
  endfacet
  facet normal 0.997855 0.0654598 0
    outer loop
      vertex 60.75 4.55 10.6
      vertex 60.7226 4.96768 0
      vertex 60.7226 4.96768 10.6
    endloop
  endfacet
  facet normal 0.997855 0.0654598 0
    outer loop
      vertex 60.7226 4.96768 0
      vertex 60.75 4.55 10.6
      vertex 60.75 4.55 0
    endloop
  endfacet
  facet normal -0.0654091 0.997859 0
    outer loop
      vertex 57.55 7.75 -4.4
      vertex 57.1323 7.72262 10.6
      vertex 57.55 7.75 10.6
    endloop
  endfacet
  facet normal -0.0654091 0.997859 0
    outer loop
      vertex 57.1323 7.72262 10.6
      vertex 57.55 7.75 -4.4
      vertex 57.1323 7.72262 -4.4
    endloop
  endfacet
  facet normal 0.659353 0.751833 -0
    outer loop
      vertex 59.8127 6.81274 -4.4
      vertex 59.498 7.08873 10.6
      vertex 59.8127 6.81274 10.6
    endloop
  endfacet
  facet normal 0.659353 0.751833 0
    outer loop
      vertex 59.498 7.08873 10.6
      vertex 59.8127 6.81274 -4.4
      vertex 59.498 7.08873 -4.4
    endloop
  endfacet
  facet normal -0.751821 0.659367 0
    outer loop
      vertex 55.0113 6.49804 -4.4
      vertex 55.2873 6.81274 10.6
      vertex 55.2873 6.81274 -4.4
    endloop
  endfacet
  facet normal -0.751821 0.659367 0
    outer loop
      vertex 55.2873 6.81274 10.6
      vertex 55.0113 6.49804 -4.4
      vertex 55.0113 6.49804 10.6
    endloop
  endfacet
  facet normal -0.442295 0.89687 0
    outer loop
      vertex 56.3254 7.50641 -4.4
      vertex 55.95 7.32128 10.6
      vertex 56.3254 7.50641 10.6
    endloop
  endfacet
  facet normal -0.442295 0.89687 0
    outer loop
      vertex 55.95 7.32128 10.6
      vertex 56.3254 7.50641 -4.4
      vertex 55.95 7.32128 -4.4
    endloop
  endfacet
  facet normal 0.896903 0.442228 0
    outer loop
      vertex 60.5064 5.77459 -1.5
      vertex 60.3213 6.15 -4.4
      vertex 60.3213 6.15 -1.5
    endloop
  endfacet
  facet normal 0.896903 0.442228 0
    outer loop
      vertex 60.3213 6.15 -4.4
      vertex 60.5064 5.77459 -1.5
      vertex 60.5064 5.77459 -4.4
    endloop
  endfacet
  facet normal 0.896903 0.442228 0
    outer loop
      vertex 60.5064 5.77459 10.6
      vertex 60.3213 6.15 0
      vertex 60.3213 6.15 10.6
    endloop
  endfacet
  facet normal 0.896903 0.442228 0
    outer loop
      vertex 60.3213 6.15 0
      vertex 60.5064 5.77459 10.6
      vertex 60.5064 5.77459 0
    endloop
  endfacet
  facet normal 0.321419 0.946937 -0
    outer loop
      vertex 58.7746 7.50641 -4.4
      vertex 58.3782 7.64096 10.6
      vertex 58.7746 7.50641 10.6
    endloop
  endfacet
  facet normal 0.321419 0.946937 0
    outer loop
      vertex 58.3782 7.64096 10.6
      vertex 58.7746 7.50641 -4.4
      vertex 58.3782 7.64096 -4.4
    endloop
  endfacet
  facet normal 0.442295 0.89687 -0
    outer loop
      vertex 59.15 7.32128 -4.4
      vertex 58.7746 7.50641 10.6
      vertex 59.15 7.32128 10.6
    endloop
  endfacet
  facet normal 0.442295 0.89687 0
    outer loop
      vertex 58.7746 7.50641 10.6
      vertex 59.15 7.32128 -4.4
      vertex 58.7746 7.50641 -4.4
    endloop
  endfacet
  facet normal -0.896903 0.442228 0
    outer loop
      vertex 54.5936 5.77459 -4.4
      vertex 54.7787 6.15 10.6
      vertex 54.7787 6.15 -4.4
    endloop
  endfacet
  facet normal -0.896903 0.442228 0
    outer loop
      vertex 54.7787 6.15 10.6
      vertex 54.5936 5.77459 -4.4
      vertex 54.5936 5.77459 10.6
    endloop
  endfacet
  facet normal -0.831418 0.555648 0
    outer loop
      vertex 54.7787 6.15 -4.4
      vertex 55.0113 6.49804 10.6
      vertex 55.0113 6.49804 -4.4
    endloop
  endfacet
  facet normal -0.831418 0.555648 0
    outer loop
      vertex 55.0113 6.49804 10.6
      vertex 54.7787 6.15 -4.4
      vertex 54.7787 6.15 10.6
    endloop
  endfacet
  facet normal -0.980813 0.194949 0
    outer loop
      vertex 54.3774 4.96768 -4.4
      vertex 54.459 5.37822 10.6
      vertex 54.459 5.37822 -4.4
    endloop
  endfacet
  facet normal -0.980813 0.194949 0
    outer loop
      vertex 54.459 5.37822 10.6
      vertex 54.3774 4.96768 -4.4
      vertex 54.3774 4.96768 10.6
    endloop
  endfacet
  facet normal -0.55561 0.831443 0
    outer loop
      vertex 55.95 7.32128 -4.4
      vertex 55.602 7.08873 10.6
      vertex 55.95 7.32128 10.6
    endloop
  endfacet
  facet normal -0.55561 0.831443 0
    outer loop
      vertex 55.602 7.08873 10.6
      vertex 55.95 7.32128 -4.4
      vertex 55.602 7.08873 -4.4
    endloop
  endfacet
  facet normal -0.321419 0.946937 0
    outer loop
      vertex 56.7218 7.64096 -4.4
      vertex 56.3254 7.50641 10.6
      vertex 56.7218 7.64096 10.6
    endloop
  endfacet
  facet normal -0.321419 0.946937 0
    outer loop
      vertex 56.3254 7.50641 10.6
      vertex 56.7218 7.64096 -4.4
      vertex 56.3254 7.50641 -4.4
    endloop
  endfacet
  facet normal 0.751821 -0.659367 0
    outer loop
      vertex 59.8127 2.28726 10.6
      vertex 60.0887 2.60196 -4.4
      vertex 60.0887 2.60196 10.6
    endloop
  endfacet
  facet normal 0.751821 -0.659367 0
    outer loop
      vertex 60.0887 2.60196 -4.4
      vertex 59.8127 2.28726 10.6
      vertex 59.8127 2.28726 -4.4
    endloop
  endfacet
  facet normal 0.55561 -0.831443 0
    outer loop
      vertex 59.15 1.77872 -4.4
      vertex 59.498 2.01127 10.6
      vertex 59.15 1.77872 10.6
    endloop
  endfacet
  facet normal 0.55561 -0.831443 0
    outer loop
      vertex 59.498 2.01127 10.6
      vertex 59.15 1.77872 -4.4
      vertex 59.498 2.01127 -4.4
    endloop
  endfacet
  facet normal -0.55561 -0.831443 0
    outer loop
      vertex 55.602 2.01127 -4.4
      vertex 55.95 1.77872 10.6
      vertex 55.602 2.01127 10.6
    endloop
  endfacet
  facet normal -0.55561 -0.831443 -0
    outer loop
      vertex 55.95 1.77872 10.6
      vertex 55.602 2.01127 -4.4
      vertex 55.95 1.77872 -4.4
    endloop
  endfacet
  facet normal -0.195105 -0.980782 0
    outer loop
      vertex 56.7218 1.45904 -4.4
      vertex 57.1323 1.37738 10.6
      vertex 56.7218 1.45904 10.6
    endloop
  endfacet
  facet normal -0.195105 -0.980782 -0
    outer loop
      vertex 57.1323 1.37738 10.6
      vertex 56.7218 1.45904 -4.4
      vertex 57.1323 1.37738 -4.4
    endloop
  endfacet
  facet normal -0.831418 -0.555648 0
    outer loop
      vertex 55.0113 2.60196 -4.4
      vertex 54.7787 2.95 10.6
      vertex 54.7787 2.95 -4.4
    endloop
  endfacet
  facet normal -0.831418 -0.555648 0
    outer loop
      vertex 54.7787 2.95 10.6
      vertex 55.0113 2.60196 -4.4
      vertex 55.0113 2.60196 10.6
    endloop
  endfacet
  facet normal -0.751821 -0.659367 0
    outer loop
      vertex 55.2873 2.28726 -4.4
      vertex 55.0113 2.60196 10.6
      vertex 55.0113 2.60196 -4.4
    endloop
  endfacet
  facet normal -0.751821 -0.659367 0
    outer loop
      vertex 55.0113 2.60196 10.6
      vertex 55.2873 2.28726 -4.4
      vertex 55.2873 2.28726 10.6
    endloop
  endfacet
  facet normal 0.946893 0.321548 0
    outer loop
      vertex 60.641 5.37822 -1.5
      vertex 60.5064 5.77459 -4.4
      vertex 60.5064 5.77459 -1.5
    endloop
  endfacet
  facet normal 0.946893 0.321548 0
    outer loop
      vertex 60.5064 5.77459 -4.4
      vertex 60.641 5.37822 -1.5
      vertex 60.641 5.37822 -4.4
    endloop
  endfacet
  facet normal 0.946893 0.321548 0
    outer loop
      vertex 60.641 5.37822 10.6
      vertex 60.5064 5.77459 0
      vertex 60.5064 5.77459 10.6
    endloop
  endfacet
  facet normal 0.946893 0.321548 0
    outer loop
      vertex 60.5064 5.77459 0
      vertex 60.641 5.37822 10.6
      vertex 60.641 5.37822 0
    endloop
  endfacet
  facet normal 0.980813 0.194949 0
    outer loop
      vertex 60.7226 4.96768 -1.5
      vertex 60.641 5.37822 -4.4
      vertex 60.641 5.37822 -1.5
    endloop
  endfacet
  facet normal 0.980813 0.194949 0
    outer loop
      vertex 60.641 5.37822 -4.4
      vertex 60.7226 4.96768 -1.5
      vertex 60.7226 4.96768 -4.4
    endloop
  endfacet
  facet normal 0.980813 0.194949 0
    outer loop
      vertex 60.7226 4.96768 10.6
      vertex 60.641 5.37822 0
      vertex 60.641 5.37822 10.6
    endloop
  endfacet
  facet normal 0.980813 0.194949 0
    outer loop
      vertex 60.641 5.37822 0
      vertex 60.7226 4.96768 10.6
      vertex 60.7226 4.96768 0
    endloop
  endfacet
  facet normal 0.751821 0.659367 0
    outer loop
      vertex 60.0887 6.49804 10.6
      vertex 59.8127 6.81274 -4.4
      vertex 59.8127 6.81274 10.6
    endloop
  endfacet
  facet normal 0.751821 0.659367 0
    outer loop
      vertex 59.8127 6.81274 -4.4
      vertex 60.0887 6.49804 10.6
      vertex 60.0887 6.49804 -4.4
    endloop
  endfacet
  facet normal 0.831405 0.555668 0
    outer loop
      vertex 60.0887 6.49804 10.6
      vertex 60.2 6.33151 0
      vertex 60.0887 6.49804 -4.4
    endloop
  endfacet
  facet normal 0.831418 0.555648 4.44868e-07
    outer loop
      vertex 60.3213 6.15 10.6
      vertex 60.2 6.33151 0
      vertex 60.0887 6.49804 10.6
    endloop
  endfacet
  facet normal 0.83143 0.55563 0
    outer loop
      vertex 60.2 6.33151 0
      vertex 60.3213 6.15 10.6
      vertex 60.3213 6.15 0
    endloop
  endfacet
  facet normal 0.831405 0.555668 -0
    outer loop
      vertex 60.2 6.33151 -1.5
      vertex 60.0887 6.49804 -4.4
      vertex 60.2 6.33151 0
    endloop
  endfacet
  facet normal 0.83143 0.55563 -0
    outer loop
      vertex 60.3213 6.15 -4.4
      vertex 60.2 6.33151 -1.5
      vertex 60.3213 6.15 -1.5
    endloop
  endfacet
  facet normal 0.831418 0.555648 -1.62607e-06
    outer loop
      vertex 60.2 6.33151 -1.5
      vertex 60.3213 6.15 -4.4
      vertex 60.0887 6.49804 -4.4
    endloop
  endfacet
  facet normal 0.0654091 0.997859 -0
    outer loop
      vertex 57.9677 7.72262 -4.4
      vertex 57.55 7.75 10.6
      vertex 57.9677 7.72262 10.6
    endloop
  endfacet
  facet normal 0.0654091 0.997859 0
    outer loop
      vertex 57.55 7.75 10.6
      vertex 57.9677 7.72262 -4.4
      vertex 57.55 7.75 -4.4
    endloop
  endfacet
  facet normal 0.55561 0.831443 -0
    outer loop
      vertex 59.498 7.08873 -4.4
      vertex 59.15 7.32128 10.6
      vertex 59.498 7.08873 10.6
    endloop
  endfacet
  facet normal 0.55561 0.831443 0
    outer loop
      vertex 59.15 7.32128 10.6
      vertex 59.498 7.08873 -4.4
      vertex 59.15 7.32128 -4.4
    endloop
  endfacet
  facet normal 0 0 -1
    outer loop
      vertex 58.8 4.55 -4.4
      vertex 60.75 4.55 -4.4
      vertex 60.7226 4.13232 -4.4
    endloop
  endfacet
  facet normal 0 0 -1
    outer loop
      vertex 58.7893 4.38684 -4.4
      vertex 60.7226 4.13232 -4.4
      vertex 60.641 3.72178 -4.4
    endloop
  endfacet
  facet normal 0 0 -1
    outer loop
      vertex 60.75 4.55 -4.4
      vertex 58.8 4.55 -4.4
      vertex 60.7226 4.96768 -4.4
    endloop
  endfacet
  facet normal 0 0 -1
    outer loop
      vertex 58.7574 4.22648 -4.4
      vertex 60.641 3.72178 -4.4
      vertex 60.5064 3.32541 -4.4
    endloop
  endfacet
  facet normal 0 0 -1
    outer loop
      vertex 58.7893 4.71316 -4.4
      vertex 60.7226 4.96768 -4.4
      vertex 58.8 4.55 -4.4
    endloop
  endfacet
  facet normal 0 0 -1
    outer loop
      vertex 58.7048 4.07164 -4.4
      vertex 60.5064 3.32541 -4.4
      vertex 60.3213 2.95 -4.4
    endloop
  endfacet
  facet normal -0 0 -1
    outer loop
      vertex 60.7226 4.96768 -4.4
      vertex 58.7893 4.71316 -4.4
      vertex 60.641 5.37822 -4.4
    endloop
  endfacet
  facet normal 0 0 -1
    outer loop
      vertex 58.6325 3.925 -4.4
      vertex 60.3213 2.95 -4.4
      vertex 60.0887 2.60196 -4.4
    endloop
  endfacet
  facet normal 0 0 -1
    outer loop
      vertex 58.7574 4.87352 -4.4
      vertex 60.641 5.37822 -4.4
      vertex 58.7893 4.71316 -4.4
    endloop
  endfacet
  facet normal 0 0 -1
    outer loop
      vertex 58.5417 3.78905 -4.4
      vertex 60.0887 2.60196 -4.4
      vertex 59.8127 2.28726 -4.4
    endloop
  endfacet
  facet normal -0 0 -1
    outer loop
      vertex 60.641 5.37822 -4.4
      vertex 58.7574 4.87352 -4.4
      vertex 60.5064 5.77459 -4.4
    endloop
  endfacet
  facet normal 0 0 -1
    outer loop
      vertex 58.4339 3.66612 -4.4
      vertex 59.8127 2.28726 -4.4
      vertex 59.498 2.01127 -4.4
    endloop
  endfacet
  facet normal 0 0 -1
    outer loop
      vertex 58.7048 5.02835 -4.4
      vertex 60.5064 5.77459 -4.4
      vertex 58.7574 4.87352 -4.4
    endloop
  endfacet
  facet normal 0 0 -1
    outer loop
      vertex 58.311 3.55831 -4.4
      vertex 59.498 2.01127 -4.4
      vertex 59.15 1.77872 -4.4
    endloop
  endfacet
  facet normal -0 0 -1
    outer loop
      vertex 60.5064 5.77459 -4.4
      vertex 58.7048 5.02835 -4.4
      vertex 60.3213 6.15 -4.4
    endloop
  endfacet
  facet normal 0 0 -1
    outer loop
      vertex 58.6325 5.175 -4.4
      vertex 60.3213 6.15 -4.4
      vertex 58.7048 5.02835 -4.4
    endloop
  endfacet
  facet normal 0 0 -1
    outer loop
      vertex 60.7226 4.13232 -4.4
      vertex 58.7893 4.38684 -4.4
      vertex 58.8 4.55 -4.4
    endloop
  endfacet
  facet normal 0 0 -1
    outer loop
      vertex 58.175 3.46747 -4.4
      vertex 59.15 1.77872 -4.4
      vertex 58.7746 1.59359 -4.4
    endloop
  endfacet
  facet normal 0 0 -1
    outer loop
      vertex 60.641 3.72178 -4.4
      vertex 58.7574 4.22648 -4.4
      vertex 58.7893 4.38684 -4.4
    endloop
  endfacet
  facet normal 0 0 -1
    outer loop
      vertex 60.5064 3.32541 -4.4
      vertex 58.7048 4.07164 -4.4
      vertex 58.7574 4.22648 -4.4
    endloop
  endfacet
  facet normal 0 0 -1
    outer loop
      vertex 60.3213 2.95 -4.4
      vertex 58.6325 3.925 -4.4
      vertex 58.7048 4.07164 -4.4
    endloop
  endfacet
  facet normal 0 0 -1
    outer loop
      vertex 60.0887 2.60196 -4.4
      vertex 58.5417 3.78905 -4.4
      vertex 58.6325 3.925 -4.4
    endloop
  endfacet
  facet normal 0 0 -1
    outer loop
      vertex 59.8127 2.28726 -4.4
      vertex 58.4339 3.66612 -4.4
      vertex 58.5417 3.78905 -4.4
    endloop
  endfacet
  facet normal 0 0 -1
    outer loop
      vertex 58.0284 3.39515 -4.4
      vertex 58.7746 1.59359 -4.4
      vertex 58.3782 1.45904 -4.4
    endloop
  endfacet
  facet normal 0 0 -1
    outer loop
      vertex 59.498 2.01127 -4.4
      vertex 58.311 3.55831 -4.4
      vertex 58.4339 3.66612 -4.4
    endloop
  endfacet
  facet normal 0 0 -1
    outer loop
      vertex 59.15 1.77872 -4.4
      vertex 58.175 3.46747 -4.4
      vertex 58.311 3.55831 -4.4
    endloop
  endfacet
  facet normal 0 0 -1
    outer loop
      vertex 58.7746 1.59359 -4.4
      vertex 58.0284 3.39515 -4.4
      vertex 58.175 3.46747 -4.4
    endloop
  endfacet
  facet normal 0 0 -1
    outer loop
      vertex 57.8735 3.34259 -4.4
      vertex 58.3782 1.45904 -4.4
      vertex 57.9677 1.37738 -4.4
    endloop
  endfacet
  facet normal 0 0 -1
    outer loop
      vertex 58.3782 1.45904 -4.4
      vertex 57.8735 3.34259 -4.4
      vertex 58.0284 3.39515 -4.4
    endloop
  endfacet
  facet normal 0 0 -1
    outer loop
      vertex 57.9677 1.37738 -4.4
      vertex 57.7132 3.31069 -4.4
      vertex 57.8735 3.34259 -4.4
    endloop
  endfacet
  facet normal 0 0 -1
    outer loop
      vertex 57.55 1.35 -4.4
      vertex 57.7132 3.31069 -4.4
      vertex 57.9677 1.37738 -4.4
    endloop
  endfacet
  facet normal 0 0 -1
    outer loop
      vertex 57.55 1.35 -4.4
      vertex 57.55 3.3 -4.4
      vertex 57.7132 3.31069 -4.4
    endloop
  endfacet
  facet normal 0 0 -1
    outer loop
      vertex 57.55 1.35 -4.4
      vertex 57.3868 3.31069 -4.4
      vertex 57.55 3.3 -4.4
    endloop
  endfacet
  facet normal 0 0 -1
    outer loop
      vertex 57.1323 1.37738 -4.4
      vertex 57.3868 3.31069 -4.4
      vertex 57.55 1.35 -4.4
    endloop
  endfacet
  facet normal -0 0 -1
    outer loop
      vertex 57.3868 3.31069 -4.4
      vertex 57.1323 1.37738 -4.4
      vertex 57.2265 3.34259 -4.4
    endloop
  endfacet
  facet normal 0 0 -1
    outer loop
      vertex 56.7218 1.45904 -4.4
      vertex 57.2265 3.34259 -4.4
      vertex 57.1323 1.37738 -4.4
    endloop
  endfacet
  facet normal -0 0 -1
    outer loop
      vertex 57.2265 3.34259 -4.4
      vertex 56.7218 1.45904 -4.4
      vertex 57.0716 3.39515 -4.4
    endloop
  endfacet
  facet normal 0 0 -1
    outer loop
      vertex 56.3254 1.59359 -4.4
      vertex 57.0716 3.39515 -4.4
      vertex 56.7218 1.45904 -4.4
    endloop
  endfacet
  facet normal -0 0 -1
    outer loop
      vertex 57.0716 3.39515 -4.4
      vertex 56.3254 1.59359 -4.4
      vertex 56.925 3.46747 -4.4
    endloop
  endfacet
  facet normal 0 0 -1
    outer loop
      vertex 55.95 1.77872 -4.4
      vertex 56.925 3.46747 -4.4
      vertex 56.3254 1.59359 -4.4
    endloop
  endfacet
  facet normal -0 0 -1
    outer loop
      vertex 56.925 3.46747 -4.4
      vertex 55.95 1.77872 -4.4
      vertex 56.789 3.55831 -4.4
    endloop
  endfacet
  facet normal 0 0 -1
    outer loop
      vertex 55.602 2.01127 -4.4
      vertex 56.789 3.55831 -4.4
      vertex 55.95 1.77872 -4.4
    endloop
  endfacet
  facet normal -0 0 -1
    outer loop
      vertex 56.789 3.55831 -4.4
      vertex 55.602 2.01127 -4.4
      vertex 56.6661 3.66612 -4.4
    endloop
  endfacet
  facet normal 0 0 -1
    outer loop
      vertex 55.2873 2.28726 -4.4
      vertex 56.6661 3.66612 -4.4
      vertex 55.602 2.01127 -4.4
    endloop
  endfacet
  facet normal -0 0 -1
    outer loop
      vertex 56.6661 3.66612 -4.4
      vertex 55.2873 2.28726 -4.4
      vertex 56.5583 3.78905 -4.4
    endloop
  endfacet
  facet normal 0 0 -1
    outer loop
      vertex 55.0113 2.60196 -4.4
      vertex 56.5583 3.78905 -4.4
      vertex 55.2873 2.28726 -4.4
    endloop
  endfacet
  facet normal -0 0 -1
    outer loop
      vertex 56.5583 3.78905 -4.4
      vertex 55.0113 2.60196 -4.4
      vertex 56.4675 3.925 -4.4
    endloop
  endfacet
  facet normal 0 0 -1
    outer loop
      vertex 54.7787 2.95 -4.4
      vertex 56.4675 3.925 -4.4
      vertex 55.0113 2.60196 -4.4
    endloop
  endfacet
  facet normal -0 0 -1
    outer loop
      vertex 60.3213 6.15 -4.4
      vertex 58.6325 5.175 -4.4
      vertex 60.0887 6.49804 -4.4
    endloop
  endfacet
  facet normal 0 0 -1
    outer loop
      vertex 58.5417 5.31095 -4.4
      vertex 60.0887 6.49804 -4.4
      vertex 58.6325 5.175 -4.4
    endloop
  endfacet
  facet normal -0 0 -1
    outer loop
      vertex 60.0887 6.49804 -4.4
      vertex 58.5417 5.31095 -4.4
      vertex 59.8127 6.81274 -4.4
    endloop
  endfacet
  facet normal 0 0 -1
    outer loop
      vertex 58.4339 5.43388 -4.4
      vertex 59.8127 6.81274 -4.4
      vertex 58.5417 5.31095 -4.4
    endloop
  endfacet
  facet normal -0 0 -1
    outer loop
      vertex 59.8127 6.81274 -4.4
      vertex 58.4339 5.43388 -4.4
      vertex 59.498 7.08873 -4.4
    endloop
  endfacet
  facet normal 0 0 -1
    outer loop
      vertex 58.311 5.54169 -4.4
      vertex 59.498 7.08873 -4.4
      vertex 58.4339 5.43388 -4.4
    endloop
  endfacet
  facet normal -0 0 -1
    outer loop
      vertex 59.498 7.08873 -4.4
      vertex 58.311 5.54169 -4.4
      vertex 59.15 7.32128 -4.4
    endloop
  endfacet
  facet normal 0 0 -1
    outer loop
      vertex 58.175 5.63253 -4.4
      vertex 59.15 7.32128 -4.4
      vertex 58.311 5.54169 -4.4
    endloop
  endfacet
  facet normal -0 0 -1
    outer loop
      vertex 59.15 7.32128 -4.4
      vertex 58.175 5.63253 -4.4
      vertex 58.7746 7.50641 -4.4
    endloop
  endfacet
  facet normal 0 0 -1
    outer loop
      vertex 58.0284 5.70485 -4.4
      vertex 58.7746 7.50641 -4.4
      vertex 58.175 5.63253 -4.4
    endloop
  endfacet
  facet normal -0 0 -1
    outer loop
      vertex 58.7746 7.50641 -4.4
      vertex 58.0284 5.70485 -4.4
      vertex 58.3782 7.64096 -4.4
    endloop
  endfacet
  facet normal 0 0 -1
    outer loop
      vertex 57.8735 5.75741 -4.4
      vertex 58.3782 7.64096 -4.4
      vertex 58.0284 5.70485 -4.4
    endloop
  endfacet
  facet normal -0 0 -1
    outer loop
      vertex 58.3782 7.64096 -4.4
      vertex 57.8735 5.75741 -4.4
      vertex 57.9677 7.72262 -4.4
    endloop
  endfacet
  facet normal 0 0 -1
    outer loop
      vertex 57.7132 5.78931 -4.4
      vertex 57.9677 7.72262 -4.4
      vertex 57.8735 5.75741 -4.4
    endloop
  endfacet
  facet normal 0 0 -1
    outer loop
      vertex 57.55 5.8 -4.4
      vertex 57.9677 7.72262 -4.4
      vertex 57.7132 5.78931 -4.4
    endloop
  endfacet
  facet normal 0 0 -1
    outer loop
      vertex 57.55 5.8 -4.4
      vertex 57.55 7.75 -4.4
      vertex 57.9677 7.72262 -4.4
    endloop
  endfacet
  facet normal 0 0 -1
    outer loop
      vertex 57.3868 5.78931 -4.4
      vertex 57.55 7.75 -4.4
      vertex 57.55 5.8 -4.4
    endloop
  endfacet
  facet normal 0 0 -1
    outer loop
      vertex 57.1323 7.72262 -4.4
      vertex 57.3868 5.78931 -4.4
      vertex 57.2265 5.75741 -4.4
    endloop
  endfacet
  facet normal 0 0 -1
    outer loop
      vertex 57.3868 5.78931 -4.4
      vertex 57.1323 7.72262 -4.4
      vertex 57.55 7.75 -4.4
    endloop
  endfacet
  facet normal 0 0 -1
    outer loop
      vertex 56.7218 7.64096 -4.4
      vertex 57.2265 5.75741 -4.4
      vertex 57.0716 5.70485 -4.4
    endloop
  endfacet
  facet normal 0 0 -1
    outer loop
      vertex 56.3254 7.50641 -4.4
      vertex 57.0716 5.70485 -4.4
      vertex 56.925 5.63253 -4.4
    endloop
  endfacet
  facet normal 0 0 -1
    outer loop
      vertex 55.95 7.32128 -4.4
      vertex 56.925 5.63253 -4.4
      vertex 56.789 5.54169 -4.4
    endloop
  endfacet
  facet normal 0 0 -1
    outer loop
      vertex 57.2265 5.75741 -4.4
      vertex 56.7218 7.64096 -4.4
      vertex 57.1323 7.72262 -4.4
    endloop
  endfacet
  facet normal 0 0 -1
    outer loop
      vertex 55.602 7.08873 -4.4
      vertex 56.789 5.54169 -4.4
      vertex 56.6661 5.43388 -4.4
    endloop
  endfacet
  facet normal 0 0 -1
    outer loop
      vertex 55.2873 6.81274 -4.4
      vertex 56.6661 5.43388 -4.4
      vertex 56.5583 5.31095 -4.4
    endloop
  endfacet
  facet normal 0 0 -1
    outer loop
      vertex 55.0113 6.49804 -4.4
      vertex 56.5583 5.31095 -4.4
      vertex 56.4675 5.175 -4.4
    endloop
  endfacet
  facet normal 0 0 -1
    outer loop
      vertex 54.7787 6.15 -4.4
      vertex 56.4675 5.175 -4.4
      vertex 56.3951 5.02835 -4.4
    endloop
  endfacet
  facet normal 0 0 -1
    outer loop
      vertex 54.5936 5.77459 -4.4
      vertex 56.3951 5.02835 -4.4
      vertex 56.3426 4.87352 -4.4
    endloop
  endfacet
  facet normal 0 0 -1
    outer loop
      vertex 57.0716 5.70485 -4.4
      vertex 56.3254 7.50641 -4.4
      vertex 56.7218 7.64096 -4.4
    endloop
  endfacet
  facet normal 0 0 -1
    outer loop
      vertex 54.459 5.37822 -4.4
      vertex 56.3426 4.87352 -4.4
      vertex 56.3107 4.71316 -4.4
    endloop
  endfacet
  facet normal 0 0 -1
    outer loop
      vertex 54.3774 4.96768 -4.4
      vertex 56.3107 4.71316 -4.4
      vertex 56.3 4.55 -4.4
    endloop
  endfacet
  facet normal -0 0 -1
    outer loop
      vertex 56.4675 3.925 -4.4
      vertex 54.7787 2.95 -4.4
      vertex 56.3951 4.07164 -4.4
    endloop
  endfacet
  facet normal 0 0 -1
    outer loop
      vertex 56.925 5.63253 -4.4
      vertex 55.95 7.32128 -4.4
      vertex 56.3254 7.50641 -4.4
    endloop
  endfacet
  facet normal 0 0 -1
    outer loop
      vertex 54.5936 3.32541 -4.4
      vertex 56.3951 4.07164 -4.4
      vertex 54.7787 2.95 -4.4
    endloop
  endfacet
  facet normal 0 0 -1
    outer loop
      vertex 56.789 5.54169 -4.4
      vertex 55.602 7.08873 -4.4
      vertex 55.95 7.32128 -4.4
    endloop
  endfacet
  facet normal -0 0 -1
    outer loop
      vertex 56.3951 4.07164 -4.4
      vertex 54.5936 3.32541 -4.4
      vertex 56.3426 4.22648 -4.4
    endloop
  endfacet
  facet normal 0 0 -1
    outer loop
      vertex 56.6661 5.43388 -4.4
      vertex 55.2873 6.81274 -4.4
      vertex 55.602 7.08873 -4.4
    endloop
  endfacet
  facet normal 0 0 -1
    outer loop
      vertex 54.459 3.72178 -4.4
      vertex 56.3426 4.22648 -4.4
      vertex 54.5936 3.32541 -4.4
    endloop
  endfacet
  facet normal 0 0 -1
    outer loop
      vertex 56.5583 5.31095 -4.4
      vertex 55.0113 6.49804 -4.4
      vertex 55.2873 6.81274 -4.4
    endloop
  endfacet
  facet normal -0 0 -1
    outer loop
      vertex 56.3426 4.22648 -4.4
      vertex 54.459 3.72178 -4.4
      vertex 56.3107 4.38684 -4.4
    endloop
  endfacet
  facet normal 0 0 -1
    outer loop
      vertex 56.4675 5.175 -4.4
      vertex 54.7787 6.15 -4.4
      vertex 55.0113 6.49804 -4.4
    endloop
  endfacet
  facet normal 0 0 -1
    outer loop
      vertex 54.3774 4.13232 -4.4
      vertex 56.3107 4.38684 -4.4
      vertex 54.459 3.72178 -4.4
    endloop
  endfacet
  facet normal 0 0 -1
    outer loop
      vertex 56.3951 5.02835 -4.4
      vertex 54.5936 5.77459 -4.4
      vertex 54.7787 6.15 -4.4
    endloop
  endfacet
  facet normal -0 0 -1
    outer loop
      vertex 56.3107 4.38684 -4.4
      vertex 54.3774 4.13232 -4.4
      vertex 56.3 4.55 -4.4
    endloop
  endfacet
  facet normal 0 0 -1
    outer loop
      vertex 56.3426 4.87352 -4.4
      vertex 54.459 5.37822 -4.4
      vertex 54.5936 5.77459 -4.4
    endloop
  endfacet
  facet normal 0 0 -1
    outer loop
      vertex 54.35 4.55 -4.4
      vertex 56.3 4.55 -4.4
      vertex 54.3774 4.13232 -4.4
    endloop
  endfacet
  facet normal 0 0 -1
    outer loop
      vertex 56.3107 4.71316 -4.4
      vertex 54.3774 4.96768 -4.4
      vertex 54.459 5.37822 -4.4
    endloop
  endfacet
  facet normal 0 0 -1
    outer loop
      vertex 56.3 4.55 -4.4
      vertex 54.35 4.55 -4.4
      vertex 54.3774 4.96768 -4.4
    endloop
  endfacet
  facet normal -0.946893 0.321548 0
    outer loop
      vertex 54.459 5.37822 -4.4
      vertex 54.5936 5.77459 10.6
      vertex 54.5936 5.77459 -4.4
    endloop
  endfacet
  facet normal -0.946893 0.321548 0
    outer loop
      vertex 54.5936 5.77459 10.6
      vertex 54.459 5.37822 -4.4
      vertex 54.459 5.37822 10.6
    endloop
  endfacet
  facet normal -0.997855 0.0654598 0
    outer loop
      vertex 54.35 4.55 -4.4
      vertex 54.3774 4.96768 10.6
      vertex 54.3774 4.96768 -4.4
    endloop
  endfacet
  facet normal -0.997855 0.0654598 0
    outer loop
      vertex 54.3774 4.96768 10.6
      vertex 54.35 4.55 -4.4
      vertex 54.35 4.55 10.6
    endloop
  endfacet
  facet normal -0.659353 0.751833 0
    outer loop
      vertex 55.602 7.08873 -4.4
      vertex 55.2873 6.81274 10.6
      vertex 55.602 7.08873 10.6
    endloop
  endfacet
  facet normal -0.659353 0.751833 0
    outer loop
      vertex 55.2873 6.81274 10.6
      vertex 55.602 7.08873 -4.4
      vertex 55.2873 6.81274 -4.4
    endloop
  endfacet
  facet normal -0.195105 0.980782 0
    outer loop
      vertex 57.1323 7.72262 -4.4
      vertex 56.7218 7.64096 10.6
      vertex 57.1323 7.72262 10.6
    endloop
  endfacet
  facet normal -0.195105 0.980782 0
    outer loop
      vertex 56.7218 7.64096 10.6
      vertex 57.1323 7.72262 -4.4
      vertex 56.7218 7.64096 -4.4
    endloop
  endfacet
  facet normal 0.195105 -0.980782 0
    outer loop
      vertex 57.9677 1.37738 -4.4
      vertex 58.3782 1.45904 10.6
      vertex 57.9677 1.37738 10.6
    endloop
  endfacet
  facet normal 0.195105 -0.980782 0
    outer loop
      vertex 58.3782 1.45904 10.6
      vertex 57.9677 1.37738 -4.4
      vertex 58.3782 1.45904 -4.4
    endloop
  endfacet
  facet normal 0.442295 -0.89687 0
    outer loop
      vertex 58.7746 1.59359 -4.4
      vertex 59.15 1.77872 10.6
      vertex 58.7746 1.59359 10.6
    endloop
  endfacet
  facet normal 0.442295 -0.89687 0
    outer loop
      vertex 59.15 1.77872 10.6
      vertex 58.7746 1.59359 -4.4
      vertex 59.15 1.77872 -4.4
    endloop
  endfacet
  facet normal 0.659353 -0.751833 0
    outer loop
      vertex 59.498 2.01127 -4.4
      vertex 59.8127 2.28726 10.6
      vertex 59.498 2.01127 10.6
    endloop
  endfacet
  facet normal 0.659353 -0.751833 0
    outer loop
      vertex 59.8127 2.28726 10.6
      vertex 59.498 2.01127 -4.4
      vertex 59.8127 2.28726 -4.4
    endloop
  endfacet
  facet normal 0.946893 -0.321548 0
    outer loop
      vertex 60.5064 3.32541 10.6
      vertex 60.641 3.72178 0
      vertex 60.641 3.72178 10.6
    endloop
  endfacet
  facet normal 0.946893 -0.321548 0
    outer loop
      vertex 60.641 3.72178 0
      vertex 60.5064 3.32541 10.6
      vertex 60.5064 3.32541 0
    endloop
  endfacet
  facet normal 0.946893 -0.321548 0
    outer loop
      vertex 60.5064 3.32541 -1.5
      vertex 60.641 3.72178 -4.4
      vertex 60.641 3.72178 -1.5
    endloop
  endfacet
  facet normal 0.946893 -0.321548 0
    outer loop
      vertex 60.641 3.72178 -4.4
      vertex 60.5064 3.32541 -1.5
      vertex 60.5064 3.32541 -4.4
    endloop
  endfacet
  facet normal 0.83143 -0.55563 0
    outer loop
      vertex 60.3213 2.95 10.6
      vertex 60.2 2.76849 0
      vertex 60.3213 2.95 0
    endloop
  endfacet
  facet normal 0.831405 -0.555668 0
    outer loop
      vertex 60.0887 2.60196 -4.4
      vertex 60.2 2.76849 0
      vertex 60.0887 2.60196 10.6
    endloop
  endfacet
  facet normal 0.831418 -0.555648 4.44868e-07
    outer loop
      vertex 60.0887 2.60196 10.6
      vertex 60.2 2.76849 0
      vertex 60.3213 2.95 10.6
    endloop
  endfacet
  facet normal 0.83143 -0.55563 0
    outer loop
      vertex 60.2 2.76849 -1.5
      vertex 60.3213 2.95 -4.4
      vertex 60.3213 2.95 -1.5
    endloop
  endfacet
  facet normal 0.831418 -0.555648 -1.62607e-06
    outer loop
      vertex 60.2 2.76849 -1.5
      vertex 60.0887 2.60196 -4.4
      vertex 60.3213 2.95 -4.4
    endloop
  endfacet
  facet normal 0.831405 -0.555668 0
    outer loop
      vertex 60.2 2.76849 0
      vertex 60.0887 2.60196 -4.4
      vertex 60.2 2.76849 -1.5
    endloop
  endfacet
  facet normal -0.442295 -0.89687 0
    outer loop
      vertex 55.95 1.77872 -4.4
      vertex 56.3254 1.59359 10.6
      vertex 55.95 1.77872 10.6
    endloop
  endfacet
  facet normal -0.442295 -0.89687 -0
    outer loop
      vertex 56.3254 1.59359 10.6
      vertex 55.95 1.77872 -4.4
      vertex 56.3254 1.59359 -4.4
    endloop
  endfacet
  facet normal -0.321419 -0.946937 0
    outer loop
      vertex 56.3254 1.59359 -4.4
      vertex 56.7218 1.45904 10.6
      vertex 56.3254 1.59359 10.6
    endloop
  endfacet
  facet normal -0.321419 -0.946937 -0
    outer loop
      vertex 56.7218 1.45904 10.6
      vertex 56.3254 1.59359 -4.4
      vertex 56.7218 1.45904 -4.4
    endloop
  endfacet
  facet normal -0.0654091 -0.997859 0
    outer loop
      vertex 57.1323 1.37738 -4.4
      vertex 57.55 1.35 10.6
      vertex 57.1323 1.37738 10.6
    endloop
  endfacet
  facet normal -0.0654091 -0.997859 -0
    outer loop
      vertex 57.55 1.35 10.6
      vertex 57.1323 1.37738 -4.4
      vertex 57.55 1.35 -4.4
    endloop
  endfacet
  facet normal -0.659353 -0.751833 0
    outer loop
      vertex 55.2873 2.28726 -4.4
      vertex 55.602 2.01127 10.6
      vertex 55.2873 2.28726 10.6
    endloop
  endfacet
  facet normal -0.659353 -0.751833 -0
    outer loop
      vertex 55.602 2.01127 10.6
      vertex 55.2873 2.28726 -4.4
      vertex 55.602 2.01127 -4.4
    endloop
  endfacet
  facet normal -0.896903 -0.442228 0
    outer loop
      vertex 54.7787 2.95 -4.4
      vertex 54.5936 3.32541 10.6
      vertex 54.5936 3.32541 -4.4
    endloop
  endfacet
  facet normal -0.896903 -0.442228 0
    outer loop
      vertex 54.5936 3.32541 10.6
      vertex 54.7787 2.95 -4.4
      vertex 54.7787 2.95 10.6
    endloop
  endfacet
  facet normal -0.980813 -0.194949 0
    outer loop
      vertex 54.459 3.72178 -4.4
      vertex 54.3774 4.13232 10.6
      vertex 54.3774 4.13232 -4.4
    endloop
  endfacet
  facet normal -0.980813 -0.194949 0
    outer loop
      vertex 54.3774 4.13232 10.6
      vertex 54.459 3.72178 -4.4
      vertex 54.459 3.72178 10.6
    endloop
  endfacet
  facet normal 0.195105 0.980782 -0
    outer loop
      vertex 58.3782 7.64096 -4.4
      vertex 57.9677 7.72262 10.6
      vertex 58.3782 7.64096 10.6
    endloop
  endfacet
  facet normal 0.195105 0.980782 0
    outer loop
      vertex 57.9677 7.72262 10.6
      vertex 58.3782 7.64096 -4.4
      vertex 57.9677 7.72262 -4.4
    endloop
  endfacet
  facet normal -0.997855 -0.0654598 0
    outer loop
      vertex 54.3774 4.13232 -4.4
      vertex 54.35 4.55 10.6
      vertex 54.35 4.55 -4.4
    endloop
  endfacet
  facet normal -0.997855 -0.0654598 0
    outer loop
      vertex 54.35 4.55 10.6
      vertex 54.3774 4.13232 -4.4
      vertex 54.3774 4.13232 10.6
    endloop
  endfacet
  facet normal 0.321419 -0.946937 0
    outer loop
      vertex 58.3782 1.45904 -4.4
      vertex 58.7746 1.59359 10.6
      vertex 58.3782 1.45904 10.6
    endloop
  endfacet
  facet normal 0.321419 -0.946937 0
    outer loop
      vertex 58.7746 1.59359 10.6
      vertex 58.3782 1.45904 -4.4
      vertex 58.7746 1.59359 -4.4
    endloop
  endfacet
  facet normal 0.980813 -0.194949 0
    outer loop
      vertex 60.641 3.72178 -1.5
      vertex 60.7226 4.13232 -4.4
      vertex 60.7226 4.13232 -1.5
    endloop
  endfacet
  facet normal 0.980813 -0.194949 0
    outer loop
      vertex 60.7226 4.13232 -4.4
      vertex 60.641 3.72178 -1.5
      vertex 60.641 3.72178 -4.4
    endloop
  endfacet
  facet normal 0.980813 -0.194949 0
    outer loop
      vertex 60.641 3.72178 10.6
      vertex 60.7226 4.13232 0
      vertex 60.7226 4.13232 10.6
    endloop
  endfacet
  facet normal 0.980813 -0.194949 0
    outer loop
      vertex 60.7226 4.13232 0
      vertex 60.641 3.72178 10.6
      vertex 60.641 3.72178 0
    endloop
  endfacet
  facet normal 0.896903 -0.442228 0
    outer loop
      vertex 60.3213 2.95 10.6
      vertex 60.5064 3.32541 0
      vertex 60.5064 3.32541 10.6
    endloop
  endfacet
  facet normal 0.896903 -0.442228 0
    outer loop
      vertex 60.5064 3.32541 0
      vertex 60.3213 2.95 10.6
      vertex 60.3213 2.95 0
    endloop
  endfacet
  facet normal 0.896903 -0.442228 0
    outer loop
      vertex 60.3213 2.95 -1.5
      vertex 60.5064 3.32541 -4.4
      vertex 60.5064 3.32541 -1.5
    endloop
  endfacet
  facet normal 0.896903 -0.442228 0
    outer loop
      vertex 60.5064 3.32541 -4.4
      vertex 60.3213 2.95 -1.5
      vertex 60.3213 2.95 -4.4
    endloop
  endfacet
  facet normal 0.0654091 -0.997859 0
    outer loop
      vertex 57.55 1.35 -4.4
      vertex 57.9677 1.37738 10.6
      vertex 57.55 1.35 10.6
    endloop
  endfacet
  facet normal 0.0654091 -0.997859 0
    outer loop
      vertex 57.9677 1.37738 10.6
      vertex 57.55 1.35 -4.4
      vertex 57.9677 1.37738 -4.4
    endloop
  endfacet
  facet normal -0.946893 -0.321548 0
    outer loop
      vertex 54.5936 3.32541 -4.4
      vertex 54.459 3.72178 10.6
      vertex 54.459 3.72178 -4.4
    endloop
  endfacet
  facet normal -0.946893 -0.321548 0
    outer loop
      vertex 54.459 3.72178 10.6
      vertex 54.5936 3.32541 -4.4
      vertex 54.5936 3.32541 10.6
    endloop
  endfacet
  facet normal 0.997855 -0.0654598 0
    outer loop
      vertex 60.7226 4.13232 -1.5
      vertex 60.75 4.55 -4.4
      vertex 60.75 4.55 -1.5
    endloop
  endfacet
  facet normal 0.997855 -0.0654598 0
    outer loop
      vertex 60.75 4.55 -4.4
      vertex 60.7226 4.13232 -1.5
      vertex 60.7226 4.13232 -4.4
    endloop
  endfacet
  facet normal 0.997855 -0.0654598 0
    outer loop
      vertex 60.7226 4.13232 10.6
      vertex 60.75 4.55 0
      vertex 60.75 4.55 10.6
    endloop
  endfacet
  facet normal 0.997855 -0.0654598 0
    outer loop
      vertex 60.75 4.55 0
      vertex 60.7226 4.13232 10.6
      vertex 60.7226 4.13232 0
    endloop
  endfacet
  facet normal 0.555692 0.831388 -0
    outer loop
      vertex 59.498 32.6887 -4.4
      vertex 59.15 32.9213 10.6
      vertex 59.498 32.6887 10.6
    endloop
  endfacet
  facet normal 0.555692 0.831388 0
    outer loop
      vertex 59.15 32.9213 10.6
      vertex 59.498 32.6887 -4.4
      vertex 59.15 32.9213 -4.4
    endloop
  endfacet
  facet normal -0.98081 0.194967 0
    outer loop
      vertex 54.3774 30.5677 -4.4
      vertex 54.459 30.9782 10.6
      vertex 54.459 30.9782 -4.4
    endloop
  endfacet
  facet normal -0.98081 0.194967 0
    outer loop
      vertex 54.459 30.9782 10.6
      vertex 54.3774 30.5677 -4.4
      vertex 54.3774 30.5677 10.6
    endloop
  endfacet
  facet normal 0.997855 -0.0654566 0
    outer loop
      vertex 60.7226 29.7323 10.6
      vertex 60.75 30.15 0
      vertex 60.75 30.15 10.6
    endloop
  endfacet
  facet normal 0.997855 -0.0654566 0
    outer loop
      vertex 60.75 30.15 0
      vertex 60.7226 29.7323 10.6
      vertex 60.7226 29.7323 0
    endloop
  endfacet
  facet normal 0.997855 -0.0654566 0
    outer loop
      vertex 60.7226 29.7323 -1.5
      vertex 60.75 30.15 -4.4
      vertex 60.75 30.15 -1.5
    endloop
  endfacet
  facet normal 0.997855 -0.0654566 0
    outer loop
      vertex 60.75 30.15 -4.4
      vertex 60.7226 29.7323 -1.5
      vertex 60.7226 29.7323 -4.4
    endloop
  endfacet
  facet normal -0.194967 -0.98081 0
    outer loop
      vertex 56.7218 27.059 -4.4
      vertex 57.1323 26.9774 10.6
      vertex 56.7218 27.059 10.6
    endloop
  endfacet
  facet normal -0.194967 -0.98081 -0
    outer loop
      vertex 57.1323 26.9774 10.6
      vertex 56.7218 27.059 -4.4
      vertex 57.1323 26.9774 -4.4
    endloop
  endfacet
  facet normal -0.442237 0.896898 0
    outer loop
      vertex 56.3254 33.1064 -4.4
      vertex 55.95 32.9213 10.6
      vertex 56.3254 33.1064 10.6
    endloop
  endfacet
  facet normal -0.442237 0.896898 0
    outer loop
      vertex 55.95 32.9213 10.6
      vertex 56.3254 33.1064 -4.4
      vertex 55.95 32.9213 -4.4
    endloop
  endfacet
  facet normal -0.946901 0.321526 0
    outer loop
      vertex 54.459 30.9782 -4.4
      vertex 54.5936 31.3746 10.6
      vertex 54.5936 31.3746 -4.4
    endloop
  endfacet
  facet normal -0.946901 0.321526 0
    outer loop
      vertex 54.5936 31.3746 10.6
      vertex 54.459 30.9782 -4.4
      vertex 54.459 30.9782 10.6
    endloop
  endfacet
  facet normal 0.751821 -0.659367 0
    outer loop
      vertex 59.8127 27.8873 10.6
      vertex 60.0887 28.202 -4.4
      vertex 60.0887 28.202 10.6
    endloop
  endfacet
  facet normal 0.751821 -0.659367 0
    outer loop
      vertex 60.0887 28.202 -4.4
      vertex 59.8127 27.8873 10.6
      vertex 59.8127 27.8873 -4.4
    endloop
  endfacet
  facet normal -0.831388 -0.555692 0
    outer loop
      vertex 55.0113 28.202 -4.4
      vertex 54.7787 28.55 10.6
      vertex 54.7787 28.55 -4.4
    endloop
  endfacet
  facet normal -0.831388 -0.555692 0
    outer loop
      vertex 54.7787 28.55 10.6
      vertex 55.0113 28.202 -4.4
      vertex 55.0113 28.202 10.6
    endloop
  endfacet
  facet normal 0.98081 0.194967 0
    outer loop
      vertex 60.7226 30.5677 -1.5
      vertex 60.641 30.9782 -4.4
      vertex 60.641 30.9782 -1.5
    endloop
  endfacet
  facet normal 0.98081 0.194967 0
    outer loop
      vertex 60.641 30.9782 -4.4
      vertex 60.7226 30.5677 -1.5
      vertex 60.7226 30.5677 -4.4
    endloop
  endfacet
  facet normal 0.98081 0.194967 0
    outer loop
      vertex 60.7226 30.5677 10.6
      vertex 60.641 30.9782 0
      vertex 60.641 30.9782 10.6
    endloop
  endfacet
  facet normal 0.98081 0.194967 0
    outer loop
      vertex 60.641 30.9782 0
      vertex 60.7226 30.5677 10.6
      vertex 60.7226 30.5677 0
    endloop
  endfacet
  facet normal 0.946901 0.321526 0
    outer loop
      vertex 60.641 30.9782 -1.5
      vertex 60.5064 31.3746 -4.4
      vertex 60.5064 31.3746 -1.5
    endloop
  endfacet
  facet normal 0.946901 0.321526 0
    outer loop
      vertex 60.5064 31.3746 -4.4
      vertex 60.641 30.9782 -1.5
      vertex 60.641 30.9782 -4.4
    endloop
  endfacet
  facet normal 0.946901 0.321526 0
    outer loop
      vertex 60.641 30.9782 10.6
      vertex 60.5064 31.3746 0
      vertex 60.5064 31.3746 10.6
    endloop
  endfacet
  facet normal 0.946901 0.321526 0
    outer loop
      vertex 60.5064 31.3746 0
      vertex 60.641 30.9782 10.6
      vertex 60.641 30.9782 0
    endloop
  endfacet
  facet normal 0.659367 0.751821 -0
    outer loop
      vertex 59.8127 32.4127 -4.4
      vertex 59.498 32.6887 10.6
      vertex 59.8127 32.4127 10.6
    endloop
  endfacet
  facet normal 0.659367 0.751821 0
    outer loop
      vertex 59.498 32.6887 10.6
      vertex 59.8127 32.4127 -4.4
      vertex 59.498 32.6887 -4.4
    endloop
  endfacet
  facet normal 0.442237 0.896898 -0
    outer loop
      vertex 59.15 32.9213 -4.4
      vertex 58.7746 33.1064 10.6
      vertex 59.15 32.9213 10.6
    endloop
  endfacet
  facet normal 0.442237 0.896898 0
    outer loop
      vertex 58.7746 33.1064 10.6
      vertex 59.15 32.9213 -4.4
      vertex 58.7746 33.1064 -4.4
    endloop
  endfacet
  facet normal 0.194967 0.98081 -0
    outer loop
      vertex 58.3782 33.241 -4.4
      vertex 57.9677 33.3226 10.6
      vertex 58.3782 33.241 10.6
    endloop
  endfacet
  facet normal 0.194967 0.98081 0
    outer loop
      vertex 57.9677 33.3226 10.6
      vertex 58.3782 33.241 -4.4
      vertex 57.9677 33.3226 -4.4
    endloop
  endfacet
  facet normal 0 0 -1
    outer loop
      vertex 58.8 30.15 -4.4
      vertex 60.75 30.15 -4.4
      vertex 60.7226 29.7323 -4.4
    endloop
  endfacet
  facet normal 0 0 -1
    outer loop
      vertex 58.7893 29.9868 -4.4
      vertex 60.7226 29.7323 -4.4
      vertex 60.641 29.3218 -4.4
    endloop
  endfacet
  facet normal 0 0 -1
    outer loop
      vertex 60.75 30.15 -4.4
      vertex 58.8 30.15 -4.4
      vertex 60.7226 30.5677 -4.4
    endloop
  endfacet
  facet normal 0 0 -1
    outer loop
      vertex 58.7574 29.8265 -4.4
      vertex 60.641 29.3218 -4.4
      vertex 60.5064 28.9254 -4.4
    endloop
  endfacet
  facet normal 0 0 -1
    outer loop
      vertex 58.7893 30.3132 -4.4
      vertex 60.7226 30.5677 -4.4
      vertex 58.8 30.15 -4.4
    endloop
  endfacet
  facet normal 0 0 -1
    outer loop
      vertex 58.7048 29.6716 -4.4
      vertex 60.5064 28.9254 -4.4
      vertex 60.3213 28.55 -4.4
    endloop
  endfacet
  facet normal -0 0 -1
    outer loop
      vertex 60.7226 30.5677 -4.4
      vertex 58.7893 30.3132 -4.4
      vertex 60.641 30.9782 -4.4
    endloop
  endfacet
  facet normal 0 0 -1
    outer loop
      vertex 58.6325 29.525 -4.4
      vertex 60.3213 28.55 -4.4
      vertex 60.0887 28.202 -4.4
    endloop
  endfacet
  facet normal 0 0 -1
    outer loop
      vertex 58.7574 30.4735 -4.4
      vertex 60.641 30.9782 -4.4
      vertex 58.7893 30.3132 -4.4
    endloop
  endfacet
  facet normal 0 0 -1
    outer loop
      vertex 58.5417 29.389 -4.4
      vertex 60.0887 28.202 -4.4
      vertex 59.8127 27.8873 -4.4
    endloop
  endfacet
  facet normal -0 0 -1
    outer loop
      vertex 60.641 30.9782 -4.4
      vertex 58.7574 30.4735 -4.4
      vertex 60.5064 31.3746 -4.4
    endloop
  endfacet
  facet normal 0 0 -1
    outer loop
      vertex 58.4339 29.2661 -4.4
      vertex 59.8127 27.8873 -4.4
      vertex 59.498 27.6113 -4.4
    endloop
  endfacet
  facet normal 0 0 -1
    outer loop
      vertex 58.7048 30.6284 -4.4
      vertex 60.5064 31.3746 -4.4
      vertex 58.7574 30.4735 -4.4
    endloop
  endfacet
  facet normal 0 0 -1
    outer loop
      vertex 58.311 29.1583 -4.4
      vertex 59.498 27.6113 -4.4
      vertex 59.15 27.3787 -4.4
    endloop
  endfacet
  facet normal -0 0 -1
    outer loop
      vertex 60.5064 31.3746 -4.4
      vertex 58.7048 30.6284 -4.4
      vertex 60.3213 31.75 -4.4
    endloop
  endfacet
  facet normal 0 0 -1
    outer loop
      vertex 58.6325 30.775 -4.4
      vertex 60.3213 31.75 -4.4
      vertex 58.7048 30.6284 -4.4
    endloop
  endfacet
  facet normal 0 0 -1
    outer loop
      vertex 60.7226 29.7323 -4.4
      vertex 58.7893 29.9868 -4.4
      vertex 58.8 30.15 -4.4
    endloop
  endfacet
  facet normal 0 0 -1
    outer loop
      vertex 58.175 29.0675 -4.4
      vertex 59.15 27.3787 -4.4
      vertex 58.7746 27.1936 -4.4
    endloop
  endfacet
  facet normal 0 0 -1
    outer loop
      vertex 60.641 29.3218 -4.4
      vertex 58.7574 29.8265 -4.4
      vertex 58.7893 29.9868 -4.4
    endloop
  endfacet
  facet normal 0 0 -1
    outer loop
      vertex 60.5064 28.9254 -4.4
      vertex 58.7048 29.6716 -4.4
      vertex 58.7574 29.8265 -4.4
    endloop
  endfacet
  facet normal 0 0 -1
    outer loop
      vertex 60.3213 28.55 -4.4
      vertex 58.6325 29.525 -4.4
      vertex 58.7048 29.6716 -4.4
    endloop
  endfacet
  facet normal 0 0 -1
    outer loop
      vertex 60.0887 28.202 -4.4
      vertex 58.5417 29.389 -4.4
      vertex 58.6325 29.525 -4.4
    endloop
  endfacet
  facet normal 0 0 -1
    outer loop
      vertex 59.8127 27.8873 -4.4
      vertex 58.4339 29.2661 -4.4
      vertex 58.5417 29.389 -4.4
    endloop
  endfacet
  facet normal 0 0 -1
    outer loop
      vertex 58.0284 28.9952 -4.4
      vertex 58.7746 27.1936 -4.4
      vertex 58.3782 27.059 -4.4
    endloop
  endfacet
  facet normal 0 0 -1
    outer loop
      vertex 59.498 27.6113 -4.4
      vertex 58.311 29.1583 -4.4
      vertex 58.4339 29.2661 -4.4
    endloop
  endfacet
  facet normal 0 0 -1
    outer loop
      vertex 59.15 27.3787 -4.4
      vertex 58.175 29.0675 -4.4
      vertex 58.311 29.1583 -4.4
    endloop
  endfacet
  facet normal 0 0 -1
    outer loop
      vertex 58.7746 27.1936 -4.4
      vertex 58.0284 28.9952 -4.4
      vertex 58.175 29.0675 -4.4
    endloop
  endfacet
  facet normal 0 0 -1
    outer loop
      vertex 57.8735 28.9426 -4.4
      vertex 58.3782 27.059 -4.4
      vertex 57.9677 26.9774 -4.4
    endloop
  endfacet
  facet normal 0 0 -1
    outer loop
      vertex 58.3782 27.059 -4.4
      vertex 57.8735 28.9426 -4.4
      vertex 58.0284 28.9952 -4.4
    endloop
  endfacet
  facet normal 0 0 -1
    outer loop
      vertex 57.9677 26.9774 -4.4
      vertex 57.7132 28.9107 -4.4
      vertex 57.8735 28.9426 -4.4
    endloop
  endfacet
  facet normal 0 0 -1
    outer loop
      vertex 57.55 26.95 -4.4
      vertex 57.7132 28.9107 -4.4
      vertex 57.9677 26.9774 -4.4
    endloop
  endfacet
  facet normal 0 0 -1
    outer loop
      vertex 57.55 26.95 -4.4
      vertex 57.55 28.9 -4.4
      vertex 57.7132 28.9107 -4.4
    endloop
  endfacet
  facet normal 0 0 -1
    outer loop
      vertex 57.55 26.95 -4.4
      vertex 57.3868 28.9107 -4.4
      vertex 57.55 28.9 -4.4
    endloop
  endfacet
  facet normal 0 0 -1
    outer loop
      vertex 57.1323 26.9774 -4.4
      vertex 57.3868 28.9107 -4.4
      vertex 57.55 26.95 -4.4
    endloop
  endfacet
  facet normal -0 0 -1
    outer loop
      vertex 57.3868 28.9107 -4.4
      vertex 57.1323 26.9774 -4.4
      vertex 57.2265 28.9426 -4.4
    endloop
  endfacet
  facet normal 0 0 -1
    outer loop
      vertex 56.7218 27.059 -4.4
      vertex 57.2265 28.9426 -4.4
      vertex 57.1323 26.9774 -4.4
    endloop
  endfacet
  facet normal -0 0 -1
    outer loop
      vertex 57.2265 28.9426 -4.4
      vertex 56.7218 27.059 -4.4
      vertex 57.0716 28.9952 -4.4
    endloop
  endfacet
  facet normal 0 0 -1
    outer loop
      vertex 56.3254 27.1936 -4.4
      vertex 57.0716 28.9952 -4.4
      vertex 56.7218 27.059 -4.4
    endloop
  endfacet
  facet normal -0 0 -1
    outer loop
      vertex 57.0716 28.9952 -4.4
      vertex 56.3254 27.1936 -4.4
      vertex 56.925 29.0675 -4.4
    endloop
  endfacet
  facet normal 0 0 -1
    outer loop
      vertex 55.95 27.3787 -4.4
      vertex 56.925 29.0675 -4.4
      vertex 56.3254 27.1936 -4.4
    endloop
  endfacet
  facet normal -0 0 -1
    outer loop
      vertex 56.925 29.0675 -4.4
      vertex 55.95 27.3787 -4.4
      vertex 56.789 29.1583 -4.4
    endloop
  endfacet
  facet normal 0 0 -1
    outer loop
      vertex 55.602 27.6113 -4.4
      vertex 56.789 29.1583 -4.4
      vertex 55.95 27.3787 -4.4
    endloop
  endfacet
  facet normal -0 0 -1
    outer loop
      vertex 56.789 29.1583 -4.4
      vertex 55.602 27.6113 -4.4
      vertex 56.6661 29.2661 -4.4
    endloop
  endfacet
  facet normal 0 0 -1
    outer loop
      vertex 55.2873 27.8873 -4.4
      vertex 56.6661 29.2661 -4.4
      vertex 55.602 27.6113 -4.4
    endloop
  endfacet
  facet normal -0 0 -1
    outer loop
      vertex 56.6661 29.2661 -4.4
      vertex 55.2873 27.8873 -4.4
      vertex 56.5583 29.389 -4.4
    endloop
  endfacet
  facet normal 0 0 -1
    outer loop
      vertex 55.0113 28.202 -4.4
      vertex 56.5583 29.389 -4.4
      vertex 55.2873 27.8873 -4.4
    endloop
  endfacet
  facet normal -0 0 -1
    outer loop
      vertex 56.5583 29.389 -4.4
      vertex 55.0113 28.202 -4.4
      vertex 56.4675 29.525 -4.4
    endloop
  endfacet
  facet normal 0 0 -1
    outer loop
      vertex 54.7787 28.55 -4.4
      vertex 56.4675 29.525 -4.4
      vertex 55.0113 28.202 -4.4
    endloop
  endfacet
  facet normal -0 0 -1
    outer loop
      vertex 60.3213 31.75 -4.4
      vertex 58.6325 30.775 -4.4
      vertex 60.0887 32.098 -4.4
    endloop
  endfacet
  facet normal 0 0 -1
    outer loop
      vertex 58.5417 30.911 -4.4
      vertex 60.0887 32.098 -4.4
      vertex 58.6325 30.775 -4.4
    endloop
  endfacet
  facet normal -0 0 -1
    outer loop
      vertex 60.0887 32.098 -4.4
      vertex 58.5417 30.911 -4.4
      vertex 59.8127 32.4127 -4.4
    endloop
  endfacet
  facet normal 0 0 -1
    outer loop
      vertex 58.4339 31.0339 -4.4
      vertex 59.8127 32.4127 -4.4
      vertex 58.5417 30.911 -4.4
    endloop
  endfacet
  facet normal -0 0 -1
    outer loop
      vertex 59.8127 32.4127 -4.4
      vertex 58.4339 31.0339 -4.4
      vertex 59.498 32.6887 -4.4
    endloop
  endfacet
  facet normal 0 0 -1
    outer loop
      vertex 58.311 31.1417 -4.4
      vertex 59.498 32.6887 -4.4
      vertex 58.4339 31.0339 -4.4
    endloop
  endfacet
  facet normal -0 0 -1
    outer loop
      vertex 59.498 32.6887 -4.4
      vertex 58.311 31.1417 -4.4
      vertex 59.15 32.9213 -4.4
    endloop
  endfacet
  facet normal 0 0 -1
    outer loop
      vertex 58.175 31.2325 -4.4
      vertex 59.15 32.9213 -4.4
      vertex 58.311 31.1417 -4.4
    endloop
  endfacet
  facet normal -0 0 -1
    outer loop
      vertex 59.15 32.9213 -4.4
      vertex 58.175 31.2325 -4.4
      vertex 58.7746 33.1064 -4.4
    endloop
  endfacet
  facet normal 0 0 -1
    outer loop
      vertex 58.0284 31.3048 -4.4
      vertex 58.7746 33.1064 -4.4
      vertex 58.175 31.2325 -4.4
    endloop
  endfacet
  facet normal -0 0 -1
    outer loop
      vertex 58.7746 33.1064 -4.4
      vertex 58.0284 31.3048 -4.4
      vertex 58.3782 33.241 -4.4
    endloop
  endfacet
  facet normal 0 0 -1
    outer loop
      vertex 57.8735 31.3574 -4.4
      vertex 58.3782 33.241 -4.4
      vertex 58.0284 31.3048 -4.4
    endloop
  endfacet
  facet normal -0 0 -1
    outer loop
      vertex 58.3782 33.241 -4.4
      vertex 57.8735 31.3574 -4.4
      vertex 57.9677 33.3226 -4.4
    endloop
  endfacet
  facet normal 0 0 -1
    outer loop
      vertex 57.7132 31.3893 -4.4
      vertex 57.9677 33.3226 -4.4
      vertex 57.8735 31.3574 -4.4
    endloop
  endfacet
  facet normal 0 0 -1
    outer loop
      vertex 57.55 31.4 -4.4
      vertex 57.9677 33.3226 -4.4
      vertex 57.7132 31.3893 -4.4
    endloop
  endfacet
  facet normal 0 0 -1
    outer loop
      vertex 57.55 31.4 -4.4
      vertex 57.55 33.35 -4.4
      vertex 57.9677 33.3226 -4.4
    endloop
  endfacet
  facet normal 0 0 -1
    outer loop
      vertex 57.3868 31.3893 -4.4
      vertex 57.55 33.35 -4.4
      vertex 57.55 31.4 -4.4
    endloop
  endfacet
  facet normal 0 0 -1
    outer loop
      vertex 57.1323 33.3226 -4.4
      vertex 57.3868 31.3893 -4.4
      vertex 57.2265 31.3574 -4.4
    endloop
  endfacet
  facet normal 0 0 -1
    outer loop
      vertex 57.3868 31.3893 -4.4
      vertex 57.1323 33.3226 -4.4
      vertex 57.55 33.35 -4.4
    endloop
  endfacet
  facet normal 0 0 -1
    outer loop
      vertex 56.7218 33.241 -4.4
      vertex 57.2265 31.3574 -4.4
      vertex 57.0716 31.3048 -4.4
    endloop
  endfacet
  facet normal 0 0 -1
    outer loop
      vertex 56.3254 33.1064 -4.4
      vertex 57.0716 31.3048 -4.4
      vertex 56.925 31.2325 -4.4
    endloop
  endfacet
  facet normal 0 0 -1
    outer loop
      vertex 55.95 32.9213 -4.4
      vertex 56.925 31.2325 -4.4
      vertex 56.789 31.1417 -4.4
    endloop
  endfacet
  facet normal 0 0 -1
    outer loop
      vertex 57.2265 31.3574 -4.4
      vertex 56.7218 33.241 -4.4
      vertex 57.1323 33.3226 -4.4
    endloop
  endfacet
  facet normal 0 0 -1
    outer loop
      vertex 55.602 32.6887 -4.4
      vertex 56.789 31.1417 -4.4
      vertex 56.6661 31.0339 -4.4
    endloop
  endfacet
  facet normal 0 0 -1
    outer loop
      vertex 55.2873 32.4127 -4.4
      vertex 56.6661 31.0339 -4.4
      vertex 56.5583 30.911 -4.4
    endloop
  endfacet
  facet normal 0 0 -1
    outer loop
      vertex 55.0113 32.098 -4.4
      vertex 56.5583 30.911 -4.4
      vertex 56.4675 30.775 -4.4
    endloop
  endfacet
  facet normal 0 0 -1
    outer loop
      vertex 54.7787 31.75 -4.4
      vertex 56.4675 30.775 -4.4
      vertex 56.3951 30.6284 -4.4
    endloop
  endfacet
  facet normal 0 0 -1
    outer loop
      vertex 54.5936 31.3746 -4.4
      vertex 56.3951 30.6284 -4.4
      vertex 56.3426 30.4735 -4.4
    endloop
  endfacet
  facet normal 0 0 -1
    outer loop
      vertex 57.0716 31.3048 -4.4
      vertex 56.3254 33.1064 -4.4
      vertex 56.7218 33.241 -4.4
    endloop
  endfacet
  facet normal 0 0 -1
    outer loop
      vertex 54.459 30.9782 -4.4
      vertex 56.3426 30.4735 -4.4
      vertex 56.3107 30.3132 -4.4
    endloop
  endfacet
  facet normal 0 0 -1
    outer loop
      vertex 54.3774 30.5677 -4.4
      vertex 56.3107 30.3132 -4.4
      vertex 56.3 30.15 -4.4
    endloop
  endfacet
  facet normal -0 0 -1
    outer loop
      vertex 56.4675 29.525 -4.4
      vertex 54.7787 28.55 -4.4
      vertex 56.3951 29.6716 -4.4
    endloop
  endfacet
  facet normal 0 0 -1
    outer loop
      vertex 56.925 31.2325 -4.4
      vertex 55.95 32.9213 -4.4
      vertex 56.3254 33.1064 -4.4
    endloop
  endfacet
  facet normal 0 0 -1
    outer loop
      vertex 54.5936 28.9254 -4.4
      vertex 56.3951 29.6716 -4.4
      vertex 54.7787 28.55 -4.4
    endloop
  endfacet
  facet normal 0 0 -1
    outer loop
      vertex 56.789 31.1417 -4.4
      vertex 55.602 32.6887 -4.4
      vertex 55.95 32.9213 -4.4
    endloop
  endfacet
  facet normal -0 0 -1
    outer loop
      vertex 56.3951 29.6716 -4.4
      vertex 54.5936 28.9254 -4.4
      vertex 56.3426 29.8265 -4.4
    endloop
  endfacet
  facet normal 0 0 -1
    outer loop
      vertex 56.6661 31.0339 -4.4
      vertex 55.2873 32.4127 -4.4
      vertex 55.602 32.6887 -4.4
    endloop
  endfacet
  facet normal 0 0 -1
    outer loop
      vertex 54.459 29.3218 -4.4
      vertex 56.3426 29.8265 -4.4
      vertex 54.5936 28.9254 -4.4
    endloop
  endfacet
  facet normal 0 0 -1
    outer loop
      vertex 56.5583 30.911 -4.4
      vertex 55.0113 32.098 -4.4
      vertex 55.2873 32.4127 -4.4
    endloop
  endfacet
  facet normal -0 0 -1
    outer loop
      vertex 56.3426 29.8265 -4.4
      vertex 54.459 29.3218 -4.4
      vertex 56.3107 29.9868 -4.4
    endloop
  endfacet
  facet normal 0 0 -1
    outer loop
      vertex 56.4675 30.775 -4.4
      vertex 54.7787 31.75 -4.4
      vertex 55.0113 32.098 -4.4
    endloop
  endfacet
  facet normal 0 0 -1
    outer loop
      vertex 54.3774 29.7323 -4.4
      vertex 56.3107 29.9868 -4.4
      vertex 54.459 29.3218 -4.4
    endloop
  endfacet
  facet normal 0 0 -1
    outer loop
      vertex 56.3951 30.6284 -4.4
      vertex 54.5936 31.3746 -4.4
      vertex 54.7787 31.75 -4.4
    endloop
  endfacet
  facet normal -0 0 -1
    outer loop
      vertex 56.3107 29.9868 -4.4
      vertex 54.3774 29.7323 -4.4
      vertex 56.3 30.15 -4.4
    endloop
  endfacet
  facet normal 0 0 -1
    outer loop
      vertex 56.3426 30.4735 -4.4
      vertex 54.459 30.9782 -4.4
      vertex 54.5936 31.3746 -4.4
    endloop
  endfacet
  facet normal 0 0 -1
    outer loop
      vertex 54.35 30.15 -4.4
      vertex 56.3 30.15 -4.4
      vertex 54.3774 29.7323 -4.4
    endloop
  endfacet
  facet normal 0 0 -1
    outer loop
      vertex 56.3107 30.3132 -4.4
      vertex 54.3774 30.5677 -4.4
      vertex 54.459 30.9782 -4.4
    endloop
  endfacet
  facet normal 0 0 -1
    outer loop
      vertex 56.3 30.15 -4.4
      vertex 54.35 30.15 -4.4
      vertex 54.3774 30.5677 -4.4
    endloop
  endfacet
  facet normal -0.997855 -0.0654566 0
    outer loop
      vertex 54.3774 29.7323 -4.4
      vertex 54.35 30.15 10.6
      vertex 54.35 30.15 -4.4
    endloop
  endfacet
  facet normal -0.997855 -0.0654566 0
    outer loop
      vertex 54.35 30.15 10.6
      vertex 54.3774 29.7323 -4.4
      vertex 54.3774 29.7323 10.6
    endloop
  endfacet
  facet normal -0.831388 0.555692 0
    outer loop
      vertex 54.7787 31.75 -4.4
      vertex 55.0113 32.098 10.6
      vertex 55.0113 32.098 -4.4
    endloop
  endfacet
  facet normal -0.831388 0.555692 0
    outer loop
      vertex 55.0113 32.098 10.6
      vertex 54.7787 31.75 -4.4
      vertex 54.7787 31.75 10.6
    endloop
  endfacet
  facet normal -0.751821 0.659367 0
    outer loop
      vertex 55.0113 32.098 -4.4
      vertex 55.2873 32.4127 10.6
      vertex 55.2873 32.4127 -4.4
    endloop
  endfacet
  facet normal -0.751821 0.659367 0
    outer loop
      vertex 55.2873 32.4127 10.6
      vertex 55.0113 32.098 -4.4
      vertex 55.0113 32.098 10.6
    endloop
  endfacet
  facet normal 0.997855 0.0654566 0
    outer loop
      vertex 60.75 30.15 10.6
      vertex 60.7226 30.5677 0
      vertex 60.7226 30.5677 10.6
    endloop
  endfacet
  facet normal 0.997855 0.0654566 0
    outer loop
      vertex 60.7226 30.5677 0
      vertex 60.75 30.15 10.6
      vertex 60.75 30.15 0
    endloop
  endfacet
  facet normal 0.997855 0.0654566 0
    outer loop
      vertex 60.75 30.15 -1.5
      vertex 60.7226 30.5677 -4.4
      vertex 60.7226 30.5677 -1.5
    endloop
  endfacet
  facet normal 0.997855 0.0654566 0
    outer loop
      vertex 60.7226 30.5677 -4.4
      vertex 60.75 30.15 -1.5
      vertex 60.75 30.15 -4.4
    endloop
  endfacet
  facet normal 0.442237 -0.896898 0
    outer loop
      vertex 58.7746 27.1936 -4.4
      vertex 59.15 27.3787 10.6
      vertex 58.7746 27.1936 10.6
    endloop
  endfacet
  facet normal 0.442237 -0.896898 0
    outer loop
      vertex 59.15 27.3787 10.6
      vertex 58.7746 27.1936 -4.4
      vertex 59.15 27.3787 -4.4
    endloop
  endfacet
  facet normal 0.831415 -0.555651 0
    outer loop
      vertex 60.3213 28.55 10.6
      vertex 60.2 28.3685 0
      vertex 60.3213 28.55 0
    endloop
  endfacet
  facet normal 0.831358 -0.555737 0
    outer loop
      vertex 60.0887 28.202 -4.4
      vertex 60.2 28.3685 0
      vertex 60.0887 28.202 10.6
    endloop
  endfacet
  facet normal 0.831388 -0.555692 1.01422e-06
    outer loop
      vertex 60.0887 28.202 10.6
      vertex 60.2 28.3685 0
      vertex 60.3213 28.55 10.6
    endloop
  endfacet
  facet normal 0.831415 -0.555651 0
    outer loop
      vertex 60.2 28.3685 -1.5
      vertex 60.3213 28.55 -4.4
      vertex 60.3213 28.55 -1.5
    endloop
  endfacet
  facet normal 0.831388 -0.555692 -3.70714e-06
    outer loop
      vertex 60.2 28.3685 -1.5
      vertex 60.0887 28.202 -4.4
      vertex 60.3213 28.55 -4.4
    endloop
  endfacet
  facet normal 0.831358 -0.555737 0
    outer loop
      vertex 60.2 28.3685 0
      vertex 60.0887 28.202 -4.4
      vertex 60.2 28.3685 -1.5
    endloop
  endfacet
  facet normal 0.0654566 -0.997855 0
    outer loop
      vertex 57.55 26.95 -4.4
      vertex 57.9677 26.9774 10.6
      vertex 57.55 26.95 10.6
    endloop
  endfacet
  facet normal 0.0654566 -0.997855 0
    outer loop
      vertex 57.9677 26.9774 10.6
      vertex 57.55 26.95 -4.4
      vertex 57.9677 26.9774 -4.4
    endloop
  endfacet
  facet normal -0.442237 -0.896898 0
    outer loop
      vertex 55.95 27.3787 -4.4
      vertex 56.3254 27.1936 10.6
      vertex 55.95 27.3787 10.6
    endloop
  endfacet
  facet normal -0.442237 -0.896898 -0
    outer loop
      vertex 56.3254 27.1936 10.6
      vertex 55.95 27.3787 -4.4
      vertex 56.3254 27.1936 -4.4
    endloop
  endfacet
  facet normal -0.555692 -0.831388 0
    outer loop
      vertex 55.602 27.6113 -4.4
      vertex 55.95 27.3787 10.6
      vertex 55.602 27.6113 10.6
    endloop
  endfacet
  facet normal -0.555692 -0.831388 -0
    outer loop
      vertex 55.95 27.3787 10.6
      vertex 55.602 27.6113 -4.4
      vertex 55.95 27.3787 -4.4
    endloop
  endfacet
  facet normal -0.98081 -0.194967 0
    outer loop
      vertex 54.459 29.3218 -4.4
      vertex 54.3774 29.7323 10.6
      vertex 54.3774 29.7323 -4.4
    endloop
  endfacet
  facet normal -0.98081 -0.194967 0
    outer loop
      vertex 54.3774 29.7323 10.6
      vertex 54.459 29.3218 -4.4
      vertex 54.459 29.3218 10.6
    endloop
  endfacet
  facet normal 0.896898 0.442237 0
    outer loop
      vertex 60.5064 31.3746 -1.5
      vertex 60.3213 31.75 -4.4
      vertex 60.3213 31.75 -1.5
    endloop
  endfacet
  facet normal 0.896898 0.442237 0
    outer loop
      vertex 60.3213 31.75 -4.4
      vertex 60.5064 31.3746 -1.5
      vertex 60.5064 31.3746 -4.4
    endloop
  endfacet
  facet normal 0.896898 0.442237 0
    outer loop
      vertex 60.5064 31.3746 10.6
      vertex 60.3213 31.75 0
      vertex 60.3213 31.75 10.6
    endloop
  endfacet
  facet normal 0.896898 0.442237 0
    outer loop
      vertex 60.3213 31.75 0
      vertex 60.5064 31.3746 10.6
      vertex 60.5064 31.3746 0
    endloop
  endfacet
  facet normal 0.831358 0.555737 0
    outer loop
      vertex 60.0887 32.098 10.6
      vertex 60.2 31.9315 0
      vertex 60.0887 32.098 -4.4
    endloop
  endfacet
  facet normal 0.831388 0.555692 1.01422e-06
    outer loop
      vertex 60.3213 31.75 10.6
      vertex 60.2 31.9315 0
      vertex 60.0887 32.098 10.6
    endloop
  endfacet
  facet normal 0.831415 0.555651 0
    outer loop
      vertex 60.2 31.9315 0
      vertex 60.3213 31.75 10.6
      vertex 60.3213 31.75 0
    endloop
  endfacet
  facet normal 0.831358 0.555737 -0
    outer loop
      vertex 60.2 31.9315 -1.5
      vertex 60.0887 32.098 -4.4
      vertex 60.2 31.9315 0
    endloop
  endfacet
  facet normal 0.831415 0.555651 -0
    outer loop
      vertex 60.3213 31.75 -4.4
      vertex 60.2 31.9315 -1.5
      vertex 60.3213 31.75 -1.5
    endloop
  endfacet
  facet normal 0.831388 0.555692 -3.70714e-06
    outer loop
      vertex 60.2 31.9315 -1.5
      vertex 60.3213 31.75 -4.4
      vertex 60.0887 32.098 -4.4
    endloop
  endfacet
  facet normal 0.751821 0.659367 0
    outer loop
      vertex 60.0887 32.098 10.6
      vertex 59.8127 32.4127 -4.4
      vertex 59.8127 32.4127 10.6
    endloop
  endfacet
  facet normal 0.751821 0.659367 0
    outer loop
      vertex 59.8127 32.4127 -4.4
      vertex 60.0887 32.098 10.6
      vertex 60.0887 32.098 -4.4
    endloop
  endfacet
  facet normal -0.0654566 0.997855 0
    outer loop
      vertex 57.55 33.35 -4.4
      vertex 57.1323 33.3226 10.6
      vertex 57.55 33.35 10.6
    endloop
  endfacet
  facet normal -0.0654566 0.997855 0
    outer loop
      vertex 57.1323 33.3226 10.6
      vertex 57.55 33.35 -4.4
      vertex 57.1323 33.3226 -4.4
    endloop
  endfacet
  facet normal 0.321526 0.946901 -0
    outer loop
      vertex 58.7746 33.1064 -4.4
      vertex 58.3782 33.241 10.6
      vertex 58.7746 33.1064 10.6
    endloop
  endfacet
  facet normal 0.321526 0.946901 0
    outer loop
      vertex 58.3782 33.241 10.6
      vertex 58.7746 33.1064 -4.4
      vertex 58.3782 33.241 -4.4
    endloop
  endfacet
  facet normal 0.0654566 0.997855 -0
    outer loop
      vertex 57.9677 33.3226 -4.4
      vertex 57.55 33.35 10.6
      vertex 57.9677 33.3226 10.6
    endloop
  endfacet
  facet normal 0.0654566 0.997855 0
    outer loop
      vertex 57.55 33.35 10.6
      vertex 57.9677 33.3226 -4.4
      vertex 57.55 33.35 -4.4
    endloop
  endfacet
  facet normal -0.997855 0.0654566 0
    outer loop
      vertex 54.35 30.15 -4.4
      vertex 54.3774 30.5677 10.6
      vertex 54.3774 30.5677 -4.4
    endloop
  endfacet
  facet normal -0.997855 0.0654566 0
    outer loop
      vertex 54.3774 30.5677 10.6
      vertex 54.35 30.15 -4.4
      vertex 54.35 30.15 10.6
    endloop
  endfacet
  facet normal -0.194967 0.98081 0
    outer loop
      vertex 57.1323 33.3226 -4.4
      vertex 56.7218 33.241 10.6
      vertex 57.1323 33.3226 10.6
    endloop
  endfacet
  facet normal -0.194967 0.98081 0
    outer loop
      vertex 56.7218 33.241 10.6
      vertex 57.1323 33.3226 -4.4
      vertex 56.7218 33.241 -4.4
    endloop
  endfacet
  facet normal -0.321526 0.946901 0
    outer loop
      vertex 56.7218 33.241 -4.4
      vertex 56.3254 33.1064 10.6
      vertex 56.7218 33.241 10.6
    endloop
  endfacet
  facet normal -0.321526 0.946901 0
    outer loop
      vertex 56.3254 33.1064 10.6
      vertex 56.7218 33.241 -4.4
      vertex 56.3254 33.1064 -4.4
    endloop
  endfacet
  facet normal -0.555692 0.831388 0
    outer loop
      vertex 55.95 32.9213 -4.4
      vertex 55.602 32.6887 10.6
      vertex 55.95 32.9213 10.6
    endloop
  endfacet
  facet normal -0.555692 0.831388 0
    outer loop
      vertex 55.602 32.6887 10.6
      vertex 55.95 32.9213 -4.4
      vertex 55.602 32.6887 -4.4
    endloop
  endfacet
  facet normal -0.659367 0.751821 0
    outer loop
      vertex 55.602 32.6887 -4.4
      vertex 55.2873 32.4127 10.6
      vertex 55.602 32.6887 10.6
    endloop
  endfacet
  facet normal -0.659367 0.751821 0
    outer loop
      vertex 55.2873 32.4127 10.6
      vertex 55.602 32.6887 -4.4
      vertex 55.2873 32.4127 -4.4
    endloop
  endfacet
  facet normal 0.194967 -0.98081 0
    outer loop
      vertex 57.9677 26.9774 -4.4
      vertex 58.3782 27.059 10.6
      vertex 57.9677 26.9774 10.6
    endloop
  endfacet
  facet normal 0.194967 -0.98081 0
    outer loop
      vertex 58.3782 27.059 10.6
      vertex 57.9677 26.9774 -4.4
      vertex 58.3782 27.059 -4.4
    endloop
  endfacet
  facet normal 0.98081 -0.194967 0
    outer loop
      vertex 60.641 29.3218 10.6
      vertex 60.7226 29.7323 0
      vertex 60.7226 29.7323 10.6
    endloop
  endfacet
  facet normal 0.98081 -0.194967 0
    outer loop
      vertex 60.7226 29.7323 0
      vertex 60.641 29.3218 10.6
      vertex 60.641 29.3218 0
    endloop
  endfacet
  facet normal 0.98081 -0.194967 0
    outer loop
      vertex 60.641 29.3218 -1.5
      vertex 60.7226 29.7323 -4.4
      vertex 60.7226 29.7323 -1.5
    endloop
  endfacet
  facet normal 0.98081 -0.194967 0
    outer loop
      vertex 60.7226 29.7323 -4.4
      vertex 60.641 29.3218 -1.5
      vertex 60.641 29.3218 -4.4
    endloop
  endfacet
  facet normal 0.946901 -0.321526 0
    outer loop
      vertex 60.5064 28.9254 -1.5
      vertex 60.641 29.3218 -4.4
      vertex 60.641 29.3218 -1.5
    endloop
  endfacet
  facet normal 0.946901 -0.321526 0
    outer loop
      vertex 60.641 29.3218 -4.4
      vertex 60.5064 28.9254 -1.5
      vertex 60.5064 28.9254 -4.4
    endloop
  endfacet
  facet normal 0.946901 -0.321526 0
    outer loop
      vertex 60.5064 28.9254 10.6
      vertex 60.641 29.3218 0
      vertex 60.641 29.3218 10.6
    endloop
  endfacet
  facet normal 0.946901 -0.321526 0
    outer loop
      vertex 60.641 29.3218 0
      vertex 60.5064 28.9254 10.6
      vertex 60.5064 28.9254 0
    endloop
  endfacet
  facet normal 0.321526 -0.946901 0
    outer loop
      vertex 58.3782 27.059 -4.4
      vertex 58.7746 27.1936 10.6
      vertex 58.3782 27.059 10.6
    endloop
  endfacet
  facet normal 0.321526 -0.946901 0
    outer loop
      vertex 58.7746 27.1936 10.6
      vertex 58.3782 27.059 -4.4
      vertex 58.7746 27.1936 -4.4
    endloop
  endfacet
  facet normal 0.555692 -0.831388 0
    outer loop
      vertex 59.15 27.3787 -4.4
      vertex 59.498 27.6113 10.6
      vertex 59.15 27.3787 10.6
    endloop
  endfacet
  facet normal 0.555692 -0.831388 0
    outer loop
      vertex 59.498 27.6113 10.6
      vertex 59.15 27.3787 -4.4
      vertex 59.498 27.6113 -4.4
    endloop
  endfacet
  facet normal -0.0654566 -0.997855 0
    outer loop
      vertex 57.1323 26.9774 -4.4
      vertex 57.55 26.95 10.6
      vertex 57.1323 26.9774 10.6
    endloop
  endfacet
  facet normal -0.0654566 -0.997855 -0
    outer loop
      vertex 57.55 26.95 10.6
      vertex 57.1323 26.9774 -4.4
      vertex 57.55 26.95 -4.4
    endloop
  endfacet
  facet normal -0.321526 -0.946901 0
    outer loop
      vertex 56.3254 27.1936 -4.4
      vertex 56.7218 27.059 10.6
      vertex 56.3254 27.1936 10.6
    endloop
  endfacet
  facet normal -0.321526 -0.946901 -0
    outer loop
      vertex 56.7218 27.059 10.6
      vertex 56.3254 27.1936 -4.4
      vertex 56.7218 27.059 -4.4
    endloop
  endfacet
  facet normal -0.946901 -0.321526 0
    outer loop
      vertex 54.5936 28.9254 -4.4
      vertex 54.459 29.3218 10.6
      vertex 54.459 29.3218 -4.4
    endloop
  endfacet
  facet normal -0.946901 -0.321526 0
    outer loop
      vertex 54.459 29.3218 10.6
      vertex 54.5936 28.9254 -4.4
      vertex 54.5936 28.9254 10.6
    endloop
  endfacet
  facet normal -0.659367 -0.751821 0
    outer loop
      vertex 55.2873 27.8873 -4.4
      vertex 55.602 27.6113 10.6
      vertex 55.2873 27.8873 10.6
    endloop
  endfacet
  facet normal -0.659367 -0.751821 -0
    outer loop
      vertex 55.602 27.6113 10.6
      vertex 55.2873 27.8873 -4.4
      vertex 55.602 27.6113 -4.4
    endloop
  endfacet
  facet normal -0.896898 0.442237 0
    outer loop
      vertex 54.5936 31.3746 -4.4
      vertex 54.7787 31.75 10.6
      vertex 54.7787 31.75 -4.4
    endloop
  endfacet
  facet normal -0.896898 0.442237 0
    outer loop
      vertex 54.7787 31.75 10.6
      vertex 54.5936 31.3746 -4.4
      vertex 54.5936 31.3746 10.6
    endloop
  endfacet
  facet normal 0.896898 -0.442237 0
    outer loop
      vertex 60.3213 28.55 10.6
      vertex 60.5064 28.9254 0
      vertex 60.5064 28.9254 10.6
    endloop
  endfacet
  facet normal 0.896898 -0.442237 0
    outer loop
      vertex 60.5064 28.9254 0
      vertex 60.3213 28.55 10.6
      vertex 60.3213 28.55 0
    endloop
  endfacet
  facet normal 0.896898 -0.442237 0
    outer loop
      vertex 60.3213 28.55 -1.5
      vertex 60.5064 28.9254 -4.4
      vertex 60.5064 28.9254 -1.5
    endloop
  endfacet
  facet normal 0.896898 -0.442237 0
    outer loop
      vertex 60.5064 28.9254 -4.4
      vertex 60.3213 28.55 -1.5
      vertex 60.3213 28.55 -4.4
    endloop
  endfacet
  facet normal 0.659367 -0.751821 0
    outer loop
      vertex 59.498 27.6113 -4.4
      vertex 59.8127 27.8873 10.6
      vertex 59.498 27.6113 10.6
    endloop
  endfacet
  facet normal 0.659367 -0.751821 0
    outer loop
      vertex 59.8127 27.8873 10.6
      vertex 59.498 27.6113 -4.4
      vertex 59.8127 27.8873 -4.4
    endloop
  endfacet
  facet normal -0.896898 -0.442237 0
    outer loop
      vertex 54.7787 28.55 -4.4
      vertex 54.5936 28.9254 10.6
      vertex 54.5936 28.9254 -4.4
    endloop
  endfacet
  facet normal -0.896898 -0.442237 0
    outer loop
      vertex 54.5936 28.9254 10.6
      vertex 54.7787 28.55 -4.4
      vertex 54.7787 28.55 10.6
    endloop
  endfacet
  facet normal -0.751821 -0.659367 0
    outer loop
      vertex 55.2873 27.8873 -4.4
      vertex 55.0113 28.202 10.6
      vertex 55.0113 28.202 -4.4
    endloop
  endfacet
  facet normal -0.751821 -0.659367 0
    outer loop
      vertex 55.0113 28.202 10.6
      vertex 55.2873 27.8873 -4.4
      vertex 55.2873 27.8873 10.6
    endloop
  endfacet
  facet normal 0.831473 0.555565 0
    outer loop
      vertex -0.428719 -1.8 10.6
      vertex -0.661269 -1.45196 -6
      vertex -0.661269 -1.45196 10.6
    endloop
  endfacet
  facet normal 0.831473 0.555565 0
    outer loop
      vertex -0.661269 -1.45196 -6
      vertex -0.428719 -1.8 10.6
      vertex -0.428719 -1.8 -6
    endloop
  endfacet
  facet normal 0.195089 0.980786 -0
    outer loop
      vertex -2.37178 -0.309037 -6
      vertex -2.78232 -0.227376 10.6
      vertex -2.37178 -0.309037 10.6
    endloop
  endfacet
  facet normal 0.195089 0.980786 0
    outer loop
      vertex -2.78232 -0.227376 10.6
      vertex -2.37178 -0.309037 -6
      vertex -2.78232 -0.227376 -6
    endloop
  endfacet
  facet normal 0.321436 0.946931 -0
    outer loop
      vertex -1.97541 -0.443585 -6
      vertex -2.37178 -0.309037 10.6
      vertex -1.97541 -0.443585 10.6
    endloop
  endfacet
  facet normal 0.321436 0.946931 0
    outer loop
      vertex -2.37178 -0.309037 10.6
      vertex -1.97541 -0.443585 -6
      vertex -2.37178 -0.309037 -6
    endloop
  endfacet
  facet normal -0.442291 0.896872 0
    outer loop
      vertex -4.42459 -0.443585 -6
      vertex -4.8 -0.628718 10.6
      vertex -4.42459 -0.443585 10.6
    endloop
  endfacet
  facet normal -0.442291 0.896872 0
    outer loop
      vertex -4.8 -0.628718 10.6
      vertex -4.42459 -0.443585 -6
      vertex -4.8 -0.628718 -6
    endloop
  endfacet
  facet normal -0.896874 0.442285 0
    outer loop
      vertex -6.15641 -2.17541 -6
      vertex -5.97128 -1.8 -1.5
      vertex -5.97128 -1.8 -6
    endloop
  endfacet
  facet normal -0.896874 0.442285 0
    outer loop
      vertex -5.97128 -1.8 -1.5
      vertex -6.15641 -2.17541 -6
      vertex -6.15641 -2.17541 -1.5
    endloop
  endfacet
  facet normal -0.896874 0.442285 0
    outer loop
      vertex -6.15641 -2.17541 0
      vertex -5.97128 -1.8 10.6
      vertex -5.97128 -1.8 0
    endloop
  endfacet
  facet normal -0.896874 0.442285 0
    outer loop
      vertex -5.97128 -1.8 10.6
      vertex -6.15641 -2.17541 0
      vertex -6.15641 -2.17541 10.6
    endloop
  endfacet
  facet normal 0.997859 -0.0654031 0
    outer loop
      vertex -0.0273762 -3.81768 10.6
      vertex 0 -3.4 -6
      vertex 0 -3.4 10.6
    endloop
  endfacet
  facet normal 0.997859 -0.0654031 0
    outer loop
      vertex 0 -3.4 -6
      vertex -0.0273762 -3.81768 10.6
      vertex -0.0273762 -3.81768 -6
    endloop
  endfacet
  facet normal 0.659352 0.751834 -0
    outer loop
      vertex -0.937258 -1.13726 -6
      vertex -1.25196 -0.861269 10.6
      vertex -0.937258 -1.13726 10.6
    endloop
  endfacet
  facet normal 0.659352 0.751834 0
    outer loop
      vertex -1.25196 -0.861269 10.6
      vertex -0.937258 -1.13726 -6
      vertex -1.25196 -0.861269 -6
    endloop
  endfacet
  facet normal 0.555567 0.831472 -0
    outer loop
      vertex -1.25196 -0.861269 -6
      vertex -1.6 -0.628718 10.6
      vertex -1.25196 -0.861269 10.6
    endloop
  endfacet
  facet normal 0.555567 0.831472 0
    outer loop
      vertex -1.6 -0.628718 10.6
      vertex -1.25196 -0.861269 -6
      vertex -1.6 -0.628718 -6
    endloop
  endfacet
  facet normal -0.997858 0.0654122 0
    outer loop
      vertex -6.4 -3.4 -6
      vertex -6.37262 -2.98232 10.6
      vertex -6.37262 -2.98232 -6
    endloop
  endfacet
  facet normal -0.997858 0.0654122 0
    outer loop
      vertex -6.37262 -2.98232 10.6
      vertex -6.4 -3.4 -6
      vertex -6.4 -3.4 10.6
    endloop
  endfacet
  facet normal -0.751833 0.659353 0
    outer loop
      vertex -5.73873 -1.45196 -6
      vertex -5.46274 -1.13726 -1.5
      vertex -5.46274 -1.13726 -6
    endloop
  endfacet
  facet normal -0.751833 0.659353 0
    outer loop
      vertex -5.46274 -1.13726 -1.5
      vertex -5.73873 -1.45196 -6
      vertex -5.73873 -1.45196 -1.5
    endloop
  endfacet
  facet normal -0.751833 0.659353 0
    outer loop
      vertex -5.73873 -1.45196 0
      vertex -5.46274 -1.13726 10.6
      vertex -5.46274 -1.13726 0
    endloop
  endfacet
  facet normal -0.751833 0.659353 0
    outer loop
      vertex -5.46274 -1.13726 10.6
      vertex -5.73873 -1.45196 0
      vertex -5.73873 -1.45196 10.6
    endloop
  endfacet
  facet normal -0.555567 0.831472 -1.60055e-07
    outer loop
      vertex -4.8 -0.628718 10.6
      vertex -5.1 -0.829172 0
      vertex -5.14804 -0.861269 10.6
    endloop
  endfacet
  facet normal -0.555571 0.831469 0
    outer loop
      vertex -4.8 -0.628718 -6
      vertex -5.1 -0.829172 0
      vertex -4.8 -0.628718 10.6
    endloop
  endfacet
  facet normal -0.555571 0.831469 0
    outer loop
      vertex -5.1 -0.829172 0
      vertex -4.8 -0.628718 -6
      vertex -5.1 -0.829172 -1.5
    endloop
  endfacet
  facet normal -0.555567 0.831472 3.77018e-07
    outer loop
      vertex -5.14804 -0.861269 -6
      vertex -5.1 -0.829172 -1.5
      vertex -4.8 -0.628718 -6
    endloop
  endfacet
  facet normal -0.555543 0.831488 0
    outer loop
      vertex -5.1 -0.829172 -1.5
      vertex -5.14804 -0.861269 -6
      vertex -5.14804 -0.861269 -1.5
    endloop
  endfacet
  facet normal -0.555543 0.831488 0
    outer loop
      vertex -5.14804 -0.861269 10.6
      vertex -5.1 -0.829172 0
      vertex -5.14804 -0.861269 0
    endloop
  endfacet
  facet normal -0.321436 0.946931 0
    outer loop
      vertex -4.02822 -0.309037 -6
      vertex -4.42459 -0.443585 10.6
      vertex -4.02822 -0.309037 10.6
    endloop
  endfacet
  facet normal -0.321436 0.946931 0
    outer loop
      vertex -4.42459 -0.443585 10.6
      vertex -4.02822 -0.309037 -6
      vertex -4.42459 -0.443585 -6
    endloop
  endfacet
  facet normal -0.659355 0.751832 0
    outer loop
      vertex -5.14804 -0.861269 0
      vertex -5.46274 -1.13726 10.6
      vertex -5.14804 -0.861269 10.6
    endloop
  endfacet
  facet normal -0.659355 0.751832 0
    outer loop
      vertex -5.46274 -1.13726 10.6
      vertex -5.14804 -0.861269 0
      vertex -5.46274 -1.13726 0
    endloop
  endfacet
  facet normal -0.659355 0.751832 0
    outer loop
      vertex -5.14804 -0.861269 -6
      vertex -5.46274 -1.13726 -1.5
      vertex -5.14804 -0.861269 -1.5
    endloop
  endfacet
  facet normal -0.659355 0.751832 0
    outer loop
      vertex -5.46274 -1.13726 -1.5
      vertex -5.14804 -0.861269 -6
      vertex -5.46274 -1.13726 -6
    endloop
  endfacet
  facet normal 0.555565 -0.831473 0
    outer loop
      vertex -1.6 -6.17128 0
      vertex -1.25196 -5.93873 10.6
      vertex -1.6 -6.17128 10.6
    endloop
  endfacet
  facet normal 0.555565 -0.831473 0
    outer loop
      vertex -1.25196 -5.93873 10.6
      vertex -1.6 -6.17128 0
      vertex -1.25196 -5.93873 0
    endloop
  endfacet
  facet normal 0.555565 -0.831473 0
    outer loop
      vertex -1.6 -6.17128 -6
      vertex -1.25196 -5.93873 -1.5
      vertex -1.6 -6.17128 -1.5
    endloop
  endfacet
  facet normal 0.555565 -0.831473 0
    outer loop
      vertex -1.25196 -5.93873 -1.5
      vertex -1.6 -6.17128 -6
      vertex -1.25196 -5.93873 -6
    endloop
  endfacet
  facet normal -0.659353 -0.751833 0
    outer loop
      vertex -5.46274 -5.66274 -6
      vertex -5.14804 -5.93873 -1.5
      vertex -5.46274 -5.66274 -1.5
    endloop
  endfacet
  facet normal -0.659353 -0.751833 -0
    outer loop
      vertex -5.14804 -5.93873 -1.5
      vertex -5.46274 -5.66274 -6
      vertex -5.14804 -5.93873 -6
    endloop
  endfacet
  facet normal -0.659353 -0.751833 0
    outer loop
      vertex -5.46274 -5.66274 0
      vertex -5.14804 -5.93873 10.6
      vertex -5.46274 -5.66274 10.6
    endloop
  endfacet
  facet normal -0.659353 -0.751833 -0
    outer loop
      vertex -5.14804 -5.93873 10.6
      vertex -5.46274 -5.66274 0
      vertex -5.14804 -5.93873 0
    endloop
  endfacet
  facet normal -0.896874 -0.442285 0
    outer loop
      vertex -5.97128 -5 0
      vertex -6.15641 -4.62459 10.6
      vertex -6.15641 -4.62459 0
    endloop
  endfacet
  facet normal -0.896874 -0.442285 0
    outer loop
      vertex -6.15641 -4.62459 10.6
      vertex -5.97128 -5 0
      vertex -5.97128 -5 10.6
    endloop
  endfacet
  facet normal -0.896874 -0.442285 0
    outer loop
      vertex -5.97128 -5 -6
      vertex -6.15641 -4.62459 -1.5
      vertex -6.15641 -4.62459 -6
    endloop
  endfacet
  facet normal -0.896874 -0.442285 0
    outer loop
      vertex -6.15641 -4.62459 -1.5
      vertex -5.97128 -5 -6
      vertex -5.97128 -5 -1.5
    endloop
  endfacet
  facet normal 0.751834 0.659352 0
    outer loop
      vertex -0.661269 -1.45196 10.6
      vertex -0.937258 -1.13726 -6
      vertex -0.937258 -1.13726 10.6
    endloop
  endfacet
  facet normal 0.751834 0.659352 0
    outer loop
      vertex -0.937258 -1.13726 -6
      vertex -0.661269 -1.45196 10.6
      vertex -0.661269 -1.45196 -6
    endloop
  endfacet
  facet normal -0.0654027 0.997859 0
    outer loop
      vertex -3.2 -0.2 -6
      vertex -3.61768 -0.227376 10.6
      vertex -3.2 -0.2 10.6
    endloop
  endfacet
  facet normal -0.0654027 0.997859 0
    outer loop
      vertex -3.61768 -0.227376 10.6
      vertex -3.2 -0.2 -6
      vertex -3.61768 -0.227376 -6
    endloop
  endfacet
  facet normal 0.442291 0.896872 -0
    outer loop
      vertex -1.6 -0.628718 -6
      vertex -1.97541 -0.443585 10.6
      vertex -1.6 -0.628718 10.6
    endloop
  endfacet
  facet normal 0.442291 0.896872 0
    outer loop
      vertex -1.97541 -0.443585 10.6
      vertex -1.6 -0.628718 -6
      vertex -1.97541 -0.443585 -6
    endloop
  endfacet
  facet normal -0.94693 0.321441 0
    outer loop
      vertex -6.29096 -2.57178 -6
      vertex -6.15641 -2.17541 -1.5
      vertex -6.15641 -2.17541 -6
    endloop
  endfacet
  facet normal -0.94693 0.321441 0
    outer loop
      vertex -6.15641 -2.17541 -1.5
      vertex -6.29096 -2.57178 -6
      vertex -6.29096 -2.57178 -1.5
    endloop
  endfacet
  facet normal -0.94693 0.321441 0
    outer loop
      vertex -6.29096 -2.57178 0
      vertex -6.15641 -2.17541 10.6
      vertex -6.15641 -2.17541 0
    endloop
  endfacet
  facet normal -0.94693 0.321441 0
    outer loop
      vertex -6.15641 -2.17541 10.6
      vertex -6.29096 -2.57178 0
      vertex -6.29096 -2.57178 10.6
    endloop
  endfacet
  facet normal -0.980771 0.195161 0
    outer loop
      vertex -6.29096 -2.57178 -6
      vertex -6.3 -2.61721 -1.5
      vertex -6.29096 -2.57178 -1.5
    endloop
  endfacet
  facet normal -0.980788 0.195078 0
    outer loop
      vertex -6.3 -2.61721 -1.5
      vertex -6.37262 -2.98232 -6
      vertex -6.3 -2.61721 0
    endloop
  endfacet
  facet normal -0.980786 0.195087 -7.79243e-07
    outer loop
      vertex -6.37262 -2.98232 -6
      vertex -6.3 -2.61721 -1.5
      vertex -6.29096 -2.57178 -6
    endloop
  endfacet
  facet normal -0.980771 0.195161 0
    outer loop
      vertex -6.3 -2.61721 0
      vertex -6.29096 -2.57178 10.6
      vertex -6.29096 -2.57178 0
    endloop
  endfacet
  facet normal -0.980788 0.195078 0
    outer loop
      vertex -6.37262 -2.98232 10.6
      vertex -6.3 -2.61721 0
      vertex -6.37262 -2.98232 -6
    endloop
  endfacet
  facet normal -0.980786 0.195087 3.30811e-07
    outer loop
      vertex -6.3 -2.61721 0
      vertex -6.37262 -2.98232 10.6
      vertex -6.29096 -2.57178 10.6
    endloop
  endfacet
  facet normal -0.831473 0.555565 0
    outer loop
      vertex -5.97128 -1.8 -6
      vertex -5.73873 -1.45196 -1.5
      vertex -5.73873 -1.45196 -6
    endloop
  endfacet
  facet normal -0.831473 0.555565 0
    outer loop
      vertex -5.73873 -1.45196 -1.5
      vertex -5.97128 -1.8 -6
      vertex -5.97128 -1.8 -1.5
    endloop
  endfacet
  facet normal -0.831473 0.555565 0
    outer loop
      vertex -5.97128 -1.8 0
      vertex -5.73873 -1.45196 10.6
      vertex -5.73873 -1.45196 0
    endloop
  endfacet
  facet normal -0.831473 0.555565 0
    outer loop
      vertex -5.73873 -1.45196 10.6
      vertex -5.97128 -1.8 0
      vertex -5.97128 -1.8 10.6
    endloop
  endfacet
  facet normal -0.195089 0.980786 0
    outer loop
      vertex -3.61768 -0.227376 -6
      vertex -4.02822 -0.309037 10.6
      vertex -3.61768 -0.227376 10.6
    endloop
  endfacet
  facet normal -0.195089 0.980786 0
    outer loop
      vertex -4.02822 -0.309037 10.6
      vertex -3.61768 -0.227376 -6
      vertex -4.02822 -0.309037 -6
    endloop
  endfacet
  facet normal 0.997859 0.0654031 0
    outer loop
      vertex 0 -3.4 10.6
      vertex -0.0273762 -2.98232 -6
      vertex -0.0273762 -2.98232 10.6
    endloop
  endfacet
  facet normal 0.997859 0.0654031 0
    outer loop
      vertex -0.0273762 -2.98232 -6
      vertex 0 -3.4 10.6
      vertex 0 -3.4 -6
    endloop
  endfacet
  facet normal 0.980786 -0.195086 0
    outer loop
      vertex -0.109036 -4.22822 10.6
      vertex -0.0273762 -3.81768 -6
      vertex -0.0273762 -3.81768 10.6
    endloop
  endfacet
  facet normal 0.980786 -0.195086 0
    outer loop
      vertex -0.0273762 -3.81768 -6
      vertex -0.109036 -4.22822 10.6
      vertex -0.109036 -4.22822 -6
    endloop
  endfacet
  facet normal 0.0654122 -0.997858 0
    outer loop
      vertex -3.2 -6.6 0
      vertex -2.78232 -6.57262 10.6
      vertex -3.2 -6.6 10.6
    endloop
  endfacet
  facet normal 0.0654122 -0.997858 0
    outer loop
      vertex -2.78232 -6.57262 10.6
      vertex -3.2 -6.6 0
      vertex -2.78232 -6.57262 0
    endloop
  endfacet
  facet normal 0.0654122 -0.997858 0
    outer loop
      vertex -3.2 -6.6 -6
      vertex -2.78232 -6.57262 -1.5
      vertex -3.2 -6.6 -1.5
    endloop
  endfacet
  facet normal 0.0654122 -0.997858 0
    outer loop
      vertex -2.78232 -6.57262 -1.5
      vertex -3.2 -6.6 -6
      vertex -2.78232 -6.57262 -6
    endloop
  endfacet
  facet normal -0.997858 -0.0654122 0
    outer loop
      vertex -6.37262 -3.81768 -6
      vertex -6.4 -3.4 10.6
      vertex -6.4 -3.4 -6
    endloop
  endfacet
  facet normal -0.997858 -0.0654122 0
    outer loop
      vertex -6.4 -3.4 10.6
      vertex -6.37262 -3.81768 -6
      vertex -6.37262 -3.81768 10.6
    endloop
  endfacet
  facet normal 0 0 -1
    outer loop
      vertex -1.95 -3.4 -6
      vertex 0 -3.4 -6
      vertex -0.0273762 -3.81768 -6
    endloop
  endfacet
  facet normal 0 0 -1
    outer loop
      vertex -1.96069 -3.56316 -6
      vertex -0.0273762 -3.81768 -6
      vertex -0.109036 -4.22822 -6
    endloop
  endfacet
  facet normal 0 0 -1
    outer loop
      vertex 0 -3.4 -6
      vertex -1.95 -3.4 -6
      vertex -0.0273762 -2.98232 -6
    endloop
  endfacet
  facet normal 0 0 -1
    outer loop
      vertex -1.99259 -3.72352 -6
      vertex -0.109036 -4.22822 -6
      vertex -0.243585 -4.62459 -6
    endloop
  endfacet
  facet normal 0 0 -1
    outer loop
      vertex -1.96069 -3.23684 -6
      vertex -0.0273762 -2.98232 -6
      vertex -1.95 -3.4 -6
    endloop
  endfacet
  facet normal 0 0 -1
    outer loop
      vertex -2.04515 -3.87835 -6
      vertex -0.243585 -4.62459 -6
      vertex -0.428719 -5 -6
    endloop
  endfacet
  facet normal -0 0 -1
    outer loop
      vertex -0.0273762 -2.98232 -6
      vertex -1.96069 -3.23684 -6
      vertex -0.109036 -2.57178 -6
    endloop
  endfacet
  facet normal 0 0 -1
    outer loop
      vertex -2.11747 -4.025 -6
      vertex -0.428719 -5 -6
      vertex -0.661269 -5.34804 -6
    endloop
  endfacet
  facet normal 0 0 -1
    outer loop
      vertex -1.99259 -3.07648 -6
      vertex -0.109036 -2.57178 -6
      vertex -1.96069 -3.23684 -6
    endloop
  endfacet
  facet normal 0 0 -1
    outer loop
      vertex -2.20831 -4.16095 -6
      vertex -0.661269 -5.34804 -6
      vertex -0.937258 -5.66274 -6
    endloop
  endfacet
  facet normal -0 0 -1
    outer loop
      vertex -0.109036 -2.57178 -6
      vertex -1.99259 -3.07648 -6
      vertex -0.243585 -2.17541 -6
    endloop
  endfacet
  facet normal 0 0 -1
    outer loop
      vertex -2.31612 -4.28388 -6
      vertex -0.937258 -5.66274 -6
      vertex -1.25196 -5.93873 -6
    endloop
  endfacet
  facet normal 0 0 -1
    outer loop
      vertex -2.04515 -2.92165 -6
      vertex -0.243585 -2.17541 -6
      vertex -1.99259 -3.07648 -6
    endloop
  endfacet
  facet normal 0 0 -1
    outer loop
      vertex -2.43905 -4.39169 -6
      vertex -1.25196 -5.93873 -6
      vertex -1.6 -6.17128 -6
    endloop
  endfacet
  facet normal -0 0 -1
    outer loop
      vertex -0.243585 -2.17541 -6
      vertex -2.04515 -2.92165 -6
      vertex -0.428719 -1.8 -6
    endloop
  endfacet
  facet normal 0 0 -1
    outer loop
      vertex -2.11747 -2.775 -6
      vertex -0.428719 -1.8 -6
      vertex -2.04515 -2.92165 -6
    endloop
  endfacet
  facet normal 0 0 -1
    outer loop
      vertex -0.0273762 -3.81768 -6
      vertex -1.96069 -3.56316 -6
      vertex -1.95 -3.4 -6
    endloop
  endfacet
  facet normal 0 0 -1
    outer loop
      vertex -2.575 -4.48253 -6
      vertex -1.6 -6.17128 -6
      vertex -1.97541 -6.35641 -6
    endloop
  endfacet
  facet normal 0 0 -1
    outer loop
      vertex -0.109036 -4.22822 -6
      vertex -1.99259 -3.72352 -6
      vertex -1.96069 -3.56316 -6
    endloop
  endfacet
  facet normal 0 0 -1
    outer loop
      vertex -0.243585 -4.62459 -6
      vertex -2.04515 -3.87835 -6
      vertex -1.99259 -3.72352 -6
    endloop
  endfacet
  facet normal 0 0 -1
    outer loop
      vertex -0.428719 -5 -6
      vertex -2.11747 -4.025 -6
      vertex -2.04515 -3.87835 -6
    endloop
  endfacet
  facet normal 0 0 -1
    outer loop
      vertex -0.661269 -5.34804 -6
      vertex -2.20831 -4.16095 -6
      vertex -2.11747 -4.025 -6
    endloop
  endfacet
  facet normal 0 0 -1
    outer loop
      vertex -0.937258 -5.66274 -6
      vertex -2.31612 -4.28388 -6
      vertex -2.20831 -4.16095 -6
    endloop
  endfacet
  facet normal 0 0 -1
    outer loop
      vertex -2.72165 -4.55485 -6
      vertex -1.97541 -6.35641 -6
      vertex -2.37178 -6.49096 -6
    endloop
  endfacet
  facet normal 0 0 -1
    outer loop
      vertex -1.25196 -5.93873 -6
      vertex -2.43905 -4.39169 -6
      vertex -2.31612 -4.28388 -6
    endloop
  endfacet
  facet normal 0 0 -1
    outer loop
      vertex -1.6 -6.17128 -6
      vertex -2.575 -4.48253 -6
      vertex -2.43905 -4.39169 -6
    endloop
  endfacet
  facet normal 0 0 -1
    outer loop
      vertex -1.97541 -6.35641 -6
      vertex -2.72165 -4.55485 -6
      vertex -2.575 -4.48253 -6
    endloop
  endfacet
  facet normal 0 0 -1
    outer loop
      vertex -2.87648 -4.60741 -6
      vertex -2.37178 -6.49096 -6
      vertex -2.78232 -6.57262 -6
    endloop
  endfacet
  facet normal 0 0 -1
    outer loop
      vertex -2.37178 -6.49096 -6
      vertex -2.87648 -4.60741 -6
      vertex -2.72165 -4.55485 -6
    endloop
  endfacet
  facet normal 0 0 -1
    outer loop
      vertex -2.78232 -6.57262 -6
      vertex -3.03684 -4.63931 -6
      vertex -2.87648 -4.60741 -6
    endloop
  endfacet
  facet normal 0 0 -1
    outer loop
      vertex -3.2 -6.6 -6
      vertex -3.03684 -4.63931 -6
      vertex -2.78232 -6.57262 -6
    endloop
  endfacet
  facet normal 0 0 -1
    outer loop
      vertex -3.2 -6.6 -6
      vertex -3.2 -4.65 -6
      vertex -3.03684 -4.63931 -6
    endloop
  endfacet
  facet normal 0 0 -1
    outer loop
      vertex -3.2 -6.6 -6
      vertex -3.36316 -4.63931 -6
      vertex -3.2 -4.65 -6
    endloop
  endfacet
  facet normal 0 0 -1
    outer loop
      vertex -3.61768 -6.57262 -6
      vertex -3.36316 -4.63931 -6
      vertex -3.2 -6.6 -6
    endloop
  endfacet
  facet normal -0 0 -1
    outer loop
      vertex -3.36316 -4.63931 -6
      vertex -3.61768 -6.57262 -6
      vertex -3.52352 -4.60741 -6
    endloop
  endfacet
  facet normal 0 0 -1
    outer loop
      vertex -4.02822 -6.49096 -6
      vertex -3.52352 -4.60741 -6
      vertex -3.61768 -6.57262 -6
    endloop
  endfacet
  facet normal -0 0 -1
    outer loop
      vertex -3.52352 -4.60741 -6
      vertex -4.02822 -6.49096 -6
      vertex -3.67835 -4.55485 -6
    endloop
  endfacet
  facet normal 0 0 -1
    outer loop
      vertex -4.42459 -6.35641 -6
      vertex -3.67835 -4.55485 -6
      vertex -4.02822 -6.49096 -6
    endloop
  endfacet
  facet normal -0 0 -1
    outer loop
      vertex -3.67835 -4.55485 -6
      vertex -4.42459 -6.35641 -6
      vertex -3.825 -4.48253 -6
    endloop
  endfacet
  facet normal 0 0 -1
    outer loop
      vertex -4.8 -6.17128 -6
      vertex -3.825 -4.48253 -6
      vertex -4.42459 -6.35641 -6
    endloop
  endfacet
  facet normal -0 0 -1
    outer loop
      vertex -3.825 -4.48253 -6
      vertex -4.8 -6.17128 -6
      vertex -3.96095 -4.39169 -6
    endloop
  endfacet
  facet normal 0 0 -1
    outer loop
      vertex -5.14804 -5.93873 -6
      vertex -3.96095 -4.39169 -6
      vertex -4.8 -6.17128 -6
    endloop
  endfacet
  facet normal -0 0 -1
    outer loop
      vertex -3.96095 -4.39169 -6
      vertex -5.14804 -5.93873 -6
      vertex -4.08388 -4.28388 -6
    endloop
  endfacet
  facet normal 0 0 -1
    outer loop
      vertex -5.46274 -5.66274 -6
      vertex -4.08388 -4.28388 -6
      vertex -5.14804 -5.93873 -6
    endloop
  endfacet
  facet normal -0 0 -1
    outer loop
      vertex -4.08388 -4.28388 -6
      vertex -5.46274 -5.66274 -6
      vertex -4.19169 -4.16095 -6
    endloop
  endfacet
  facet normal 0 0 -1
    outer loop
      vertex -5.73873 -5.34804 -6
      vertex -4.19169 -4.16095 -6
      vertex -5.46274 -5.66274 -6
    endloop
  endfacet
  facet normal -0 0 -1
    outer loop
      vertex -4.19169 -4.16095 -6
      vertex -5.73873 -5.34804 -6
      vertex -4.28253 -4.025 -6
    endloop
  endfacet
  facet normal 0 0 -1
    outer loop
      vertex -5.97128 -5 -6
      vertex -4.28253 -4.025 -6
      vertex -5.73873 -5.34804 -6
    endloop
  endfacet
  facet normal -0 0 -1
    outer loop
      vertex -0.428719 -1.8 -6
      vertex -2.11747 -2.775 -6
      vertex -0.661269 -1.45196 -6
    endloop
  endfacet
  facet normal 0 0 -1
    outer loop
      vertex -2.20831 -2.63905 -6
      vertex -0.661269 -1.45196 -6
      vertex -2.11747 -2.775 -6
    endloop
  endfacet
  facet normal -0 0 -1
    outer loop
      vertex -0.661269 -1.45196 -6
      vertex -2.20831 -2.63905 -6
      vertex -0.937258 -1.13726 -6
    endloop
  endfacet
  facet normal 0 0 -1
    outer loop
      vertex -2.31612 -2.51612 -6
      vertex -0.937258 -1.13726 -6
      vertex -2.20831 -2.63905 -6
    endloop
  endfacet
  facet normal -0 0 -1
    outer loop
      vertex -0.937258 -1.13726 -6
      vertex -2.31612 -2.51612 -6
      vertex -1.25196 -0.861269 -6
    endloop
  endfacet
  facet normal 0 0 -1
    outer loop
      vertex -2.43905 -2.40831 -6
      vertex -1.25196 -0.861269 -6
      vertex -2.31612 -2.51612 -6
    endloop
  endfacet
  facet normal -0 0 -1
    outer loop
      vertex -1.25196 -0.861269 -6
      vertex -2.43905 -2.40831 -6
      vertex -1.6 -0.628718 -6
    endloop
  endfacet
  facet normal 0 0 -1
    outer loop
      vertex -2.575 -2.31747 -6
      vertex -1.6 -0.628718 -6
      vertex -2.43905 -2.40831 -6
    endloop
  endfacet
  facet normal -0 0 -1
    outer loop
      vertex -1.6 -0.628718 -6
      vertex -2.575 -2.31747 -6
      vertex -1.97541 -0.443585 -6
    endloop
  endfacet
  facet normal 0 0 -1
    outer loop
      vertex -2.72165 -2.24515 -6
      vertex -1.97541 -0.443585 -6
      vertex -2.575 -2.31747 -6
    endloop
  endfacet
  facet normal -0 0 -1
    outer loop
      vertex -1.97541 -0.443585 -6
      vertex -2.72165 -2.24515 -6
      vertex -2.37178 -0.309037 -6
    endloop
  endfacet
  facet normal 0 0 -1
    outer loop
      vertex -2.87648 -2.19259 -6
      vertex -2.37178 -0.309037 -6
      vertex -2.72165 -2.24515 -6
    endloop
  endfacet
  facet normal -0 0 -1
    outer loop
      vertex -2.37178 -0.309037 -6
      vertex -2.87648 -2.19259 -6
      vertex -2.78232 -0.227376 -6
    endloop
  endfacet
  facet normal 0 0 -1
    outer loop
      vertex -3.03684 -2.16069 -6
      vertex -2.78232 -0.227376 -6
      vertex -2.87648 -2.19259 -6
    endloop
  endfacet
  facet normal 0 0 -1
    outer loop
      vertex -3.2 -2.15 -6
      vertex -2.78232 -0.227376 -6
      vertex -3.03684 -2.16069 -6
    endloop
  endfacet
  facet normal 0 0 -1
    outer loop
      vertex -3.2 -2.15 -6
      vertex -3.2 -0.2 -6
      vertex -2.78232 -0.227376 -6
    endloop
  endfacet
  facet normal 0 0 -1
    outer loop
      vertex -3.36316 -2.16069 -6
      vertex -3.2 -0.2 -6
      vertex -3.2 -2.15 -6
    endloop
  endfacet
  facet normal 0 0 -1
    outer loop
      vertex -3.61768 -0.227376 -6
      vertex -3.36316 -2.16069 -6
      vertex -3.52352 -2.19259 -6
    endloop
  endfacet
  facet normal 0 0 -1
    outer loop
      vertex -3.36316 -2.16069 -6
      vertex -3.61768 -0.227376 -6
      vertex -3.2 -0.2 -6
    endloop
  endfacet
  facet normal 0 0 -1
    outer loop
      vertex -4.02822 -0.309037 -6
      vertex -3.52352 -2.19259 -6
      vertex -3.67835 -2.24515 -6
    endloop
  endfacet
  facet normal 0 0 -1
    outer loop
      vertex -4.42459 -0.443585 -6
      vertex -3.67835 -2.24515 -6
      vertex -3.825 -2.31747 -6
    endloop
  endfacet
  facet normal 0 0 -1
    outer loop
      vertex -4.8 -0.628718 -6
      vertex -3.825 -2.31747 -6
      vertex -3.96095 -2.40831 -6
    endloop
  endfacet
  facet normal 0 0 -1
    outer loop
      vertex -3.52352 -2.19259 -6
      vertex -4.02822 -0.309037 -6
      vertex -3.61768 -0.227376 -6
    endloop
  endfacet
  facet normal 0 0 -1
    outer loop
      vertex -5.14804 -0.861269 -6
      vertex -3.96095 -2.40831 -6
      vertex -4.08388 -2.51612 -6
    endloop
  endfacet
  facet normal 0 0 -1
    outer loop
      vertex -5.46274 -1.13726 -6
      vertex -4.08388 -2.51612 -6
      vertex -4.19169 -2.63905 -6
    endloop
  endfacet
  facet normal 0 0 -1
    outer loop
      vertex -5.73873 -1.45196 -6
      vertex -4.19169 -2.63905 -6
      vertex -4.28253 -2.775 -6
    endloop
  endfacet
  facet normal 0 0 -1
    outer loop
      vertex -5.97128 -1.8 -6
      vertex -4.28253 -2.775 -6
      vertex -4.35485 -2.92165 -6
    endloop
  endfacet
  facet normal 0 0 -1
    outer loop
      vertex -6.15641 -2.17541 -6
      vertex -4.35485 -2.92165 -6
      vertex -4.40741 -3.07648 -6
    endloop
  endfacet
  facet normal 0 0 -1
    outer loop
      vertex -3.67835 -2.24515 -6
      vertex -4.42459 -0.443585 -6
      vertex -4.02822 -0.309037 -6
    endloop
  endfacet
  facet normal 0 0 -1
    outer loop
      vertex -6.29096 -2.57178 -6
      vertex -4.40741 -3.07648 -6
      vertex -4.43931 -3.23684 -6
    endloop
  endfacet
  facet normal 0 0 -1
    outer loop
      vertex -6.37262 -2.98232 -6
      vertex -4.43931 -3.23684 -6
      vertex -4.45 -3.4 -6
    endloop
  endfacet
  facet normal -0 0 -1
    outer loop
      vertex -4.28253 -4.025 -6
      vertex -5.97128 -5 -6
      vertex -4.35485 -3.87835 -6
    endloop
  endfacet
  facet normal 0 0 -1
    outer loop
      vertex -3.825 -2.31747 -6
      vertex -4.8 -0.628718 -6
      vertex -4.42459 -0.443585 -6
    endloop
  endfacet
  facet normal 0 0 -1
    outer loop
      vertex -6.15641 -4.62459 -6
      vertex -4.35485 -3.87835 -6
      vertex -5.97128 -5 -6
    endloop
  endfacet
  facet normal 0 0 -1
    outer loop
      vertex -3.96095 -2.40831 -6
      vertex -5.14804 -0.861269 -6
      vertex -4.8 -0.628718 -6
    endloop
  endfacet
  facet normal -0 0 -1
    outer loop
      vertex -4.35485 -3.87835 -6
      vertex -6.15641 -4.62459 -6
      vertex -4.40741 -3.72352 -6
    endloop
  endfacet
  facet normal 0 0 -1
    outer loop
      vertex -4.08388 -2.51612 -6
      vertex -5.46274 -1.13726 -6
      vertex -5.14804 -0.861269 -6
    endloop
  endfacet
  facet normal 0 0 -1
    outer loop
      vertex -6.29096 -4.22822 -6
      vertex -4.40741 -3.72352 -6
      vertex -6.15641 -4.62459 -6
    endloop
  endfacet
  facet normal 0 0 -1
    outer loop
      vertex -4.19169 -2.63905 -6
      vertex -5.73873 -1.45196 -6
      vertex -5.46274 -1.13726 -6
    endloop
  endfacet
  facet normal -0 0 -1
    outer loop
      vertex -4.40741 -3.72352 -6
      vertex -6.29096 -4.22822 -6
      vertex -4.43931 -3.56316 -6
    endloop
  endfacet
  facet normal 0 0 -1
    outer loop
      vertex -4.28253 -2.775 -6
      vertex -5.97128 -1.8 -6
      vertex -5.73873 -1.45196 -6
    endloop
  endfacet
  facet normal 0 0 -1
    outer loop
      vertex -6.37262 -3.81768 -6
      vertex -4.43931 -3.56316 -6
      vertex -6.29096 -4.22822 -6
    endloop
  endfacet
  facet normal 0 0 -1
    outer loop
      vertex -4.35485 -2.92165 -6
      vertex -6.15641 -2.17541 -6
      vertex -5.97128 -1.8 -6
    endloop
  endfacet
  facet normal -0 0 -1
    outer loop
      vertex -4.43931 -3.56316 -6
      vertex -6.37262 -3.81768 -6
      vertex -4.45 -3.4 -6
    endloop
  endfacet
  facet normal 0 0 -1
    outer loop
      vertex -4.40741 -3.07648 -6
      vertex -6.29096 -2.57178 -6
      vertex -6.15641 -2.17541 -6
    endloop
  endfacet
  facet normal 0 0 -1
    outer loop
      vertex -6.4 -3.4 -6
      vertex -4.45 -3.4 -6
      vertex -6.37262 -3.81768 -6
    endloop
  endfacet
  facet normal 0 0 -1
    outer loop
      vertex -4.43931 -3.23684 -6
      vertex -6.37262 -2.98232 -6
      vertex -6.29096 -2.57178 -6
    endloop
  endfacet
  facet normal 0 0 -1
    outer loop
      vertex -4.45 -3.4 -6
      vertex -6.4 -3.4 -6
      vertex -6.37262 -2.98232 -6
    endloop
  endfacet
  facet normal -0.831473 -0.555565 0
    outer loop
      vertex -5.73873 -5.34804 0
      vertex -5.97128 -5 10.6
      vertex -5.97128 -5 0
    endloop
  endfacet
  facet normal -0.831473 -0.555565 0
    outer loop
      vertex -5.97128 -5 10.6
      vertex -5.73873 -5.34804 0
      vertex -5.73873 -5.34804 10.6
    endloop
  endfacet
  facet normal -0.831473 -0.555565 0
    outer loop
      vertex -5.73873 -5.34804 -6
      vertex -5.97128 -5 -1.5
      vertex -5.97128 -5 -6
    endloop
  endfacet
  facet normal -0.831473 -0.555565 0
    outer loop
      vertex -5.97128 -5 -1.5
      vertex -5.73873 -5.34804 -6
      vertex -5.73873 -5.34804 -1.5
    endloop
  endfacet
  facet normal 0.195087 -0.980786 0
    outer loop
      vertex -2.78232 -6.57262 0
      vertex -2.37178 -6.49096 10.6
      vertex -2.78232 -6.57262 10.6
    endloop
  endfacet
  facet normal 0.195087 -0.980786 0
    outer loop
      vertex -2.37178 -6.49096 10.6
      vertex -2.78232 -6.57262 0
      vertex -2.37178 -6.49096 0
    endloop
  endfacet
  facet normal 0.195087 -0.980786 0
    outer loop
      vertex -2.78232 -6.57262 -6
      vertex -2.37178 -6.49096 -1.5
      vertex -2.78232 -6.57262 -1.5
    endloop
  endfacet
  facet normal 0.195087 -0.980786 0
    outer loop
      vertex -2.37178 -6.49096 -1.5
      vertex -2.78232 -6.57262 -6
      vertex -2.37178 -6.49096 -6
    endloop
  endfacet
  facet normal 0.896871 0.442293 0
    outer loop
      vertex -0.243585 -2.17541 10.6
      vertex -0.428719 -1.8 -6
      vertex -0.428719 -1.8 10.6
    endloop
  endfacet
  facet normal 0.896871 0.442293 0
    outer loop
      vertex -0.428719 -1.8 -6
      vertex -0.243585 -2.17541 10.6
      vertex -0.243585 -2.17541 -6
    endloop
  endfacet
  facet normal 0.94693 0.321438 0
    outer loop
      vertex -0.109036 -2.57178 10.6
      vertex -0.243585 -2.17541 -6
      vertex -0.243585 -2.17541 10.6
    endloop
  endfacet
  facet normal 0.94693 0.321438 0
    outer loop
      vertex -0.243585 -2.17541 -6
      vertex -0.109036 -2.57178 10.6
      vertex -0.109036 -2.57178 -6
    endloop
  endfacet
  facet normal 0.980786 0.195086 0
    outer loop
      vertex -0.0273762 -2.98232 10.6
      vertex -0.109036 -2.57178 -6
      vertex -0.109036 -2.57178 10.6
    endloop
  endfacet
  facet normal 0.980786 0.195086 0
    outer loop
      vertex -0.109036 -2.57178 -6
      vertex -0.0273762 -2.98232 10.6
      vertex -0.0273762 -2.98232 -6
    endloop
  endfacet
  facet normal 0.0654027 0.997859 -0
    outer loop
      vertex -2.78232 -0.227376 -6
      vertex -3.2 -0.2 10.6
      vertex -2.78232 -0.227376 10.6
    endloop
  endfacet
  facet normal 0.0654027 0.997859 0
    outer loop
      vertex -3.2 -0.2 10.6
      vertex -2.78232 -0.227376 -6
      vertex -3.2 -0.2 -6
    endloop
  endfacet
  facet normal 0.751831 -0.659356 0
    outer loop
      vertex -0.661269 -5.34804 10.6
      vertex -0.794538 -5.5 0
      vertex -0.661269 -5.34804 -6
    endloop
  endfacet
  facet normal 0.751834 -0.659352 -1.04997e-07
    outer loop
      vertex -0.937258 -5.66274 10.6
      vertex -0.794538 -5.5 0
      vertex -0.661269 -5.34804 10.6
    endloop
  endfacet
  facet normal 0.751838 -0.659348 0
    outer loop
      vertex -0.794538 -5.5 0
      vertex -0.937258 -5.66274 10.6
      vertex -0.937258 -5.66274 0
    endloop
  endfacet
  facet normal 0.751831 -0.659356 0
    outer loop
      vertex -0.794538 -5.5 -1.5
      vertex -0.661269 -5.34804 -6
      vertex -0.794538 -5.5 0
    endloop
  endfacet
  facet normal 0.751838 -0.659348 0
    outer loop
      vertex -0.937258 -5.66274 -6
      vertex -0.794538 -5.5 -1.5
      vertex -0.937258 -5.66274 -1.5
    endloop
  endfacet
  facet normal 0.751834 -0.659352 2.47325e-07
    outer loop
      vertex -0.794538 -5.5 -1.5
      vertex -0.937258 -5.66274 -6
      vertex -0.661269 -5.34804 -6
    endloop
  endfacet
  facet normal 0.831473 -0.555565 0
    outer loop
      vertex -0.661269 -5.34804 10.6
      vertex -0.428719 -5 -6
      vertex -0.428719 -5 10.6
    endloop
  endfacet
  facet normal 0.831473 -0.555565 0
    outer loop
      vertex -0.428719 -5 -6
      vertex -0.661269 -5.34804 10.6
      vertex -0.661269 -5.34804 -6
    endloop
  endfacet
  facet normal 0.896871 -0.442293 0
    outer loop
      vertex -0.428719 -5 10.6
      vertex -0.243585 -4.62459 -6
      vertex -0.243585 -4.62459 10.6
    endloop
  endfacet
  facet normal 0.896871 -0.442293 0
    outer loop
      vertex -0.243585 -4.62459 -6
      vertex -0.428719 -5 10.6
      vertex -0.428719 -5 -6
    endloop
  endfacet
  facet normal -0.555565 -0.831473 0
    outer loop
      vertex -5.14804 -5.93873 -6
      vertex -4.8 -6.17128 -1.5
      vertex -5.14804 -5.93873 -1.5
    endloop
  endfacet
  facet normal -0.555565 -0.831473 -0
    outer loop
      vertex -4.8 -6.17128 -1.5
      vertex -5.14804 -5.93873 -6
      vertex -4.8 -6.17128 -6
    endloop
  endfacet
  facet normal -0.555565 -0.831473 0
    outer loop
      vertex -5.14804 -5.93873 0
      vertex -4.8 -6.17128 10.6
      vertex -5.14804 -5.93873 10.6
    endloop
  endfacet
  facet normal -0.555565 -0.831473 -0
    outer loop
      vertex -4.8 -6.17128 10.6
      vertex -5.14804 -5.93873 0
      vertex -4.8 -6.17128 0
    endloop
  endfacet
  facet normal -0.321441 -0.94693 0
    outer loop
      vertex -4.42459 -6.35641 0
      vertex -4.02822 -6.49096 10.6
      vertex -4.42459 -6.35641 10.6
    endloop
  endfacet
  facet normal -0.321441 -0.94693 -0
    outer loop
      vertex -4.02822 -6.49096 10.6
      vertex -4.42459 -6.35641 0
      vertex -4.02822 -6.49096 0
    endloop
  endfacet
  facet normal -0.321441 -0.94693 0
    outer loop
      vertex -4.42459 -6.35641 -6
      vertex -4.02822 -6.49096 -1.5
      vertex -4.42459 -6.35641 -1.5
    endloop
  endfacet
  facet normal -0.321441 -0.94693 -0
    outer loop
      vertex -4.02822 -6.49096 -1.5
      vertex -4.42459 -6.35641 -6
      vertex -4.02822 -6.49096 -6
    endloop
  endfacet
  facet normal -0.94693 -0.321441 0
    outer loop
      vertex -6.15641 -4.62459 0
      vertex -6.29096 -4.22822 10.6
      vertex -6.29096 -4.22822 0
    endloop
  endfacet
  facet normal -0.94693 -0.321441 0
    outer loop
      vertex -6.29096 -4.22822 10.6
      vertex -6.15641 -4.62459 0
      vertex -6.15641 -4.62459 10.6
    endloop
  endfacet
  facet normal -0.94693 -0.321441 0
    outer loop
      vertex -6.15641 -4.62459 -6
      vertex -6.29096 -4.22822 -1.5
      vertex -6.29096 -4.22822 -6
    endloop
  endfacet
  facet normal -0.94693 -0.321441 0
    outer loop
      vertex -6.29096 -4.22822 -1.5
      vertex -6.15641 -4.62459 -6
      vertex -6.15641 -4.62459 -1.5
    endloop
  endfacet
  facet normal -0.980788 -0.195078 -0
    outer loop
      vertex -6.3 -4.18279 0
      vertex -6.37262 -3.81768 -6
      vertex -6.3 -4.18279 -1.5
    endloop
  endfacet
  facet normal -0.980786 -0.195087 -7.79243e-07
    outer loop
      vertex -6.29096 -4.22822 -6
      vertex -6.3 -4.18279 -1.5
      vertex -6.37262 -3.81768 -6
    endloop
  endfacet
  facet normal -0.980771 -0.195161 0
    outer loop
      vertex -6.3 -4.18279 -1.5
      vertex -6.29096 -4.22822 -6
      vertex -6.29096 -4.22822 -1.5
    endloop
  endfacet
  facet normal -0.980788 -0.195078 0
    outer loop
      vertex -6.37262 -3.81768 -6
      vertex -6.3 -4.18279 0
      vertex -6.37262 -3.81768 10.6
    endloop
  endfacet
  facet normal -0.980771 -0.195161 -0
    outer loop
      vertex -6.29096 -4.22822 10.6
      vertex -6.3 -4.18279 0
      vertex -6.29096 -4.22822 0
    endloop
  endfacet
  facet normal -0.980786 -0.195087 3.30811e-07
    outer loop
      vertex -6.3 -4.18279 0
      vertex -6.29096 -4.22822 10.6
      vertex -6.37262 -3.81768 10.6
    endloop
  endfacet
  facet normal -0.751833 -0.659353 0
    outer loop
      vertex -5.46274 -5.66274 -6
      vertex -5.73873 -5.34804 -1.5
      vertex -5.73873 -5.34804 -6
    endloop
  endfacet
  facet normal -0.751833 -0.659353 0
    outer loop
      vertex -5.73873 -5.34804 -1.5
      vertex -5.46274 -5.66274 -6
      vertex -5.46274 -5.66274 -1.5
    endloop
  endfacet
  facet normal -0.751833 -0.659353 0
    outer loop
      vertex -5.46274 -5.66274 0
      vertex -5.73873 -5.34804 10.6
      vertex -5.73873 -5.34804 0
    endloop
  endfacet
  facet normal -0.751833 -0.659353 0
    outer loop
      vertex -5.73873 -5.34804 10.6
      vertex -5.46274 -5.66274 0
      vertex -5.46274 -5.66274 10.6
    endloop
  endfacet
  facet normal 0.442285 -0.896874 0
    outer loop
      vertex -1.97541 -6.35641 0
      vertex -1.6 -6.17128 10.6
      vertex -1.97541 -6.35641 10.6
    endloop
  endfacet
  facet normal 0.442285 -0.896874 0
    outer loop
      vertex -1.6 -6.17128 10.6
      vertex -1.97541 -6.35641 0
      vertex -1.6 -6.17128 0
    endloop
  endfacet
  facet normal 0.442285 -0.896874 0
    outer loop
      vertex -1.97541 -6.35641 -6
      vertex -1.6 -6.17128 -1.5
      vertex -1.97541 -6.35641 -1.5
    endloop
  endfacet
  facet normal 0.442285 -0.896874 0
    outer loop
      vertex -1.6 -6.17128 -1.5
      vertex -1.97541 -6.35641 -6
      vertex -1.6 -6.17128 -6
    endloop
  endfacet
  facet normal 0.321441 -0.94693 0
    outer loop
      vertex -2.37178 -6.49096 0
      vertex -1.97541 -6.35641 10.6
      vertex -2.37178 -6.49096 10.6
    endloop
  endfacet
  facet normal 0.321441 -0.94693 0
    outer loop
      vertex -1.97541 -6.35641 10.6
      vertex -2.37178 -6.49096 0
      vertex -1.97541 -6.35641 0
    endloop
  endfacet
  facet normal 0.321441 -0.94693 0
    outer loop
      vertex -2.37178 -6.49096 -6
      vertex -1.97541 -6.35641 -1.5
      vertex -2.37178 -6.49096 -1.5
    endloop
  endfacet
  facet normal 0.321441 -0.94693 0
    outer loop
      vertex -1.97541 -6.35641 -1.5
      vertex -2.37178 -6.49096 -6
      vertex -1.97541 -6.35641 -6
    endloop
  endfacet
  facet normal 0.659351 -0.751835 0
    outer loop
      vertex -1.25196 -5.93873 0
      vertex -0.937258 -5.66274 10.6
      vertex -1.25196 -5.93873 10.6
    endloop
  endfacet
  facet normal 0.659351 -0.751835 0
    outer loop
      vertex -0.937258 -5.66274 10.6
      vertex -1.25196 -5.93873 0
      vertex -0.937258 -5.66274 0
    endloop
  endfacet
  facet normal 0.659351 -0.751835 0
    outer loop
      vertex -1.25196 -5.93873 -6
      vertex -0.937258 -5.66274 -1.5
      vertex -1.25196 -5.93873 -1.5
    endloop
  endfacet
  facet normal 0.659351 -0.751835 0
    outer loop
      vertex -0.937258 -5.66274 -1.5
      vertex -1.25196 -5.93873 -6
      vertex -0.937258 -5.66274 -6
    endloop
  endfacet
  facet normal 0.94693 -0.321438 0
    outer loop
      vertex -0.243585 -4.62459 10.6
      vertex -0.109036 -4.22822 -6
      vertex -0.109036 -4.22822 10.6
    endloop
  endfacet
  facet normal 0.94693 -0.321438 0
    outer loop
      vertex -0.109036 -4.22822 -6
      vertex -0.243585 -4.62459 10.6
      vertex -0.243585 -4.62459 -6
    endloop
  endfacet
  facet normal -0.195087 -0.980786 0
    outer loop
      vertex -4.02822 -6.49096 -6
      vertex -3.61768 -6.57262 -1.5
      vertex -4.02822 -6.49096 -1.5
    endloop
  endfacet
  facet normal -0.195087 -0.980786 -0
    outer loop
      vertex -3.61768 -6.57262 -1.5
      vertex -4.02822 -6.49096 -6
      vertex -3.61768 -6.57262 -6
    endloop
  endfacet
  facet normal -0.195087 -0.980786 0
    outer loop
      vertex -4.02822 -6.49096 0
      vertex -3.61768 -6.57262 10.6
      vertex -4.02822 -6.49096 10.6
    endloop
  endfacet
  facet normal -0.195087 -0.980786 -0
    outer loop
      vertex -3.61768 -6.57262 10.6
      vertex -4.02822 -6.49096 0
      vertex -3.61768 -6.57262 0
    endloop
  endfacet
  facet normal -0.442285 -0.896874 0
    outer loop
      vertex -4.8 -6.17128 0
      vertex -4.42459 -6.35641 10.6
      vertex -4.8 -6.17128 10.6
    endloop
  endfacet
  facet normal -0.442285 -0.896874 -0
    outer loop
      vertex -4.42459 -6.35641 10.6
      vertex -4.8 -6.17128 0
      vertex -4.42459 -6.35641 0
    endloop
  endfacet
  facet normal -0.442285 -0.896874 0
    outer loop
      vertex -4.8 -6.17128 -6
      vertex -4.42459 -6.35641 -1.5
      vertex -4.8 -6.17128 -1.5
    endloop
  endfacet
  facet normal -0.442285 -0.896874 -0
    outer loop
      vertex -4.42459 -6.35641 -1.5
      vertex -4.8 -6.17128 -6
      vertex -4.42459 -6.35641 -6
    endloop
  endfacet
  facet normal -0.0654122 -0.997858 0
    outer loop
      vertex -3.61768 -6.57262 -6
      vertex -3.2 -6.6 -1.5
      vertex -3.61768 -6.57262 -1.5
    endloop
  endfacet
  facet normal -0.0654122 -0.997858 -0
    outer loop
      vertex -3.2 -6.6 -1.5
      vertex -3.61768 -6.57262 -6
      vertex -3.2 -6.6 -6
    endloop
  endfacet
  facet normal -0.0654122 -0.997858 0
    outer loop
      vertex -3.61768 -6.57262 0
      vertex -3.2 -6.6 10.6
      vertex -3.61768 -6.57262 10.6
    endloop
  endfacet
  facet normal -0.0654122 -0.997858 -0
    outer loop
      vertex -3.2 -6.6 10.6
      vertex -3.61768 -6.57262 0
      vertex -3.2 -6.6 0
    endloop
  endfacet
  facet normal 0.555648 0.831418 -0
    outer loop
      vertex -1.25196 37.7387 -6
      vertex -1.6 37.9713 -1.5
      vertex -1.25196 37.7387 -1.5
    endloop
  endfacet
  facet normal 0.555648 0.831418 0
    outer loop
      vertex -1.6 37.9713 -1.5
      vertex -1.25196 37.7387 -6
      vertex -1.6 37.9713 -6
    endloop
  endfacet
  facet normal 0.555648 0.831418 -0
    outer loop
      vertex -1.25196 37.7387 0
      vertex -1.6 37.9713 10.6
      vertex -1.25196 37.7387 10.6
    endloop
  endfacet
  facet normal 0.555648 0.831418 0
    outer loop
      vertex -1.6 37.9713 10.6
      vertex -1.25196 37.7387 0
      vertex -1.6 37.9713 0
    endloop
  endfacet
  facet normal -0.980746 0.195285 0
    outer loop
      vertex -6.29096 36.0282 -6
      vertex -6.3 35.9828 -1.5
      vertex -6.29096 36.0282 -1.5
    endloop
  endfacet
  facet normal -0.980787 0.195083 0
    outer loop
      vertex -6.3 35.9828 -1.5
      vertex -6.37262 35.6177 -6
      vertex -6.3 35.9828 0
    endloop
  endfacet
  facet normal -0.980782 0.195105 -1.88803e-06
    outer loop
      vertex -6.37262 35.6177 -6
      vertex -6.3 35.9828 -1.5
      vertex -6.29096 36.0282 -6
    endloop
  endfacet
  facet normal -0.980746 0.195285 0
    outer loop
      vertex -6.3 35.9828 0
      vertex -6.29096 36.0282 10.6
      vertex -6.29096 36.0282 0
    endloop
  endfacet
  facet normal -0.980787 0.195083 0
    outer loop
      vertex -6.37262 35.6177 10.6
      vertex -6.3 35.9828 0
      vertex -6.37262 35.6177 -6
    endloop
  endfacet
  facet normal -0.980782 0.195105 8.01522e-07
    outer loop
      vertex -6.3 35.9828 0
      vertex -6.37262 35.6177 10.6
      vertex -6.29096 36.0282 10.6
    endloop
  endfacet
  facet normal 0.980782 -0.195105 0
    outer loop
      vertex -0.109036 34.3718 10.6
      vertex -0.0273762 34.7823 -6
      vertex -0.0273762 34.7823 10.6
    endloop
  endfacet
  facet normal 0.980782 -0.195105 0
    outer loop
      vertex -0.0273762 34.7823 -6
      vertex -0.109036 34.3718 10.6
      vertex -0.109036 34.3718 -6
    endloop
  endfacet
  facet normal -0.194949 -0.980813 0
    outer loop
      vertex -4.02822 32.109 -6
      vertex -3.61768 32.0274 10.6
      vertex -4.02822 32.109 10.6
    endloop
  endfacet
  facet normal -0.194949 -0.980813 -0
    outer loop
      vertex -3.61768 32.0274 10.6
      vertex -4.02822 32.109 -6
      vertex -3.61768 32.0274 -6
    endloop
  endfacet
  facet normal -0.442228 0.896903 0
    outer loop
      vertex -4.42459 38.1564 -6
      vertex -4.8 37.9713 -1.5
      vertex -4.42459 38.1564 -1.5
    endloop
  endfacet
  facet normal -0.442228 0.896903 0
    outer loop
      vertex -4.8 37.9713 -1.5
      vertex -4.42459 38.1564 -6
      vertex -4.8 37.9713 -6
    endloop
  endfacet
  facet normal -0.442228 0.896903 0
    outer loop
      vertex -4.42459 38.1564 0
      vertex -4.8 37.9713 10.6
      vertex -4.42459 38.1564 10.6
    endloop
  endfacet
  facet normal -0.442228 0.896903 0
    outer loop
      vertex -4.8 37.9713 10.6
      vertex -4.42459 38.1564 0
      vertex -4.8 37.9713 0
    endloop
  endfacet
  facet normal -0.946937 0.321419 0
    outer loop
      vertex -6.29096 36.0282 -6
      vertex -6.15641 36.4246 -1.5
      vertex -6.15641 36.4246 -6
    endloop
  endfacet
  facet normal -0.946937 0.321419 0
    outer loop
      vertex -6.15641 36.4246 -1.5
      vertex -6.29096 36.0282 -6
      vertex -6.29096 36.0282 -1.5
    endloop
  endfacet
  facet normal -0.946937 0.321419 0
    outer loop
      vertex -6.29096 36.0282 0
      vertex -6.15641 36.4246 10.6
      vertex -6.15641 36.4246 0
    endloop
  endfacet
  facet normal -0.946937 0.321419 0
    outer loop
      vertex -6.15641 36.4246 10.6
      vertex -6.29096 36.0282 0
      vertex -6.29096 36.0282 10.6
    endloop
  endfacet
  facet normal -0.831443 -0.55561 0
    outer loop
      vertex -5.73873 33.252 -6
      vertex -5.97128 33.6 -1.5
      vertex -5.97128 33.6 -6
    endloop
  endfacet
  facet normal -0.831443 -0.55561 0
    outer loop
      vertex -5.97128 33.6 -1.5
      vertex -5.73873 33.252 -6
      vertex -5.73873 33.252 -1.5
    endloop
  endfacet
  facet normal -0.831443 -0.55561 0
    outer loop
      vertex -5.73873 33.252 0
      vertex -5.97128 33.6 10.6
      vertex -5.97128 33.6 0
    endloop
  endfacet
  facet normal -0.831443 -0.55561 0
    outer loop
      vertex -5.97128 33.6 10.6
      vertex -5.73873 33.252 0
      vertex -5.73873 33.252 10.6
    endloop
  endfacet
  facet normal 0.946938 0.321417 0
    outer loop
      vertex -0.109036 36.0282 10.6
      vertex -0.243585 36.4246 -6
      vertex -0.243585 36.4246 10.6
    endloop
  endfacet
  facet normal 0.946938 0.321417 0
    outer loop
      vertex -0.243585 36.4246 -6
      vertex -0.109036 36.0282 10.6
      vertex -0.109036 36.0282 -6
    endloop
  endfacet
  facet normal 0.896866 0.442303 0
    outer loop
      vertex -0.243585 36.4246 10.6
      vertex -0.428719 36.8 -6
      vertex -0.428719 36.8 10.6
    endloop
  endfacet
  facet normal 0.896866 0.442303 0
    outer loop
      vertex -0.428719 36.8 -6
      vertex -0.243585 36.4246 10.6
      vertex -0.243585 36.4246 -6
    endloop
  endfacet
  facet normal 0.831443 0.55561 0
    outer loop
      vertex -0.428719 36.8 10.6
      vertex -0.661269 37.148 -6
      vertex -0.661269 37.148 10.6
    endloop
  endfacet
  facet normal 0.831443 0.55561 0
    outer loop
      vertex -0.661269 37.148 -6
      vertex -0.428719 36.8 10.6
      vertex -0.428719 36.8 -6
    endloop
  endfacet
  facet normal 0.751758 0.65944 0
    outer loop
      vertex -0.937258 37.4627 10.6
      vertex -0.794538 37.3 0
      vertex -0.937258 37.4627 0
    endloop
  endfacet
  facet normal 0.751917 0.659258 -0
    outer loop
      vertex -0.661269 37.148 -6
      vertex -0.794538 37.3 0
      vertex -0.661269 37.148 10.6
    endloop
  endfacet
  facet normal 0.751834 0.659352 2.38312e-06
    outer loop
      vertex -0.661269 37.148 10.6
      vertex -0.794538 37.3 0
      vertex -0.937258 37.4627 10.6
    endloop
  endfacet
  facet normal 0.751758 0.65944 0
    outer loop
      vertex -0.794538 37.3 -1.5
      vertex -0.937258 37.4627 -6
      vertex -0.937258 37.4627 -1.5
    endloop
  endfacet
  facet normal 0.751834 0.659352 -5.61358e-06
    outer loop
      vertex -0.794538 37.3 -1.5
      vertex -0.661269 37.148 -6
      vertex -0.937258 37.4627 -6
    endloop
  endfacet
  facet normal 0.751917 0.659258 0
    outer loop
      vertex -0.794538 37.3 0
      vertex -0.661269 37.148 -6
      vertex -0.794538 37.3 -1.5
    endloop
  endfacet
  facet normal 0.442228 0.896903 -0
    outer loop
      vertex -1.6 37.9713 -6
      vertex -1.97541 38.1564 -1.5
      vertex -1.6 37.9713 -1.5
    endloop
  endfacet
  facet normal 0.442228 0.896903 0
    outer loop
      vertex -1.97541 38.1564 -1.5
      vertex -1.6 37.9713 -6
      vertex -1.97541 38.1564 -6
    endloop
  endfacet
  facet normal 0.442228 0.896903 -0
    outer loop
      vertex -1.6 37.9713 0
      vertex -1.97541 38.1564 10.6
      vertex -1.6 37.9713 10.6
    endloop
  endfacet
  facet normal 0.442228 0.896903 0
    outer loop
      vertex -1.97541 38.1564 10.6
      vertex -1.6 37.9713 0
      vertex -1.97541 38.1564 0
    endloop
  endfacet
  facet normal 0.194949 0.980813 -0
    outer loop
      vertex -2.37178 38.291 -6
      vertex -2.78232 38.3726 -1.5
      vertex -2.37178 38.291 -1.5
    endloop
  endfacet
  facet normal 0.194949 0.980813 0
    outer loop
      vertex -2.78232 38.3726 -1.5
      vertex -2.37178 38.291 -6
      vertex -2.78232 38.3726 -6
    endloop
  endfacet
  facet normal 0.194949 0.980813 -0
    outer loop
      vertex -2.37178 38.291 0
      vertex -2.78232 38.3726 10.6
      vertex -2.37178 38.291 10.6
    endloop
  endfacet
  facet normal 0.194949 0.980813 0
    outer loop
      vertex -2.78232 38.3726 10.6
      vertex -2.37178 38.291 0
      vertex -2.78232 38.3726 0
    endloop
  endfacet
  facet normal 0 0 -1
    outer loop
      vertex -1.95 35.2 -6
      vertex 0 35.2 -6
      vertex -0.0273762 34.7823 -6
    endloop
  endfacet
  facet normal 0 0 -1
    outer loop
      vertex -1.96069 35.0368 -6
      vertex -0.0273762 34.7823 -6
      vertex -0.109036 34.3718 -6
    endloop
  endfacet
  facet normal 0 0 -1
    outer loop
      vertex 0 35.2 -6
      vertex -1.95 35.2 -6
      vertex -0.0273762 35.6177 -6
    endloop
  endfacet
  facet normal 0 0 -1
    outer loop
      vertex -1.99259 34.8765 -6
      vertex -0.109036 34.3718 -6
      vertex -0.243585 33.9754 -6
    endloop
  endfacet
  facet normal 0 0 -1
    outer loop
      vertex -1.96069 35.3632 -6
      vertex -0.0273762 35.6177 -6
      vertex -1.95 35.2 -6
    endloop
  endfacet
  facet normal 0 0 -1
    outer loop
      vertex -2.04515 34.7216 -6
      vertex -0.243585 33.9754 -6
      vertex -0.428719 33.6 -6
    endloop
  endfacet
  facet normal -0 0 -1
    outer loop
      vertex -0.0273762 35.6177 -6
      vertex -1.96069 35.3632 -6
      vertex -0.109036 36.0282 -6
    endloop
  endfacet
  facet normal 0 0 -1
    outer loop
      vertex -2.11747 34.575 -6
      vertex -0.428719 33.6 -6
      vertex -0.661269 33.252 -6
    endloop
  endfacet
  facet normal 0 0 -1
    outer loop
      vertex -1.99259 35.5235 -6
      vertex -0.109036 36.0282 -6
      vertex -1.96069 35.3632 -6
    endloop
  endfacet
  facet normal 0 0 -1
    outer loop
      vertex -2.20831 34.439 -6
      vertex -0.661269 33.252 -6
      vertex -0.937258 32.9373 -6
    endloop
  endfacet
  facet normal -0 0 -1
    outer loop
      vertex -0.109036 36.0282 -6
      vertex -1.99259 35.5235 -6
      vertex -0.243585 36.4246 -6
    endloop
  endfacet
  facet normal 0 0 -1
    outer loop
      vertex -2.31612 34.3161 -6
      vertex -0.937258 32.9373 -6
      vertex -1.25196 32.6613 -6
    endloop
  endfacet
  facet normal 0 0 -1
    outer loop
      vertex -2.04515 35.6784 -6
      vertex -0.243585 36.4246 -6
      vertex -1.99259 35.5235 -6
    endloop
  endfacet
  facet normal 0 0 -1
    outer loop
      vertex -2.43905 34.2083 -6
      vertex -1.25196 32.6613 -6
      vertex -1.6 32.4287 -6
    endloop
  endfacet
  facet normal -0 0 -1
    outer loop
      vertex -0.243585 36.4246 -6
      vertex -2.04515 35.6784 -6
      vertex -0.428719 36.8 -6
    endloop
  endfacet
  facet normal 0 0 -1
    outer loop
      vertex -2.11747 35.825 -6
      vertex -0.428719 36.8 -6
      vertex -2.04515 35.6784 -6
    endloop
  endfacet
  facet normal 0 0 -1
    outer loop
      vertex -0.0273762 34.7823 -6
      vertex -1.96069 35.0368 -6
      vertex -1.95 35.2 -6
    endloop
  endfacet
  facet normal 0 0 -1
    outer loop
      vertex -2.575 34.1175 -6
      vertex -1.6 32.4287 -6
      vertex -1.97541 32.2436 -6
    endloop
  endfacet
  facet normal 0 0 -1
    outer loop
      vertex -0.109036 34.3718 -6
      vertex -1.99259 34.8765 -6
      vertex -1.96069 35.0368 -6
    endloop
  endfacet
  facet normal 0 0 -1
    outer loop
      vertex -0.243585 33.9754 -6
      vertex -2.04515 34.7216 -6
      vertex -1.99259 34.8765 -6
    endloop
  endfacet
  facet normal 0 0 -1
    outer loop
      vertex -0.428719 33.6 -6
      vertex -2.11747 34.575 -6
      vertex -2.04515 34.7216 -6
    endloop
  endfacet
  facet normal 0 0 -1
    outer loop
      vertex -0.661269 33.252 -6
      vertex -2.20831 34.439 -6
      vertex -2.11747 34.575 -6
    endloop
  endfacet
  facet normal 0 0 -1
    outer loop
      vertex -0.937258 32.9373 -6
      vertex -2.31612 34.3161 -6
      vertex -2.20831 34.439 -6
    endloop
  endfacet
  facet normal 0 0 -1
    outer loop
      vertex -2.72165 34.0452 -6
      vertex -1.97541 32.2436 -6
      vertex -2.37178 32.109 -6
    endloop
  endfacet
  facet normal 0 0 -1
    outer loop
      vertex -1.25196 32.6613 -6
      vertex -2.43905 34.2083 -6
      vertex -2.31612 34.3161 -6
    endloop
  endfacet
  facet normal 0 0 -1
    outer loop
      vertex -1.6 32.4287 -6
      vertex -2.575 34.1175 -6
      vertex -2.43905 34.2083 -6
    endloop
  endfacet
  facet normal 0 0 -1
    outer loop
      vertex -1.97541 32.2436 -6
      vertex -2.72165 34.0452 -6
      vertex -2.575 34.1175 -6
    endloop
  endfacet
  facet normal 0 0 -1
    outer loop
      vertex -2.87648 33.9926 -6
      vertex -2.37178 32.109 -6
      vertex -2.78232 32.0274 -6
    endloop
  endfacet
  facet normal 0 0 -1
    outer loop
      vertex -2.37178 32.109 -6
      vertex -2.87648 33.9926 -6
      vertex -2.72165 34.0452 -6
    endloop
  endfacet
  facet normal 0 0 -1
    outer loop
      vertex -2.78232 32.0274 -6
      vertex -3.03684 33.9607 -6
      vertex -2.87648 33.9926 -6
    endloop
  endfacet
  facet normal 0 0 -1
    outer loop
      vertex -3.2 32 -6
      vertex -3.03684 33.9607 -6
      vertex -2.78232 32.0274 -6
    endloop
  endfacet
  facet normal 0 0 -1
    outer loop
      vertex -3.2 32 -6
      vertex -3.2 33.95 -6
      vertex -3.03684 33.9607 -6
    endloop
  endfacet
  facet normal 0 0 -1
    outer loop
      vertex -3.2 32 -6
      vertex -3.36316 33.9607 -6
      vertex -3.2 33.95 -6
    endloop
  endfacet
  facet normal 0 0 -1
    outer loop
      vertex -3.61768 32.0274 -6
      vertex -3.36316 33.9607 -6
      vertex -3.2 32 -6
    endloop
  endfacet
  facet normal -0 0 -1
    outer loop
      vertex -3.36316 33.9607 -6
      vertex -3.61768 32.0274 -6
      vertex -3.52352 33.9926 -6
    endloop
  endfacet
  facet normal 0 0 -1
    outer loop
      vertex -4.02822 32.109 -6
      vertex -3.52352 33.9926 -6
      vertex -3.61768 32.0274 -6
    endloop
  endfacet
  facet normal -0 0 -1
    outer loop
      vertex -3.52352 33.9926 -6
      vertex -4.02822 32.109 -6
      vertex -3.67835 34.0452 -6
    endloop
  endfacet
  facet normal 0 0 -1
    outer loop
      vertex -4.42459 32.2436 -6
      vertex -3.67835 34.0452 -6
      vertex -4.02822 32.109 -6
    endloop
  endfacet
  facet normal -0 0 -1
    outer loop
      vertex -3.67835 34.0452 -6
      vertex -4.42459 32.2436 -6
      vertex -3.825 34.1175 -6
    endloop
  endfacet
  facet normal 0 0 -1
    outer loop
      vertex -4.8 32.4287 -6
      vertex -3.825 34.1175 -6
      vertex -4.42459 32.2436 -6
    endloop
  endfacet
  facet normal -0 0 -1
    outer loop
      vertex -3.825 34.1175 -6
      vertex -4.8 32.4287 -6
      vertex -3.96095 34.2083 -6
    endloop
  endfacet
  facet normal 0 0 -1
    outer loop
      vertex -5.14804 32.6613 -6
      vertex -3.96095 34.2083 -6
      vertex -4.8 32.4287 -6
    endloop
  endfacet
  facet normal -0 0 -1
    outer loop
      vertex -3.96095 34.2083 -6
      vertex -5.14804 32.6613 -6
      vertex -4.08388 34.3161 -6
    endloop
  endfacet
  facet normal 0 0 -1
    outer loop
      vertex -5.46274 32.9373 -6
      vertex -4.08388 34.3161 -6
      vertex -5.14804 32.6613 -6
    endloop
  endfacet
  facet normal -0 0 -1
    outer loop
      vertex -4.08388 34.3161 -6
      vertex -5.46274 32.9373 -6
      vertex -4.19169 34.439 -6
    endloop
  endfacet
  facet normal 0 0 -1
    outer loop
      vertex -5.73873 33.252 -6
      vertex -4.19169 34.439 -6
      vertex -5.46274 32.9373 -6
    endloop
  endfacet
  facet normal -0 0 -1
    outer loop
      vertex -4.19169 34.439 -6
      vertex -5.73873 33.252 -6
      vertex -4.28253 34.575 -6
    endloop
  endfacet
  facet normal 0 0 -1
    outer loop
      vertex -5.97128 33.6 -6
      vertex -4.28253 34.575 -6
      vertex -5.73873 33.252 -6
    endloop
  endfacet
  facet normal -0 0 -1
    outer loop
      vertex -0.428719 36.8 -6
      vertex -2.11747 35.825 -6
      vertex -0.661269 37.148 -6
    endloop
  endfacet
  facet normal 0 0 -1
    outer loop
      vertex -2.20831 35.961 -6
      vertex -0.661269 37.148 -6
      vertex -2.11747 35.825 -6
    endloop
  endfacet
  facet normal -0 0 -1
    outer loop
      vertex -0.661269 37.148 -6
      vertex -2.20831 35.961 -6
      vertex -0.937258 37.4627 -6
    endloop
  endfacet
  facet normal 0 0 -1
    outer loop
      vertex -2.31612 36.0839 -6
      vertex -0.937258 37.4627 -6
      vertex -2.20831 35.961 -6
    endloop
  endfacet
  facet normal -0 0 -1
    outer loop
      vertex -0.937258 37.4627 -6
      vertex -2.31612 36.0839 -6
      vertex -1.25196 37.7387 -6
    endloop
  endfacet
  facet normal 0 0 -1
    outer loop
      vertex -2.43905 36.1917 -6
      vertex -1.25196 37.7387 -6
      vertex -2.31612 36.0839 -6
    endloop
  endfacet
  facet normal -0 0 -1
    outer loop
      vertex -1.25196 37.7387 -6
      vertex -2.43905 36.1917 -6
      vertex -1.6 37.9713 -6
    endloop
  endfacet
  facet normal 0 0 -1
    outer loop
      vertex -2.575 36.2825 -6
      vertex -1.6 37.9713 -6
      vertex -2.43905 36.1917 -6
    endloop
  endfacet
  facet normal -0 0 -1
    outer loop
      vertex -1.6 37.9713 -6
      vertex -2.575 36.2825 -6
      vertex -1.97541 38.1564 -6
    endloop
  endfacet
  facet normal 0 0 -1
    outer loop
      vertex -2.72165 36.3549 -6
      vertex -1.97541 38.1564 -6
      vertex -2.575 36.2825 -6
    endloop
  endfacet
  facet normal -0 0 -1
    outer loop
      vertex -1.97541 38.1564 -6
      vertex -2.72165 36.3549 -6
      vertex -2.37178 38.291 -6
    endloop
  endfacet
  facet normal 0 0 -1
    outer loop
      vertex -2.87648 36.4074 -6
      vertex -2.37178 38.291 -6
      vertex -2.72165 36.3549 -6
    endloop
  endfacet
  facet normal -0 0 -1
    outer loop
      vertex -2.37178 38.291 -6
      vertex -2.87648 36.4074 -6
      vertex -2.78232 38.3726 -6
    endloop
  endfacet
  facet normal 0 0 -1
    outer loop
      vertex -3.03684 36.4393 -6
      vertex -2.78232 38.3726 -6
      vertex -2.87648 36.4074 -6
    endloop
  endfacet
  facet normal 0 0 -1
    outer loop
      vertex -3.2 36.45 -6
      vertex -2.78232 38.3726 -6
      vertex -3.03684 36.4393 -6
    endloop
  endfacet
  facet normal 0 0 -1
    outer loop
      vertex -3.2 36.45 -6
      vertex -3.2 38.4 -6
      vertex -2.78232 38.3726 -6
    endloop
  endfacet
  facet normal 0 0 -1
    outer loop
      vertex -3.36316 36.4393 -6
      vertex -3.2 38.4 -6
      vertex -3.2 36.45 -6
    endloop
  endfacet
  facet normal 0 0 -1
    outer loop
      vertex -3.61768 38.3726 -6
      vertex -3.36316 36.4393 -6
      vertex -3.52352 36.4074 -6
    endloop
  endfacet
  facet normal 0 0 -1
    outer loop
      vertex -3.36316 36.4393 -6
      vertex -3.61768 38.3726 -6
      vertex -3.2 38.4 -6
    endloop
  endfacet
  facet normal 0 0 -1
    outer loop
      vertex -4.02822 38.291 -6
      vertex -3.52352 36.4074 -6
      vertex -3.67835 36.3549 -6
    endloop
  endfacet
  facet normal 0 0 -1
    outer loop
      vertex -4.42459 38.1564 -6
      vertex -3.67835 36.3549 -6
      vertex -3.825 36.2825 -6
    endloop
  endfacet
  facet normal 0 0 -1
    outer loop
      vertex -4.8 37.9713 -6
      vertex -3.825 36.2825 -6
      vertex -3.96095 36.1917 -6
    endloop
  endfacet
  facet normal 0 0 -1
    outer loop
      vertex -3.52352 36.4074 -6
      vertex -4.02822 38.291 -6
      vertex -3.61768 38.3726 -6
    endloop
  endfacet
  facet normal 0 0 -1
    outer loop
      vertex -5.14804 37.7387 -6
      vertex -3.96095 36.1917 -6
      vertex -4.08388 36.0839 -6
    endloop
  endfacet
  facet normal 0 0 -1
    outer loop
      vertex -5.46274 37.4627 -6
      vertex -4.08388 36.0839 -6
      vertex -4.19169 35.961 -6
    endloop
  endfacet
  facet normal 0 0 -1
    outer loop
      vertex -5.73873 37.148 -6
      vertex -4.19169 35.961 -6
      vertex -4.28253 35.825 -6
    endloop
  endfacet
  facet normal 0 0 -1
    outer loop
      vertex -5.97128 36.8 -6
      vertex -4.28253 35.825 -6
      vertex -4.35485 35.6784 -6
    endloop
  endfacet
  facet normal 0 0 -1
    outer loop
      vertex -6.15641 36.4246 -6
      vertex -4.35485 35.6784 -6
      vertex -4.40741 35.5235 -6
    endloop
  endfacet
  facet normal 0 0 -1
    outer loop
      vertex -3.67835 36.3549 -6
      vertex -4.42459 38.1564 -6
      vertex -4.02822 38.291 -6
    endloop
  endfacet
  facet normal 0 0 -1
    outer loop
      vertex -6.29096 36.0282 -6
      vertex -4.40741 35.5235 -6
      vertex -4.43931 35.3632 -6
    endloop
  endfacet
  facet normal 0 0 -1
    outer loop
      vertex -6.37262 35.6177 -6
      vertex -4.43931 35.3632 -6
      vertex -4.45 35.2 -6
    endloop
  endfacet
  facet normal -0 0 -1
    outer loop
      vertex -4.28253 34.575 -6
      vertex -5.97128 33.6 -6
      vertex -4.35485 34.7216 -6
    endloop
  endfacet
  facet normal 0 0 -1
    outer loop
      vertex -3.825 36.2825 -6
      vertex -4.8 37.9713 -6
      vertex -4.42459 38.1564 -6
    endloop
  endfacet
  facet normal 0 0 -1
    outer loop
      vertex -6.15641 33.9754 -6
      vertex -4.35485 34.7216 -6
      vertex -5.97128 33.6 -6
    endloop
  endfacet
  facet normal 0 0 -1
    outer loop
      vertex -3.96095 36.1917 -6
      vertex -5.14804 37.7387 -6
      vertex -4.8 37.9713 -6
    endloop
  endfacet
  facet normal -0 0 -1
    outer loop
      vertex -4.35485 34.7216 -6
      vertex -6.15641 33.9754 -6
      vertex -4.40741 34.8765 -6
    endloop
  endfacet
  facet normal 0 0 -1
    outer loop
      vertex -4.08388 36.0839 -6
      vertex -5.46274 37.4627 -6
      vertex -5.14804 37.7387 -6
    endloop
  endfacet
  facet normal 0 0 -1
    outer loop
      vertex -6.29096 34.3718 -6
      vertex -4.40741 34.8765 -6
      vertex -6.15641 33.9754 -6
    endloop
  endfacet
  facet normal 0 0 -1
    outer loop
      vertex -4.19169 35.961 -6
      vertex -5.73873 37.148 -6
      vertex -5.46274 37.4627 -6
    endloop
  endfacet
  facet normal -0 0 -1
    outer loop
      vertex -4.40741 34.8765 -6
      vertex -6.29096 34.3718 -6
      vertex -4.43931 35.0368 -6
    endloop
  endfacet
  facet normal 0 0 -1
    outer loop
      vertex -4.28253 35.825 -6
      vertex -5.97128 36.8 -6
      vertex -5.73873 37.148 -6
    endloop
  endfacet
  facet normal 0 0 -1
    outer loop
      vertex -6.37262 34.7823 -6
      vertex -4.43931 35.0368 -6
      vertex -6.29096 34.3718 -6
    endloop
  endfacet
  facet normal 0 0 -1
    outer loop
      vertex -4.35485 35.6784 -6
      vertex -6.15641 36.4246 -6
      vertex -5.97128 36.8 -6
    endloop
  endfacet
  facet normal -0 0 -1
    outer loop
      vertex -4.43931 35.0368 -6
      vertex -6.37262 34.7823 -6
      vertex -4.45 35.2 -6
    endloop
  endfacet
  facet normal 0 0 -1
    outer loop
      vertex -4.40741 35.5235 -6
      vertex -6.29096 36.0282 -6
      vertex -6.15641 36.4246 -6
    endloop
  endfacet
  facet normal 0 0 -1
    outer loop
      vertex -6.4 35.2 -6
      vertex -4.45 35.2 -6
      vertex -6.37262 34.7823 -6
    endloop
  endfacet
  facet normal 0 0 -1
    outer loop
      vertex -4.43931 35.3632 -6
      vertex -6.37262 35.6177 -6
      vertex -6.29096 36.0282 -6
    endloop
  endfacet
  facet normal 0 0 -1
    outer loop
      vertex -4.45 35.2 -6
      vertex -6.4 35.2 -6
      vertex -6.37262 35.6177 -6
    endloop
  endfacet
  facet normal -0.997859 -0.0654091 0
    outer loop
      vertex -6.37262 34.7823 -6
      vertex -6.4 35.2 10.6
      vertex -6.4 35.2 -6
    endloop
  endfacet
  facet normal -0.997859 -0.0654091 0
    outer loop
      vertex -6.4 35.2 10.6
      vertex -6.37262 34.7823 -6
      vertex -6.37262 34.7823 10.6
    endloop
  endfacet
  facet normal -0.831443 0.55561 0
    outer loop
      vertex -5.97128 36.8 0
      vertex -5.73873 37.148 10.6
      vertex -5.73873 37.148 0
    endloop
  endfacet
  facet normal -0.831443 0.55561 0
    outer loop
      vertex -5.73873 37.148 10.6
      vertex -5.97128 36.8 0
      vertex -5.97128 36.8 10.6
    endloop
  endfacet
  facet normal -0.831443 0.55561 0
    outer loop
      vertex -5.97128 36.8 -6
      vertex -5.73873 37.148 -1.5
      vertex -5.73873 37.148 -6
    endloop
  endfacet
  facet normal -0.831443 0.55561 0
    outer loop
      vertex -5.73873 37.148 -1.5
      vertex -5.97128 36.8 -6
      vertex -5.97128 36.8 -1.5
    endloop
  endfacet
  facet normal -0.555648 0.831418 0
    outer loop
      vertex -4.8 37.9713 -6
      vertex -5.14804 37.7387 -1.5
      vertex -4.8 37.9713 -1.5
    endloop
  endfacet
  facet normal -0.555648 0.831418 0
    outer loop
      vertex -5.14804 37.7387 -1.5
      vertex -4.8 37.9713 -6
      vertex -5.14804 37.7387 -6
    endloop
  endfacet
  facet normal -0.555648 0.831418 0
    outer loop
      vertex -4.8 37.9713 0
      vertex -5.14804 37.7387 10.6
      vertex -4.8 37.9713 10.6
    endloop
  endfacet
  facet normal -0.555648 0.831418 0
    outer loop
      vertex -5.14804 37.7387 10.6
      vertex -4.8 37.9713 0
      vertex -5.14804 37.7387 0
    endloop
  endfacet
  facet normal -0.659367 0.751821 0
    outer loop
      vertex -5.14804 37.7387 -6
      vertex -5.46274 37.4627 -1.5
      vertex -5.14804 37.7387 -1.5
    endloop
  endfacet
  facet normal -0.659367 0.751821 0
    outer loop
      vertex -5.46274 37.4627 -1.5
      vertex -5.14804 37.7387 -6
      vertex -5.46274 37.4627 -6
    endloop
  endfacet
  facet normal -0.659367 0.751821 0
    outer loop
      vertex -5.14804 37.7387 0
      vertex -5.46274 37.4627 10.6
      vertex -5.14804 37.7387 10.6
    endloop
  endfacet
  facet normal -0.659367 0.751821 0
    outer loop
      vertex -5.46274 37.4627 10.6
      vertex -5.14804 37.7387 0
      vertex -5.46274 37.4627 0
    endloop
  endfacet
  facet normal 0.997859 -0.0654 0
    outer loop
      vertex -0.0273762 34.7823 10.6
      vertex 0 35.2 -6
      vertex 0 35.2 10.6
    endloop
  endfacet
  facet normal 0.997859 -0.0654 0
    outer loop
      vertex 0 35.2 -6
      vertex -0.0273762 34.7823 10.6
      vertex -0.0273762 34.7823 -6
    endloop
  endfacet
  facet normal 0.442228 -0.896903 0
    outer loop
      vertex -1.97541 32.2436 -6
      vertex -1.6 32.4287 10.6
      vertex -1.97541 32.2436 10.6
    endloop
  endfacet
  facet normal 0.442228 -0.896903 0
    outer loop
      vertex -1.6 32.4287 10.6
      vertex -1.97541 32.2436 -6
      vertex -1.6 32.4287 -6
    endloop
  endfacet
  facet normal 0.831443 -0.55561 0
    outer loop
      vertex -0.661269 33.252 10.6
      vertex -0.428719 33.6 -6
      vertex -0.428719 33.6 10.6
    endloop
  endfacet
  facet normal 0.831443 -0.55561 0
    outer loop
      vertex -0.428719 33.6 -6
      vertex -0.661269 33.252 10.6
      vertex -0.661269 33.252 -6
    endloop
  endfacet
  facet normal 0.980782 0.195105 0
    outer loop
      vertex -0.0273762 35.6177 10.6
      vertex -0.109036 36.0282 -6
      vertex -0.109036 36.0282 10.6
    endloop
  endfacet
  facet normal 0.980782 0.195105 0
    outer loop
      vertex -0.109036 36.0282 -6
      vertex -0.0273762 35.6177 10.6
      vertex -0.0273762 35.6177 -6
    endloop
  endfacet
  facet normal 0.659364 0.751824 -0
    outer loop
      vertex -0.937258 37.4627 -6
      vertex -1.25196 37.7387 -1.5
      vertex -0.937258 37.4627 -1.5
    endloop
  endfacet
  facet normal 0.659364 0.751824 0
    outer loop
      vertex -1.25196 37.7387 -1.5
      vertex -0.937258 37.4627 -6
      vertex -1.25196 37.7387 -6
    endloop
  endfacet
  facet normal 0.659364 0.751824 -0
    outer loop
      vertex -0.937258 37.4627 0
      vertex -1.25196 37.7387 10.6
      vertex -0.937258 37.4627 10.6
    endloop
  endfacet
  facet normal 0.659364 0.751824 0
    outer loop
      vertex -1.25196 37.7387 10.6
      vertex -0.937258 37.4627 0
      vertex -1.25196 37.7387 0
    endloop
  endfacet
  facet normal -0.0654598 0.997855 0
    outer loop
      vertex -3.2 38.4 0
      vertex -3.61768 38.3726 10.6
      vertex -3.2 38.4 10.6
    endloop
  endfacet
  facet normal -0.0654598 0.997855 0
    outer loop
      vertex -3.61768 38.3726 10.6
      vertex -3.2 38.4 0
      vertex -3.61768 38.3726 0
    endloop
  endfacet
  facet normal -0.0654598 0.997855 0
    outer loop
      vertex -3.2 38.4 -6
      vertex -3.61768 38.3726 -1.5
      vertex -3.2 38.4 -1.5
    endloop
  endfacet
  facet normal -0.0654598 0.997855 0
    outer loop
      vertex -3.61768 38.3726 -1.5
      vertex -3.2 38.4 -6
      vertex -3.61768 38.3726 -6
    endloop
  endfacet
  facet normal 0.321548 0.946893 -0
    outer loop
      vertex -1.97541 38.1564 -6
      vertex -2.37178 38.291 -1.5
      vertex -1.97541 38.1564 -1.5
    endloop
  endfacet
  facet normal 0.321548 0.946893 0
    outer loop
      vertex -2.37178 38.291 -1.5
      vertex -1.97541 38.1564 -6
      vertex -2.37178 38.291 -6
    endloop
  endfacet
  facet normal 0.321548 0.946893 -0
    outer loop
      vertex -1.97541 38.1564 0
      vertex -2.37178 38.291 10.6
      vertex -1.97541 38.1564 10.6
    endloop
  endfacet
  facet normal 0.321548 0.946893 0
    outer loop
      vertex -2.37178 38.291 10.6
      vertex -1.97541 38.1564 0
      vertex -2.37178 38.291 0
    endloop
  endfacet
  facet normal -0.89687 0.442295 0
    outer loop
      vertex -6.15641 36.4246 -6
      vertex -5.97128 36.8 -1.5
      vertex -5.97128 36.8 -6
    endloop
  endfacet
  facet normal -0.89687 0.442295 0
    outer loop
      vertex -5.97128 36.8 -1.5
      vertex -6.15641 36.4246 -6
      vertex -6.15641 36.4246 -1.5
    endloop
  endfacet
  facet normal -0.89687 0.442295 0
    outer loop
      vertex -6.15641 36.4246 0
      vertex -5.97128 36.8 10.6
      vertex -5.97128 36.8 0
    endloop
  endfacet
  facet normal -0.89687 0.442295 0
    outer loop
      vertex -5.97128 36.8 10.6
      vertex -6.15641 36.4246 0
      vertex -6.15641 36.4246 10.6
    endloop
  endfacet
  facet normal -0.194949 0.980813 0
    outer loop
      vertex -3.61768 38.3726 0
      vertex -4.02822 38.291 10.6
      vertex -3.61768 38.3726 10.6
    endloop
  endfacet
  facet normal -0.194949 0.980813 0
    outer loop
      vertex -4.02822 38.291 10.6
      vertex -3.61768 38.3726 0
      vertex -4.02822 38.291 0
    endloop
  endfacet
  facet normal -0.194949 0.980813 0
    outer loop
      vertex -3.61768 38.3726 -6
      vertex -4.02822 38.291 -1.5
      vertex -3.61768 38.3726 -1.5
    endloop
  endfacet
  facet normal -0.194949 0.980813 0
    outer loop
      vertex -4.02822 38.291 -1.5
      vertex -3.61768 38.3726 -6
      vertex -4.02822 38.291 -6
    endloop
  endfacet
  facet normal -0.321548 0.946893 0
    outer loop
      vertex -4.02822 38.291 0
      vertex -4.42459 38.1564 10.6
      vertex -4.02822 38.291 10.6
    endloop
  endfacet
  facet normal -0.321548 0.946893 0
    outer loop
      vertex -4.42459 38.1564 10.6
      vertex -4.02822 38.291 0
      vertex -4.42459 38.1564 0
    endloop
  endfacet
  facet normal -0.321548 0.946893 0
    outer loop
      vertex -4.02822 38.291 -6
      vertex -4.42459 38.1564 -1.5
      vertex -4.02822 38.291 -1.5
    endloop
  endfacet
  facet normal -0.321548 0.946893 0
    outer loop
      vertex -4.42459 38.1564 -1.5
      vertex -4.02822 38.291 -6
      vertex -4.42459 38.1564 -6
    endloop
  endfacet
  facet normal -0.751833 0.659353 0
    outer loop
      vertex -5.73873 37.148 0
      vertex -5.46274 37.4627 10.6
      vertex -5.46274 37.4627 0
    endloop
  endfacet
  facet normal -0.751833 0.659353 0
    outer loop
      vertex -5.46274 37.4627 10.6
      vertex -5.73873 37.148 0
      vertex -5.73873 37.148 10.6
    endloop
  endfacet
  facet normal -0.751833 0.659353 0
    outer loop
      vertex -5.73873 37.148 -6
      vertex -5.46274 37.4627 -1.5
      vertex -5.46274 37.4627 -6
    endloop
  endfacet
  facet normal -0.751833 0.659353 0
    outer loop
      vertex -5.46274 37.4627 -1.5
      vertex -5.73873 37.148 -6
      vertex -5.73873 37.148 -1.5
    endloop
  endfacet
  facet normal 0.997859 0.0654 0
    outer loop
      vertex 0 35.2 10.6
      vertex -0.0273762 35.6177 -6
      vertex -0.0273762 35.6177 10.6
    endloop
  endfacet
  facet normal 0.997859 0.0654 0
    outer loop
      vertex -0.0273762 35.6177 -6
      vertex 0 35.2 10.6
      vertex 0 35.2 -6
    endloop
  endfacet
  facet normal 0.194949 -0.980813 0
    outer loop
      vertex -2.78232 32.0274 -6
      vertex -2.37178 32.109 10.6
      vertex -2.78232 32.0274 10.6
    endloop
  endfacet
  facet normal 0.194949 -0.980813 0
    outer loop
      vertex -2.37178 32.109 10.6
      vertex -2.78232 32.0274 -6
      vertex -2.37178 32.109 -6
    endloop
  endfacet
  facet normal 0.321548 -0.946893 0
    outer loop
      vertex -2.37178 32.109 -6
      vertex -1.97541 32.2436 10.6
      vertex -2.37178 32.109 10.6
    endloop
  endfacet
  facet normal 0.321548 -0.946893 0
    outer loop
      vertex -1.97541 32.2436 10.6
      vertex -2.37178 32.109 -6
      vertex -1.97541 32.2436 -6
    endloop
  endfacet
  facet normal 0.555648 -0.831418 0
    outer loop
      vertex -1.6 32.4287 -6
      vertex -1.25196 32.6613 10.6
      vertex -1.6 32.4287 10.6
    endloop
  endfacet
  facet normal 0.555648 -0.831418 0
    outer loop
      vertex -1.25196 32.6613 10.6
      vertex -1.6 32.4287 -6
      vertex -1.25196 32.6613 -6
    endloop
  endfacet
  facet normal 0.751834 -0.659352 0
    outer loop
      vertex -0.937258 32.9373 10.6
      vertex -0.661269 33.252 -6
      vertex -0.661269 33.252 10.6
    endloop
  endfacet
  facet normal 0.751834 -0.659352 0
    outer loop
      vertex -0.661269 33.252 -6
      vertex -0.937258 32.9373 10.6
      vertex -0.937258 32.9373 -6
    endloop
  endfacet
  facet normal 0.946938 -0.321417 0
    outer loop
      vertex -0.243585 33.9754 10.6
      vertex -0.109036 34.3718 -6
      vertex -0.109036 34.3718 10.6
    endloop
  endfacet
  facet normal 0.946938 -0.321417 0
    outer loop
      vertex -0.109036 34.3718 -6
      vertex -0.243585 33.9754 10.6
      vertex -0.243585 33.9754 -6
    endloop
  endfacet
  facet normal -0.0654598 -0.997855 0
    outer loop
      vertex -3.61768 32.0274 -6
      vertex -3.2 32 10.6
      vertex -3.61768 32.0274 10.6
    endloop
  endfacet
  facet normal -0.0654598 -0.997855 -0
    outer loop
      vertex -3.2 32 10.6
      vertex -3.61768 32.0274 -6
      vertex -3.2 32 -6
    endloop
  endfacet
  facet normal 0.0654598 -0.997855 0
    outer loop
      vertex -3.2 32 -6
      vertex -2.78232 32.0274 10.6
      vertex -3.2 32 10.6
    endloop
  endfacet
  facet normal 0.0654598 -0.997855 0
    outer loop
      vertex -2.78232 32.0274 10.6
      vertex -3.2 32 -6
      vertex -2.78232 32.0274 -6
    endloop
  endfacet
  facet normal -0.321548 -0.946893 0
    outer loop
      vertex -4.42459 32.2436 -6
      vertex -4.02822 32.109 10.6
      vertex -4.42459 32.2436 10.6
    endloop
  endfacet
  facet normal -0.321548 -0.946893 -0
    outer loop
      vertex -4.02822 32.109 10.6
      vertex -4.42459 32.2436 -6
      vertex -4.02822 32.109 -6
    endloop
  endfacet
  facet normal -0.555579 -0.831464 -0
    outer loop
      vertex -5.14804 32.6613 -1.5
      vertex -5.14804 32.6613 -6
      vertex -5.1 32.6292 -1.5
    endloop
  endfacet
  facet normal -0.555579 -0.831464 0
    outer loop
      vertex -5.1 32.6292 0
      vertex -5.14804 32.6613 10.6
      vertex -5.14804 32.6613 0
    endloop
  endfacet
  facet normal -0.555648 -0.831418 -4.55235e-07
    outer loop
      vertex -5.14804 32.6613 10.6
      vertex -5.1 32.6292 0
      vertex -4.8 32.4287 10.6
    endloop
  endfacet
  facet normal -0.555659 -0.83141 0
    outer loop
      vertex -4.8 32.4287 -6
      vertex -5.1 32.6292 0
      vertex -5.1 32.6292 -1.5
    endloop
  endfacet
  facet normal -0.555648 -0.831418 1.07233e-06
    outer loop
      vertex -4.8 32.4287 -6
      vertex -5.1 32.6292 -1.5
      vertex -5.14804 32.6613 -6
    endloop
  endfacet
  facet normal -0.555659 -0.83141 0
    outer loop
      vertex -5.1 32.6292 0
      vertex -4.8 32.4287 -6
      vertex -4.8 32.4287 10.6
    endloop
  endfacet
  facet normal -0.89687 -0.442295 0
    outer loop
      vertex -5.97128 33.6 0
      vertex -6.15641 33.9754 10.6
      vertex -6.15641 33.9754 0
    endloop
  endfacet
  facet normal -0.89687 -0.442295 0
    outer loop
      vertex -6.15641 33.9754 10.6
      vertex -5.97128 33.6 0
      vertex -5.97128 33.6 10.6
    endloop
  endfacet
  facet normal -0.89687 -0.442295 0
    outer loop
      vertex -5.97128 33.6 -6
      vertex -6.15641 33.9754 -1.5
      vertex -6.15641 33.9754 -6
    endloop
  endfacet
  facet normal -0.89687 -0.442295 0
    outer loop
      vertex -6.15641 33.9754 -1.5
      vertex -5.97128 33.6 -6
      vertex -5.97128 33.6 -1.5
    endloop
  endfacet
  facet normal -0.980787 -0.195083 -0
    outer loop
      vertex -6.3 34.4172 0
      vertex -6.37262 34.7823 -6
      vertex -6.3 34.4172 -1.5
    endloop
  endfacet
  facet normal -0.980782 -0.195105 -1.88803e-06
    outer loop
      vertex -6.29096 34.3718 -6
      vertex -6.3 34.4172 -1.5
      vertex -6.37262 34.7823 -6
    endloop
  endfacet
  facet normal -0.980746 -0.195285 0
    outer loop
      vertex -6.3 34.4172 -1.5
      vertex -6.29096 34.3718 -6
      vertex -6.29096 34.3718 -1.5
    endloop
  endfacet
  facet normal -0.980787 -0.195083 0
    outer loop
      vertex -6.37262 34.7823 -6
      vertex -6.3 34.4172 0
      vertex -6.37262 34.7823 10.6
    endloop
  endfacet
  facet normal -0.980746 -0.195285 -0
    outer loop
      vertex -6.29096 34.3718 10.6
      vertex -6.3 34.4172 0
      vertex -6.29096 34.3718 0
    endloop
  endfacet
  facet normal -0.980782 -0.195105 8.01522e-07
    outer loop
      vertex -6.3 34.4172 0
      vertex -6.29096 34.3718 10.6
      vertex -6.37262 34.7823 10.6
    endloop
  endfacet
  facet normal -0.751833 -0.659353 0
    outer loop
      vertex -5.46274 32.9373 -6
      vertex -5.73873 33.252 -1.5
      vertex -5.73873 33.252 -6
    endloop
  endfacet
  facet normal -0.751833 -0.659353 0
    outer loop
      vertex -5.73873 33.252 -1.5
      vertex -5.46274 32.9373 -6
      vertex -5.46274 32.9373 -1.5
    endloop
  endfacet
  facet normal -0.751833 -0.659353 0
    outer loop
      vertex -5.46274 32.9373 0
      vertex -5.73873 33.252 10.6
      vertex -5.73873 33.252 0
    endloop
  endfacet
  facet normal -0.751833 -0.659353 0
    outer loop
      vertex -5.73873 33.252 10.6
      vertex -5.46274 32.9373 0
      vertex -5.46274 32.9373 10.6
    endloop
  endfacet
  facet normal -0.659367 -0.751821 0
    outer loop
      vertex -5.46274 32.9373 -6
      vertex -5.14804 32.6613 -1.5
      vertex -5.46274 32.9373 -1.5
    endloop
  endfacet
  facet normal -0.659367 -0.751821 -0
    outer loop
      vertex -5.14804 32.6613 -1.5
      vertex -5.46274 32.9373 -6
      vertex -5.14804 32.6613 -6
    endloop
  endfacet
  facet normal -0.659367 -0.751821 0
    outer loop
      vertex -5.46274 32.9373 0
      vertex -5.14804 32.6613 10.6
      vertex -5.46274 32.9373 10.6
    endloop
  endfacet
  facet normal -0.659367 -0.751821 -0
    outer loop
      vertex -5.14804 32.6613 10.6
      vertex -5.46274 32.9373 0
      vertex -5.14804 32.6613 0
    endloop
  endfacet
  facet normal 0.0654598 0.997855 -0
    outer loop
      vertex -2.78232 38.3726 -6
      vertex -3.2 38.4 -1.5
      vertex -2.78232 38.3726 -1.5
    endloop
  endfacet
  facet normal 0.0654598 0.997855 0
    outer loop
      vertex -3.2 38.4 -1.5
      vertex -2.78232 38.3726 -6
      vertex -3.2 38.4 -6
    endloop
  endfacet
  facet normal 0.0654598 0.997855 -0
    outer loop
      vertex -2.78232 38.3726 0
      vertex -3.2 38.4 10.6
      vertex -2.78232 38.3726 10.6
    endloop
  endfacet
  facet normal 0.0654598 0.997855 0
    outer loop
      vertex -3.2 38.4 10.6
      vertex -2.78232 38.3726 0
      vertex -3.2 38.4 0
    endloop
  endfacet
  facet normal -0.997859 0.0654091 0
    outer loop
      vertex -6.4 35.2 -6
      vertex -6.37262 35.6177 10.6
      vertex -6.37262 35.6177 -6
    endloop
  endfacet
  facet normal -0.997859 0.0654091 0
    outer loop
      vertex -6.37262 35.6177 10.6
      vertex -6.4 35.2 -6
      vertex -6.4 35.2 10.6
    endloop
  endfacet
  facet normal 0.659364 -0.751824 0
    outer loop
      vertex -1.25196 32.6613 -6
      vertex -0.937258 32.9373 10.6
      vertex -1.25196 32.6613 10.6
    endloop
  endfacet
  facet normal 0.659364 -0.751824 0
    outer loop
      vertex -0.937258 32.9373 10.6
      vertex -1.25196 32.6613 -6
      vertex -0.937258 32.9373 -6
    endloop
  endfacet
  facet normal 0.896866 -0.442303 0
    outer loop
      vertex -0.428719 33.6 10.6
      vertex -0.243585 33.9754 -6
      vertex -0.243585 33.9754 10.6
    endloop
  endfacet
  facet normal 0.896866 -0.442303 0
    outer loop
      vertex -0.243585 33.9754 -6
      vertex -0.428719 33.6 10.6
      vertex -0.428719 33.6 -6
    endloop
  endfacet
  facet normal -0.442228 -0.896903 0
    outer loop
      vertex -4.8 32.4287 -6
      vertex -4.42459 32.2436 10.6
      vertex -4.8 32.4287 10.6
    endloop
  endfacet
  facet normal -0.442228 -0.896903 -0
    outer loop
      vertex -4.42459 32.2436 10.6
      vertex -4.8 32.4287 -6
      vertex -4.42459 32.2436 -6
    endloop
  endfacet
  facet normal -0.946937 -0.321419 0
    outer loop
      vertex -6.15641 33.9754 0
      vertex -6.29096 34.3718 10.6
      vertex -6.29096 34.3718 0
    endloop
  endfacet
  facet normal -0.946937 -0.321419 0
    outer loop
      vertex -6.29096 34.3718 10.6
      vertex -6.15641 33.9754 0
      vertex -6.15641 33.9754 10.6
    endloop
  endfacet
  facet normal -0.946937 -0.321419 0
    outer loop
      vertex -6.15641 33.9754 -6
      vertex -6.29096 34.3718 -1.5
      vertex -6.29096 34.3718 -6
    endloop
  endfacet
  facet normal -0.946937 -0.321419 0
    outer loop
      vertex -6.29096 34.3718 -1.5
      vertex -6.15641 33.9754 -6
      vertex -6.15641 33.9754 -1.5
    endloop
  endfacet
  facet normal -0.555434 -0.831561 0
    outer loop
      vertex 58.175 5.63253 -4.4
      vertex 58.311 5.54169 5.6
      vertex 58.175 5.63253 5.6
    endloop
  endfacet
  facet normal -0.555434 -0.831561 -0
    outer loop
      vertex 58.311 5.54169 5.6
      vertex 58.175 5.63253 -4.4
      vertex 58.311 5.54169 -4.4
    endloop
  endfacet
  facet normal 0.321322 0.94697 -0
    outer loop
      vertex 57.2265 3.34259 -4.4
      vertex 57.0716 3.39515 5.6
      vertex 57.2265 3.34259 5.6
    endloop
  endfacet
  facet normal 0.321322 0.94697 0
    outer loop
      vertex 57.0716 3.39515 5.6
      vertex 57.2265 3.34259 -4.4
      vertex 57.0716 3.39515 -4.4
    endloop
  endfacet
  facet normal 0.442411 -0.896812 0
    outer loop
      vertex 56.925 5.63253 -4.4
      vertex 57.0716 5.70485 5.6
      vertex 56.925 5.63253 5.6
    endloop
  endfacet
  facet normal 0.442411 -0.896812 0
    outer loop
      vertex 57.0716 5.70485 5.6
      vertex 56.925 5.63253 -4.4
      vertex 57.0716 5.70485 -4.4
    endloop
  endfacet
  facet normal 0.947038 -0.321123 0
    outer loop
      vertex 56.3426 4.87352 5.6
      vertex 56.3951 5.02835 -4.4
      vertex 56.3951 5.02835 5.6
    endloop
  endfacet
  facet normal 0.947038 -0.321123 0
    outer loop
      vertex 56.3951 5.02835 -4.4
      vertex 56.3426 4.87352 5.6
      vertex 56.3426 4.87352 -4.4
    endloop
  endfacet
  facet normal -0.896921 -0.442191 0
    outer loop
      vertex 58.7048 5.02835 -4.4
      vertex 58.6325 5.175 5.6
      vertex 58.6325 5.175 -4.4
    endloop
  endfacet
  facet normal -0.896921 -0.442191 0
    outer loop
      vertex 58.6325 5.175 5.6
      vertex 58.7048 5.02835 -4.4
      vertex 58.7048 5.02835 5.6
    endloop
  endfacet
  facet normal -0.980782 -0.195105 0
    outer loop
      vertex 58.7893 4.71316 -4.4
      vertex 58.7574 4.87352 5.6
      vertex 58.7574 4.87352 -4.4
    endloop
  endfacet
  facet normal -0.980782 -0.195105 0
    outer loop
      vertex 58.7574 4.87352 5.6
      vertex 58.7893 4.71316 -4.4
      vertex 58.7893 4.71316 5.6
    endloop
  endfacet
  facet normal -0.831579 -0.555406 0
    outer loop
      vertex 58.6325 5.175 -4.4
      vertex 58.5417 5.31095 5.6
      vertex 58.5417 5.31095 -4.4
    endloop
  endfacet
  facet normal -0.831579 -0.555406 0
    outer loop
      vertex 58.5417 5.31095 5.6
      vertex 58.6325 5.175 -4.4
      vertex 58.6325 5.175 5.6
    endloop
  endfacet
  facet normal -0.321322 -0.94697 0
    outer loop
      vertex 57.8735 5.75741 -4.4
      vertex 58.0284 5.70485 5.6
      vertex 57.8735 5.75741 5.6
    endloop
  endfacet
  facet normal -0.321322 -0.94697 -0
    outer loop
      vertex 58.0284 5.70485 5.6
      vertex 57.8735 5.75741 -4.4
      vertex 58.0284 5.70485 -4.4
    endloop
  endfacet
  facet normal 0.997857 -0.0654392 0
    outer loop
      vertex 56.3 4.55 5.6
      vertex 56.3107 4.71316 -4.4
      vertex 56.3107 4.71316 5.6
    endloop
  endfacet
  facet normal 0.997857 -0.0654392 0
    outer loop
      vertex 56.3107 4.71316 -4.4
      vertex 56.3 4.55 5.6
      vertex 56.3 4.55 -4.4
    endloop
  endfacet
  facet normal 0.831579 -0.555406 0
    outer loop
      vertex 56.4675 5.175 5.6
      vertex 56.5583 5.31095 -4.4
      vertex 56.5583 5.31095 5.6
    endloop
  endfacet
  facet normal 0.831579 -0.555406 0
    outer loop
      vertex 56.5583 5.31095 -4.4
      vertex 56.4675 5.175 5.6
      vertex 56.4675 5.175 -4.4
    endloop
  endfacet
  facet normal 0.321322 -0.94697 0
    outer loop
      vertex 57.0716 5.70485 -4.4
      vertex 57.2265 5.75741 5.6
      vertex 57.0716 5.70485 5.6
    endloop
  endfacet
  facet normal 0.321322 -0.94697 0
    outer loop
      vertex 57.2265 5.75741 5.6
      vertex 57.0716 5.70485 -4.4
      vertex 57.2265 5.75741 -4.4
    endloop
  endfacet
  facet normal 0.75186 -0.659323 0
    outer loop
      vertex 56.5583 5.31095 5.6
      vertex 56.6661 5.43388 -4.4
      vertex 56.6661 5.43388 5.6
    endloop
  endfacet
  facet normal 0.75186 -0.659323 0
    outer loop
      vertex 56.6661 5.43388 -4.4
      vertex 56.5583 5.31095 5.6
      vertex 56.5583 5.31095 -4.4
    endloop
  endfacet
  facet normal -0.997857 0.0654392 0
    outer loop
      vertex 58.7893 4.38684 -4.4
      vertex 58.8 4.55 5.6
      vertex 58.8 4.55 -4.4
    endloop
  endfacet
  facet normal -0.997857 0.0654392 0
    outer loop
      vertex 58.8 4.55 5.6
      vertex 58.7893 4.38684 -4.4
      vertex 58.7893 4.38684 5.6
    endloop
  endfacet
  facet normal -0.321322 0.94697 0
    outer loop
      vertex 58.0284 3.39515 -4.4
      vertex 57.8735 3.34259 5.6
      vertex 58.0284 3.39515 5.6
    endloop
  endfacet
  facet normal -0.321322 0.94697 0
    outer loop
      vertex 57.8735 3.34259 5.6
      vertex 58.0284 3.39515 -4.4
      vertex 57.8735 3.34259 -4.4
    endloop
  endfacet
  facet normal -0.442411 0.896812 0
    outer loop
      vertex 58.175 3.46747 -4.4
      vertex 58.0284 3.39515 5.6
      vertex 58.175 3.46747 5.6
    endloop
  endfacet
  facet normal -0.442411 0.896812 0
    outer loop
      vertex 58.0284 3.39515 5.6
      vertex 58.175 3.46747 -4.4
      vertex 58.0284 3.39515 -4.4
    endloop
  endfacet
  facet normal -0.75186 0.659323 0
    outer loop
      vertex 58.4339 3.66612 -4.4
      vertex 58.5417 3.78905 5.6
      vertex 58.5417 3.78905 -4.4
    endloop
  endfacet
  facet normal -0.75186 0.659323 0
    outer loop
      vertex 58.5417 3.78905 5.6
      vertex 58.4339 3.66612 -4.4
      vertex 58.4339 3.66612 5.6
    endloop
  endfacet
  facet normal 0.195175 0.980768 -0
    outer loop
      vertex 57.3868 3.31069 -4.4
      vertex 57.2265 3.34259 5.6
      vertex 57.3868 3.31069 5.6
    endloop
  endfacet
  facet normal 0.195175 0.980768 0
    outer loop
      vertex 57.2265 3.34259 5.6
      vertex 57.3868 3.31069 -4.4
      vertex 57.2265 3.34259 -4.4
    endloop
  endfacet
  facet normal 0.659448 0.75175 -0
    outer loop
      vertex 56.789 3.55831 -4.4
      vertex 56.6661 3.66612 5.6
      vertex 56.789 3.55831 5.6
    endloop
  endfacet
  facet normal 0.659448 0.75175 0
    outer loop
      vertex 56.6661 3.66612 5.6
      vertex 56.789 3.55831 -4.4
      vertex 56.6661 3.66612 -4.4
    endloop
  endfacet
  facet normal 0.896666 0.442707 0
    outer loop
      vertex 56.4675 3.925 5.6
      vertex 56.3951 4.07164 -4.4
      vertex 56.3951 4.07164 5.6
    endloop
  endfacet
  facet normal 0.896666 0.442707 0
    outer loop
      vertex 56.3951 4.07164 -4.4
      vertex 56.4675 3.925 5.6
      vertex 56.4675 3.925 -4.4
    endloop
  endfacet
  facet normal -0.946851 -0.321671 0
    outer loop
      vertex 58.7574 4.87352 -4.4
      vertex 58.7048 5.02835 5.6
      vertex 58.7048 5.02835 -4.4
    endloop
  endfacet
  facet normal -0.946851 -0.321671 0
    outer loop
      vertex 58.7048 5.02835 5.6
      vertex 58.7574 4.87352 -4.4
      vertex 58.7574 4.87352 5.6
    endloop
  endfacet
  facet normal -0.75186 -0.659323 0
    outer loop
      vertex 58.5417 5.31095 -4.4
      vertex 58.4339 5.43388 5.6
      vertex 58.4339 5.43388 -4.4
    endloop
  endfacet
  facet normal -0.75186 -0.659323 0
    outer loop
      vertex 58.4339 5.43388 5.6
      vertex 58.5417 5.31095 -4.4
      vertex 58.5417 5.31095 5.6
    endloop
  endfacet
  facet normal -0.659448 -0.75175 0
    outer loop
      vertex 58.311 5.54169 -4.4
      vertex 58.4339 5.43388 5.6
      vertex 58.311 5.54169 5.6
    endloop
  endfacet
  facet normal -0.659448 -0.75175 -0
    outer loop
      vertex 58.4339 5.43388 5.6
      vertex 58.311 5.54169 -4.4
      vertex 58.4339 5.43388 -4.4
    endloop
  endfacet
  facet normal -0.442411 -0.896812 0
    outer loop
      vertex 58.0284 5.70485 -4.4
      vertex 58.175 5.63253 5.6
      vertex 58.0284 5.70485 5.6
    endloop
  endfacet
  facet normal -0.442411 -0.896812 -0
    outer loop
      vertex 58.175 5.63253 5.6
      vertex 58.0284 5.70485 -4.4
      vertex 58.175 5.63253 -4.4
    endloop
  endfacet
  facet normal 0.0653624 -0.997862 0
    outer loop
      vertex 57.3868 5.78931 -4.4
      vertex 57.55 5.8 5.6
      vertex 57.3868 5.78931 5.6
    endloop
  endfacet
  facet normal 0.0653624 -0.997862 0
    outer loop
      vertex 57.55 5.8 5.6
      vertex 57.3868 5.78931 -4.4
      vertex 57.55 5.8 -4.4
    endloop
  endfacet
  facet normal -0.195175 -0.980768 0
    outer loop
      vertex 57.7132 5.78931 -4.4
      vertex 57.8735 5.75741 5.6
      vertex 57.7132 5.78931 5.6
    endloop
  endfacet
  facet normal -0.195175 -0.980768 -0
    outer loop
      vertex 57.8735 5.75741 5.6
      vertex 57.7132 5.78931 -4.4
      vertex 57.8735 5.75741 -4.4
    endloop
  endfacet
  facet normal 0 0 -1
    outer loop
      vertex 58.7893 4.38684 5.6
      vertex 58.7893 4.71316 5.6
      vertex 58.8 4.55 5.6
    endloop
  endfacet
  facet normal 0 0 -1
    outer loop
      vertex 58.7574 4.22648 5.6
      vertex 58.7893 4.71316 5.6
      vertex 58.7893 4.38684 5.6
    endloop
  endfacet
  facet normal 0 0 -1
    outer loop
      vertex 58.7574 4.22648 5.6
      vertex 58.7574 4.87352 5.6
      vertex 58.7893 4.71316 5.6
    endloop
  endfacet
  facet normal 0 0 -1
    outer loop
      vertex 58.7048 4.07164 5.6
      vertex 58.7574 4.87352 5.6
      vertex 58.7574 4.22648 5.6
    endloop
  endfacet
  facet normal 0 0 -1
    outer loop
      vertex 58.7048 4.07164 5.6
      vertex 58.7048 5.02835 5.6
      vertex 58.7574 4.87352 5.6
    endloop
  endfacet
  facet normal 0 0 -1
    outer loop
      vertex 58.6325 3.925 5.6
      vertex 58.7048 5.02835 5.6
      vertex 58.7048 4.07164 5.6
    endloop
  endfacet
  facet normal 0 0 -1
    outer loop
      vertex 58.6325 3.925 5.6
      vertex 58.6325 5.175 5.6
      vertex 58.7048 5.02835 5.6
    endloop
  endfacet
  facet normal 0 0 -1
    outer loop
      vertex 58.5417 3.78905 5.6
      vertex 58.6325 5.175 5.6
      vertex 58.6325 3.925 5.6
    endloop
  endfacet
  facet normal 0 0 -1
    outer loop
      vertex 58.5417 3.78905 5.6
      vertex 58.5417 5.31095 5.6
      vertex 58.6325 5.175 5.6
    endloop
  endfacet
  facet normal 0 0 -1
    outer loop
      vertex 58.4339 3.66612 5.6
      vertex 58.5417 5.31095 5.6
      vertex 58.5417 3.78905 5.6
    endloop
  endfacet
  facet normal 0 0 -1
    outer loop
      vertex 58.4339 3.66612 5.6
      vertex 58.4339 5.43388 5.6
      vertex 58.5417 5.31095 5.6
    endloop
  endfacet
  facet normal 0 0 -1
    outer loop
      vertex 58.311 3.55831 5.6
      vertex 58.4339 5.43388 5.6
      vertex 58.4339 3.66612 5.6
    endloop
  endfacet
  facet normal 0 0 -1
    outer loop
      vertex 58.311 3.55831 5.6
      vertex 58.311 5.54169 5.6
      vertex 58.4339 5.43388 5.6
    endloop
  endfacet
  facet normal 0 0 -1
    outer loop
      vertex 58.175 3.46747 5.6
      vertex 58.311 5.54169 5.6
      vertex 58.311 3.55831 5.6
    endloop
  endfacet
  facet normal 0 0 -1
    outer loop
      vertex 58.175 3.46747 5.6
      vertex 58.175 5.63253 5.6
      vertex 58.311 5.54169 5.6
    endloop
  endfacet
  facet normal 0 0 -1
    outer loop
      vertex 58.0284 3.39515 5.6
      vertex 58.175 5.63253 5.6
      vertex 58.175 3.46747 5.6
    endloop
  endfacet
  facet normal 0 0 -1
    outer loop
      vertex 58.0284 3.39515 5.6
      vertex 58.0284 5.70485 5.6
      vertex 58.175 5.63253 5.6
    endloop
  endfacet
  facet normal 0 0 -1
    outer loop
      vertex 57.8735 3.34259 5.6
      vertex 58.0284 5.70485 5.6
      vertex 58.0284 3.39515 5.6
    endloop
  endfacet
  facet normal 0 0 -1
    outer loop
      vertex 57.8735 3.34259 5.6
      vertex 57.8735 5.75741 5.6
      vertex 58.0284 5.70485 5.6
    endloop
  endfacet
  facet normal 0 0 -1
    outer loop
      vertex 57.7132 3.31069 5.6
      vertex 57.8735 5.75741 5.6
      vertex 57.8735 3.34259 5.6
    endloop
  endfacet
  facet normal 0 0 -1
    outer loop
      vertex 57.7132 3.31069 5.6
      vertex 57.7132 5.78931 5.6
      vertex 57.8735 5.75741 5.6
    endloop
  endfacet
  facet normal 0 0 -1
    outer loop
      vertex 57.55 3.3 5.6
      vertex 57.7132 5.78931 5.6
      vertex 57.7132 3.31069 5.6
    endloop
  endfacet
  facet normal 0 0 -1
    outer loop
      vertex 57.55 3.3 5.6
      vertex 57.55 5.8 5.6
      vertex 57.7132 5.78931 5.6
    endloop
  endfacet
  facet normal 0 0 -1
    outer loop
      vertex 57.3868 3.31069 5.6
      vertex 57.55 5.8 5.6
      vertex 57.55 3.3 5.6
    endloop
  endfacet
  facet normal 0 0 -1
    outer loop
      vertex 57.3868 3.31069 5.6
      vertex 57.3868 5.78931 5.6
      vertex 57.55 5.8 5.6
    endloop
  endfacet
  facet normal 0 0 -1
    outer loop
      vertex 57.2265 3.34259 5.6
      vertex 57.3868 5.78931 5.6
      vertex 57.3868 3.31069 5.6
    endloop
  endfacet
  facet normal 0 0 -1
    outer loop
      vertex 57.2265 3.34259 5.6
      vertex 57.2265 5.75741 5.6
      vertex 57.3868 5.78931 5.6
    endloop
  endfacet
  facet normal 0 0 -1
    outer loop
      vertex 57.0716 3.39515 5.6
      vertex 57.2265 5.75741 5.6
      vertex 57.2265 3.34259 5.6
    endloop
  endfacet
  facet normal 0 0 -1
    outer loop
      vertex 57.0716 3.39515 5.6
      vertex 57.0716 5.70485 5.6
      vertex 57.2265 5.75741 5.6
    endloop
  endfacet
  facet normal 0 0 -1
    outer loop
      vertex 56.925 3.46747 5.6
      vertex 57.0716 5.70485 5.6
      vertex 57.0716 3.39515 5.6
    endloop
  endfacet
  facet normal 0 0 -1
    outer loop
      vertex 56.925 3.46747 5.6
      vertex 56.925 5.63253 5.6
      vertex 57.0716 5.70485 5.6
    endloop
  endfacet
  facet normal 0 0 -1
    outer loop
      vertex 56.789 3.55831 5.6
      vertex 56.925 5.63253 5.6
      vertex 56.925 3.46747 5.6
    endloop
  endfacet
  facet normal 0 0 -1
    outer loop
      vertex 56.789 3.55831 5.6
      vertex 56.789 5.54169 5.6
      vertex 56.925 5.63253 5.6
    endloop
  endfacet
  facet normal 0 0 -1
    outer loop
      vertex 56.6661 3.66612 5.6
      vertex 56.789 5.54169 5.6
      vertex 56.789 3.55831 5.6
    endloop
  endfacet
  facet normal 0 0 -1
    outer loop
      vertex 56.6661 3.66612 5.6
      vertex 56.6661 5.43388 5.6
      vertex 56.789 5.54169 5.6
    endloop
  endfacet
  facet normal 0 0 -1
    outer loop
      vertex 56.5583 3.78905 5.6
      vertex 56.6661 5.43388 5.6
      vertex 56.6661 3.66612 5.6
    endloop
  endfacet
  facet normal 0 0 -1
    outer loop
      vertex 56.5583 3.78905 5.6
      vertex 56.5583 5.31095 5.6
      vertex 56.6661 5.43388 5.6
    endloop
  endfacet
  facet normal 0 0 -1
    outer loop
      vertex 56.4675 3.925 5.6
      vertex 56.5583 5.31095 5.6
      vertex 56.5583 3.78905 5.6
    endloop
  endfacet
  facet normal 0 0 -1
    outer loop
      vertex 56.4675 3.925 5.6
      vertex 56.4675 5.175 5.6
      vertex 56.5583 5.31095 5.6
    endloop
  endfacet
  facet normal 0 0 -1
    outer loop
      vertex 56.3951 4.07164 5.6
      vertex 56.4675 5.175 5.6
      vertex 56.4675 3.925 5.6
    endloop
  endfacet
  facet normal 0 0 -1
    outer loop
      vertex 56.3951 4.07164 5.6
      vertex 56.3951 5.02835 5.6
      vertex 56.4675 5.175 5.6
    endloop
  endfacet
  facet normal 0 0 -1
    outer loop
      vertex 56.3426 4.22648 5.6
      vertex 56.3951 5.02835 5.6
      vertex 56.3951 4.07164 5.6
    endloop
  endfacet
  facet normal 0 0 -1
    outer loop
      vertex 56.3426 4.22648 5.6
      vertex 56.3426 4.87352 5.6
      vertex 56.3951 5.02835 5.6
    endloop
  endfacet
  facet normal 0 0 -1
    outer loop
      vertex 56.3107 4.38684 5.6
      vertex 56.3426 4.87352 5.6
      vertex 56.3426 4.22648 5.6
    endloop
  endfacet
  facet normal 0 0 -1
    outer loop
      vertex 56.3107 4.38684 5.6
      vertex 56.3107 4.71316 5.6
      vertex 56.3426 4.87352 5.6
    endloop
  endfacet
  facet normal 0 -0 -1
    outer loop
      vertex 56.3107 4.71316 5.6
      vertex 56.3107 4.38684 5.6
      vertex 56.3 4.55 5.6
    endloop
  endfacet
  facet normal 0.980782 -0.195105 0
    outer loop
      vertex 56.3107 4.71316 5.6
      vertex 56.3426 4.87352 -4.4
      vertex 56.3426 4.87352 5.6
    endloop
  endfacet
  facet normal 0.980782 -0.195105 0
    outer loop
      vertex 56.3426 4.87352 -4.4
      vertex 56.3107 4.71316 5.6
      vertex 56.3107 4.71316 -4.4
    endloop
  endfacet
  facet normal 0.896678 -0.442683 0
    outer loop
      vertex 56.3951 5.02835 5.6
      vertex 56.4675 5.175 -4.4
      vertex 56.4675 5.175 5.6
    endloop
  endfacet
  facet normal 0.896678 -0.442683 0
    outer loop
      vertex 56.4675 5.175 -4.4
      vertex 56.3951 5.02835 5.6
      vertex 56.3951 5.02835 -4.4
    endloop
  endfacet
  facet normal 0.195175 -0.980768 0
    outer loop
      vertex 57.2265 5.75741 -4.4
      vertex 57.3868 5.78931 5.6
      vertex 57.2265 5.75741 5.6
    endloop
  endfacet
  facet normal 0.195175 -0.980768 0
    outer loop
      vertex 57.3868 5.78931 5.6
      vertex 57.2265 5.75741 -4.4
      vertex 57.3868 5.78931 -4.4
    endloop
  endfacet
  facet normal 0.659448 -0.75175 0
    outer loop
      vertex 56.6661 5.43388 -4.4
      vertex 56.789 5.54169 5.6
      vertex 56.6661 5.43388 5.6
    endloop
  endfacet
  facet normal 0.659448 -0.75175 0
    outer loop
      vertex 56.789 5.54169 5.6
      vertex 56.6661 5.43388 -4.4
      vertex 56.789 5.54169 -4.4
    endloop
  endfacet
  facet normal 0.555434 -0.831561 0
    outer loop
      vertex 56.789 5.54169 -4.4
      vertex 56.925 5.63253 5.6
      vertex 56.789 5.54169 5.6
    endloop
  endfacet
  facet normal 0.555434 -0.831561 0
    outer loop
      vertex 56.925 5.63253 5.6
      vertex 56.789 5.54169 -4.4
      vertex 56.925 5.63253 -4.4
    endloop
  endfacet
  facet normal -0.997857 -0.0654392 0
    outer loop
      vertex 58.8 4.55 -4.4
      vertex 58.7893 4.71316 5.6
      vertex 58.7893 4.71316 -4.4
    endloop
  endfacet
  facet normal -0.997857 -0.0654392 0
    outer loop
      vertex 58.7893 4.71316 5.6
      vertex 58.8 4.55 -4.4
      vertex 58.8 4.55 5.6
    endloop
  endfacet
  facet normal -0.0653624 0.997862 0
    outer loop
      vertex 57.7132 3.31069 -4.4
      vertex 57.55 3.3 5.6
      vertex 57.7132 3.31069 5.6
    endloop
  endfacet
  facet normal -0.0653624 0.997862 0
    outer loop
      vertex 57.55 3.3 5.6
      vertex 57.7132 3.31069 -4.4
      vertex 57.55 3.3 -4.4
    endloop
  endfacet
  facet normal -0.946858 0.321653 0
    outer loop
      vertex 58.7048 4.07164 -4.4
      vertex 58.7574 4.22648 5.6
      vertex 58.7574 4.22648 -4.4
    endloop
  endfacet
  facet normal -0.946858 0.321653 0
    outer loop
      vertex 58.7574 4.22648 5.6
      vertex 58.7048 4.07164 -4.4
      vertex 58.7048 4.07164 5.6
    endloop
  endfacet
  facet normal -0.195175 0.980768 0
    outer loop
      vertex 57.8735 3.34259 -4.4
      vertex 57.7132 3.31069 5.6
      vertex 57.8735 3.34259 5.6
    endloop
  endfacet
  facet normal -0.195175 0.980768 0
    outer loop
      vertex 57.7132 3.31069 5.6
      vertex 57.8735 3.34259 -4.4
      vertex 57.7132 3.31069 -4.4
    endloop
  endfacet
  facet normal -0.555434 0.831561 0
    outer loop
      vertex 58.311 3.55831 -4.4
      vertex 58.175 3.46747 5.6
      vertex 58.311 3.55831 5.6
    endloop
  endfacet
  facet normal -0.555434 0.831561 0
    outer loop
      vertex 58.175 3.46747 5.6
      vertex 58.311 3.55831 -4.4
      vertex 58.175 3.46747 -4.4
    endloop
  endfacet
  facet normal -0.896909 0.442216 0
    outer loop
      vertex 58.6325 3.925 -4.4
      vertex 58.7048 4.07164 5.6
      vertex 58.7048 4.07164 -4.4
    endloop
  endfacet
  facet normal -0.896909 0.442216 0
    outer loop
      vertex 58.7048 4.07164 5.6
      vertex 58.6325 3.925 -4.4
      vertex 58.6325 3.925 5.6
    endloop
  endfacet
  facet normal 0.0653624 0.997862 -0
    outer loop
      vertex 57.55 3.3 -4.4
      vertex 57.3868 3.31069 5.6
      vertex 57.55 3.3 5.6
    endloop
  endfacet
  facet normal 0.0653624 0.997862 0
    outer loop
      vertex 57.3868 3.31069 5.6
      vertex 57.55 3.3 -4.4
      vertex 57.3868 3.31069 -4.4
    endloop
  endfacet
  facet normal 0.442411 0.896812 -0
    outer loop
      vertex 57.0716 3.39515 -4.4
      vertex 56.925 3.46747 5.6
      vertex 57.0716 3.39515 5.6
    endloop
  endfacet
  facet normal 0.442411 0.896812 0
    outer loop
      vertex 56.925 3.46747 5.6
      vertex 57.0716 3.39515 -4.4
      vertex 56.925 3.46747 -4.4
    endloop
  endfacet
  facet normal 0.947044 0.321104 0
    outer loop
      vertex 56.3951 4.07164 5.6
      vertex 56.3426 4.22648 -4.4
      vertex 56.3426 4.22648 5.6
    endloop
  endfacet
  facet normal 0.947044 0.321104 0
    outer loop
      vertex 56.3426 4.22648 -4.4
      vertex 56.3951 4.07164 5.6
      vertex 56.3951 4.07164 -4.4
    endloop
  endfacet
  facet normal 0.997857 0.0654392 0
    outer loop
      vertex 56.3107 4.38684 5.6
      vertex 56.3 4.55 -4.4
      vertex 56.3 4.55 5.6
    endloop
  endfacet
  facet normal 0.997857 0.0654392 0
    outer loop
      vertex 56.3 4.55 -4.4
      vertex 56.3107 4.38684 5.6
      vertex 56.3107 4.38684 -4.4
    endloop
  endfacet
  facet normal 0.831579 0.555406 0
    outer loop
      vertex 56.5583 3.78905 5.6
      vertex 56.4675 3.925 -4.4
      vertex 56.4675 3.925 5.6
    endloop
  endfacet
  facet normal 0.831579 0.555406 0
    outer loop
      vertex 56.4675 3.925 -4.4
      vertex 56.5583 3.78905 5.6
      vertex 56.5583 3.78905 -4.4
    endloop
  endfacet
  facet normal 0.75186 0.659323 0
    outer loop
      vertex 56.6661 3.66612 5.6
      vertex 56.5583 3.78905 -4.4
      vertex 56.5583 3.78905 5.6
    endloop
  endfacet
  facet normal 0.75186 0.659323 0
    outer loop
      vertex 56.5583 3.78905 -4.4
      vertex 56.6661 3.66612 5.6
      vertex 56.6661 3.66612 -4.4
    endloop
  endfacet
  facet normal -0.0653624 -0.997862 0
    outer loop
      vertex 57.55 5.8 -4.4
      vertex 57.7132 5.78931 5.6
      vertex 57.55 5.8 5.6
    endloop
  endfacet
  facet normal -0.0653624 -0.997862 -0
    outer loop
      vertex 57.7132 5.78931 5.6
      vertex 57.55 5.8 -4.4
      vertex 57.7132 5.78931 -4.4
    endloop
  endfacet
  facet normal -0.980782 0.195105 0
    outer loop
      vertex 58.7574 4.22648 -4.4
      vertex 58.7893 4.38684 5.6
      vertex 58.7893 4.38684 -4.4
    endloop
  endfacet
  facet normal -0.980782 0.195105 0
    outer loop
      vertex 58.7893 4.38684 5.6
      vertex 58.7574 4.22648 -4.4
      vertex 58.7574 4.22648 5.6
    endloop
  endfacet
  facet normal -0.659448 0.75175 0
    outer loop
      vertex 58.4339 3.66612 -4.4
      vertex 58.311 3.55831 5.6
      vertex 58.4339 3.66612 5.6
    endloop
  endfacet
  facet normal -0.659448 0.75175 0
    outer loop
      vertex 58.311 3.55831 5.6
      vertex 58.4339 3.66612 -4.4
      vertex 58.311 3.55831 -4.4
    endloop
  endfacet
  facet normal -0.831579 0.555406 0
    outer loop
      vertex 58.5417 3.78905 -4.4
      vertex 58.6325 3.925 5.6
      vertex 58.6325 3.925 -4.4
    endloop
  endfacet
  facet normal -0.831579 0.555406 0
    outer loop
      vertex 58.6325 3.925 5.6
      vertex 58.5417 3.78905 -4.4
      vertex 58.5417 3.78905 5.6
    endloop
  endfacet
  facet normal 0.555434 0.831561 -0
    outer loop
      vertex 56.925 3.46747 -4.4
      vertex 56.789 3.55831 5.6
      vertex 56.925 3.46747 5.6
    endloop
  endfacet
  facet normal 0.555434 0.831561 0
    outer loop
      vertex 56.789 3.55831 5.6
      vertex 56.925 3.46747 -4.4
      vertex 56.789 3.55831 -4.4
    endloop
  endfacet
  facet normal 0.980782 0.195105 0
    outer loop
      vertex 56.3426 4.22648 5.6
      vertex 56.3107 4.38684 -4.4
      vertex 56.3107 4.38684 5.6
    endloop
  endfacet
  facet normal 0.980782 0.195105 0
    outer loop
      vertex 56.3107 4.38684 -4.4
      vertex 56.3426 4.22648 5.6
      vertex 56.3426 4.22648 -4.4
    endloop
  endfacet
  facet normal -0.896861 -0.442313 0
    outer loop
      vertex 58.7048 30.6284 -4.4
      vertex 58.6325 30.775 5.6
      vertex 58.6325 30.775 -4.4
    endloop
  endfacet
  facet normal -0.896861 -0.442313 0
    outer loop
      vertex 58.6325 30.775 5.6
      vertex 58.7048 30.6284 -4.4
      vertex 58.7048 30.6284 5.6
    endloop
  endfacet
  facet normal -0.831674 -0.555265 0
    outer loop
      vertex 58.6325 30.775 -4.4
      vertex 58.5417 30.911 5.6
      vertex 58.5417 30.911 -4.4
    endloop
  endfacet
  facet normal -0.831674 -0.555265 0
    outer loop
      vertex 58.5417 30.911 5.6
      vertex 58.6325 30.775 -4.4
      vertex 58.6325 30.775 5.6
    endloop
  endfacet
  facet normal -0.195175 -0.980768 0
    outer loop
      vertex 57.7132 31.3893 -4.4
      vertex 57.8735 31.3574 5.6
      vertex 57.7132 31.3893 5.6
    endloop
  endfacet
  facet normal -0.195175 -0.980768 -0
    outer loop
      vertex 57.8735 31.3574 5.6
      vertex 57.7132 31.3893 -4.4
      vertex 57.8735 31.3574 -4.4
    endloop
  endfacet
  facet normal -0.321541 -0.946896 0
    outer loop
      vertex 57.8735 31.3574 -4.4
      vertex 58.0284 31.3048 5.6
      vertex 57.8735 31.3574 5.6
    endloop
  endfacet
  facet normal -0.321541 -0.946896 -0
    outer loop
      vertex 58.0284 31.3048 5.6
      vertex 57.8735 31.3574 -4.4
      vertex 58.0284 31.3048 -4.4
    endloop
  endfacet
  facet normal 0.442313 -0.896861 0
    outer loop
      vertex 56.925 31.2325 -4.4
      vertex 57.0716 31.3048 5.6
      vertex 56.925 31.2325 5.6
    endloop
  endfacet
  facet normal 0.442313 -0.896861 0
    outer loop
      vertex 57.0716 31.3048 5.6
      vertex 56.925 31.2325 -4.4
      vertex 57.0716 31.3048 -4.4
    endloop
  endfacet
  facet normal 0.896618 -0.442805 0
    outer loop
      vertex 56.3951 30.6284 5.6
      vertex 56.4675 30.775 -4.4
      vertex 56.4675 30.775 5.6
    endloop
  endfacet
  facet normal 0.896618 -0.442805 0
    outer loop
      vertex 56.4675 30.775 -4.4
      vertex 56.3951 30.6284 5.6
      vertex 56.3951 30.6284 -4.4
    endloop
  endfacet
  facet normal -0.997858 0.0654233 0
    outer loop
      vertex 58.7893 29.9868 -4.4
      vertex 58.8 30.15 5.6
      vertex 58.8 30.15 -4.4
    endloop
  endfacet
  facet normal -0.997858 0.0654233 0
    outer loop
      vertex 58.8 30.15 5.6
      vertex 58.7893 29.9868 -4.4
      vertex 58.7893 29.9868 5.6
    endloop
  endfacet
  facet normal -0.555265 -0.831674 0
    outer loop
      vertex 58.175 31.2325 -4.4
      vertex 58.311 31.1417 5.6
      vertex 58.175 31.2325 5.6
    endloop
  endfacet
  facet normal -0.555265 -0.831674 -0
    outer loop
      vertex 58.311 31.1417 5.6
      vertex 58.175 31.2325 -4.4
      vertex 58.311 31.1417 -4.4
    endloop
  endfacet
  facet normal 0.831674 -0.555265 0
    outer loop
      vertex 56.4675 30.775 5.6
      vertex 56.5583 30.911 -4.4
      vertex 56.5583 30.911 5.6
    endloop
  endfacet
  facet normal 0.831674 -0.555265 0
    outer loop
      vertex 56.5583 30.911 -4.4
      vertex 56.4675 30.775 5.6
      vertex 56.4675 30.775 -4.4
    endloop
  endfacet
  facet normal 0.321541 -0.946896 0
    outer loop
      vertex 57.0716 31.3048 -4.4
      vertex 57.2265 31.3574 5.6
      vertex 57.0716 31.3048 5.6
    endloop
  endfacet
  facet normal 0.321541 -0.946896 0
    outer loop
      vertex 57.2265 31.3574 5.6
      vertex 57.0716 31.3048 -4.4
      vertex 57.2265 31.3574 -4.4
    endloop
  endfacet
  facet normal 0.75178 -0.659414 0
    outer loop
      vertex 56.5583 30.911 5.6
      vertex 56.6661 31.0339 -4.4
      vertex 56.6661 31.0339 5.6
    endloop
  endfacet
  facet normal 0.75178 -0.659414 0
    outer loop
      vertex 56.6661 31.0339 -4.4
      vertex 56.5583 30.911 5.6
      vertex 56.5583 30.911 -4.4
    endloop
  endfacet
  facet normal -0.946896 0.321541 0
    outer loop
      vertex 58.7048 29.6716 -4.4
      vertex 58.7574 29.8265 5.6
      vertex 58.7574 29.8265 -4.4
    endloop
  endfacet
  facet normal -0.946896 0.321541 0
    outer loop
      vertex 58.7574 29.8265 5.6
      vertex 58.7048 29.6716 -4.4
      vertex 58.7048 29.6716 5.6
    endloop
  endfacet
  facet normal 0.659414 0.75178 -0
    outer loop
      vertex 56.789 29.1583 -4.4
      vertex 56.6661 29.2661 5.6
      vertex 56.789 29.1583 5.6
    endloop
  endfacet
  facet normal 0.659414 0.75178 0
    outer loop
      vertex 56.6661 29.2661 5.6
      vertex 56.789 29.1583 -4.4
      vertex 56.6661 29.2661 -4.4
    endloop
  endfacet
  facet normal 0.896618 0.442805 0
    outer loop
      vertex 56.4675 29.525 5.6
      vertex 56.3951 29.6716 -4.4
      vertex 56.3951 29.6716 5.6
    endloop
  endfacet
  facet normal 0.896618 0.442805 0
    outer loop
      vertex 56.3951 29.6716 -4.4
      vertex 56.4675 29.525 5.6
      vertex 56.4675 29.525 -4.4
    endloop
  endfacet
  facet normal -0.946896 -0.321541 0
    outer loop
      vertex 58.7574 30.4735 -4.4
      vertex 58.7048 30.6284 5.6
      vertex 58.7048 30.6284 -4.4
    endloop
  endfacet
  facet normal -0.946896 -0.321541 0
    outer loop
      vertex 58.7048 30.6284 5.6
      vertex 58.7574 30.4735 -4.4
      vertex 58.7574 30.4735 5.6
    endloop
  endfacet
  facet normal -0.659414 -0.75178 0
    outer loop
      vertex 58.311 31.1417 -4.4
      vertex 58.4339 31.0339 5.6
      vertex 58.311 31.1417 5.6
    endloop
  endfacet
  facet normal -0.659414 -0.75178 -0
    outer loop
      vertex 58.4339 31.0339 5.6
      vertex 58.311 31.1417 -4.4
      vertex 58.4339 31.0339 -4.4
    endloop
  endfacet
  facet normal 0.0654233 -0.997858 0
    outer loop
      vertex 57.3868 31.3893 -4.4
      vertex 57.55 31.4 5.6
      vertex 57.3868 31.3893 5.6
    endloop
  endfacet
  facet normal 0.0654233 -0.997858 0
    outer loop
      vertex 57.55 31.4 5.6
      vertex 57.3868 31.3893 -4.4
      vertex 57.55 31.4 -4.4
    endloop
  endfacet
  facet normal -0.442313 -0.896861 0
    outer loop
      vertex 58.0284 31.3048 -4.4
      vertex 58.175 31.2325 5.6
      vertex 58.0284 31.3048 5.6
    endloop
  endfacet
  facet normal -0.442313 -0.896861 -0
    outer loop
      vertex 58.175 31.2325 5.6
      vertex 58.0284 31.3048 -4.4
      vertex 58.175 31.2325 -4.4
    endloop
  endfacet
  facet normal 0.997858 -0.0654233 0
    outer loop
      vertex 56.3 30.15 5.6
      vertex 56.3107 30.3132 -4.4
      vertex 56.3107 30.3132 5.6
    endloop
  endfacet
  facet normal 0.997858 -0.0654233 0
    outer loop
      vertex 56.3107 30.3132 -4.4
      vertex 56.3 30.15 5.6
      vertex 56.3 30.15 -4.4
    endloop
  endfacet
  facet normal 0.947082 -0.320993 0
    outer loop
      vertex 56.3426 30.4735 5.6
      vertex 56.3951 30.6284 -4.4
      vertex 56.3951 30.6284 5.6
    endloop
  endfacet
  facet normal 0.947082 -0.320993 0
    outer loop
      vertex 56.3951 30.6284 -4.4
      vertex 56.3426 30.4735 5.6
      vertex 56.3426 30.4735 -4.4
    endloop
  endfacet
  facet normal 0.195175 -0.980768 0
    outer loop
      vertex 57.2265 31.3574 -4.4
      vertex 57.3868 31.3893 5.6
      vertex 57.2265 31.3574 5.6
    endloop
  endfacet
  facet normal 0.195175 -0.980768 0
    outer loop
      vertex 57.3868 31.3893 5.6
      vertex 57.2265 31.3574 -4.4
      vertex 57.3868 31.3893 -4.4
    endloop
  endfacet
  facet normal 0.659414 -0.75178 0
    outer loop
      vertex 56.6661 31.0339 -4.4
      vertex 56.789 31.1417 5.6
      vertex 56.6661 31.0339 5.6
    endloop
  endfacet
  facet normal 0.659414 -0.75178 0
    outer loop
      vertex 56.789 31.1417 5.6
      vertex 56.6661 31.0339 -4.4
      vertex 56.789 31.1417 -4.4
    endloop
  endfacet
  facet normal 0.555265 -0.831674 0
    outer loop
      vertex 56.789 31.1417 -4.4
      vertex 56.925 31.2325 5.6
      vertex 56.789 31.1417 5.6
    endloop
  endfacet
  facet normal 0.555265 -0.831674 0
    outer loop
      vertex 56.925 31.2325 5.6
      vertex 56.789 31.1417 -4.4
      vertex 56.925 31.2325 -4.4
    endloop
  endfacet
  facet normal -0.997858 -0.0654233 0
    outer loop
      vertex 58.8 30.15 -4.4
      vertex 58.7893 30.3132 5.6
      vertex 58.7893 30.3132 -4.4
    endloop
  endfacet
  facet normal -0.997858 -0.0654233 0
    outer loop
      vertex 58.7893 30.3132 5.6
      vertex 58.8 30.15 -4.4
      vertex 58.8 30.15 5.6
    endloop
  endfacet
  facet normal -0.980768 0.195175 0
    outer loop
      vertex 58.7574 29.8265 -4.4
      vertex 58.7893 29.9868 5.6
      vertex 58.7893 29.9868 -4.4
    endloop
  endfacet
  facet normal -0.980768 0.195175 0
    outer loop
      vertex 58.7893 29.9868 5.6
      vertex 58.7574 29.8265 -4.4
      vertex 58.7574 29.8265 5.6
    endloop
  endfacet
  facet normal 0.831674 0.555265 0
    outer loop
      vertex 56.5583 29.389 5.6
      vertex 56.4675 29.525 -4.4
      vertex 56.4675 29.525 5.6
    endloop
  endfacet
  facet normal 0.831674 0.555265 0
    outer loop
      vertex 56.4675 29.525 -4.4
      vertex 56.5583 29.389 5.6
      vertex 56.5583 29.389 -4.4
    endloop
  endfacet
  facet normal -0.195175 0.980768 0
    outer loop
      vertex 57.8735 28.9426 -4.4
      vertex 57.7132 28.9107 5.6
      vertex 57.8735 28.9426 5.6
    endloop
  endfacet
  facet normal -0.195175 0.980768 0
    outer loop
      vertex 57.7132 28.9107 5.6
      vertex 57.8735 28.9426 -4.4
      vertex 57.7132 28.9107 -4.4
    endloop
  endfacet
  facet normal -0.980768 -0.195175 0
    outer loop
      vertex 58.7893 30.3132 -4.4
      vertex 58.7574 30.4735 5.6
      vertex 58.7574 30.4735 -4.4
    endloop
  endfacet
  facet normal -0.980768 -0.195175 0
    outer loop
      vertex 58.7574 30.4735 5.6
      vertex 58.7893 30.3132 -4.4
      vertex 58.7893 30.3132 5.6
    endloop
  endfacet
  facet normal -0.75178 -0.659414 0
    outer loop
      vertex 58.5417 30.911 -4.4
      vertex 58.4339 31.0339 5.6
      vertex 58.4339 31.0339 -4.4
    endloop
  endfacet
  facet normal -0.75178 -0.659414 0
    outer loop
      vertex 58.4339 31.0339 5.6
      vertex 58.5417 30.911 -4.4
      vertex 58.5417 30.911 5.6
    endloop
  endfacet
  facet normal -0.0654233 -0.997858 0
    outer loop
      vertex 57.55 31.4 -4.4
      vertex 57.7132 31.3893 5.6
      vertex 57.55 31.4 5.6
    endloop
  endfacet
  facet normal -0.0654233 -0.997858 -0
    outer loop
      vertex 57.7132 31.3893 5.6
      vertex 57.55 31.4 -4.4
      vertex 57.7132 31.3893 -4.4
    endloop
  endfacet
  facet normal 0 0 -1
    outer loop
      vertex 58.7893 29.9868 5.6
      vertex 58.7893 30.3132 5.6
      vertex 58.8 30.15 5.6
    endloop
  endfacet
  facet normal 0 0 -1
    outer loop
      vertex 58.7574 29.8265 5.6
      vertex 58.7893 30.3132 5.6
      vertex 58.7893 29.9868 5.6
    endloop
  endfacet
  facet normal 0 0 -1
    outer loop
      vertex 58.7574 29.8265 5.6
      vertex 58.7574 30.4735 5.6
      vertex 58.7893 30.3132 5.6
    endloop
  endfacet
  facet normal 0 0 -1
    outer loop
      vertex 58.7048 29.6716 5.6
      vertex 58.7574 30.4735 5.6
      vertex 58.7574 29.8265 5.6
    endloop
  endfacet
  facet normal 0 0 -1
    outer loop
      vertex 58.7048 29.6716 5.6
      vertex 58.7048 30.6284 5.6
      vertex 58.7574 30.4735 5.6
    endloop
  endfacet
  facet normal 0 0 -1
    outer loop
      vertex 58.6325 29.525 5.6
      vertex 58.7048 30.6284 5.6
      vertex 58.7048 29.6716 5.6
    endloop
  endfacet
  facet normal 0 0 -1
    outer loop
      vertex 58.6325 29.525 5.6
      vertex 58.6325 30.775 5.6
      vertex 58.7048 30.6284 5.6
    endloop
  endfacet
  facet normal 0 0 -1
    outer loop
      vertex 58.5417 29.389 5.6
      vertex 58.6325 30.775 5.6
      vertex 58.6325 29.525 5.6
    endloop
  endfacet
  facet normal 0 0 -1
    outer loop
      vertex 58.5417 29.389 5.6
      vertex 58.5417 30.911 5.6
      vertex 58.6325 30.775 5.6
    endloop
  endfacet
  facet normal 0 0 -1
    outer loop
      vertex 58.4339 29.2661 5.6
      vertex 58.5417 30.911 5.6
      vertex 58.5417 29.389 5.6
    endloop
  endfacet
  facet normal 0 0 -1
    outer loop
      vertex 58.4339 29.2661 5.6
      vertex 58.4339 31.0339 5.6
      vertex 58.5417 30.911 5.6
    endloop
  endfacet
  facet normal 0 0 -1
    outer loop
      vertex 58.311 29.1583 5.6
      vertex 58.4339 31.0339 5.6
      vertex 58.4339 29.2661 5.6
    endloop
  endfacet
  facet normal 0 0 -1
    outer loop
      vertex 58.311 29.1583 5.6
      vertex 58.311 31.1417 5.6
      vertex 58.4339 31.0339 5.6
    endloop
  endfacet
  facet normal 0 0 -1
    outer loop
      vertex 58.175 29.0675 5.6
      vertex 58.311 31.1417 5.6
      vertex 58.311 29.1583 5.6
    endloop
  endfacet
  facet normal 0 0 -1
    outer loop
      vertex 58.175 29.0675 5.6
      vertex 58.175 31.2325 5.6
      vertex 58.311 31.1417 5.6
    endloop
  endfacet
  facet normal 0 0 -1
    outer loop
      vertex 58.0284 28.9952 5.6
      vertex 58.175 31.2325 5.6
      vertex 58.175 29.0675 5.6
    endloop
  endfacet
  facet normal 0 0 -1
    outer loop
      vertex 58.0284 28.9952 5.6
      vertex 58.0284 31.3048 5.6
      vertex 58.175 31.2325 5.6
    endloop
  endfacet
  facet normal 0 0 -1
    outer loop
      vertex 57.8735 28.9426 5.6
      vertex 58.0284 31.3048 5.6
      vertex 58.0284 28.9952 5.6
    endloop
  endfacet
  facet normal 0 0 -1
    outer loop
      vertex 57.8735 28.9426 5.6
      vertex 57.8735 31.3574 5.6
      vertex 58.0284 31.3048 5.6
    endloop
  endfacet
  facet normal 0 0 -1
    outer loop
      vertex 57.7132 28.9107 5.6
      vertex 57.8735 31.3574 5.6
      vertex 57.8735 28.9426 5.6
    endloop
  endfacet
  facet normal 0 0 -1
    outer loop
      vertex 57.7132 28.9107 5.6
      vertex 57.7132 31.3893 5.6
      vertex 57.8735 31.3574 5.6
    endloop
  endfacet
  facet normal 0 0 -1
    outer loop
      vertex 57.55 28.9 5.6
      vertex 57.7132 31.3893 5.6
      vertex 57.7132 28.9107 5.6
    endloop
  endfacet
  facet normal 0 0 -1
    outer loop
      vertex 57.55 28.9 5.6
      vertex 57.55 31.4 5.6
      vertex 57.7132 31.3893 5.6
    endloop
  endfacet
  facet normal 0 0 -1
    outer loop
      vertex 57.3868 28.9107 5.6
      vertex 57.55 31.4 5.6
      vertex 57.55 28.9 5.6
    endloop
  endfacet
  facet normal 0 0 -1
    outer loop
      vertex 57.3868 28.9107 5.6
      vertex 57.3868 31.3893 5.6
      vertex 57.55 31.4 5.6
    endloop
  endfacet
  facet normal 0 0 -1
    outer loop
      vertex 57.2265 28.9426 5.6
      vertex 57.3868 31.3893 5.6
      vertex 57.3868 28.9107 5.6
    endloop
  endfacet
  facet normal 0 0 -1
    outer loop
      vertex 57.2265 28.9426 5.6
      vertex 57.2265 31.3574 5.6
      vertex 57.3868 31.3893 5.6
    endloop
  endfacet
  facet normal 0 0 -1
    outer loop
      vertex 57.0716 28.9952 5.6
      vertex 57.2265 31.3574 5.6
      vertex 57.2265 28.9426 5.6
    endloop
  endfacet
  facet normal 0 0 -1
    outer loop
      vertex 57.0716 28.9952 5.6
      vertex 57.0716 31.3048 5.6
      vertex 57.2265 31.3574 5.6
    endloop
  endfacet
  facet normal 0 0 -1
    outer loop
      vertex 56.925 29.0675 5.6
      vertex 57.0716 31.3048 5.6
      vertex 57.0716 28.9952 5.6
    endloop
  endfacet
  facet normal 0 0 -1
    outer loop
      vertex 56.925 29.0675 5.6
      vertex 56.925 31.2325 5.6
      vertex 57.0716 31.3048 5.6
    endloop
  endfacet
  facet normal 0 0 -1
    outer loop
      vertex 56.789 29.1583 5.6
      vertex 56.925 31.2325 5.6
      vertex 56.925 29.0675 5.6
    endloop
  endfacet
  facet normal 0 0 -1
    outer loop
      vertex 56.789 29.1583 5.6
      vertex 56.789 31.1417 5.6
      vertex 56.925 31.2325 5.6
    endloop
  endfacet
  facet normal 0 0 -1
    outer loop
      vertex 56.6661 29.2661 5.6
      vertex 56.789 31.1417 5.6
      vertex 56.789 29.1583 5.6
    endloop
  endfacet
  facet normal 0 0 -1
    outer loop
      vertex 56.6661 29.2661 5.6
      vertex 56.6661 31.0339 5.6
      vertex 56.789 31.1417 5.6
    endloop
  endfacet
  facet normal 0 0 -1
    outer loop
      vertex 56.5583 29.389 5.6
      vertex 56.6661 31.0339 5.6
      vertex 56.6661 29.2661 5.6
    endloop
  endfacet
  facet normal 0 0 -1
    outer loop
      vertex 56.5583 29.389 5.6
      vertex 56.5583 30.911 5.6
      vertex 56.6661 31.0339 5.6
    endloop
  endfacet
  facet normal 0 0 -1
    outer loop
      vertex 56.4675 29.525 5.6
      vertex 56.5583 30.911 5.6
      vertex 56.5583 29.389 5.6
    endloop
  endfacet
  facet normal 0 0 -1
    outer loop
      vertex 56.4675 29.525 5.6
      vertex 56.4675 30.775 5.6
      vertex 56.5583 30.911 5.6
    endloop
  endfacet
  facet normal 0 0 -1
    outer loop
      vertex 56.3951 29.6716 5.6
      vertex 56.4675 30.775 5.6
      vertex 56.4675 29.525 5.6
    endloop
  endfacet
  facet normal 0 0 -1
    outer loop
      vertex 56.3951 29.6716 5.6
      vertex 56.3951 30.6284 5.6
      vertex 56.4675 30.775 5.6
    endloop
  endfacet
  facet normal 0 0 -1
    outer loop
      vertex 56.3426 29.8265 5.6
      vertex 56.3951 30.6284 5.6
      vertex 56.3951 29.6716 5.6
    endloop
  endfacet
  facet normal 0 0 -1
    outer loop
      vertex 56.3426 29.8265 5.6
      vertex 56.3426 30.4735 5.6
      vertex 56.3951 30.6284 5.6
    endloop
  endfacet
  facet normal 0 0 -1
    outer loop
      vertex 56.3107 29.9868 5.6
      vertex 56.3426 30.4735 5.6
      vertex 56.3426 29.8265 5.6
    endloop
  endfacet
  facet normal 0 0 -1
    outer loop
      vertex 56.3107 29.9868 5.6
      vertex 56.3107 30.3132 5.6
      vertex 56.3426 30.4735 5.6
    endloop
  endfacet
  facet normal 0 -0 -1
    outer loop
      vertex 56.3107 30.3132 5.6
      vertex 56.3107 29.9868 5.6
      vertex 56.3 30.15 5.6
    endloop
  endfacet
  facet normal 0.980768 -0.195175 0
    outer loop
      vertex 56.3107 30.3132 5.6
      vertex 56.3426 30.4735 -4.4
      vertex 56.3426 30.4735 5.6
    endloop
  endfacet
  facet normal 0.980768 -0.195175 0
    outer loop
      vertex 56.3426 30.4735 -4.4
      vertex 56.3107 30.3132 5.6
      vertex 56.3107 30.3132 -4.4
    endloop
  endfacet
  facet normal -0.831674 0.555265 0
    outer loop
      vertex 58.5417 29.389 -4.4
      vertex 58.6325 29.525 5.6
      vertex 58.6325 29.525 -4.4
    endloop
  endfacet
  facet normal -0.831674 0.555265 0
    outer loop
      vertex 58.6325 29.525 5.6
      vertex 58.5417 29.389 -4.4
      vertex 58.5417 29.389 5.6
    endloop
  endfacet
  facet normal -0.896861 0.442313 0
    outer loop
      vertex 58.6325 29.525 -4.4
      vertex 58.7048 29.6716 5.6
      vertex 58.7048 29.6716 -4.4
    endloop
  endfacet
  facet normal -0.896861 0.442313 0
    outer loop
      vertex 58.7048 29.6716 5.6
      vertex 58.6325 29.525 -4.4
      vertex 58.6325 29.525 5.6
    endloop
  endfacet
  facet normal 0.0654233 0.997858 -0
    outer loop
      vertex 57.55 28.9 -4.4
      vertex 57.3868 28.9107 5.6
      vertex 57.55 28.9 5.6
    endloop
  endfacet
  facet normal 0.0654233 0.997858 0
    outer loop
      vertex 57.3868 28.9107 5.6
      vertex 57.55 28.9 -4.4
      vertex 57.3868 28.9107 -4.4
    endloop
  endfacet
  facet normal 0.997858 0.0654233 0
    outer loop
      vertex 56.3107 29.9868 5.6
      vertex 56.3 30.15 -4.4
      vertex 56.3 30.15 5.6
    endloop
  endfacet
  facet normal 0.997858 0.0654233 0
    outer loop
      vertex 56.3 30.15 -4.4
      vertex 56.3107 29.9868 5.6
      vertex 56.3107 29.9868 -4.4
    endloop
  endfacet
  facet normal 0.947082 0.320993 0
    outer loop
      vertex 56.3951 29.6716 5.6
      vertex 56.3426 29.8265 -4.4
      vertex 56.3426 29.8265 5.6
    endloop
  endfacet
  facet normal 0.947082 0.320993 0
    outer loop
      vertex 56.3426 29.8265 -4.4
      vertex 56.3951 29.6716 5.6
      vertex 56.3951 29.6716 -4.4
    endloop
  endfacet
  facet normal 0.75178 0.659414 0
    outer loop
      vertex 56.6661 29.2661 5.6
      vertex 56.5583 29.389 -4.4
      vertex 56.5583 29.389 5.6
    endloop
  endfacet
  facet normal 0.75178 0.659414 0
    outer loop
      vertex 56.5583 29.389 -4.4
      vertex 56.6661 29.2661 5.6
      vertex 56.6661 29.2661 -4.4
    endloop
  endfacet
  facet normal -0.442313 0.896861 0
    outer loop
      vertex 58.175 29.0675 -4.4
      vertex 58.0284 28.9952 5.6
      vertex 58.175 29.0675 5.6
    endloop
  endfacet
  facet normal -0.442313 0.896861 0
    outer loop
      vertex 58.0284 28.9952 5.6
      vertex 58.175 29.0675 -4.4
      vertex 58.0284 28.9952 -4.4
    endloop
  endfacet
  facet normal -0.321541 0.946896 0
    outer loop
      vertex 58.0284 28.9952 -4.4
      vertex 57.8735 28.9426 5.6
      vertex 58.0284 28.9952 5.6
    endloop
  endfacet
  facet normal -0.321541 0.946896 0
    outer loop
      vertex 57.8735 28.9426 5.6
      vertex 58.0284 28.9952 -4.4
      vertex 57.8735 28.9426 -4.4
    endloop
  endfacet
  facet normal -0.659414 0.75178 0
    outer loop
      vertex 58.4339 29.2661 -4.4
      vertex 58.311 29.1583 5.6
      vertex 58.4339 29.2661 5.6
    endloop
  endfacet
  facet normal -0.659414 0.75178 0
    outer loop
      vertex 58.311 29.1583 5.6
      vertex 58.4339 29.2661 -4.4
      vertex 58.311 29.1583 -4.4
    endloop
  endfacet
  facet normal -0.555265 0.831674 0
    outer loop
      vertex 58.311 29.1583 -4.4
      vertex 58.175 29.0675 5.6
      vertex 58.311 29.1583 5.6
    endloop
  endfacet
  facet normal -0.555265 0.831674 0
    outer loop
      vertex 58.175 29.0675 5.6
      vertex 58.311 29.1583 -4.4
      vertex 58.175 29.0675 -4.4
    endloop
  endfacet
  facet normal -0.0654233 0.997858 0
    outer loop
      vertex 57.7132 28.9107 -4.4
      vertex 57.55 28.9 5.6
      vertex 57.7132 28.9107 5.6
    endloop
  endfacet
  facet normal -0.0654233 0.997858 0
    outer loop
      vertex 57.55 28.9 5.6
      vertex 57.7132 28.9107 -4.4
      vertex 57.55 28.9 -4.4
    endloop
  endfacet
  facet normal 0.442313 0.896861 -0
    outer loop
      vertex 57.0716 28.9952 -4.4
      vertex 56.925 29.0675 5.6
      vertex 57.0716 28.9952 5.6
    endloop
  endfacet
  facet normal 0.442313 0.896861 0
    outer loop
      vertex 56.925 29.0675 5.6
      vertex 57.0716 28.9952 -4.4
      vertex 56.925 29.0675 -4.4
    endloop
  endfacet
  facet normal 0.321541 0.946896 -0
    outer loop
      vertex 57.2265 28.9426 -4.4
      vertex 57.0716 28.9952 5.6
      vertex 57.2265 28.9426 5.6
    endloop
  endfacet
  facet normal 0.321541 0.946896 0
    outer loop
      vertex 57.0716 28.9952 5.6
      vertex 57.2265 28.9426 -4.4
      vertex 57.0716 28.9952 -4.4
    endloop
  endfacet
  facet normal 0.980768 0.195175 0
    outer loop
      vertex 56.3426 29.8265 5.6
      vertex 56.3107 29.9868 -4.4
      vertex 56.3107 29.9868 5.6
    endloop
  endfacet
  facet normal 0.980768 0.195175 0
    outer loop
      vertex 56.3107 29.9868 -4.4
      vertex 56.3426 29.8265 5.6
      vertex 56.3426 29.8265 -4.4
    endloop
  endfacet
  facet normal -0.75178 0.659414 0
    outer loop
      vertex 58.4339 29.2661 -4.4
      vertex 58.5417 29.389 5.6
      vertex 58.5417 29.389 -4.4
    endloop
  endfacet
  facet normal -0.75178 0.659414 0
    outer loop
      vertex 58.5417 29.389 5.6
      vertex 58.4339 29.2661 -4.4
      vertex 58.4339 29.2661 5.6
    endloop
  endfacet
  facet normal 0.555265 0.831674 -0
    outer loop
      vertex 56.925 29.0675 -4.4
      vertex 56.789 29.1583 5.6
      vertex 56.925 29.0675 5.6
    endloop
  endfacet
  facet normal 0.555265 0.831674 0
    outer loop
      vertex 56.789 29.1583 5.6
      vertex 56.925 29.0675 -4.4
      vertex 56.789 29.1583 -4.4
    endloop
  endfacet
  facet normal 0.195175 0.980768 -0
    outer loop
      vertex 57.3868 28.9107 -4.4
      vertex 57.2265 28.9426 5.6
      vertex 57.3868 28.9107 5.6
    endloop
  endfacet
  facet normal 0.195175 0.980768 0
    outer loop
      vertex 57.2265 28.9426 5.6
      vertex 57.3868 28.9107 -4.4
      vertex 57.2265 28.9426 -4.4
    endloop
  endfacet
  facet normal -0.896872 -0.44229 0
    outer loop
      vertex -2.04515 -2.92165 -6
      vertex -2.11747 -2.775 5.6
      vertex -2.11747 -2.775 -6
    endloop
  endfacet
  facet normal -0.896872 -0.44229 0
    outer loop
      vertex -2.11747 -2.775 5.6
      vertex -2.04515 -2.92165 -6
      vertex -2.04515 -2.92165 5.6
    endloop
  endfacet
  facet normal 0.946926 -0.321452 0
    outer loop
      vertex -4.40741 -3.07648 5.6
      vertex -4.35485 -2.92165 -6
      vertex -4.35485 -2.92165 5.6
    endloop
  endfacet
  facet normal 0.946926 -0.321452 0
    outer loop
      vertex -4.35485 -2.92165 -6
      vertex -4.40741 -3.07648 5.6
      vertex -4.40741 -3.07648 -6
    endloop
  endfacet
  facet normal -0.831466 -0.555575 0
    outer loop
      vertex -2.11747 -2.775 -6
      vertex -2.20831 -2.63905 5.6
      vertex -2.20831 -2.63905 -6
    endloop
  endfacet
  facet normal -0.831466 -0.555575 0
    outer loop
      vertex -2.20831 -2.63905 5.6
      vertex -2.11747 -2.775 -6
      vertex -2.11747 -2.775 5.6
    endloop
  endfacet
  facet normal -0.195105 -0.980782 0
    outer loop
      vertex -3.03684 -2.16069 -6
      vertex -2.87648 -2.19259 5.6
      vertex -3.03684 -2.16069 5.6
    endloop
  endfacet
  facet normal -0.195105 -0.980782 -0
    outer loop
      vertex -2.87648 -2.19259 5.6
      vertex -3.03684 -2.16069 -6
      vertex -2.87648 -2.19259 -6
    endloop
  endfacet
  facet normal -0.321452 -0.946926 0
    outer loop
      vertex -2.87648 -2.19259 -6
      vertex -2.72165 -2.24515 5.6
      vertex -2.87648 -2.19259 5.6
    endloop
  endfacet
  facet normal -0.321452 -0.946926 -0
    outer loop
      vertex -2.72165 -2.24515 5.6
      vertex -2.87648 -2.19259 -6
      vertex -2.72165 -2.24515 -6
    endloop
  endfacet
  facet normal 0.44229 -0.896872 0
    outer loop
      vertex -3.825 -2.31747 -6
      vertex -3.67835 -2.24515 5.6
      vertex -3.825 -2.31747 5.6
    endloop
  endfacet
  facet normal 0.44229 -0.896872 0
    outer loop
      vertex -3.67835 -2.24515 5.6
      vertex -3.825 -2.31747 -6
      vertex -3.67835 -2.24515 -6
    endloop
  endfacet
  facet normal 0.896872 -0.44229 0
    outer loop
      vertex -4.35485 -2.92165 5.6
      vertex -4.28253 -2.775 -6
      vertex -4.28253 -2.775 5.6
    endloop
  endfacet
  facet normal 0.896872 -0.44229 0
    outer loop
      vertex -4.28253 -2.775 -6
      vertex -4.35485 -2.92165 5.6
      vertex -4.35485 -2.92165 -6
    endloop
  endfacet
  facet normal -0.997861 0.0653783 0
    outer loop
      vertex -1.96069 -3.56316 -6
      vertex -1.95 -3.4 5.6
      vertex -1.95 -3.4 -6
    endloop
  endfacet
  facet normal -0.997861 0.0653783 0
    outer loop
      vertex -1.95 -3.4 5.6
      vertex -1.96069 -3.56316 -6
      vertex -1.96069 -3.56316 5.6
    endloop
  endfacet
  facet normal -0.555575 -0.831466 0
    outer loop
      vertex -2.575 -2.31747 -6
      vertex -2.43905 -2.40831 5.6
      vertex -2.575 -2.31747 5.6
    endloop
  endfacet
  facet normal -0.555575 -0.831466 -0
    outer loop
      vertex -2.43905 -2.40831 5.6
      vertex -2.575 -2.31747 -6
      vertex -2.43905 -2.40831 -6
    endloop
  endfacet
  facet normal 0.831466 -0.555575 0
    outer loop
      vertex -4.28253 -2.775 5.6
      vertex -4.19169 -2.63905 -6
      vertex -4.19169 -2.63905 5.6
    endloop
  endfacet
  facet normal 0.831466 -0.555575 0
    outer loop
      vertex -4.19169 -2.63905 -6
      vertex -4.28253 -2.775 5.6
      vertex -4.28253 -2.775 -6
    endloop
  endfacet
  facet normal 0.321452 -0.946926 0
    outer loop
      vertex -3.67835 -2.24515 -6
      vertex -3.52352 -2.19259 5.6
      vertex -3.67835 -2.24515 5.6
    endloop
  endfacet
  facet normal 0.321452 -0.946926 0
    outer loop
      vertex -3.52352 -2.19259 5.6
      vertex -3.67835 -2.24515 -6
      vertex -3.52352 -2.19259 -6
    endloop
  endfacet
  facet normal 0.75183 -0.659357 0
    outer loop
      vertex -4.19169 -2.63905 5.6
      vertex -4.08388 -2.51612 -6
      vertex -4.08388 -2.51612 5.6
    endloop
  endfacet
  facet normal 0.75183 -0.659357 0
    outer loop
      vertex -4.08388 -2.51612 -6
      vertex -4.19169 -2.63905 5.6
      vertex -4.19169 -2.63905 -6
    endloop
  endfacet
  facet normal -0.946926 0.321452 0
    outer loop
      vertex -2.04515 -3.87835 -6
      vertex -1.99259 -3.72352 5.6
      vertex -1.99259 -3.72352 -6
    endloop
  endfacet
  facet normal -0.946926 0.321452 0
    outer loop
      vertex -1.99259 -3.72352 5.6
      vertex -2.04515 -3.87835 -6
      vertex -2.04515 -3.87835 5.6
    endloop
  endfacet
  facet normal 0.659357 0.75183 -0
    outer loop
      vertex -3.96095 -4.39169 -6
      vertex -4.08388 -4.28388 5.6
      vertex -3.96095 -4.39169 5.6
    endloop
  endfacet
  facet normal 0.659357 0.75183 0
    outer loop
      vertex -4.08388 -4.28388 5.6
      vertex -3.96095 -4.39169 -6
      vertex -4.08388 -4.28388 -6
    endloop
  endfacet
  facet normal 0.896872 0.44229 0
    outer loop
      vertex -4.28253 -4.025 5.6
      vertex -4.35485 -3.87835 -6
      vertex -4.35485 -3.87835 5.6
    endloop
  endfacet
  facet normal 0.896872 0.44229 0
    outer loop
      vertex -4.35485 -3.87835 -6
      vertex -4.28253 -4.025 5.6
      vertex -4.28253 -4.025 -6
    endloop
  endfacet
  facet normal -0.946926 -0.321452 0
    outer loop
      vertex -1.99259 -3.07648 -6
      vertex -2.04515 -2.92165 5.6
      vertex -2.04515 -2.92165 -6
    endloop
  endfacet
  facet normal -0.946926 -0.321452 0
    outer loop
      vertex -2.04515 -2.92165 5.6
      vertex -1.99259 -3.07648 -6
      vertex -1.99259 -3.07648 5.6
    endloop
  endfacet
  facet normal -0.659357 -0.75183 0
    outer loop
      vertex -2.43905 -2.40831 -6
      vertex -2.31612 -2.51612 5.6
      vertex -2.43905 -2.40831 5.6
    endloop
  endfacet
  facet normal -0.659357 -0.75183 -0
    outer loop
      vertex -2.31612 -2.51612 5.6
      vertex -2.43905 -2.40831 -6
      vertex -2.31612 -2.51612 -6
    endloop
  endfacet
  facet normal 0.0653783 -0.997861 0
    outer loop
      vertex -3.36316 -2.16069 -6
      vertex -3.2 -2.15 5.6
      vertex -3.36316 -2.16069 5.6
    endloop
  endfacet
  facet normal 0.0653783 -0.997861 0
    outer loop
      vertex -3.2 -2.15 5.6
      vertex -3.36316 -2.16069 -6
      vertex -3.2 -2.15 -6
    endloop
  endfacet
  facet normal -0.44229 -0.896872 0
    outer loop
      vertex -2.72165 -2.24515 -6
      vertex -2.575 -2.31747 5.6
      vertex -2.72165 -2.24515 5.6
    endloop
  endfacet
  facet normal -0.44229 -0.896872 -0
    outer loop
      vertex -2.575 -2.31747 5.6
      vertex -2.72165 -2.24515 -6
      vertex -2.575 -2.31747 -6
    endloop
  endfacet
  facet normal 0.997861 -0.0653783 0
    outer loop
      vertex -4.45 -3.4 5.6
      vertex -4.43931 -3.23684 -6
      vertex -4.43931 -3.23684 5.6
    endloop
  endfacet
  facet normal 0.997861 -0.0653783 0
    outer loop
      vertex -4.43931 -3.23684 -6
      vertex -4.45 -3.4 5.6
      vertex -4.45 -3.4 -6
    endloop
  endfacet
  facet normal 0.195105 -0.980782 0
    outer loop
      vertex -3.52352 -2.19259 -6
      vertex -3.36316 -2.16069 5.6
      vertex -3.52352 -2.19259 5.6
    endloop
  endfacet
  facet normal 0.195105 -0.980782 0
    outer loop
      vertex -3.36316 -2.16069 5.6
      vertex -3.52352 -2.19259 -6
      vertex -3.36316 -2.16069 -6
    endloop
  endfacet
  facet normal 0.659357 -0.75183 0
    outer loop
      vertex -4.08388 -2.51612 -6
      vertex -3.96095 -2.40831 5.6
      vertex -4.08388 -2.51612 5.6
    endloop
  endfacet
  facet normal 0.659357 -0.75183 0
    outer loop
      vertex -3.96095 -2.40831 5.6
      vertex -4.08388 -2.51612 -6
      vertex -3.96095 -2.40831 -6
    endloop
  endfacet
  facet normal 0.555575 -0.831466 0
    outer loop
      vertex -3.96095 -2.40831 -6
      vertex -3.825 -2.31747 5.6
      vertex -3.96095 -2.40831 5.6
    endloop
  endfacet
  facet normal 0.555575 -0.831466 0
    outer loop
      vertex -3.825 -2.31747 5.6
      vertex -3.96095 -2.40831 -6
      vertex -3.825 -2.31747 -6
    endloop
  endfacet
  facet normal -0.997861 -0.0653783 0
    outer loop
      vertex -1.95 -3.4 -6
      vertex -1.96069 -3.23684 5.6
      vertex -1.96069 -3.23684 -6
    endloop
  endfacet
  facet normal -0.997861 -0.0653783 0
    outer loop
      vertex -1.96069 -3.23684 5.6
      vertex -1.95 -3.4 -6
      vertex -1.95 -3.4 5.6
    endloop
  endfacet
  facet normal -0.980782 0.195105 0
    outer loop
      vertex -1.99259 -3.72352 -6
      vertex -1.96069 -3.56316 5.6
      vertex -1.96069 -3.56316 -6
    endloop
  endfacet
  facet normal -0.980782 0.195105 0
    outer loop
      vertex -1.96069 -3.56316 5.6
      vertex -1.99259 -3.72352 -6
      vertex -1.99259 -3.72352 5.6
    endloop
  endfacet
  facet normal 0.831466 0.555575 0
    outer loop
      vertex -4.19169 -4.16095 5.6
      vertex -4.28253 -4.025 -6
      vertex -4.28253 -4.025 5.6
    endloop
  endfacet
  facet normal 0.831466 0.555575 0
    outer loop
      vertex -4.28253 -4.025 -6
      vertex -4.19169 -4.16095 5.6
      vertex -4.19169 -4.16095 -6
    endloop
  endfacet
  facet normal -0.195105 0.980782 0
    outer loop
      vertex -2.87648 -4.60741 -6
      vertex -3.03684 -4.63931 5.6
      vertex -2.87648 -4.60741 5.6
    endloop
  endfacet
  facet normal -0.195105 0.980782 0
    outer loop
      vertex -3.03684 -4.63931 5.6
      vertex -2.87648 -4.60741 -6
      vertex -3.03684 -4.63931 -6
    endloop
  endfacet
  facet normal -0.44229 0.896872 0
    outer loop
      vertex -2.575 -4.48253 -6
      vertex -2.72165 -4.55485 5.6
      vertex -2.575 -4.48253 5.6
    endloop
  endfacet
  facet normal -0.44229 0.896872 0
    outer loop
      vertex -2.72165 -4.55485 5.6
      vertex -2.575 -4.48253 -6
      vertex -2.72165 -4.55485 -6
    endloop
  endfacet
  facet normal -0.980782 -0.195105 0
    outer loop
      vertex -1.96069 -3.23684 -6
      vertex -1.99259 -3.07648 5.6
      vertex -1.99259 -3.07648 -6
    endloop
  endfacet
  facet normal -0.980782 -0.195105 0
    outer loop
      vertex -1.99259 -3.07648 5.6
      vertex -1.96069 -3.23684 -6
      vertex -1.96069 -3.23684 5.6
    endloop
  endfacet
  facet normal -0.75183 -0.659357 0
    outer loop
      vertex -2.20831 -2.63905 -6
      vertex -2.31612 -2.51612 5.6
      vertex -2.31612 -2.51612 -6
    endloop
  endfacet
  facet normal -0.75183 -0.659357 0
    outer loop
      vertex -2.31612 -2.51612 5.6
      vertex -2.20831 -2.63905 -6
      vertex -2.20831 -2.63905 5.6
    endloop
  endfacet
  facet normal -0.0653783 -0.997861 0
    outer loop
      vertex -3.2 -2.15 -6
      vertex -3.03684 -2.16069 5.6
      vertex -3.2 -2.15 5.6
    endloop
  endfacet
  facet normal -0.0653783 -0.997861 -0
    outer loop
      vertex -3.03684 -2.16069 5.6
      vertex -3.2 -2.15 -6
      vertex -3.03684 -2.16069 -6
    endloop
  endfacet
  facet normal 0 0 -1
    outer loop
      vertex -1.96069 -3.56316 5.6
      vertex -1.96069 -3.23684 5.6
      vertex -1.95 -3.4 5.6
    endloop
  endfacet
  facet normal 0 0 -1
    outer loop
      vertex -1.99259 -3.72352 5.6
      vertex -1.96069 -3.23684 5.6
      vertex -1.96069 -3.56316 5.6
    endloop
  endfacet
  facet normal 0 0 -1
    outer loop
      vertex -1.99259 -3.72352 5.6
      vertex -1.99259 -3.07648 5.6
      vertex -1.96069 -3.23684 5.6
    endloop
  endfacet
  facet normal 0 0 -1
    outer loop
      vertex -2.04515 -3.87835 5.6
      vertex -1.99259 -3.07648 5.6
      vertex -1.99259 -3.72352 5.6
    endloop
  endfacet
  facet normal 0 0 -1
    outer loop
      vertex -2.04515 -3.87835 5.6
      vertex -2.04515 -2.92165 5.6
      vertex -1.99259 -3.07648 5.6
    endloop
  endfacet
  facet normal 0 0 -1
    outer loop
      vertex -2.11747 -4.025 5.6
      vertex -2.04515 -2.92165 5.6
      vertex -2.04515 -3.87835 5.6
    endloop
  endfacet
  facet normal 0 0 -1
    outer loop
      vertex -2.11747 -4.025 5.6
      vertex -2.11747 -2.775 5.6
      vertex -2.04515 -2.92165 5.6
    endloop
  endfacet
  facet normal 0 0 -1
    outer loop
      vertex -2.20831 -4.16095 5.6
      vertex -2.11747 -2.775 5.6
      vertex -2.11747 -4.025 5.6
    endloop
  endfacet
  facet normal 0 0 -1
    outer loop
      vertex -2.20831 -4.16095 5.6
      vertex -2.20831 -2.63905 5.6
      vertex -2.11747 -2.775 5.6
    endloop
  endfacet
  facet normal 0 0 -1
    outer loop
      vertex -2.31612 -4.28388 5.6
      vertex -2.20831 -2.63905 5.6
      vertex -2.20831 -4.16095 5.6
    endloop
  endfacet
  facet normal 0 0 -1
    outer loop
      vertex -2.31612 -4.28388 5.6
      vertex -2.31612 -2.51612 5.6
      vertex -2.20831 -2.63905 5.6
    endloop
  endfacet
  facet normal 0 0 -1
    outer loop
      vertex -2.43905 -4.39169 5.6
      vertex -2.31612 -2.51612 5.6
      vertex -2.31612 -4.28388 5.6
    endloop
  endfacet
  facet normal 0 0 -1
    outer loop
      vertex -2.43905 -4.39169 5.6
      vertex -2.43905 -2.40831 5.6
      vertex -2.31612 -2.51612 5.6
    endloop
  endfacet
  facet normal 0 0 -1
    outer loop
      vertex -2.575 -4.48253 5.6
      vertex -2.43905 -2.40831 5.6
      vertex -2.43905 -4.39169 5.6
    endloop
  endfacet
  facet normal 0 0 -1
    outer loop
      vertex -2.575 -4.48253 5.6
      vertex -2.575 -2.31747 5.6
      vertex -2.43905 -2.40831 5.6
    endloop
  endfacet
  facet normal 0 0 -1
    outer loop
      vertex -2.72165 -4.55485 5.6
      vertex -2.575 -2.31747 5.6
      vertex -2.575 -4.48253 5.6
    endloop
  endfacet
  facet normal 0 0 -1
    outer loop
      vertex -2.72165 -4.55485 5.6
      vertex -2.72165 -2.24515 5.6
      vertex -2.575 -2.31747 5.6
    endloop
  endfacet
  facet normal 0 0 -1
    outer loop
      vertex -2.87648 -4.60741 5.6
      vertex -2.72165 -2.24515 5.6
      vertex -2.72165 -4.55485 5.6
    endloop
  endfacet
  facet normal 0 0 -1
    outer loop
      vertex -2.87648 -4.60741 5.6
      vertex -2.87648 -2.19259 5.6
      vertex -2.72165 -2.24515 5.6
    endloop
  endfacet
  facet normal 0 0 -1
    outer loop
      vertex -3.03684 -4.63931 5.6
      vertex -2.87648 -2.19259 5.6
      vertex -2.87648 -4.60741 5.6
    endloop
  endfacet
  facet normal 0 0 -1
    outer loop
      vertex -3.03684 -4.63931 5.6
      vertex -3.03684 -2.16069 5.6
      vertex -2.87648 -2.19259 5.6
    endloop
  endfacet
  facet normal 0 0 -1
    outer loop
      vertex -3.2 -4.65 5.6
      vertex -3.03684 -2.16069 5.6
      vertex -3.03684 -4.63931 5.6
    endloop
  endfacet
  facet normal 0 0 -1
    outer loop
      vertex -3.2 -4.65 5.6
      vertex -3.2 -2.15 5.6
      vertex -3.03684 -2.16069 5.6
    endloop
  endfacet
  facet normal 0 0 -1
    outer loop
      vertex -3.36316 -4.63931 5.6
      vertex -3.2 -2.15 5.6
      vertex -3.2 -4.65 5.6
    endloop
  endfacet
  facet normal 0 0 -1
    outer loop
      vertex -3.36316 -4.63931 5.6
      vertex -3.36316 -2.16069 5.6
      vertex -3.2 -2.15 5.6
    endloop
  endfacet
  facet normal 0 0 -1
    outer loop
      vertex -3.52352 -4.60741 5.6
      vertex -3.36316 -2.16069 5.6
      vertex -3.36316 -4.63931 5.6
    endloop
  endfacet
  facet normal 0 0 -1
    outer loop
      vertex -3.52352 -4.60741 5.6
      vertex -3.52352 -2.19259 5.6
      vertex -3.36316 -2.16069 5.6
    endloop
  endfacet
  facet normal 0 0 -1
    outer loop
      vertex -3.67835 -4.55485 5.6
      vertex -3.52352 -2.19259 5.6
      vertex -3.52352 -4.60741 5.6
    endloop
  endfacet
  facet normal 0 0 -1
    outer loop
      vertex -3.67835 -4.55485 5.6
      vertex -3.67835 -2.24515 5.6
      vertex -3.52352 -2.19259 5.6
    endloop
  endfacet
  facet normal 0 0 -1
    outer loop
      vertex -3.825 -4.48253 5.6
      vertex -3.67835 -2.24515 5.6
      vertex -3.67835 -4.55485 5.6
    endloop
  endfacet
  facet normal 0 0 -1
    outer loop
      vertex -3.825 -4.48253 5.6
      vertex -3.825 -2.31747 5.6
      vertex -3.67835 -2.24515 5.6
    endloop
  endfacet
  facet normal 0 0 -1
    outer loop
      vertex -3.96095 -4.39169 5.6
      vertex -3.825 -2.31747 5.6
      vertex -3.825 -4.48253 5.6
    endloop
  endfacet
  facet normal 0 0 -1
    outer loop
      vertex -3.96095 -4.39169 5.6
      vertex -3.96095 -2.40831 5.6
      vertex -3.825 -2.31747 5.6
    endloop
  endfacet
  facet normal 0 0 -1
    outer loop
      vertex -4.08388 -4.28388 5.6
      vertex -3.96095 -2.40831 5.6
      vertex -3.96095 -4.39169 5.6
    endloop
  endfacet
  facet normal 0 0 -1
    outer loop
      vertex -4.08388 -4.28388 5.6
      vertex -4.08388 -2.51612 5.6
      vertex -3.96095 -2.40831 5.6
    endloop
  endfacet
  facet normal 0 0 -1
    outer loop
      vertex -4.19169 -4.16095 5.6
      vertex -4.08388 -2.51612 5.6
      vertex -4.08388 -4.28388 5.6
    endloop
  endfacet
  facet normal 0 0 -1
    outer loop
      vertex -4.19169 -4.16095 5.6
      vertex -4.19169 -2.63905 5.6
      vertex -4.08388 -2.51612 5.6
    endloop
  endfacet
  facet normal 0 0 -1
    outer loop
      vertex -4.28253 -4.025 5.6
      vertex -4.19169 -2.63905 5.6
      vertex -4.19169 -4.16095 5.6
    endloop
  endfacet
  facet normal 0 0 -1
    outer loop
      vertex -4.28253 -4.025 5.6
      vertex -4.28253 -2.775 5.6
      vertex -4.19169 -2.63905 5.6
    endloop
  endfacet
  facet normal 0 0 -1
    outer loop
      vertex -4.35485 -3.87835 5.6
      vertex -4.28253 -2.775 5.6
      vertex -4.28253 -4.025 5.6
    endloop
  endfacet
  facet normal 0 0 -1
    outer loop
      vertex -4.35485 -3.87835 5.6
      vertex -4.35485 -2.92165 5.6
      vertex -4.28253 -2.775 5.6
    endloop
  endfacet
  facet normal 0 0 -1
    outer loop
      vertex -4.40741 -3.72352 5.6
      vertex -4.35485 -2.92165 5.6
      vertex -4.35485 -3.87835 5.6
    endloop
  endfacet
  facet normal 0 0 -1
    outer loop
      vertex -4.40741 -3.72352 5.6
      vertex -4.40741 -3.07648 5.6
      vertex -4.35485 -2.92165 5.6
    endloop
  endfacet
  facet normal 0 0 -1
    outer loop
      vertex -4.43931 -3.56316 5.6
      vertex -4.40741 -3.07648 5.6
      vertex -4.40741 -3.72352 5.6
    endloop
  endfacet
  facet normal 0 0 -1
    outer loop
      vertex -4.43931 -3.56316 5.6
      vertex -4.43931 -3.23684 5.6
      vertex -4.40741 -3.07648 5.6
    endloop
  endfacet
  facet normal 0 -0 -1
    outer loop
      vertex -4.43931 -3.23684 5.6
      vertex -4.43931 -3.56316 5.6
      vertex -4.45 -3.4 5.6
    endloop
  endfacet
  facet normal 0.980782 -0.195105 0
    outer loop
      vertex -4.43931 -3.23684 5.6
      vertex -4.40741 -3.07648 -6
      vertex -4.40741 -3.07648 5.6
    endloop
  endfacet
  facet normal 0.980782 -0.195105 0
    outer loop
      vertex -4.40741 -3.07648 -6
      vertex -4.43931 -3.23684 5.6
      vertex -4.43931 -3.23684 -6
    endloop
  endfacet
  facet normal -0.831466 0.555575 0
    outer loop
      vertex -2.20831 -4.16095 -6
      vertex -2.11747 -4.025 5.6
      vertex -2.11747 -4.025 -6
    endloop
  endfacet
  facet normal -0.831466 0.555575 0
    outer loop
      vertex -2.11747 -4.025 5.6
      vertex -2.20831 -4.16095 -6
      vertex -2.20831 -4.16095 5.6
    endloop
  endfacet
  facet normal 0.0653783 0.997861 -0
    outer loop
      vertex -3.2 -4.65 -6
      vertex -3.36316 -4.63931 5.6
      vertex -3.2 -4.65 5.6
    endloop
  endfacet
  facet normal 0.0653783 0.997861 0
    outer loop
      vertex -3.36316 -4.63931 5.6
      vertex -3.2 -4.65 -6
      vertex -3.36316 -4.63931 -6
    endloop
  endfacet
  facet normal 0.997861 0.0653783 0
    outer loop
      vertex -4.43931 -3.56316 5.6
      vertex -4.45 -3.4 -6
      vertex -4.45 -3.4 5.6
    endloop
  endfacet
  facet normal 0.997861 0.0653783 0
    outer loop
      vertex -4.45 -3.4 -6
      vertex -4.43931 -3.56316 5.6
      vertex -4.43931 -3.56316 -6
    endloop
  endfacet
  facet normal 0.946926 0.321452 0
    outer loop
      vertex -4.35485 -3.87835 5.6
      vertex -4.40741 -3.72352 -6
      vertex -4.40741 -3.72352 5.6
    endloop
  endfacet
  facet normal 0.946926 0.321452 0
    outer loop
      vertex -4.40741 -3.72352 -6
      vertex -4.35485 -3.87835 5.6
      vertex -4.35485 -3.87835 -6
    endloop
  endfacet
  facet normal 0.75183 0.659357 0
    outer loop
      vertex -4.08388 -4.28388 5.6
      vertex -4.19169 -4.16095 -6
      vertex -4.19169 -4.16095 5.6
    endloop
  endfacet
  facet normal 0.75183 0.659357 0
    outer loop
      vertex -4.19169 -4.16095 -6
      vertex -4.08388 -4.28388 5.6
      vertex -4.08388 -4.28388 -6
    endloop
  endfacet
  facet normal -0.321452 0.946926 0
    outer loop
      vertex -2.72165 -4.55485 -6
      vertex -2.87648 -4.60741 5.6
      vertex -2.72165 -4.55485 5.6
    endloop
  endfacet
  facet normal -0.321452 0.946926 0
    outer loop
      vertex -2.87648 -4.60741 5.6
      vertex -2.72165 -4.55485 -6
      vertex -2.87648 -4.60741 -6
    endloop
  endfacet
  facet normal -0.659357 0.75183 0
    outer loop
      vertex -2.31612 -4.28388 -6
      vertex -2.43905 -4.39169 5.6
      vertex -2.31612 -4.28388 5.6
    endloop
  endfacet
  facet normal -0.659357 0.75183 0
    outer loop
      vertex -2.43905 -4.39169 5.6
      vertex -2.31612 -4.28388 -6
      vertex -2.43905 -4.39169 -6
    endloop
  endfacet
  facet normal -0.555575 0.831466 0
    outer loop
      vertex -2.43905 -4.39169 -6
      vertex -2.575 -4.48253 5.6
      vertex -2.43905 -4.39169 5.6
    endloop
  endfacet
  facet normal -0.555575 0.831466 0
    outer loop
      vertex -2.575 -4.48253 5.6
      vertex -2.43905 -4.39169 -6
      vertex -2.575 -4.48253 -6
    endloop
  endfacet
  facet normal -0.896872 0.44229 0
    outer loop
      vertex -2.11747 -4.025 -6
      vertex -2.04515 -3.87835 5.6
      vertex -2.04515 -3.87835 -6
    endloop
  endfacet
  facet normal -0.896872 0.44229 0
    outer loop
      vertex -2.04515 -3.87835 5.6
      vertex -2.11747 -4.025 -6
      vertex -2.11747 -4.025 5.6
    endloop
  endfacet
  facet normal -0.0653783 0.997861 0
    outer loop
      vertex -3.03684 -4.63931 -6
      vertex -3.2 -4.65 5.6
      vertex -3.03684 -4.63931 5.6
    endloop
  endfacet
  facet normal -0.0653783 0.997861 0
    outer loop
      vertex -3.2 -4.65 5.6
      vertex -3.03684 -4.63931 -6
      vertex -3.2 -4.65 -6
    endloop
  endfacet
  facet normal 0.44229 0.896872 -0
    outer loop
      vertex -3.67835 -4.55485 -6
      vertex -3.825 -4.48253 5.6
      vertex -3.67835 -4.55485 5.6
    endloop
  endfacet
  facet normal 0.44229 0.896872 0
    outer loop
      vertex -3.825 -4.48253 5.6
      vertex -3.67835 -4.55485 -6
      vertex -3.825 -4.48253 -6
    endloop
  endfacet
  facet normal 0.980782 0.195105 0
    outer loop
      vertex -4.40741 -3.72352 5.6
      vertex -4.43931 -3.56316 -6
      vertex -4.43931 -3.56316 5.6
    endloop
  endfacet
  facet normal 0.980782 0.195105 0
    outer loop
      vertex -4.43931 -3.56316 -6
      vertex -4.40741 -3.72352 5.6
      vertex -4.40741 -3.72352 -6
    endloop
  endfacet
  facet normal -0.75183 0.659357 0
    outer loop
      vertex -2.31612 -4.28388 -6
      vertex -2.20831 -4.16095 5.6
      vertex -2.20831 -4.16095 -6
    endloop
  endfacet
  facet normal -0.75183 0.659357 0
    outer loop
      vertex -2.20831 -4.16095 5.6
      vertex -2.31612 -4.28388 -6
      vertex -2.31612 -4.28388 5.6
    endloop
  endfacet
  facet normal 0.555575 0.831466 -0
    outer loop
      vertex -3.825 -4.48253 -6
      vertex -3.96095 -4.39169 5.6
      vertex -3.825 -4.48253 5.6
    endloop
  endfacet
  facet normal 0.555575 0.831466 0
    outer loop
      vertex -3.96095 -4.39169 5.6
      vertex -3.825 -4.48253 -6
      vertex -3.96095 -4.39169 -6
    endloop
  endfacet
  facet normal 0.195105 0.980782 -0
    outer loop
      vertex -3.36316 -4.63931 -6
      vertex -3.52352 -4.60741 5.6
      vertex -3.36316 -4.63931 5.6
    endloop
  endfacet
  facet normal 0.195105 0.980782 0
    outer loop
      vertex -3.52352 -4.60741 5.6
      vertex -3.36316 -4.63931 -6
      vertex -3.52352 -4.60741 -6
    endloop
  endfacet
  facet normal 0.321452 0.946926 -0
    outer loop
      vertex -3.52352 -4.60741 -6
      vertex -3.67835 -4.55485 5.6
      vertex -3.52352 -4.60741 5.6
    endloop
  endfacet
  facet normal 0.321452 0.946926 0
    outer loop
      vertex -3.67835 -4.55485 5.6
      vertex -3.52352 -4.60741 -6
      vertex -3.67835 -4.55485 -6
    endloop
  endfacet
  facet normal -0.896812 -0.442411 0
    outer loop
      vertex -2.04515 35.6784 -6
      vertex -2.11747 35.825 5.6
      vertex -2.11747 35.825 -6
    endloop
  endfacet
  facet normal -0.896812 -0.442411 0
    outer loop
      vertex -2.11747 35.825 5.6
      vertex -2.04515 35.6784 -6
      vertex -2.04515 35.6784 5.6
    endloop
  endfacet
  facet normal -0.831561 -0.555434 0
    outer loop
      vertex -2.11747 35.825 -6
      vertex -2.20831 35.961 5.6
      vertex -2.20831 35.961 -6
    endloop
  endfacet
  facet normal -0.831561 -0.555434 0
    outer loop
      vertex -2.20831 35.961 5.6
      vertex -2.11747 35.825 -6
      vertex -2.11747 35.825 5.6
    endloop
  endfacet
  facet normal -0.321123 -0.947038 0
    outer loop
      vertex -2.87648 36.4074 -6
      vertex -2.72165 36.3549 5.6
      vertex -2.87648 36.4074 5.6
    endloop
  endfacet
  facet normal -0.321123 -0.947038 -0
    outer loop
      vertex -2.72165 36.3549 5.6
      vertex -2.87648 36.4074 -6
      vertex -2.72165 36.3549 -6
    endloop
  endfacet
  facet normal 0.321123 -0.947038 0
    outer loop
      vertex -3.67835 36.3549 -6
      vertex -3.52352 36.4074 5.6
      vertex -3.67835 36.3549 5.6
    endloop
  endfacet
  facet normal 0.321123 -0.947038 0
    outer loop
      vertex -3.52352 36.4074 5.6
      vertex -3.67835 36.3549 -6
      vertex -3.52352 36.4074 -6
    endloop
  endfacet
  facet normal 0.896812 -0.442411 0
    outer loop
      vertex -4.35485 35.6784 5.6
      vertex -4.28253 35.825 -6
      vertex -4.28253 35.825 5.6
    endloop
  endfacet
  facet normal 0.896812 -0.442411 0
    outer loop
      vertex -4.28253 35.825 -6
      vertex -4.35485 35.6784 5.6
      vertex -4.35485 35.6784 -6
    endloop
  endfacet
  facet normal -0.659323 -0.75186 0
    outer loop
      vertex -2.43905 36.1917 -6
      vertex -2.31612 36.0839 5.6
      vertex -2.43905 36.1917 5.6
    endloop
  endfacet
  facet normal -0.659323 -0.75186 -0
    outer loop
      vertex -2.31612 36.0839 5.6
      vertex -2.43905 36.1917 -6
      vertex -2.31612 36.0839 -6
    endloop
  endfacet
  facet normal -0.0654392 -0.997857 0
    outer loop
      vertex -3.2 36.45 -6
      vertex -3.03684 36.4393 5.6
      vertex -3.2 36.45 5.6
    endloop
  endfacet
  facet normal -0.0654392 -0.997857 -0
    outer loop
      vertex -3.03684 36.4393 5.6
      vertex -3.2 36.45 -6
      vertex -3.03684 36.4393 -6
    endloop
  endfacet
  facet normal -0.555406 -0.831579 0
    outer loop
      vertex -2.575 36.2825 -6
      vertex -2.43905 36.1917 5.6
      vertex -2.575 36.2825 5.6
    endloop
  endfacet
  facet normal -0.555406 -0.831579 -0
    outer loop
      vertex -2.43905 36.1917 5.6
      vertex -2.575 36.2825 -6
      vertex -2.43905 36.1917 -6
    endloop
  endfacet
  facet normal 0.75175 -0.659448 0
    outer loop
      vertex -4.19169 35.961 5.6
      vertex -4.08388 36.0839 -6
      vertex -4.08388 36.0839 5.6
    endloop
  endfacet
  facet normal 0.75175 -0.659448 0
    outer loop
      vertex -4.08388 36.0839 -6
      vertex -4.19169 35.961 5.6
      vertex -4.19169 35.961 -6
    endloop
  endfacet
  facet normal 0.442683 -0.896678 0
    outer loop
      vertex -3.825 36.2825 -6
      vertex -3.67835 36.3549 5.6
      vertex -3.825 36.2825 5.6
    endloop
  endfacet
  facet normal 0.442683 -0.896678 0
    outer loop
      vertex -3.67835 36.3549 5.6
      vertex -3.825 36.2825 -6
      vertex -3.67835 36.3549 -6
    endloop
  endfacet
  facet normal 0.195105 -0.980782 0
    outer loop
      vertex -3.52352 36.4074 -6
      vertex -3.36316 36.4393 5.6
      vertex -3.52352 36.4074 5.6
    endloop
  endfacet
  facet normal 0.195105 -0.980782 0
    outer loop
      vertex -3.36316 36.4393 5.6
      vertex -3.52352 36.4074 -6
      vertex -3.36316 36.4393 -6
    endloop
  endfacet
  facet normal -0.94697 0.321322 0
    outer loop
      vertex -2.04515 34.7216 -6
      vertex -1.99259 34.8765 5.6
      vertex -1.99259 34.8765 -6
    endloop
  endfacet
  facet normal -0.94697 0.321322 0
    outer loop
      vertex -1.99259 34.8765 5.6
      vertex -2.04515 34.7216 -6
      vertex -2.04515 34.7216 5.6
    endloop
  endfacet
  facet normal 0.659323 0.75186 -0
    outer loop
      vertex -3.96095 34.2083 -6
      vertex -4.08388 34.3161 5.6
      vertex -3.96095 34.2083 5.6
    endloop
  endfacet
  facet normal 0.659323 0.75186 0
    outer loop
      vertex -4.08388 34.3161 5.6
      vertex -3.96095 34.2083 -6
      vertex -4.08388 34.3161 -6
    endloop
  endfacet
  facet normal 0.896812 0.442411 0
    outer loop
      vertex -4.28253 34.575 5.6
      vertex -4.35485 34.7216 -6
      vertex -4.35485 34.7216 5.6
    endloop
  endfacet
  facet normal 0.896812 0.442411 0
    outer loop
      vertex -4.35485 34.7216 -6
      vertex -4.28253 34.575 5.6
      vertex -4.28253 34.575 -6
    endloop
  endfacet
  facet normal -0.94697 -0.321322 0
    outer loop
      vertex -1.99259 35.5235 -6
      vertex -2.04515 35.6784 5.6
      vertex -2.04515 35.6784 -6
    endloop
  endfacet
  facet normal -0.94697 -0.321322 0
    outer loop
      vertex -2.04515 35.6784 5.6
      vertex -1.99259 35.5235 -6
      vertex -1.99259 35.5235 5.6
    endloop
  endfacet
  facet normal -0.75175 -0.659448 0
    outer loop
      vertex -2.20831 35.961 -6
      vertex -2.31612 36.0839 5.6
      vertex -2.31612 36.0839 -6
    endloop
  endfacet
  facet normal -0.75175 -0.659448 0
    outer loop
      vertex -2.31612 36.0839 5.6
      vertex -2.20831 35.961 -6
      vertex -2.20831 35.961 5.6
    endloop
  endfacet
  facet normal -0.195105 -0.980782 0
    outer loop
      vertex -3.03684 36.4393 -6
      vertex -2.87648 36.4074 5.6
      vertex -3.03684 36.4393 5.6
    endloop
  endfacet
  facet normal -0.195105 -0.980782 -0
    outer loop
      vertex -2.87648 36.4074 5.6
      vertex -3.03684 36.4393 -6
      vertex -2.87648 36.4074 -6
    endloop
  endfacet
  facet normal -0.442683 -0.896678 0
    outer loop
      vertex -2.72165 36.3549 -6
      vertex -2.575 36.2825 5.6
      vertex -2.72165 36.3549 5.6
    endloop
  endfacet
  facet normal -0.442683 -0.896678 -0
    outer loop
      vertex -2.575 36.2825 5.6
      vertex -2.72165 36.3549 -6
      vertex -2.575 36.2825 -6
    endloop
  endfacet
  facet normal 0.997862 -0.0653624 0
    outer loop
      vertex -4.45 35.2 5.6
      vertex -4.43931 35.3632 -6
      vertex -4.43931 35.3632 5.6
    endloop
  endfacet
  facet normal 0.997862 -0.0653624 0
    outer loop
      vertex -4.43931 35.3632 -6
      vertex -4.45 35.2 5.6
      vertex -4.45 35.2 -6
    endloop
  endfacet
  facet normal 0.94697 -0.321322 0
    outer loop
      vertex -4.40741 35.5235 5.6
      vertex -4.35485 35.6784 -6
      vertex -4.35485 35.6784 5.6
    endloop
  endfacet
  facet normal 0.94697 -0.321322 0
    outer loop
      vertex -4.35485 35.6784 -6
      vertex -4.40741 35.5235 5.6
      vertex -4.40741 35.5235 -6
    endloop
  endfacet
  facet normal 0.831561 -0.555434 0
    outer loop
      vertex -4.28253 35.825 5.6
      vertex -4.19169 35.961 -6
      vertex -4.19169 35.961 5.6
    endloop
  endfacet
  facet normal 0.831561 -0.555434 0
    outer loop
      vertex -4.19169 35.961 -6
      vertex -4.28253 35.825 5.6
      vertex -4.28253 35.825 -6
    endloop
  endfacet
  facet normal 0.0654392 -0.997857 0
    outer loop
      vertex -3.36316 36.4393 -6
      vertex -3.2 36.45 5.6
      vertex -3.36316 36.4393 5.6
    endloop
  endfacet
  facet normal 0.0654392 -0.997857 0
    outer loop
      vertex -3.2 36.45 5.6
      vertex -3.36316 36.4393 -6
      vertex -3.2 36.45 -6
    endloop
  endfacet
  facet normal 0.555406 -0.831579 0
    outer loop
      vertex -3.96095 36.1917 -6
      vertex -3.825 36.2825 5.6
      vertex -3.96095 36.1917 5.6
    endloop
  endfacet
  facet normal 0.555406 -0.831579 0
    outer loop
      vertex -3.825 36.2825 5.6
      vertex -3.96095 36.1917 -6
      vertex -3.825 36.2825 -6
    endloop
  endfacet
  facet normal 0.659323 -0.75186 0
    outer loop
      vertex -4.08388 36.0839 -6
      vertex -3.96095 36.1917 5.6
      vertex -4.08388 36.0839 5.6
    endloop
  endfacet
  facet normal 0.659323 -0.75186 0
    outer loop
      vertex -3.96095 36.1917 5.6
      vertex -4.08388 36.0839 -6
      vertex -3.96095 36.1917 -6
    endloop
  endfacet
  facet normal -0.997862 -0.0653624 0
    outer loop
      vertex -1.95 35.2 -6
      vertex -1.96069 35.3632 5.6
      vertex -1.96069 35.3632 -6
    endloop
  endfacet
  facet normal -0.997862 -0.0653624 0
    outer loop
      vertex -1.96069 35.3632 5.6
      vertex -1.95 35.2 -6
      vertex -1.95 35.2 5.6
    endloop
  endfacet
  facet normal -0.997862 0.0653624 0
    outer loop
      vertex -1.96069 35.0368 -6
      vertex -1.95 35.2 5.6
      vertex -1.95 35.2 -6
    endloop
  endfacet
  facet normal -0.997862 0.0653624 0
    outer loop
      vertex -1.95 35.2 5.6
      vertex -1.96069 35.0368 -6
      vertex -1.96069 35.0368 5.6
    endloop
  endfacet
  facet normal -0.980768 0.195175 0
    outer loop
      vertex -1.99259 34.8765 -6
      vertex -1.96069 35.0368 5.6
      vertex -1.96069 35.0368 -6
    endloop
  endfacet
  facet normal -0.980768 0.195175 0
    outer loop
      vertex -1.96069 35.0368 5.6
      vertex -1.99259 34.8765 -6
      vertex -1.99259 34.8765 5.6
    endloop
  endfacet
  facet normal 0.831561 0.555434 0
    outer loop
      vertex -4.19169 34.439 5.6
      vertex -4.28253 34.575 -6
      vertex -4.28253 34.575 5.6
    endloop
  endfacet
  facet normal 0.831561 0.555434 0
    outer loop
      vertex -4.28253 34.575 -6
      vertex -4.19169 34.439 5.6
      vertex -4.19169 34.439 -6
    endloop
  endfacet
  facet normal -0.195105 0.980782 0
    outer loop
      vertex -2.87648 33.9926 -6
      vertex -3.03684 33.9607 5.6
      vertex -2.87648 33.9926 5.6
    endloop
  endfacet
  facet normal -0.195105 0.980782 0
    outer loop
      vertex -3.03684 33.9607 5.6
      vertex -2.87648 33.9926 -6
      vertex -3.03684 33.9607 -6
    endloop
  endfacet
  facet normal -0.442191 0.896921 0
    outer loop
      vertex -2.575 34.1175 -6
      vertex -2.72165 34.0452 5.6
      vertex -2.575 34.1175 5.6
    endloop
  endfacet
  facet normal -0.442191 0.896921 0
    outer loop
      vertex -2.72165 34.0452 5.6
      vertex -2.575 34.1175 -6
      vertex -2.72165 34.0452 -6
    endloop
  endfacet
  facet normal -0.980768 -0.195175 0
    outer loop
      vertex -1.96069 35.3632 -6
      vertex -1.99259 35.5235 5.6
      vertex -1.99259 35.5235 -6
    endloop
  endfacet
  facet normal -0.980768 -0.195175 0
    outer loop
      vertex -1.99259 35.5235 5.6
      vertex -1.96069 35.3632 -6
      vertex -1.96069 35.3632 5.6
    endloop
  endfacet
  facet normal 0 0 -1
    outer loop
      vertex -1.96069 35.0368 5.6
      vertex -1.96069 35.3632 5.6
      vertex -1.95 35.2 5.6
    endloop
  endfacet
  facet normal 0 0 -1
    outer loop
      vertex -1.99259 34.8765 5.6
      vertex -1.96069 35.3632 5.6
      vertex -1.96069 35.0368 5.6
    endloop
  endfacet
  facet normal 0 0 -1
    outer loop
      vertex -1.99259 34.8765 5.6
      vertex -1.99259 35.5235 5.6
      vertex -1.96069 35.3632 5.6
    endloop
  endfacet
  facet normal 0 0 -1
    outer loop
      vertex -2.04515 34.7216 5.6
      vertex -1.99259 35.5235 5.6
      vertex -1.99259 34.8765 5.6
    endloop
  endfacet
  facet normal 0 0 -1
    outer loop
      vertex -2.04515 34.7216 5.6
      vertex -2.04515 35.6784 5.6
      vertex -1.99259 35.5235 5.6
    endloop
  endfacet
  facet normal 0 0 -1
    outer loop
      vertex -2.11747 34.575 5.6
      vertex -2.04515 35.6784 5.6
      vertex -2.04515 34.7216 5.6
    endloop
  endfacet
  facet normal 0 0 -1
    outer loop
      vertex -2.11747 34.575 5.6
      vertex -2.11747 35.825 5.6
      vertex -2.04515 35.6784 5.6
    endloop
  endfacet
  facet normal 0 0 -1
    outer loop
      vertex -2.20831 34.439 5.6
      vertex -2.11747 35.825 5.6
      vertex -2.11747 34.575 5.6
    endloop
  endfacet
  facet normal 0 0 -1
    outer loop
      vertex -2.20831 34.439 5.6
      vertex -2.20831 35.961 5.6
      vertex -2.11747 35.825 5.6
    endloop
  endfacet
  facet normal 0 0 -1
    outer loop
      vertex -2.31612 34.3161 5.6
      vertex -2.20831 35.961 5.6
      vertex -2.20831 34.439 5.6
    endloop
  endfacet
  facet normal 0 0 -1
    outer loop
      vertex -2.31612 34.3161 5.6
      vertex -2.31612 36.0839 5.6
      vertex -2.20831 35.961 5.6
    endloop
  endfacet
  facet normal 0 0 -1
    outer loop
      vertex -2.43905 34.2083 5.6
      vertex -2.31612 36.0839 5.6
      vertex -2.31612 34.3161 5.6
    endloop
  endfacet
  facet normal 0 0 -1
    outer loop
      vertex -2.43905 34.2083 5.6
      vertex -2.43905 36.1917 5.6
      vertex -2.31612 36.0839 5.6
    endloop
  endfacet
  facet normal 0 0 -1
    outer loop
      vertex -2.575 34.1175 5.6
      vertex -2.43905 36.1917 5.6
      vertex -2.43905 34.2083 5.6
    endloop
  endfacet
  facet normal 0 0 -1
    outer loop
      vertex -2.575 34.1175 5.6
      vertex -2.575 36.2825 5.6
      vertex -2.43905 36.1917 5.6
    endloop
  endfacet
  facet normal 0 0 -1
    outer loop
      vertex -2.72165 34.0452 5.6
      vertex -2.575 36.2825 5.6
      vertex -2.575 34.1175 5.6
    endloop
  endfacet
  facet normal 0 0 -1
    outer loop
      vertex -2.72165 34.0452 5.6
      vertex -2.72165 36.3549 5.6
      vertex -2.575 36.2825 5.6
    endloop
  endfacet
  facet normal 0 0 -1
    outer loop
      vertex -2.87648 33.9926 5.6
      vertex -2.72165 36.3549 5.6
      vertex -2.72165 34.0452 5.6
    endloop
  endfacet
  facet normal 0 0 -1
    outer loop
      vertex -2.87648 33.9926 5.6
      vertex -2.87648 36.4074 5.6
      vertex -2.72165 36.3549 5.6
    endloop
  endfacet
  facet normal 0 0 -1
    outer loop
      vertex -3.03684 33.9607 5.6
      vertex -2.87648 36.4074 5.6
      vertex -2.87648 33.9926 5.6
    endloop
  endfacet
  facet normal 0 0 -1
    outer loop
      vertex -3.03684 33.9607 5.6
      vertex -3.03684 36.4393 5.6
      vertex -2.87648 36.4074 5.6
    endloop
  endfacet
  facet normal 0 0 -1
    outer loop
      vertex -3.2 33.95 5.6
      vertex -3.03684 36.4393 5.6
      vertex -3.03684 33.9607 5.6
    endloop
  endfacet
  facet normal 0 0 -1
    outer loop
      vertex -3.2 33.95 5.6
      vertex -3.2 36.45 5.6
      vertex -3.03684 36.4393 5.6
    endloop
  endfacet
  facet normal 0 0 -1
    outer loop
      vertex -3.36316 33.9607 5.6
      vertex -3.2 36.45 5.6
      vertex -3.2 33.95 5.6
    endloop
  endfacet
  facet normal 0 0 -1
    outer loop
      vertex -3.36316 33.9607 5.6
      vertex -3.36316 36.4393 5.6
      vertex -3.2 36.45 5.6
    endloop
  endfacet
  facet normal 0 0 -1
    outer loop
      vertex -3.52352 33.9926 5.6
      vertex -3.36316 36.4393 5.6
      vertex -3.36316 33.9607 5.6
    endloop
  endfacet
  facet normal 0 0 -1
    outer loop
      vertex -3.52352 33.9926 5.6
      vertex -3.52352 36.4074 5.6
      vertex -3.36316 36.4393 5.6
    endloop
  endfacet
  facet normal 0 0 -1
    outer loop
      vertex -3.67835 34.0452 5.6
      vertex -3.52352 36.4074 5.6
      vertex -3.52352 33.9926 5.6
    endloop
  endfacet
  facet normal 0 0 -1
    outer loop
      vertex -3.67835 34.0452 5.6
      vertex -3.67835 36.3549 5.6
      vertex -3.52352 36.4074 5.6
    endloop
  endfacet
  facet normal 0 0 -1
    outer loop
      vertex -3.825 34.1175 5.6
      vertex -3.67835 36.3549 5.6
      vertex -3.67835 34.0452 5.6
    endloop
  endfacet
  facet normal 0 0 -1
    outer loop
      vertex -3.825 34.1175 5.6
      vertex -3.825 36.2825 5.6
      vertex -3.67835 36.3549 5.6
    endloop
  endfacet
  facet normal 0 0 -1
    outer loop
      vertex -3.96095 34.2083 5.6
      vertex -3.825 36.2825 5.6
      vertex -3.825 34.1175 5.6
    endloop
  endfacet
  facet normal 0 0 -1
    outer loop
      vertex -3.96095 34.2083 5.6
      vertex -3.96095 36.1917 5.6
      vertex -3.825 36.2825 5.6
    endloop
  endfacet
  facet normal 0 0 -1
    outer loop
      vertex -4.08388 34.3161 5.6
      vertex -3.96095 36.1917 5.6
      vertex -3.96095 34.2083 5.6
    endloop
  endfacet
  facet normal 0 0 -1
    outer loop
      vertex -4.08388 34.3161 5.6
      vertex -4.08388 36.0839 5.6
      vertex -3.96095 36.1917 5.6
    endloop
  endfacet
  facet normal 0 0 -1
    outer loop
      vertex -4.19169 34.439 5.6
      vertex -4.08388 36.0839 5.6
      vertex -4.08388 34.3161 5.6
    endloop
  endfacet
  facet normal 0 0 -1
    outer loop
      vertex -4.19169 34.439 5.6
      vertex -4.19169 35.961 5.6
      vertex -4.08388 36.0839 5.6
    endloop
  endfacet
  facet normal 0 0 -1
    outer loop
      vertex -4.28253 34.575 5.6
      vertex -4.19169 35.961 5.6
      vertex -4.19169 34.439 5.6
    endloop
  endfacet
  facet normal 0 0 -1
    outer loop
      vertex -4.28253 34.575 5.6
      vertex -4.28253 35.825 5.6
      vertex -4.19169 35.961 5.6
    endloop
  endfacet
  facet normal 0 0 -1
    outer loop
      vertex -4.35485 34.7216 5.6
      vertex -4.28253 35.825 5.6
      vertex -4.28253 34.575 5.6
    endloop
  endfacet
  facet normal 0 0 -1
    outer loop
      vertex -4.35485 34.7216 5.6
      vertex -4.35485 35.6784 5.6
      vertex -4.28253 35.825 5.6
    endloop
  endfacet
  facet normal 0 0 -1
    outer loop
      vertex -4.40741 34.8765 5.6
      vertex -4.35485 35.6784 5.6
      vertex -4.35485 34.7216 5.6
    endloop
  endfacet
  facet normal 0 0 -1
    outer loop
      vertex -4.40741 34.8765 5.6
      vertex -4.40741 35.5235 5.6
      vertex -4.35485 35.6784 5.6
    endloop
  endfacet
  facet normal 0 0 -1
    outer loop
      vertex -4.43931 35.0368 5.6
      vertex -4.40741 35.5235 5.6
      vertex -4.40741 34.8765 5.6
    endloop
  endfacet
  facet normal 0 0 -1
    outer loop
      vertex -4.43931 35.0368 5.6
      vertex -4.43931 35.3632 5.6
      vertex -4.40741 35.5235 5.6
    endloop
  endfacet
  facet normal 0 -0 -1
    outer loop
      vertex -4.43931 35.3632 5.6
      vertex -4.43931 35.0368 5.6
      vertex -4.45 35.2 5.6
    endloop
  endfacet
  facet normal 0.980768 -0.195175 0
    outer loop
      vertex -4.43931 35.3632 5.6
      vertex -4.40741 35.5235 -6
      vertex -4.40741 35.5235 5.6
    endloop
  endfacet
  facet normal 0.980768 -0.195175 0
    outer loop
      vertex -4.40741 35.5235 -6
      vertex -4.43931 35.3632 5.6
      vertex -4.43931 35.3632 -6
    endloop
  endfacet
  facet normal -0.831561 0.555434 0
    outer loop
      vertex -2.20831 34.439 -6
      vertex -2.11747 34.575 5.6
      vertex -2.11747 34.575 -6
    endloop
  endfacet
  facet normal -0.831561 0.555434 0
    outer loop
      vertex -2.11747 34.575 5.6
      vertex -2.20831 34.439 -6
      vertex -2.20831 34.439 5.6
    endloop
  endfacet
  facet normal -0.896812 0.442411 0
    outer loop
      vertex -2.11747 34.575 -6
      vertex -2.04515 34.7216 5.6
      vertex -2.04515 34.7216 -6
    endloop
  endfacet
  facet normal -0.896812 0.442411 0
    outer loop
      vertex -2.04515 34.7216 5.6
      vertex -2.11747 34.575 -6
      vertex -2.11747 34.575 5.6
    endloop
  endfacet
  facet normal 0.997862 0.0653624 0
    outer loop
      vertex -4.43931 35.0368 5.6
      vertex -4.45 35.2 -6
      vertex -4.45 35.2 5.6
    endloop
  endfacet
  facet normal 0.997862 0.0653624 0
    outer loop
      vertex -4.45 35.2 -6
      vertex -4.43931 35.0368 5.6
      vertex -4.43931 35.0368 -6
    endloop
  endfacet
  facet normal 0.94697 0.321322 0
    outer loop
      vertex -4.35485 34.7216 5.6
      vertex -4.40741 34.8765 -6
      vertex -4.40741 34.8765 5.6
    endloop
  endfacet
  facet normal 0.94697 0.321322 0
    outer loop
      vertex -4.40741 34.8765 -6
      vertex -4.35485 34.7216 5.6
      vertex -4.35485 34.7216 -6
    endloop
  endfacet
  facet normal 0.75175 0.659448 0
    outer loop
      vertex -4.08388 34.3161 5.6
      vertex -4.19169 34.439 -6
      vertex -4.19169 34.439 5.6
    endloop
  endfacet
  facet normal 0.75175 0.659448 0
    outer loop
      vertex -4.19169 34.439 -6
      vertex -4.08388 34.3161 5.6
      vertex -4.08388 34.3161 -6
    endloop
  endfacet
  facet normal -0.321671 0.946851 0
    outer loop
      vertex -2.72165 34.0452 -6
      vertex -2.87648 33.9926 5.6
      vertex -2.72165 34.0452 5.6
    endloop
  endfacet
  facet normal -0.321671 0.946851 0
    outer loop
      vertex -2.87648 33.9926 5.6
      vertex -2.72165 34.0452 -6
      vertex -2.87648 33.9926 -6
    endloop
  endfacet
  facet normal -0.659323 0.75186 0
    outer loop
      vertex -2.31612 34.3161 -6
      vertex -2.43905 34.2083 5.6
      vertex -2.31612 34.3161 5.6
    endloop
  endfacet
  facet normal -0.659323 0.75186 0
    outer loop
      vertex -2.43905 34.2083 5.6
      vertex -2.31612 34.3161 -6
      vertex -2.43905 34.2083 -6
    endloop
  endfacet
  facet normal -0.555406 0.831579 0
    outer loop
      vertex -2.43905 34.2083 -6
      vertex -2.575 34.1175 5.6
      vertex -2.43905 34.2083 5.6
    endloop
  endfacet
  facet normal -0.555406 0.831579 0
    outer loop
      vertex -2.575 34.1175 5.6
      vertex -2.43905 34.2083 -6
      vertex -2.575 34.1175 -6
    endloop
  endfacet
  facet normal -0.0654392 0.997857 0
    outer loop
      vertex -3.03684 33.9607 -6
      vertex -3.2 33.95 5.6
      vertex -3.03684 33.9607 5.6
    endloop
  endfacet
  facet normal -0.0654392 0.997857 0
    outer loop
      vertex -3.2 33.95 5.6
      vertex -3.03684 33.9607 -6
      vertex -3.2 33.95 -6
    endloop
  endfacet
  facet normal 0.442191 0.896921 -0
    outer loop
      vertex -3.67835 34.0452 -6
      vertex -3.825 34.1175 5.6
      vertex -3.67835 34.0452 5.6
    endloop
  endfacet
  facet normal 0.442191 0.896921 0
    outer loop
      vertex -3.825 34.1175 5.6
      vertex -3.67835 34.0452 -6
      vertex -3.825 34.1175 -6
    endloop
  endfacet
  facet normal 0.321671 0.946851 -0
    outer loop
      vertex -3.52352 33.9926 -6
      vertex -3.67835 34.0452 5.6
      vertex -3.52352 33.9926 5.6
    endloop
  endfacet
  facet normal 0.321671 0.946851 0
    outer loop
      vertex -3.67835 34.0452 5.6
      vertex -3.52352 33.9926 -6
      vertex -3.67835 34.0452 -6
    endloop
  endfacet
  facet normal 0.980768 0.195175 0
    outer loop
      vertex -4.40741 34.8765 5.6
      vertex -4.43931 35.0368 -6
      vertex -4.43931 35.0368 5.6
    endloop
  endfacet
  facet normal 0.980768 0.195175 0
    outer loop
      vertex -4.43931 35.0368 -6
      vertex -4.40741 34.8765 5.6
      vertex -4.40741 34.8765 -6
    endloop
  endfacet
  facet normal -0.75175 0.659448 0
    outer loop
      vertex -2.31612 34.3161 -6
      vertex -2.20831 34.439 5.6
      vertex -2.20831 34.439 -6
    endloop
  endfacet
  facet normal -0.75175 0.659448 0
    outer loop
      vertex -2.20831 34.439 5.6
      vertex -2.31612 34.3161 -6
      vertex -2.31612 34.3161 5.6
    endloop
  endfacet
  facet normal 0.555406 0.831579 -0
    outer loop
      vertex -3.825 34.1175 -6
      vertex -3.96095 34.2083 5.6
      vertex -3.825 34.1175 5.6
    endloop
  endfacet
  facet normal 0.555406 0.831579 0
    outer loop
      vertex -3.96095 34.2083 5.6
      vertex -3.825 34.1175 -6
      vertex -3.96095 34.2083 -6
    endloop
  endfacet
  facet normal 0.195105 0.980782 -0
    outer loop
      vertex -3.36316 33.9607 -6
      vertex -3.52352 33.9926 5.6
      vertex -3.36316 33.9607 5.6
    endloop
  endfacet
  facet normal 0.195105 0.980782 0
    outer loop
      vertex -3.52352 33.9926 5.6
      vertex -3.36316 33.9607 -6
      vertex -3.52352 33.9926 -6
    endloop
  endfacet
  facet normal 0.0654392 0.997857 -0
    outer loop
      vertex -3.2 33.95 -6
      vertex -3.36316 33.9607 5.6
      vertex -3.2 33.95 5.6
    endloop
  endfacet
  facet normal 0.0654392 0.997857 0
    outer loop
      vertex -3.36316 33.9607 5.6
      vertex -3.2 33.95 -6
      vertex -3.36316 33.9607 -6
    endloop
  endfacet
  facet normal -0.555774 -0.831334 0
    outer loop
      vertex 38.95 25.7919 10.6
      vertex 39.2001 25.6247 12.6
      vertex 38.95 25.7919 12.6
    endloop
  endfacet
  facet normal -0.555774 -0.831334 -0
    outer loop
      vertex 39.2001 25.6247 12.6
      vertex 38.95 25.7919 10.6
      vertex 39.2001 25.6247 10.6
    endloop
  endfacet
  facet normal 0.195093 0.980785 -0
    outer loop
      vertex 37.4998 21.5197 10.6
      vertex 37.2047 21.5784 12.6
      vertex 37.4998 21.5197 12.6
    endloop
  endfacet
  facet normal 0.195093 0.980785 0
    outer loop
      vertex 37.2047 21.5784 12.6
      vertex 37.4998 21.5197 10.6
      vertex 37.2047 21.5784 10.6
    endloop
  endfacet
  facet normal 0.442153 -0.89694 0
    outer loop
      vertex 36.65 25.7919 10.6
      vertex 36.9198 25.9249 12.6
      vertex 36.65 25.7919 12.6
    endloop
  endfacet
  facet normal 0.442153 -0.89694 0
    outer loop
      vertex 36.9198 25.9249 12.6
      vertex 36.65 25.7919 10.6
      vertex 36.9198 25.9249 10.6
    endloop
  endfacet
  facet normal 0.946941 -0.321408 0
    outer loop
      vertex 35.5784 24.3953 12.6
      vertex 35.6751 24.6802 10.6
      vertex 35.6751 24.6802 12.6
    endloop
  endfacet
  facet normal 0.946941 -0.321408 0
    outer loop
      vertex 35.6751 24.6802 10.6
      vertex 35.5784 24.3953 12.6
      vertex 35.5784 24.3953 10.6
    endloop
  endfacet
  facet normal -0.89694 -0.442153 0
    outer loop
      vertex 39.9249 24.6802 10.6
      vertex 39.7919 24.95 12.6
      vertex 39.7919 24.95 10.6
    endloop
  endfacet
  facet normal -0.89694 -0.442153 0
    outer loop
      vertex 39.7919 24.95 12.6
      vertex 39.9249 24.6802 10.6
      vertex 39.9249 24.6802 12.6
    endloop
  endfacet
  facet normal -0.980785 -0.195093 0
    outer loop
      vertex 40.0803 24.1002 10.6
      vertex 40.0216 24.3953 12.6
      vertex 40.0216 24.3953 10.6
    endloop
  endfacet
  facet normal -0.980785 -0.195093 0
    outer loop
      vertex 40.0216 24.3953 12.6
      vertex 40.0803 24.1002 10.6
      vertex 40.0803 24.1002 12.6
    endloop
  endfacet
  facet normal -0.831334 -0.555774 0
    outer loop
      vertex 39.7919 24.95 10.6
      vertex 39.6247 25.2001 12.6
      vertex 39.6247 25.2001 10.6
    endloop
  endfacet
  facet normal -0.831334 -0.555774 0
    outer loop
      vertex 39.6247 25.2001 12.6
      vertex 39.7919 24.95 10.6
      vertex 39.7919 24.95 12.6
    endloop
  endfacet
  facet normal -0.659398 -0.751794 0
    outer loop
      vertex 39.2001 25.6247 10.6
      vertex 39.4263 25.4263 12.6
      vertex 39.2001 25.6247 12.6
    endloop
  endfacet
  facet normal -0.659398 -0.751794 -0
    outer loop
      vertex 39.4263 25.4263 12.6
      vertex 39.2001 25.6247 10.6
      vertex 39.4263 25.4263 10.6
    endloop
  endfacet
  facet normal -0.321408 -0.946941 0
    outer loop
      vertex 38.3953 26.0216 10.6
      vertex 38.6802 25.9249 12.6
      vertex 38.3953 26.0216 12.6
    endloop
  endfacet
  facet normal -0.321408 -0.946941 -0
    outer loop
      vertex 38.6802 25.9249 12.6
      vertex 38.3953 26.0216 10.6
      vertex 38.6802 25.9249 10.6
    endloop
  endfacet
  facet normal 0.0654821 -0.997854 0
    outer loop
      vertex 37.4998 26.0803 10.6
      vertex 37.8 26.1 12.6
      vertex 37.4998 26.0803 12.6
    endloop
  endfacet
  facet normal 0.0654821 -0.997854 0
    outer loop
      vertex 37.8 26.1 12.6
      vertex 37.4998 26.0803 10.6
      vertex 37.8 26.1 10.6
    endloop
  endfacet
  facet normal 0.997854 -0.0654821 0
    outer loop
      vertex 35.5 23.8 12.6
      vertex 35.5197 24.1002 10.6
      vertex 35.5197 24.1002 12.6
    endloop
  endfacet
  facet normal 0.997854 -0.0654821 0
    outer loop
      vertex 35.5197 24.1002 10.6
      vertex 35.5 23.8 12.6
      vertex 35.5 23.8 10.6
    endloop
  endfacet
  facet normal 0.831334 -0.555774 0
    outer loop
      vertex 35.8081 24.95 12.6
      vertex 35.9753 25.2001 10.6
      vertex 35.9753 25.2001 12.6
    endloop
  endfacet
  facet normal 0.831334 -0.555774 0
    outer loop
      vertex 35.9753 25.2001 10.6
      vertex 35.8081 24.95 12.6
      vertex 35.8081 24.95 10.6
    endloop
  endfacet
  facet normal 0.55562 -0.831436 0
    outer loop
      vertex 36.3998 25.6247 10.6
      vertex 36.65 25.7919 12.6
      vertex 36.3998 25.6247 12.6
    endloop
  endfacet
  facet normal 0.55562 -0.831436 0
    outer loop
      vertex 36.65 25.7919 12.6
      vertex 36.3998 25.6247 10.6
      vertex 36.65 25.7919 10.6
    endloop
  endfacet
  facet normal 0.195093 -0.980785 0
    outer loop
      vertex 37.2047 26.0216 10.6
      vertex 37.4998 26.0803 12.6
      vertex 37.2047 26.0216 12.6
    endloop
  endfacet
  facet normal 0.195093 -0.980785 0
    outer loop
      vertex 37.4998 26.0803 12.6
      vertex 37.2047 26.0216 10.6
      vertex 37.4998 26.0803 10.6
    endloop
  endfacet
  facet normal -0.997854 -0.0654821 0
    outer loop
      vertex 40.1 23.8 10.6
      vertex 40.0803 24.1002 12.6
      vertex 40.0803 24.1002 10.6
    endloop
  endfacet
  facet normal -0.997854 -0.0654821 0
    outer loop
      vertex 40.0803 24.1002 12.6
      vertex 40.1 23.8 10.6
      vertex 40.1 23.8 12.6
    endloop
  endfacet
  facet normal -0.195093 0.980785 0
    outer loop
      vertex 38.3953 21.5784 10.6
      vertex 38.1002 21.5197 12.6
      vertex 38.3953 21.5784 12.6
    endloop
  endfacet
  facet normal -0.195093 0.980785 0
    outer loop
      vertex 38.1002 21.5197 12.6
      vertex 38.3953 21.5784 10.6
      vertex 38.1002 21.5197 10.6
    endloop
  endfacet
  facet normal -0.831436 0.55562 0
    outer loop
      vertex 39.6247 22.3998 10.6
      vertex 39.7919 22.65 12.6
      vertex 39.7919 22.65 10.6
    endloop
  endfacet
  facet normal -0.831436 0.55562 0
    outer loop
      vertex 39.7919 22.65 12.6
      vertex 39.6247 22.3998 10.6
      vertex 39.6247 22.3998 12.6
    endloop
  endfacet
  facet normal 0.0654821 0.997854 -0
    outer loop
      vertex 37.8 21.5 10.6
      vertex 37.4998 21.5197 12.6
      vertex 37.8 21.5 12.6
    endloop
  endfacet
  facet normal 0.0654821 0.997854 0
    outer loop
      vertex 37.4998 21.5197 12.6
      vertex 37.8 21.5 10.6
      vertex 37.4998 21.5197 10.6
    endloop
  endfacet
  facet normal 0.55562 0.831436 -0
    outer loop
      vertex 36.65 21.8081 10.6
      vertex 36.3998 21.9753 12.6
      vertex 36.65 21.8081 12.6
    endloop
  endfacet
  facet normal 0.55562 0.831436 0
    outer loop
      vertex 36.3998 21.9753 12.6
      vertex 36.65 21.8081 10.6
      vertex 36.3998 21.9753 10.6
    endloop
  endfacet
  facet normal 0.831436 0.55562 0
    outer loop
      vertex 35.9753 22.3998 12.6
      vertex 35.8081 22.65 10.6
      vertex 35.8081 22.65 12.6
    endloop
  endfacet
  facet normal 0.831436 0.55562 0
    outer loop
      vertex 35.8081 22.65 10.6
      vertex 35.9753 22.3998 12.6
      vertex 35.9753 22.3998 10.6
    endloop
  endfacet
  facet normal -0.946941 -0.321408 0
    outer loop
      vertex 40.0216 24.3953 10.6
      vertex 39.9249 24.6802 12.6
      vertex 39.9249 24.6802 10.6
    endloop
  endfacet
  facet normal -0.946941 -0.321408 0
    outer loop
      vertex 39.9249 24.6802 12.6
      vertex 40.0216 24.3953 10.6
      vertex 40.0216 24.3953 12.6
    endloop
  endfacet
  facet normal -0.751794 -0.659398 0
    outer loop
      vertex 39.6247 25.2001 10.6
      vertex 39.4263 25.4263 12.6
      vertex 39.4263 25.4263 10.6
    endloop
  endfacet
  facet normal -0.751794 -0.659398 0
    outer loop
      vertex 39.4263 25.4263 12.6
      vertex 39.6247 25.2001 10.6
      vertex 39.6247 25.2001 12.6
    endloop
  endfacet
  facet normal -0.442153 -0.89694 0
    outer loop
      vertex 38.6802 25.9249 10.6
      vertex 38.95 25.7919 12.6
      vertex 38.6802 25.9249 12.6
    endloop
  endfacet
  facet normal -0.442153 -0.89694 -0
    outer loop
      vertex 38.95 25.7919 12.6
      vertex 38.6802 25.9249 10.6
      vertex 38.95 25.7919 10.6
    endloop
  endfacet
  facet normal -0.195093 -0.980785 0
    outer loop
      vertex 38.1002 26.0803 10.6
      vertex 38.3953 26.0216 12.6
      vertex 38.1002 26.0803 12.6
    endloop
  endfacet
  facet normal -0.195093 -0.980785 -0
    outer loop
      vertex 38.3953 26.0216 12.6
      vertex 38.1002 26.0803 10.6
      vertex 38.3953 26.0216 10.6
    endloop
  endfacet
  facet normal -0.0654821 -0.997854 0
    outer loop
      vertex 37.8 26.1 10.6
      vertex 38.1002 26.0803 12.6
      vertex 37.8 26.1 12.6
    endloop
  endfacet
  facet normal -0.0654821 -0.997854 -0
    outer loop
      vertex 38.1002 26.0803 12.6
      vertex 37.8 26.1 10.6
      vertex 38.1002 26.0803 10.6
    endloop
  endfacet
  facet normal 0.980785 -0.195093 0
    outer loop
      vertex 35.5197 24.1002 12.6
      vertex 35.5784 24.3953 10.6
      vertex 35.5784 24.3953 12.6
    endloop
  endfacet
  facet normal 0.980785 -0.195093 0
    outer loop
      vertex 35.5784 24.3953 10.6
      vertex 35.5197 24.1002 12.6
      vertex 35.5197 24.1002 10.6
    endloop
  endfacet
  facet normal 0.89694 -0.442153 0
    outer loop
      vertex 35.6751 24.6802 12.6
      vertex 35.8081 24.95 10.6
      vertex 35.8081 24.95 12.6
    endloop
  endfacet
  facet normal 0.89694 -0.442153 0
    outer loop
      vertex 35.8081 24.95 10.6
      vertex 35.6751 24.6802 12.6
      vertex 35.6751 24.6802 10.6
    endloop
  endfacet
  facet normal 0.321408 -0.946941 0
    outer loop
      vertex 36.9198 25.9249 10.6
      vertex 37.2047 26.0216 12.6
      vertex 36.9198 25.9249 12.6
    endloop
  endfacet
  facet normal 0.321408 -0.946941 0
    outer loop
      vertex 37.2047 26.0216 12.6
      vertex 36.9198 25.9249 10.6
      vertex 37.2047 26.0216 10.6
    endloop
  endfacet
  facet normal 0.659563 -0.751649 0
    outer loop
      vertex 36.1737 25.4263 10.6
      vertex 36.3998 25.6247 12.6
      vertex 36.1737 25.4263 12.6
    endloop
  endfacet
  facet normal 0.659563 -0.751649 0
    outer loop
      vertex 36.3998 25.6247 12.6
      vertex 36.1737 25.4263 10.6
      vertex 36.3998 25.6247 10.6
    endloop
  endfacet
  facet normal 0.751794 -0.659398 0
    outer loop
      vertex 35.9753 25.2001 12.6
      vertex 36.1737 25.4263 10.6
      vertex 36.1737 25.4263 12.6
    endloop
  endfacet
  facet normal 0.751794 -0.659398 0
    outer loop
      vertex 36.1737 25.4263 10.6
      vertex 35.9753 25.2001 12.6
      vertex 35.9753 25.2001 10.6
    endloop
  endfacet
  facet normal -0.980785 0.195093 0
    outer loop
      vertex 40.0216 23.2047 10.6
      vertex 40.0803 23.4998 12.6
      vertex 40.0803 23.4998 10.6
    endloop
  endfacet
  facet normal -0.980785 0.195093 0
    outer loop
      vertex 40.0803 23.4998 12.6
      vertex 40.0216 23.2047 10.6
      vertex 40.0216 23.2047 12.6
    endloop
  endfacet
  facet normal -0.321408 0.946941 0
    outer loop
      vertex 38.6802 21.6751 10.6
      vertex 38.3953 21.5784 12.6
      vertex 38.6802 21.6751 12.6
    endloop
  endfacet
  facet normal -0.321408 0.946941 0
    outer loop
      vertex 38.3953 21.5784 12.6
      vertex 38.6802 21.6751 10.6
      vertex 38.3953 21.5784 10.6
    endloop
  endfacet
  facet normal -0.751649 0.659563 0
    outer loop
      vertex 39.4263 22.1737 10.6
      vertex 39.6247 22.3998 12.6
      vertex 39.6247 22.3998 10.6
    endloop
  endfacet
  facet normal -0.751649 0.659563 0
    outer loop
      vertex 39.6247 22.3998 12.6
      vertex 39.4263 22.1737 10.6
      vertex 39.4263 22.1737 12.6
    endloop
  endfacet
  facet normal -0.555774 0.831334 0
    outer loop
      vertex 39.2001 21.9753 10.6
      vertex 38.95 21.8081 12.6
      vertex 39.2001 21.9753 12.6
    endloop
  endfacet
  facet normal -0.555774 0.831334 0
    outer loop
      vertex 38.95 21.8081 12.6
      vertex 39.2001 21.9753 10.6
      vertex 38.95 21.8081 10.6
    endloop
  endfacet
  facet normal -0.89694 0.442153 0
    outer loop
      vertex 39.7919 22.65 10.6
      vertex 39.9249 22.9198 12.6
      vertex 39.9249 22.9198 10.6
    endloop
  endfacet
  facet normal -0.89694 0.442153 0
    outer loop
      vertex 39.9249 22.9198 12.6
      vertex 39.7919 22.65 10.6
      vertex 39.7919 22.65 12.6
    endloop
  endfacet
  facet normal 0.321408 0.946941 -0
    outer loop
      vertex 37.2047 21.5784 10.6
      vertex 36.9198 21.6751 12.6
      vertex 37.2047 21.5784 12.6
    endloop
  endfacet
  facet normal 0.321408 0.946941 0
    outer loop
      vertex 36.9198 21.6751 12.6
      vertex 37.2047 21.5784 10.6
      vertex 36.9198 21.6751 10.6
    endloop
  endfacet
  facet normal 0.89694 0.442153 0
    outer loop
      vertex 35.8081 22.65 12.6
      vertex 35.6751 22.9198 10.6
      vertex 35.6751 22.9198 12.6
    endloop
  endfacet
  facet normal 0.89694 0.442153 0
    outer loop
      vertex 35.6751 22.9198 10.6
      vertex 35.8081 22.65 12.6
      vertex 35.8081 22.65 10.6
    endloop
  endfacet
  facet normal 0.980785 0.195093 0
    outer loop
      vertex 35.5784 23.2047 12.6
      vertex 35.5197 23.4998 10.6
      vertex 35.5197 23.4998 12.6
    endloop
  endfacet
  facet normal 0.980785 0.195093 0
    outer loop
      vertex 35.5197 23.4998 10.6
      vertex 35.5784 23.2047 12.6
      vertex 35.5784 23.2047 10.6
    endloop
  endfacet
  facet normal 0.751649 0.659563 0
    outer loop
      vertex 36.1737 22.1737 12.6
      vertex 35.9753 22.3998 10.6
      vertex 35.9753 22.3998 12.6
    endloop
  endfacet
  facet normal 0.751649 0.659563 0
    outer loop
      vertex 35.9753 22.3998 10.6
      vertex 36.1737 22.1737 12.6
      vertex 36.1737 22.1737 10.6
    endloop
  endfacet
  facet normal 0.997854 0.0654821 0
    outer loop
      vertex 35.5197 23.4998 12.6
      vertex 35.5 23.8 10.6
      vertex 35.5 23.8 12.6
    endloop
  endfacet
  facet normal 0.997854 0.0654821 0
    outer loop
      vertex 35.5 23.8 10.6
      vertex 35.5197 23.4998 12.6
      vertex 35.5197 23.4998 10.6
    endloop
  endfacet
  facet normal -0.997854 0.0654821 0
    outer loop
      vertex 40.0803 23.4998 10.6
      vertex 40.1 23.8 12.6
      vertex 40.1 23.8 10.6
    endloop
  endfacet
  facet normal -0.997854 0.0654821 0
    outer loop
      vertex 40.1 23.8 12.6
      vertex 40.0803 23.4998 10.6
      vertex 40.0803 23.4998 12.6
    endloop
  endfacet
  facet normal -0.442153 0.89694 0
    outer loop
      vertex 38.95 21.8081 10.6
      vertex 38.6802 21.6751 12.6
      vertex 38.95 21.8081 12.6
    endloop
  endfacet
  facet normal -0.442153 0.89694 0
    outer loop
      vertex 38.6802 21.6751 12.6
      vertex 38.95 21.8081 10.6
      vertex 38.6802 21.6751 10.6
    endloop
  endfacet
  facet normal -0.659398 0.751794 0
    outer loop
      vertex 39.4263 22.1737 10.6
      vertex 39.2001 21.9753 12.6
      vertex 39.4263 22.1737 12.6
    endloop
  endfacet
  facet normal -0.659398 0.751794 0
    outer loop
      vertex 39.2001 21.9753 12.6
      vertex 39.4263 22.1737 10.6
      vertex 39.2001 21.9753 10.6
    endloop
  endfacet
  facet normal -0.946941 0.321408 0
    outer loop
      vertex 39.9249 22.9198 10.6
      vertex 40.0216 23.2047 12.6
      vertex 40.0216 23.2047 10.6
    endloop
  endfacet
  facet normal -0.946941 0.321408 0
    outer loop
      vertex 40.0216 23.2047 12.6
      vertex 39.9249 22.9198 10.6
      vertex 39.9249 22.9198 12.6
    endloop
  endfacet
  facet normal -0.0654821 0.997854 0
    outer loop
      vertex 38.1002 21.5197 10.6
      vertex 37.8 21.5 12.6
      vertex 38.1002 21.5197 12.6
    endloop
  endfacet
  facet normal -0.0654821 0.997854 0
    outer loop
      vertex 37.8 21.5 12.6
      vertex 38.1002 21.5197 10.6
      vertex 37.8 21.5 10.6
    endloop
  endfacet
  facet normal 0.442153 0.89694 -0
    outer loop
      vertex 36.9198 21.6751 10.6
      vertex 36.65 21.8081 12.6
      vertex 36.9198 21.6751 12.6
    endloop
  endfacet
  facet normal 0.442153 0.89694 0
    outer loop
      vertex 36.65 21.8081 12.6
      vertex 36.9198 21.6751 10.6
      vertex 36.65 21.8081 10.6
    endloop
  endfacet
  facet normal 0.946941 0.321408 0
    outer loop
      vertex 35.6751 22.9198 12.6
      vertex 35.5784 23.2047 10.6
      vertex 35.5784 23.2047 12.6
    endloop
  endfacet
  facet normal 0.946941 0.321408 0
    outer loop
      vertex 35.5784 23.2047 10.6
      vertex 35.6751 22.9198 12.6
      vertex 35.6751 22.9198 10.6
    endloop
  endfacet
  facet normal 0.659563 0.751649 -0
    outer loop
      vertex 36.3998 21.9753 10.6
      vertex 36.1737 22.1737 12.6
      vertex 36.3998 21.9753 12.6
    endloop
  endfacet
  facet normal 0.659563 0.751649 0
    outer loop
      vertex 36.1737 22.1737 12.6
      vertex 36.3998 21.9753 10.6
      vertex 36.1737 22.1737 10.6
    endloop
  endfacet
  facet normal -0.997854 -0.0654821 0
    outer loop
      vertex 50.1 23.8 10.6
      vertex 50.0803 24.1002 12.6
      vertex 50.0803 24.1002 10.6
    endloop
  endfacet
  facet normal -0.997854 -0.0654821 0
    outer loop
      vertex 50.0803 24.1002 12.6
      vertex 50.1 23.8 10.6
      vertex 50.1 23.8 12.6
    endloop
  endfacet
  facet normal 0.0654821 -0.997854 0
    outer loop
      vertex 47.4998 26.0803 10.6
      vertex 47.8 26.1 12.6
      vertex 47.4998 26.0803 12.6
    endloop
  endfacet
  facet normal 0.0654821 -0.997854 0
    outer loop
      vertex 47.8 26.1 12.6
      vertex 47.4998 26.0803 10.6
      vertex 47.8 26.1 10.6
    endloop
  endfacet
  facet normal -0.659398 -0.751794 0
    outer loop
      vertex 49.2001 25.6247 10.6
      vertex 49.4263 25.4263 12.6
      vertex 49.2001 25.6247 12.6
    endloop
  endfacet
  facet normal -0.659398 -0.751794 -0
    outer loop
      vertex 49.4263 25.4263 12.6
      vertex 49.2001 25.6247 10.6
      vertex 49.4263 25.4263 10.6
    endloop
  endfacet
  facet normal 0.751794 -0.659398 0
    outer loop
      vertex 45.9753 25.2001 12.6
      vertex 46.1737 25.4263 10.6
      vertex 46.1737 25.4263 12.6
    endloop
  endfacet
  facet normal 0.751794 -0.659398 0
    outer loop
      vertex 46.1737 25.4263 10.6
      vertex 45.9753 25.2001 12.6
      vertex 45.9753 25.2001 10.6
    endloop
  endfacet
  facet normal 0.442153 -0.89694 0
    outer loop
      vertex 46.65 25.7919 10.6
      vertex 46.9198 25.9249 12.6
      vertex 46.65 25.7919 12.6
    endloop
  endfacet
  facet normal 0.442153 -0.89694 0
    outer loop
      vertex 46.9198 25.9249 12.6
      vertex 46.65 25.7919 10.6
      vertex 46.9198 25.9249 10.6
    endloop
  endfacet
  facet normal -0.89694 -0.442153 0
    outer loop
      vertex 49.9249 24.6802 10.6
      vertex 49.7919 24.95 12.6
      vertex 49.7919 24.95 10.6
    endloop
  endfacet
  facet normal -0.89694 -0.442153 0
    outer loop
      vertex 49.7919 24.95 12.6
      vertex 49.9249 24.6802 10.6
      vertex 49.9249 24.6802 12.6
    endloop
  endfacet
  facet normal -0.980785 -0.195093 0
    outer loop
      vertex 50.0803 24.1002 10.6
      vertex 50.0216 24.3953 12.6
      vertex 50.0216 24.3953 10.6
    endloop
  endfacet
  facet normal -0.980785 -0.195093 0
    outer loop
      vertex 50.0216 24.3953 12.6
      vertex 50.0803 24.1002 10.6
      vertex 50.0803 24.1002 12.6
    endloop
  endfacet
  facet normal -0.321408 -0.946941 0
    outer loop
      vertex 48.3953 26.0216 10.6
      vertex 48.6802 25.9249 12.6
      vertex 48.3953 26.0216 12.6
    endloop
  endfacet
  facet normal -0.321408 -0.946941 -0
    outer loop
      vertex 48.6802 25.9249 12.6
      vertex 48.3953 26.0216 10.6
      vertex 48.6802 25.9249 10.6
    endloop
  endfacet
  facet normal -0.555774 -0.831334 0
    outer loop
      vertex 48.95 25.7919 10.6
      vertex 49.2001 25.6247 12.6
      vertex 48.95 25.7919 12.6
    endloop
  endfacet
  facet normal -0.555774 -0.831334 -0
    outer loop
      vertex 49.2001 25.6247 12.6
      vertex 48.95 25.7919 10.6
      vertex 49.2001 25.6247 10.6
    endloop
  endfacet
  facet normal 0.946941 -0.321408 0
    outer loop
      vertex 45.5784 24.3953 12.6
      vertex 45.6751 24.6802 10.6
      vertex 45.6751 24.6802 12.6
    endloop
  endfacet
  facet normal 0.946941 -0.321408 0
    outer loop
      vertex 45.6751 24.6802 10.6
      vertex 45.5784 24.3953 12.6
      vertex 45.5784 24.3953 10.6
    endloop
  endfacet
  facet normal 0.831334 -0.555774 0
    outer loop
      vertex 45.8081 24.95 12.6
      vertex 45.9753 25.2001 10.6
      vertex 45.9753 25.2001 12.6
    endloop
  endfacet
  facet normal 0.831334 -0.555774 0
    outer loop
      vertex 45.9753 25.2001 10.6
      vertex 45.8081 24.95 12.6
      vertex 45.8081 24.95 10.6
    endloop
  endfacet
  facet normal 0.980785 -0.195093 0
    outer loop
      vertex 45.5197 24.1002 12.6
      vertex 45.5784 24.3953 10.6
      vertex 45.5784 24.3953 12.6
    endloop
  endfacet
  facet normal 0.980785 -0.195093 0
    outer loop
      vertex 45.5784 24.3953 10.6
      vertex 45.5197 24.1002 12.6
      vertex 45.5197 24.1002 10.6
    endloop
  endfacet
  facet normal 0.55562 -0.831436 0
    outer loop
      vertex 46.3998 25.6247 10.6
      vertex 46.65 25.7919 12.6
      vertex 46.3998 25.6247 12.6
    endloop
  endfacet
  facet normal 0.55562 -0.831436 0
    outer loop
      vertex 46.65 25.7919 12.6
      vertex 46.3998 25.6247 10.6
      vertex 46.65 25.7919 10.6
    endloop
  endfacet
  facet normal 0.195093 -0.980785 0
    outer loop
      vertex 47.2047 26.0216 10.6
      vertex 47.4998 26.0803 12.6
      vertex 47.2047 26.0216 12.6
    endloop
  endfacet
  facet normal 0.195093 -0.980785 0
    outer loop
      vertex 47.4998 26.0803 12.6
      vertex 47.2047 26.0216 10.6
      vertex 47.4998 26.0803 10.6
    endloop
  endfacet
  facet normal -0.195093 0.980785 0
    outer loop
      vertex 48.3953 21.5784 10.6
      vertex 48.1002 21.5197 12.6
      vertex 48.3953 21.5784 12.6
    endloop
  endfacet
  facet normal -0.195093 0.980785 0
    outer loop
      vertex 48.1002 21.5197 12.6
      vertex 48.3953 21.5784 10.6
      vertex 48.1002 21.5197 10.6
    endloop
  endfacet
  facet normal 0.195093 0.980785 -0
    outer loop
      vertex 47.4998 21.5197 10.6
      vertex 47.2047 21.5784 12.6
      vertex 47.4998 21.5197 12.6
    endloop
  endfacet
  facet normal 0.195093 0.980785 0
    outer loop
      vertex 47.2047 21.5784 12.6
      vertex 47.4998 21.5197 10.6
      vertex 47.2047 21.5784 10.6
    endloop
  endfacet
  facet normal 0.831436 0.55562 0
    outer loop
      vertex 45.9753 22.3998 12.6
      vertex 45.8081 22.65 10.6
      vertex 45.8081 22.65 12.6
    endloop
  endfacet
  facet normal 0.831436 0.55562 0
    outer loop
      vertex 45.8081 22.65 10.6
      vertex 45.9753 22.3998 12.6
      vertex 45.9753 22.3998 10.6
    endloop
  endfacet
  facet normal -0.946941 -0.321408 0
    outer loop
      vertex 50.0216 24.3953 10.6
      vertex 49.9249 24.6802 12.6
      vertex 49.9249 24.6802 10.6
    endloop
  endfacet
  facet normal -0.946941 -0.321408 0
    outer loop
      vertex 49.9249 24.6802 12.6
      vertex 50.0216 24.3953 10.6
      vertex 50.0216 24.3953 12.6
    endloop
  endfacet
  facet normal -0.751794 -0.659398 0
    outer loop
      vertex 49.6247 25.2001 10.6
      vertex 49.4263 25.4263 12.6
      vertex 49.4263 25.4263 10.6
    endloop
  endfacet
  facet normal -0.751794 -0.659398 0
    outer loop
      vertex 49.4263 25.4263 12.6
      vertex 49.6247 25.2001 10.6
      vertex 49.6247 25.2001 12.6
    endloop
  endfacet
  facet normal -0.831334 -0.555774 0
    outer loop
      vertex 49.7919 24.95 10.6
      vertex 49.6247 25.2001 12.6
      vertex 49.6247 25.2001 10.6
    endloop
  endfacet
  facet normal -0.831334 -0.555774 0
    outer loop
      vertex 49.6247 25.2001 12.6
      vertex 49.7919 24.95 10.6
      vertex 49.7919 24.95 12.6
    endloop
  endfacet
  facet normal -0.195093 -0.980785 0
    outer loop
      vertex 48.1002 26.0803 10.6
      vertex 48.3953 26.0216 12.6
      vertex 48.1002 26.0803 12.6
    endloop
  endfacet
  facet normal -0.195093 -0.980785 -0
    outer loop
      vertex 48.3953 26.0216 12.6
      vertex 48.1002 26.0803 10.6
      vertex 48.3953 26.0216 10.6
    endloop
  endfacet
  facet normal -0.0654821 -0.997854 0
    outer loop
      vertex 47.8 26.1 10.6
      vertex 48.1002 26.0803 12.6
      vertex 47.8 26.1 12.6
    endloop
  endfacet
  facet normal -0.0654821 -0.997854 -0
    outer loop
      vertex 48.1002 26.0803 12.6
      vertex 47.8 26.1 10.6
      vertex 48.1002 26.0803 10.6
    endloop
  endfacet
  facet normal -0.442153 -0.89694 0
    outer loop
      vertex 48.6802 25.9249 10.6
      vertex 48.95 25.7919 12.6
      vertex 48.6802 25.9249 12.6
    endloop
  endfacet
  facet normal -0.442153 -0.89694 -0
    outer loop
      vertex 48.95 25.7919 12.6
      vertex 48.6802 25.9249 10.6
      vertex 48.95 25.7919 10.6
    endloop
  endfacet
  facet normal 0.89694 -0.442153 0
    outer loop
      vertex 45.6751 24.6802 12.6
      vertex 45.8081 24.95 10.6
      vertex 45.8081 24.95 12.6
    endloop
  endfacet
  facet normal 0.89694 -0.442153 0
    outer loop
      vertex 45.8081 24.95 10.6
      vertex 45.6751 24.6802 12.6
      vertex 45.6751 24.6802 10.6
    endloop
  endfacet
  facet normal 0.997854 -0.0654821 0
    outer loop
      vertex 45.5 23.8 12.6
      vertex 45.5197 24.1002 10.6
      vertex 45.5197 24.1002 12.6
    endloop
  endfacet
  facet normal 0.997854 -0.0654821 0
    outer loop
      vertex 45.5197 24.1002 10.6
      vertex 45.5 23.8 12.6
      vertex 45.5 23.8 10.6
    endloop
  endfacet
  facet normal 0.659563 -0.751649 0
    outer loop
      vertex 46.1737 25.4263 10.6
      vertex 46.3998 25.6247 12.6
      vertex 46.1737 25.4263 12.6
    endloop
  endfacet
  facet normal 0.659563 -0.751649 0
    outer loop
      vertex 46.3998 25.6247 12.6
      vertex 46.1737 25.4263 10.6
      vertex 46.3998 25.6247 10.6
    endloop
  endfacet
  facet normal 0.321408 -0.946941 0
    outer loop
      vertex 46.9198 25.9249 10.6
      vertex 47.2047 26.0216 12.6
      vertex 46.9198 25.9249 12.6
    endloop
  endfacet
  facet normal 0.321408 -0.946941 0
    outer loop
      vertex 47.2047 26.0216 12.6
      vertex 46.9198 25.9249 10.6
      vertex 47.2047 26.0216 10.6
    endloop
  endfacet
  facet normal -0.321408 0.946941 0
    outer loop
      vertex 48.6802 21.6751 10.6
      vertex 48.3953 21.5784 12.6
      vertex 48.6802 21.6751 12.6
    endloop
  endfacet
  facet normal -0.321408 0.946941 0
    outer loop
      vertex 48.3953 21.5784 12.6
      vertex 48.6802 21.6751 10.6
      vertex 48.3953 21.5784 10.6
    endloop
  endfacet
  facet normal -0.751649 0.659563 0
    outer loop
      vertex 49.4263 22.1737 10.6
      vertex 49.6247 22.3998 12.6
      vertex 49.6247 22.3998 10.6
    endloop
  endfacet
  facet normal -0.751649 0.659563 0
    outer loop
      vertex 49.6247 22.3998 12.6
      vertex 49.4263 22.1737 10.6
      vertex 49.4263 22.1737 12.6
    endloop
  endfacet
  facet normal -0.555774 0.831334 0
    outer loop
      vertex 49.2001 21.9753 10.6
      vertex 48.95 21.8081 12.6
      vertex 49.2001 21.9753 12.6
    endloop
  endfacet
  facet normal -0.555774 0.831334 0
    outer loop
      vertex 48.95 21.8081 12.6
      vertex 49.2001 21.9753 10.6
      vertex 48.95 21.8081 10.6
    endloop
  endfacet
  facet normal -0.831436 0.55562 0
    outer loop
      vertex 49.6247 22.3998 10.6
      vertex 49.7919 22.65 12.6
      vertex 49.7919 22.65 10.6
    endloop
  endfacet
  facet normal -0.831436 0.55562 0
    outer loop
      vertex 49.7919 22.65 12.6
      vertex 49.6247 22.3998 10.6
      vertex 49.6247 22.3998 12.6
    endloop
  endfacet
  facet normal -0.980785 0.195093 0
    outer loop
      vertex 50.0216 23.2047 10.6
      vertex 50.0803 23.4998 12.6
      vertex 50.0803 23.4998 10.6
    endloop
  endfacet
  facet normal -0.980785 0.195093 0
    outer loop
      vertex 50.0803 23.4998 12.6
      vertex 50.0216 23.2047 10.6
      vertex 50.0216 23.2047 12.6
    endloop
  endfacet
  facet normal 0.55562 0.831436 -0
    outer loop
      vertex 46.65 21.8081 10.6
      vertex 46.3998 21.9753 12.6
      vertex 46.65 21.8081 12.6
    endloop
  endfacet
  facet normal 0.55562 0.831436 0
    outer loop
      vertex 46.3998 21.9753 12.6
      vertex 46.65 21.8081 10.6
      vertex 46.3998 21.9753 10.6
    endloop
  endfacet
  facet normal 0.321408 0.946941 -0
    outer loop
      vertex 47.2047 21.5784 10.6
      vertex 46.9198 21.6751 12.6
      vertex 47.2047 21.5784 12.6
    endloop
  endfacet
  facet normal 0.321408 0.946941 0
    outer loop
      vertex 46.9198 21.6751 12.6
      vertex 47.2047 21.5784 10.6
      vertex 46.9198 21.6751 10.6
    endloop
  endfacet
  facet normal 0.0654821 0.997854 -0
    outer loop
      vertex 47.8 21.5 10.6
      vertex 47.4998 21.5197 12.6
      vertex 47.8 21.5 12.6
    endloop
  endfacet
  facet normal 0.0654821 0.997854 0
    outer loop
      vertex 47.4998 21.5197 12.6
      vertex 47.8 21.5 10.6
      vertex 47.4998 21.5197 10.6
    endloop
  endfacet
  facet normal 0.751649 0.659563 0
    outer loop
      vertex 46.1737 22.1737 12.6
      vertex 45.9753 22.3998 10.6
      vertex 45.9753 22.3998 12.6
    endloop
  endfacet
  facet normal 0.751649 0.659563 0
    outer loop
      vertex 45.9753 22.3998 10.6
      vertex 46.1737 22.1737 12.6
      vertex 46.1737 22.1737 10.6
    endloop
  endfacet
  facet normal 0.89694 0.442153 0
    outer loop
      vertex 45.8081 22.65 12.6
      vertex 45.6751 22.9198 10.6
      vertex 45.6751 22.9198 12.6
    endloop
  endfacet
  facet normal 0.89694 0.442153 0
    outer loop
      vertex 45.6751 22.9198 10.6
      vertex 45.8081 22.65 12.6
      vertex 45.8081 22.65 10.6
    endloop
  endfacet
  facet normal 0.980785 0.195093 0
    outer loop
      vertex 45.5784 23.2047 12.6
      vertex 45.5197 23.4998 10.6
      vertex 45.5197 23.4998 12.6
    endloop
  endfacet
  facet normal 0.980785 0.195093 0
    outer loop
      vertex 45.5197 23.4998 10.6
      vertex 45.5784 23.2047 12.6
      vertex 45.5784 23.2047 10.6
    endloop
  endfacet
  facet normal 0.997854 0.0654821 0
    outer loop
      vertex 45.5197 23.4998 12.6
      vertex 45.5 23.8 10.6
      vertex 45.5 23.8 12.6
    endloop
  endfacet
  facet normal 0.997854 0.0654821 0
    outer loop
      vertex 45.5 23.8 10.6
      vertex 45.5197 23.4998 12.6
      vertex 45.5197 23.4998 10.6
    endloop
  endfacet
  facet normal -0.442153 0.89694 0
    outer loop
      vertex 48.95 21.8081 10.6
      vertex 48.6802 21.6751 12.6
      vertex 48.95 21.8081 12.6
    endloop
  endfacet
  facet normal -0.442153 0.89694 0
    outer loop
      vertex 48.6802 21.6751 12.6
      vertex 48.95 21.8081 10.6
      vertex 48.6802 21.6751 10.6
    endloop
  endfacet
  facet normal -0.659398 0.751794 0
    outer loop
      vertex 49.4263 22.1737 10.6
      vertex 49.2001 21.9753 12.6
      vertex 49.4263 22.1737 12.6
    endloop
  endfacet
  facet normal -0.659398 0.751794 0
    outer loop
      vertex 49.2001 21.9753 12.6
      vertex 49.4263 22.1737 10.6
      vertex 49.2001 21.9753 10.6
    endloop
  endfacet
  facet normal -0.89694 0.442153 0
    outer loop
      vertex 49.7919 22.65 10.6
      vertex 49.9249 22.9198 12.6
      vertex 49.9249 22.9198 10.6
    endloop
  endfacet
  facet normal -0.89694 0.442153 0
    outer loop
      vertex 49.9249 22.9198 12.6
      vertex 49.7919 22.65 10.6
      vertex 49.7919 22.65 12.6
    endloop
  endfacet
  facet normal -0.997854 0.0654821 0
    outer loop
      vertex 50.0803 23.4998 10.6
      vertex 50.1 23.8 12.6
      vertex 50.1 23.8 10.6
    endloop
  endfacet
  facet normal -0.997854 0.0654821 0
    outer loop
      vertex 50.1 23.8 12.6
      vertex 50.0803 23.4998 10.6
      vertex 50.0803 23.4998 12.6
    endloop
  endfacet
  facet normal 0.442153 0.89694 -0
    outer loop
      vertex 46.9198 21.6751 10.6
      vertex 46.65 21.8081 12.6
      vertex 46.9198 21.6751 12.6
    endloop
  endfacet
  facet normal 0.442153 0.89694 0
    outer loop
      vertex 46.65 21.8081 12.6
      vertex 46.9198 21.6751 10.6
      vertex 46.65 21.8081 10.6
    endloop
  endfacet
  facet normal -0.0654821 0.997854 0
    outer loop
      vertex 48.1002 21.5197 10.6
      vertex 47.8 21.5 12.6
      vertex 48.1002 21.5197 12.6
    endloop
  endfacet
  facet normal -0.0654821 0.997854 0
    outer loop
      vertex 47.8 21.5 12.6
      vertex 48.1002 21.5197 10.6
      vertex 47.8 21.5 10.6
    endloop
  endfacet
  facet normal 0.659563 0.751649 -0
    outer loop
      vertex 46.3998 21.9753 10.6
      vertex 46.1737 22.1737 12.6
      vertex 46.3998 21.9753 12.6
    endloop
  endfacet
  facet normal 0.659563 0.751649 0
    outer loop
      vertex 46.1737 22.1737 12.6
      vertex 46.3998 21.9753 10.6
      vertex 46.1737 22.1737 10.6
    endloop
  endfacet
  facet normal 0.946941 0.321408 0
    outer loop
      vertex 45.6751 22.9198 12.6
      vertex 45.5784 23.2047 10.6
      vertex 45.5784 23.2047 12.6
    endloop
  endfacet
  facet normal 0.946941 0.321408 0
    outer loop
      vertex 45.5784 23.2047 10.6
      vertex 45.6751 22.9198 12.6
      vertex 45.6751 22.9198 10.6
    endloop
  endfacet
  facet normal -0.946941 0.321408 0
    outer loop
      vertex 49.9249 22.9198 10.6
      vertex 50.0216 23.2047 12.6
      vertex 50.0216 23.2047 10.6
    endloop
  endfacet
  facet normal -0.946941 0.321408 0
    outer loop
      vertex 50.0216 23.2047 12.6
      vertex 49.9249 22.9198 10.6
      vertex 49.9249 22.9198 12.6
    endloop
  endfacet
  facet normal 1 -0 0
    outer loop
      vertex 35.55 1.08 12.6
      vertex 35.55 8.8 10.6
      vertex 35.55 8.8 12.6
    endloop
  endfacet
  facet normal 1 0 0
    outer loop
      vertex 35.55 8.8 10.6
      vertex 35.55 1.08 12.6
      vertex 35.55 1.08 10.6
    endloop
  endfacet
  facet normal -1 0 0
    outer loop
      vertex 50.05 1.08 10.6
      vertex 50.05 9.08 12.6
      vertex 50.05 9.08 10.6
    endloop
  endfacet
  facet normal -1 -0 0
    outer loop
      vertex 50.05 9.08 12.6
      vertex 50.05 1.08 10.6
      vertex 50.05 1.08 12.6
    endloop
  endfacet
  facet normal 0 1 -0
    outer loop
      vertex 50.05 1.08 10.6
      vertex 35.55 1.08 12.6
      vertex 50.05 1.08 12.6
    endloop
  endfacet
  facet normal 0 1 0
    outer loop
      vertex 35.55 1.08 12.6
      vertex 50.05 1.08 10.6
      vertex 35.55 1.08 10.6
    endloop
  endfacet
  facet normal 0 -1 0
    outer loop
      vertex 38.55 9.08 10.6
      vertex 50.05 9.08 12.6
      vertex 38.55 9.08 12.6
    endloop
  endfacet
  facet normal 0 -1 -0
    outer loop
      vertex 50.05 9.08 12.6
      vertex 38.55 9.08 10.6
      vertex 50.05 9.08 10.6
    endloop
  endfacet
  facet normal 1 -0 0
    outer loop
      vertex 32.55 8.8 12.6
      vertex 32.55 17.8 10.6
      vertex 32.55 17.8 12.6
    endloop
  endfacet
  facet normal 1 0 0
    outer loop
      vertex 32.55 17.8 10.6
      vertex 32.55 8.8 12.6
      vertex 32.55 8.8 10.6
    endloop
  endfacet
  facet normal -1 0 0
    outer loop
      vertex 38.55 9.08 10.6
      vertex 38.55 17.8 12.6
      vertex 38.55 17.8 10.6
    endloop
  endfacet
  facet normal -1 -0 0
    outer loop
      vertex 38.55 17.8 12.6
      vertex 38.55 9.08 10.6
      vertex 38.55 9.08 12.6
    endloop
  endfacet
  facet normal 0 -1 0
    outer loop
      vertex 32.55 17.8 10.6
      vertex 38.55 17.8 12.6
      vertex 32.55 17.8 12.6
    endloop
  endfacet
  facet normal 0 -1 -0
    outer loop
      vertex 38.55 17.8 12.6
      vertex 32.55 17.8 10.6
      vertex 38.55 17.8 10.6
    endloop
  endfacet
  facet normal 0 1 -0
    outer loop
      vertex 35.55 8.8 10.6
      vertex 32.55 8.8 12.6
      vertex 35.55 8.8 12.6
    endloop
  endfacet
  facet normal 0 1 0
    outer loop
      vertex 32.55 8.8 12.6
      vertex 35.55 8.8 10.6
      vertex 32.55 8.8 10.6
    endloop
  endfacet
  facet normal 1 -0 0
    outer loop
      vertex 32.85 28.55 12.6
      vertex 32.85 34.55 10.6
      vertex 32.85 34.55 12.6
    endloop
  endfacet
  facet normal 1 0 0
    outer loop
      vertex 32.85 34.55 10.6
      vertex 32.85 28.55 12.6
      vertex 32.85 28.55 10.6
    endloop
  endfacet
  facet normal -1 0 0
    outer loop
      vertex 45.85 28.55 10.6
      vertex 45.85 34.55 12.6
      vertex 45.85 34.55 10.6
    endloop
  endfacet
  facet normal -1 -0 0
    outer loop
      vertex 45.85 34.55 12.6
      vertex 45.85 28.55 10.6
      vertex 45.85 28.55 12.6
    endloop
  endfacet
  facet normal 0 -1 0
    outer loop
      vertex 32.85 34.55 10.6
      vertex 45.85 34.55 12.6
      vertex 32.85 34.55 12.6
    endloop
  endfacet
  facet normal 0 -1 -0
    outer loop
      vertex 45.85 34.55 12.6
      vertex 32.85 34.55 10.6
      vertex 45.85 34.55 10.6
    endloop
  endfacet
  facet normal 0 1 -0
    outer loop
      vertex 45.85 28.55 10.6
      vertex 32.85 28.55 12.6
      vertex 45.85 28.55 12.6
    endloop
  endfacet
  facet normal 0 1 0
    outer loop
      vertex 32.85 28.55 12.6
      vertex 45.85 28.55 10.6
      vertex 32.85 28.55 10.6
    endloop
  endfacet
  facet normal -0.99787 -0.0652336 0
    outer loop
      vertex 49.05 31.55 10.6
      vertex 49.0372 31.7458 12.6
      vertex 49.0372 31.7458 10.6
    endloop
  endfacet
  facet normal -0.99787 -0.0652336 0
    outer loop
      vertex 49.0372 31.7458 12.6
      vertex 49.05 31.55 10.6
      vertex 49.05 31.55 12.6
    endloop
  endfacet
  facet normal 0.99787 -0.0652336 0
    outer loop
      vertex 46.05 31.55 12.6
      vertex 46.0628 31.7458 10.6
      vertex 46.0628 31.7458 12.6
    endloop
  endfacet
  facet normal 0.99787 -0.0652336 0
    outer loop
      vertex 46.0628 31.7458 10.6
      vertex 46.05 31.55 12.6
      vertex 46.05 31.55 10.6
    endloop
  endfacet
  facet normal 0.0652336 -0.99787 0
    outer loop
      vertex 47.3542 33.0372 10.6
      vertex 47.55 33.05 12.6
      vertex 47.3542 33.0372 12.6
    endloop
  endfacet
  facet normal 0.0652336 -0.99787 0
    outer loop
      vertex 47.55 33.05 12.6
      vertex 47.3542 33.0372 10.6
      vertex 47.55 33.05 10.6
    endloop
  endfacet
  facet normal -0.0652336 0.99787 0
    outer loop
      vertex 47.7458 30.0628 10.6
      vertex 47.55 30.05 12.6
      vertex 47.7458 30.0628 12.6
    endloop
  endfacet
  facet normal -0.0652336 0.99787 0
    outer loop
      vertex 47.55 30.05 12.6
      vertex 47.7458 30.0628 10.6
      vertex 47.55 30.05 10.6
    endloop
  endfacet
  facet normal -0.658937 -0.752198 0
    outer loop
      vertex 48.4631 32.74 10.6
      vertex 48.6107 32.6107 12.6
      vertex 48.4631 32.74 12.6
    endloop
  endfacet
  facet normal -0.658937 -0.752198 -0
    outer loop
      vertex 48.6107 32.6107 12.6
      vertex 48.4631 32.74 10.6
      vertex 48.6107 32.6107 10.6
    endloop
  endfacet
  facet normal 0.658937 -0.752198 0
    outer loop
      vertex 46.4893 32.6107 10.6
      vertex 46.6369 32.74 12.6
      vertex 46.4893 32.6107 12.6
    endloop
  endfacet
  facet normal 0.658937 -0.752198 0
    outer loop
      vertex 46.6369 32.74 12.6
      vertex 46.4893 32.6107 10.6
      vertex 46.6369 32.74 10.6
    endloop
  endfacet
  facet normal 0.321574 -0.946885 0
    outer loop
      vertex 46.976 32.9358 10.6
      vertex 47.1618 32.9989 12.6
      vertex 46.976 32.9358 12.6
    endloop
  endfacet
  facet normal 0.321574 -0.946885 0
    outer loop
      vertex 47.1618 32.9989 12.6
      vertex 46.976 32.9358 10.6
      vertex 47.1618 32.9989 10.6
    endloop
  endfacet
  facet normal -0.89686 -0.442315 0
    outer loop
      vertex 48.9358 32.124 10.6
      vertex 48.849 32.3 12.6
      vertex 48.849 32.3 10.6
    endloop
  endfacet
  facet normal -0.89686 -0.442315 0
    outer loop
      vertex 48.849 32.3 12.6
      vertex 48.9358 32.124 10.6
      vertex 48.9358 32.124 12.6
    endloop
  endfacet
  facet normal -0.321574 -0.946885 0
    outer loop
      vertex 47.9382 32.9989 10.6
      vertex 48.124 32.9358 12.6
      vertex 47.9382 32.9989 12.6
    endloop
  endfacet
  facet normal -0.321574 -0.946885 -0
    outer loop
      vertex 48.124 32.9358 12.6
      vertex 47.9382 32.9989 10.6
      vertex 48.124 32.9358 10.6
    endloop
  endfacet
  facet normal -0.195234 -0.980757 0
    outer loop
      vertex 47.7458 33.0372 10.6
      vertex 47.9382 32.9989 12.6
      vertex 47.7458 33.0372 12.6
    endloop
  endfacet
  facet normal -0.195234 -0.980757 -0
    outer loop
      vertex 47.9382 32.9989 12.6
      vertex 47.7458 33.0372 10.6
      vertex 47.9382 32.9989 10.6
    endloop
  endfacet
  facet normal -0.442315 -0.89686 0
    outer loop
      vertex 48.124 32.9358 10.6
      vertex 48.3 32.849 12.6
      vertex 48.124 32.9358 12.6
    endloop
  endfacet
  facet normal -0.442315 -0.89686 -0
    outer loop
      vertex 48.3 32.849 12.6
      vertex 48.124 32.9358 10.6
      vertex 48.3 32.849 10.6
    endloop
  endfacet
  facet normal 0.89686 -0.442315 0
    outer loop
      vertex 46.1642 32.124 12.6
      vertex 46.251 32.3 10.6
      vertex 46.251 32.3 12.6
    endloop
  endfacet
  facet normal 0.89686 -0.442315 0
    outer loop
      vertex 46.251 32.3 10.6
      vertex 46.1642 32.124 12.6
      vertex 46.1642 32.124 10.6
    endloop
  endfacet
  facet normal 0.752198 -0.658937 0
    outer loop
      vertex 46.36 32.4631 12.6
      vertex 46.4893 32.6107 10.6
      vertex 46.4893 32.6107 12.6
    endloop
  endfacet
  facet normal 0.752198 -0.658937 0
    outer loop
      vertex 46.4893 32.6107 10.6
      vertex 46.36 32.4631 12.6
      vertex 46.36 32.4631 10.6
    endloop
  endfacet
  facet normal 0.195234 -0.980757 0
    outer loop
      vertex 47.1618 32.9989 10.6
      vertex 47.3542 33.0372 12.6
      vertex 47.1618 32.9989 12.6
    endloop
  endfacet
  facet normal 0.195234 -0.980757 0
    outer loop
      vertex 47.3542 33.0372 12.6
      vertex 47.1618 32.9989 10.6
      vertex 47.3542 33.0372 10.6
    endloop
  endfacet
  facet normal -0.89686 0.442315 0
    outer loop
      vertex 48.849 30.8 10.6
      vertex 48.9358 30.976 12.6
      vertex 48.9358 30.976 10.6
    endloop
  endfacet
  facet normal -0.89686 0.442315 0
    outer loop
      vertex 48.9358 30.976 12.6
      vertex 48.849 30.8 10.6
      vertex 48.849 30.8 12.6
    endloop
  endfacet
  facet normal -0.195234 0.980757 0
    outer loop
      vertex 47.9382 30.1011 10.6
      vertex 47.7458 30.0628 12.6
      vertex 47.9382 30.1011 12.6
    endloop
  endfacet
  facet normal -0.195234 0.980757 0
    outer loop
      vertex 47.7458 30.0628 12.6
      vertex 47.9382 30.1011 10.6
      vertex 47.7458 30.0628 10.6
    endloop
  endfacet
  facet normal -0.442315 0.89686 0
    outer loop
      vertex 48.3 30.251 10.6
      vertex 48.124 30.1642 12.6
      vertex 48.3 30.251 12.6
    endloop
  endfacet
  facet normal -0.442315 0.89686 0
    outer loop
      vertex 48.124 30.1642 12.6
      vertex 48.3 30.251 10.6
      vertex 48.124 30.1642 10.6
    endloop
  endfacet
  facet normal -0.946885 -0.321574 0
    outer loop
      vertex 48.9989 31.9382 10.6
      vertex 48.9358 32.124 12.6
      vertex 48.9358 32.124 10.6
    endloop
  endfacet
  facet normal -0.946885 -0.321574 0
    outer loop
      vertex 48.9358 32.124 12.6
      vertex 48.9989 31.9382 10.6
      vertex 48.9989 31.9382 12.6
    endloop
  endfacet
  facet normal -0.980757 -0.195234 0
    outer loop
      vertex 49.0372 31.7458 10.6
      vertex 48.9989 31.9382 12.6
      vertex 48.9989 31.9382 10.6
    endloop
  endfacet
  facet normal -0.980757 -0.195234 0
    outer loop
      vertex 48.9989 31.9382 12.6
      vertex 49.0372 31.7458 10.6
      vertex 49.0372 31.7458 12.6
    endloop
  endfacet
  facet normal -0.752198 -0.658937 0
    outer loop
      vertex 48.74 32.4631 10.6
      vertex 48.6107 32.6107 12.6
      vertex 48.6107 32.6107 10.6
    endloop
  endfacet
  facet normal -0.752198 -0.658937 0
    outer loop
      vertex 48.6107 32.6107 12.6
      vertex 48.74 32.4631 10.6
      vertex 48.74 32.4631 12.6
    endloop
  endfacet
  facet normal -0.831422 -0.555641 0
    outer loop
      vertex 48.849 32.3 10.6
      vertex 48.74 32.4631 12.6
      vertex 48.74 32.4631 10.6
    endloop
  endfacet
  facet normal -0.831422 -0.555641 0
    outer loop
      vertex 48.74 32.4631 12.6
      vertex 48.849 32.3 10.6
      vertex 48.849 32.3 12.6
    endloop
  endfacet
  facet normal -0.0652336 -0.99787 0
    outer loop
      vertex 47.55 33.05 10.6
      vertex 47.7458 33.0372 12.6
      vertex 47.55 33.05 12.6
    endloop
  endfacet
  facet normal -0.0652336 -0.99787 -0
    outer loop
      vertex 47.7458 33.0372 12.6
      vertex 47.55 33.05 10.6
      vertex 47.7458 33.0372 10.6
    endloop
  endfacet
  facet normal -0.555641 -0.831422 0
    outer loop
      vertex 48.3 32.849 10.6
      vertex 48.4631 32.74 12.6
      vertex 48.3 32.849 12.6
    endloop
  endfacet
  facet normal -0.555641 -0.831422 -0
    outer loop
      vertex 48.4631 32.74 12.6
      vertex 48.3 32.849 10.6
      vertex 48.4631 32.74 10.6
    endloop
  endfacet
  facet normal 0.831422 -0.555641 0
    outer loop
      vertex 46.251 32.3 12.6
      vertex 46.36 32.4631 10.6
      vertex 46.36 32.4631 12.6
    endloop
  endfacet
  facet normal 0.831422 -0.555641 0
    outer loop
      vertex 46.36 32.4631 10.6
      vertex 46.251 32.3 12.6
      vertex 46.251 32.3 10.6
    endloop
  endfacet
  facet normal 0.946885 -0.321574 0
    outer loop
      vertex 46.1011 31.9382 12.6
      vertex 46.1642 32.124 10.6
      vertex 46.1642 32.124 12.6
    endloop
  endfacet
  facet normal 0.946885 -0.321574 0
    outer loop
      vertex 46.1642 32.124 10.6
      vertex 46.1011 31.9382 12.6
      vertex 46.1011 31.9382 10.6
    endloop
  endfacet
  facet normal 0.980757 -0.195234 0
    outer loop
      vertex 46.0628 31.7458 12.6
      vertex 46.1011 31.9382 10.6
      vertex 46.1011 31.9382 12.6
    endloop
  endfacet
  facet normal 0.980757 -0.195234 0
    outer loop
      vertex 46.1011 31.9382 10.6
      vertex 46.0628 31.7458 12.6
      vertex 46.0628 31.7458 10.6
    endloop
  endfacet
  facet normal 0.442315 -0.89686 0
    outer loop
      vertex 46.8 32.849 10.6
      vertex 46.976 32.9358 12.6
      vertex 46.8 32.849 12.6
    endloop
  endfacet
  facet normal 0.442315 -0.89686 0
    outer loop
      vertex 46.976 32.9358 12.6
      vertex 46.8 32.849 10.6
      vertex 46.976 32.9358 10.6
    endloop
  endfacet
  facet normal 0.555641 -0.831422 0
    outer loop
      vertex 46.6369 32.74 10.6
      vertex 46.8 32.849 12.6
      vertex 46.6369 32.74 12.6
    endloop
  endfacet
  facet normal 0.555641 -0.831422 0
    outer loop
      vertex 46.8 32.849 12.6
      vertex 46.6369 32.74 10.6
      vertex 46.8 32.849 10.6
    endloop
  endfacet
  facet normal -0.555641 0.831422 0
    outer loop
      vertex 48.4631 30.36 10.6
      vertex 48.3 30.251 12.6
      vertex 48.4631 30.36 12.6
    endloop
  endfacet
  facet normal -0.555641 0.831422 0
    outer loop
      vertex 48.3 30.251 12.6
      vertex 48.4631 30.36 10.6
      vertex 48.3 30.251 10.6
    endloop
  endfacet
  facet normal -0.752198 0.658937 0
    outer loop
      vertex 48.6107 30.4893 10.6
      vertex 48.74 30.6369 12.6
      vertex 48.74 30.6369 10.6
    endloop
  endfacet
  facet normal -0.752198 0.658937 0
    outer loop
      vertex 48.74 30.6369 12.6
      vertex 48.6107 30.4893 10.6
      vertex 48.6107 30.4893 12.6
    endloop
  endfacet
  facet normal -0.946885 0.321574 0
    outer loop
      vertex 48.9358 30.976 10.6
      vertex 48.9989 31.1618 12.6
      vertex 48.9989 31.1618 10.6
    endloop
  endfacet
  facet normal -0.946885 0.321574 0
    outer loop
      vertex 48.9989 31.1618 12.6
      vertex 48.9358 30.976 10.6
      vertex 48.9358 30.976 12.6
    endloop
  endfacet
  facet normal -0.980757 0.195234 0
    outer loop
      vertex 48.9989 31.1618 10.6
      vertex 49.0372 31.3542 12.6
      vertex 49.0372 31.3542 10.6
    endloop
  endfacet
  facet normal -0.980757 0.195234 0
    outer loop
      vertex 49.0372 31.3542 12.6
      vertex 48.9989 31.1618 10.6
      vertex 48.9989 31.1618 12.6
    endloop
  endfacet
  facet normal 0.658937 0.752198 -0
    outer loop
      vertex 46.6369 30.36 10.6
      vertex 46.4893 30.4893 12.6
      vertex 46.6369 30.36 12.6
    endloop
  endfacet
  facet normal 0.658937 0.752198 0
    outer loop
      vertex 46.4893 30.4893 12.6
      vertex 46.6369 30.36 10.6
      vertex 46.4893 30.4893 10.6
    endloop
  endfacet
  facet normal 0.89686 0.442315 0
    outer loop
      vertex 46.251 30.8 12.6
      vertex 46.1642 30.976 10.6
      vertex 46.1642 30.976 12.6
    endloop
  endfacet
  facet normal 0.89686 0.442315 0
    outer loop
      vertex 46.1642 30.976 10.6
      vertex 46.251 30.8 12.6
      vertex 46.251 30.8 10.6
    endloop
  endfacet
  facet normal 0.752198 0.658937 0
    outer loop
      vertex 46.4893 30.4893 12.6
      vertex 46.36 30.6369 10.6
      vertex 46.36 30.6369 12.6
    endloop
  endfacet
  facet normal 0.752198 0.658937 0
    outer loop
      vertex 46.36 30.6369 10.6
      vertex 46.4893 30.4893 12.6
      vertex 46.4893 30.4893 10.6
    endloop
  endfacet
  facet normal -0.831422 0.555641 0
    outer loop
      vertex 48.74 30.6369 10.6
      vertex 48.849 30.8 12.6
      vertex 48.849 30.8 10.6
    endloop
  endfacet
  facet normal -0.831422 0.555641 0
    outer loop
      vertex 48.849 30.8 12.6
      vertex 48.74 30.6369 10.6
      vertex 48.74 30.6369 12.6
    endloop
  endfacet
  facet normal -0.99787 0.0652336 0
    outer loop
      vertex 49.0372 31.3542 10.6
      vertex 49.05 31.55 12.6
      vertex 49.05 31.55 10.6
    endloop
  endfacet
  facet normal -0.99787 0.0652336 0
    outer loop
      vertex 49.05 31.55 12.6
      vertex 49.0372 31.3542 10.6
      vertex 49.0372 31.3542 12.6
    endloop
  endfacet
  facet normal 0.980757 0.195234 0
    outer loop
      vertex 46.1011 31.1618 12.6
      vertex 46.0628 31.3542 10.6
      vertex 46.0628 31.3542 12.6
    endloop
  endfacet
  facet normal 0.980757 0.195234 0
    outer loop
      vertex 46.0628 31.3542 10.6
      vertex 46.1011 31.1618 12.6
      vertex 46.1011 31.1618 10.6
    endloop
  endfacet
  facet normal 0.99787 0.0652336 0
    outer loop
      vertex 46.0628 31.3542 12.6
      vertex 46.05 31.55 10.6
      vertex 46.05 31.55 12.6
    endloop
  endfacet
  facet normal 0.99787 0.0652336 0
    outer loop
      vertex 46.05 31.55 10.6
      vertex 46.0628 31.3542 12.6
      vertex 46.0628 31.3542 10.6
    endloop
  endfacet
  facet normal 0.946885 0.321574 0
    outer loop
      vertex 46.1642 30.976 12.6
      vertex 46.1011 31.1618 10.6
      vertex 46.1011 31.1618 12.6
    endloop
  endfacet
  facet normal 0.946885 0.321574 0
    outer loop
      vertex 46.1011 31.1618 10.6
      vertex 46.1642 30.976 12.6
      vertex 46.1642 30.976 10.6
    endloop
  endfacet
  facet normal -0.321574 0.946885 0
    outer loop
      vertex 48.124 30.1642 10.6
      vertex 47.9382 30.1011 12.6
      vertex 48.124 30.1642 12.6
    endloop
  endfacet
  facet normal -0.321574 0.946885 0
    outer loop
      vertex 47.9382 30.1011 12.6
      vertex 48.124 30.1642 10.6
      vertex 47.9382 30.1011 10.6
    endloop
  endfacet
  facet normal -0.658937 0.752198 0
    outer loop
      vertex 48.6107 30.4893 10.6
      vertex 48.4631 30.36 12.6
      vertex 48.6107 30.4893 12.6
    endloop
  endfacet
  facet normal -0.658937 0.752198 0
    outer loop
      vertex 48.4631 30.36 12.6
      vertex 48.6107 30.4893 10.6
      vertex 48.4631 30.36 10.6
    endloop
  endfacet
  facet normal 0.0652336 0.99787 -0
    outer loop
      vertex 47.55 30.05 10.6
      vertex 47.3542 30.0628 12.6
      vertex 47.55 30.05 12.6
    endloop
  endfacet
  facet normal 0.0652336 0.99787 0
    outer loop
      vertex 47.3542 30.0628 12.6
      vertex 47.55 30.05 10.6
      vertex 47.3542 30.0628 10.6
    endloop
  endfacet
  facet normal 0.555641 0.831422 -0
    outer loop
      vertex 46.8 30.251 10.6
      vertex 46.6369 30.36 12.6
      vertex 46.8 30.251 12.6
    endloop
  endfacet
  facet normal 0.555641 0.831422 0
    outer loop
      vertex 46.6369 30.36 12.6
      vertex 46.8 30.251 10.6
      vertex 46.6369 30.36 10.6
    endloop
  endfacet
  facet normal 0.831422 0.555641 0
    outer loop
      vertex 46.36 30.6369 12.6
      vertex 46.251 30.8 10.6
      vertex 46.251 30.8 12.6
    endloop
  endfacet
  facet normal 0.831422 0.555641 0
    outer loop
      vertex 46.251 30.8 10.6
      vertex 46.36 30.6369 12.6
      vertex 46.36 30.6369 10.6
    endloop
  endfacet
  facet normal 0.195234 0.980757 -0
    outer loop
      vertex 47.3542 30.0628 10.6
      vertex 47.1618 30.1011 12.6
      vertex 47.3542 30.0628 12.6
    endloop
  endfacet
  facet normal 0.195234 0.980757 0
    outer loop
      vertex 47.1618 30.1011 12.6
      vertex 47.3542 30.0628 10.6
      vertex 47.1618 30.1011 10.6
    endloop
  endfacet
  facet normal 0.321574 0.946885 -0
    outer loop
      vertex 47.1618 30.1011 10.6
      vertex 46.976 30.1642 12.6
      vertex 47.1618 30.1011 12.6
    endloop
  endfacet
  facet normal 0.321574 0.946885 0
    outer loop
      vertex 46.976 30.1642 12.6
      vertex 47.1618 30.1011 10.6
      vertex 46.976 30.1642 10.6
    endloop
  endfacet
  facet normal 0.442315 0.89686 -0
    outer loop
      vertex 46.976 30.1642 10.6
      vertex 46.8 30.251 12.6
      vertex 46.976 30.1642 12.6
    endloop
  endfacet
  facet normal 0.442315 0.89686 0
    outer loop
      vertex 46.8 30.251 12.6
      vertex 46.976 30.1642 10.6
      vertex 46.8 30.251 10.6
    endloop
  endfacet
endsolid OpenSCAD_Model
