solid OpenSCAD_Model
  facet normal -1 0 0
    outer loop
      vertex -8.6 -9 0
      vertex -8.6 40.8 12
      vertex -8.6 40.8 0
    endloop
  endfacet
  facet normal -1 -0 0
    outer loop
      vertex -8.6 40.8 12
      vertex -8.6 -9 0
      vertex -8.6 -9 12
    endloop
  endfacet
  facet normal 0 0 1
    outer loop
      vertex 85.7 40.8 12
      vertex 83.7 38.8 12
      vertex 85.7 -9 12
    endloop
  endfacet
  facet normal 0 0 1
    outer loop
      vertex 85.7 40.8 12
      vertex -6.6 38.8 12
      vertex 83.7 38.8 12
    endloop
  endfacet
  facet normal 0 0 1
    outer loop
      vertex -6.6 38.8 12
      vertex -8.6 40.8 12
      vertex -6.6 -7 12
    endloop
  endfacet
  facet normal -0 0 1
    outer loop
      vertex -8.6 40.8 12
      vertex -6.6 38.8 12
      vertex 85.7 40.8 12
    endloop
  endfacet
  facet normal -0 0 1
    outer loop
      vertex 83.7 -7 12
      vertex 85.7 -9 12
      vertex 83.7 38.8 12
    endloop
  endfacet
  facet normal -0 0 1
    outer loop
      vertex -6.6 -7 12
      vertex 85.7 -9 12
      vertex 83.7 -7 12
    endloop
  endfacet
  facet normal 0 0 1
    outer loop
      vertex -6.6 -7 12
      vertex -8.6 -9 12
      vertex 85.7 -9 12
    endloop
  endfacet
  facet normal 0 0 1
    outer loop
      vertex -8.6 -9 12
      vertex -6.6 -7 12
      vertex -8.6 40.8 12
    endloop
  endfacet
  facet normal 1 -0 0
    outer loop
      vertex 85.7 -9 12
      vertex 85.7 40.8 0
      vertex 85.7 40.8 12
    endloop
  endfacet
  facet normal 1 0 0
    outer loop
      vertex 85.7 40.8 0
      vertex 85.7 -9 12
      vertex 85.7 -9 0
    endloop
  endfacet
  facet normal 0 1 -0
    outer loop
      vertex 85.7 40.8 0
      vertex -8.6 40.8 12
      vertex 85.7 40.8 12
    endloop
  endfacet
  facet normal 0 1 0
    outer loop
      vertex -8.6 40.8 12
      vertex 85.7 40.8 0
      vertex -8.6 40.8 0
    endloop
  endfacet
  facet normal 0 0 -1
    outer loop
      vertex -0.428719 -1.8 0
      vertex 45.959 15.2218 0
      vertex -0.243585 -2.17541 0
    endloop
  endfacet
  facet normal 0 0 -1
    outer loop
      vertex 45.85 16.05 0
      vertex -0.0273762 34.7823 0
      vertex 0 35.2 0
    endloop
  endfacet
  facet normal -0 0 -1
    outer loop
      vertex 45.959 15.2218 0
      vertex -0.428719 -1.8 0
      vertex 45.8774 15.6323 0
    endloop
  endfacet
  facet normal 0 0 -1
    outer loop
      vertex 45.85 16.05 0
      vertex -0.109036 34.3718 0
      vertex -0.0273762 34.7823 0
    endloop
  endfacet
  facet normal 0 0 -1
    outer loop
      vertex -0.661269 -1.45196 0
      vertex 45.8774 15.6323 0
      vertex -0.428719 -1.8 0
    endloop
  endfacet
  facet normal 0 0 -1
    outer loop
      vertex 45.85 16.05 0
      vertex -0.243585 33.9754 0
      vertex -0.109036 34.3718 0
    endloop
  endfacet
  facet normal -0 0 -1
    outer loop
      vertex 45.8774 15.6323 0
      vertex -0.661269 -1.45196 0
      vertex 45.85 16.05 0
    endloop
  endfacet
  facet normal 0 0 -1
    outer loop
      vertex 45.85 16.05 0
      vertex -0.428719 33.6 0
      vertex -0.243585 33.9754 0
    endloop
  endfacet
  facet normal 0 0 -1
    outer loop
      vertex -0.661269 33.252 0
      vertex 45.85 16.05 0
      vertex -0.661269 -1.45196 0
    endloop
  endfacet
  facet normal 0 0 -1
    outer loop
      vertex 45.85 16.05 0
      vertex -0.661269 33.252 0
      vertex -0.428719 33.6 0
    endloop
  endfacet
  facet normal 0 0 -1
    outer loop
      vertex -0.937258 -1.13726 0
      vertex -0.661269 33.252 0
      vertex -0.661269 -1.45196 0
    endloop
  endfacet
  facet normal 0 0 -1
    outer loop
      vertex -0.937258 -1.13726 0
      vertex -0.937258 32.9373 0
      vertex -0.661269 33.252 0
    endloop
  endfacet
  facet normal 0 0 -1
    outer loop
      vertex -1.25196 -0.861269 0
      vertex -0.937258 32.9373 0
      vertex -0.937258 -1.13726 0
    endloop
  endfacet
  facet normal 0 0 -1
    outer loop
      vertex -1.25196 -0.861269 0
      vertex -1.25196 32.6613 0
      vertex -0.937258 32.9373 0
    endloop
  endfacet
  facet normal 0 0 -1
    outer loop
      vertex -1.6 -0.628718 0
      vertex -1.25196 32.6613 0
      vertex -1.25196 -0.861269 0
    endloop
  endfacet
  facet normal 0 0 -1
    outer loop
      vertex -1.6 -0.628718 0
      vertex -1.6 32.4287 0
      vertex -1.25196 32.6613 0
    endloop
  endfacet
  facet normal 0 0 -1
    outer loop
      vertex -1.97541 -0.443585 0
      vertex -1.6 32.4287 0
      vertex -1.6 -0.628718 0
    endloop
  endfacet
  facet normal 0 0 -1
    outer loop
      vertex -1.97541 -0.443585 0
      vertex -1.97541 32.2436 0
      vertex -1.6 32.4287 0
    endloop
  endfacet
  facet normal 0 0 -1
    outer loop
      vertex -2.37178 -0.309037 0
      vertex -1.97541 32.2436 0
      vertex -1.97541 -0.443585 0
    endloop
  endfacet
  facet normal 0 0 -1
    outer loop
      vertex -2.37178 -0.309037 0
      vertex -2.37178 32.109 0
      vertex -1.97541 32.2436 0
    endloop
  endfacet
  facet normal 0 0 -1
    outer loop
      vertex -2.78232 -0.227376 0
      vertex -2.37178 32.109 0
      vertex -2.37178 -0.309037 0
    endloop
  endfacet
  facet normal 0 0 -1
    outer loop
      vertex -2.78232 -0.227376 0
      vertex -2.78232 32.0274 0
      vertex -2.37178 32.109 0
    endloop
  endfacet
  facet normal 0 0 -1
    outer loop
      vertex -3.2 -0.2 0
      vertex -2.78232 32.0274 0
      vertex -2.78232 -0.227376 0
    endloop
  endfacet
  facet normal 0 0 -1
    outer loop
      vertex -3.2 -0.2 0
      vertex -3.2 32 0
      vertex -2.78232 32.0274 0
    endloop
  endfacet
  facet normal 0 0 -1
    outer loop
      vertex -3.61768 -0.227376 0
      vertex -3.2 32 0
      vertex -3.2 -0.2 0
    endloop
  endfacet
  facet normal 0 0 -1
    outer loop
      vertex -3.61768 -0.227376 0
      vertex -3.61768 32.0274 0
      vertex -3.2 32 0
    endloop
  endfacet
  facet normal 0 0 -1
    outer loop
      vertex -4.02822 -0.309037 0
      vertex -3.61768 32.0274 0
      vertex -3.61768 -0.227376 0
    endloop
  endfacet
  facet normal 0 0 -1
    outer loop
      vertex -4.02822 -0.309037 0
      vertex -4.02822 32.109 0
      vertex -3.61768 32.0274 0
    endloop
  endfacet
  facet normal 0 0 -1
    outer loop
      vertex -4.42459 -0.443585 0
      vertex -4.02822 32.109 0
      vertex -4.02822 -0.309037 0
    endloop
  endfacet
  facet normal 0 0 -1
    outer loop
      vertex -4.42459 -0.443585 0
      vertex -4.42459 32.2436 0
      vertex -4.02822 32.109 0
    endloop
  endfacet
  facet normal 0 0 -1
    outer loop
      vertex -4.8 -0.628718 0
      vertex -4.42459 32.2436 0
      vertex -4.42459 -0.443585 0
    endloop
  endfacet
  facet normal 0 0 -1
    outer loop
      vertex -4.8 -0.628718 0
      vertex -4.8 32.4287 0
      vertex -4.42459 32.2436 0
    endloop
  endfacet
  facet normal 0 0 -1
    outer loop
      vertex -5.14804 -0.861269 0
      vertex -4.8 32.4287 0
      vertex -4.8 -0.628718 0
    endloop
  endfacet
  facet normal 0 0 -1
    outer loop
      vertex -5.14804 -0.861269 0
      vertex -5.14804 32.6613 0
      vertex -4.8 32.4287 0
    endloop
  endfacet
  facet normal 0 0 -1
    outer loop
      vertex -5.46274 -1.13726 0
      vertex -5.14804 32.6613 0
      vertex -5.14804 -0.861269 0
    endloop
  endfacet
  facet normal 0 0 -1
    outer loop
      vertex -5.46274 -1.13726 0
      vertex -5.46274 32.9373 0
      vertex -5.14804 32.6613 0
    endloop
  endfacet
  facet normal 0 0 -1
    outer loop
      vertex -5.73873 -1.45196 0
      vertex -5.46274 32.9373 0
      vertex -5.46274 -1.13726 0
    endloop
  endfacet
  facet normal 0 0 -1
    outer loop
      vertex -5.73873 -1.45196 0
      vertex -5.73873 33.252 0
      vertex -5.46274 32.9373 0
    endloop
  endfacet
  facet normal 0 0 -1
    outer loop
      vertex -5.97128 -1.8 0
      vertex -5.73873 33.252 0
      vertex -5.73873 -1.45196 0
    endloop
  endfacet
  facet normal 0 0 -1
    outer loop
      vertex -5.97128 -1.8 0
      vertex -5.97128 33.6 0
      vertex -5.73873 33.252 0
    endloop
  endfacet
  facet normal 0 0 -1
    outer loop
      vertex -6.15641 -2.17541 0
      vertex -5.97128 33.6 0
      vertex -5.97128 -1.8 0
    endloop
  endfacet
  facet normal 0 0 -1
    outer loop
      vertex -6.15641 -2.17541 0
      vertex -6.15641 33.9754 0
      vertex -5.97128 33.6 0
    endloop
  endfacet
  facet normal 0 0 -1
    outer loop
      vertex -6.29096 -2.57178 0
      vertex -6.15641 33.9754 0
      vertex -6.15641 -2.17541 0
    endloop
  endfacet
  facet normal 0 0 -1
    outer loop
      vertex -6.29096 -2.57178 0
      vertex -6.29096 34.3718 0
      vertex -6.15641 33.9754 0
    endloop
  endfacet
  facet normal 0 0 -1
    outer loop
      vertex -8.6 -9 0
      vertex -6.29096 -2.57178 0
      vertex -6.37262 -2.98232 0
    endloop
  endfacet
  facet normal -0 0 -1
    outer loop
      vertex -6.29096 -2.57178 0
      vertex -8.6 -9 0
      vertex -6.29096 34.3718 0
    endloop
  endfacet
  facet normal 0 0 -1
    outer loop
      vertex -8.6 -9 0
      vertex -6.37262 -2.98232 0
      vertex -6.4 -3.4 0
    endloop
  endfacet
  facet normal 0 0 -1
    outer loop
      vertex -8.6 40.8 0
      vertex -6.29096 34.3718 0
      vertex -8.6 -9 0
    endloop
  endfacet
  facet normal 0 0 -1
    outer loop
      vertex 52.141 16.8782 0
      vertex 85.7 40.8 0
      vertex 52.2226 16.4677 0
    endloop
  endfacet
  facet normal 0 0 -1
    outer loop
      vertex 85.7 40.8 0
      vertex 52.2226 27.6323 0
      vertex 52.25 28.05 0
    endloop
  endfacet
  facet normal 0 0 -1
    outer loop
      vertex 52.141 27.2218 0
      vertex 85.7 40.8 0
      vertex 52.141 16.8782 0
    endloop
  endfacet
  facet normal 0 0 -1
    outer loop
      vertex 85.7 40.8 0
      vertex 52.141 27.2218 0
      vertex 52.2226 27.6323 0
    endloop
  endfacet
  facet normal 0 0 -1
    outer loop
      vertex 52.0064 17.2746 0
      vertex 52.141 27.2218 0
      vertex 52.141 16.8782 0
    endloop
  endfacet
  facet normal 0 0 -1
    outer loop
      vertex 52.0064 17.2746 0
      vertex 52.0064 26.8254 0
      vertex 52.141 27.2218 0
    endloop
  endfacet
  facet normal 0 0 -1
    outer loop
      vertex 51.8213 17.65 0
      vertex 52.0064 26.8254 0
      vertex 52.0064 17.2746 0
    endloop
  endfacet
  facet normal 0 0 -1
    outer loop
      vertex 51.8213 17.65 0
      vertex 51.8213 26.45 0
      vertex 52.0064 26.8254 0
    endloop
  endfacet
  facet normal 0 0 -1
    outer loop
      vertex 51.5887 17.998 0
      vertex 51.8213 26.45 0
      vertex 51.8213 17.65 0
    endloop
  endfacet
  facet normal 0 0 -1
    outer loop
      vertex 51.5887 17.998 0
      vertex 51.5887 26.102 0
      vertex 51.8213 26.45 0
    endloop
  endfacet
  facet normal 0 0 -1
    outer loop
      vertex 51.3127 18.3127 0
      vertex 51.5887 26.102 0
      vertex 51.5887 17.998 0
    endloop
  endfacet
  facet normal 0 0 -1
    outer loop
      vertex 51.3127 18.3127 0
      vertex 51.3127 25.7873 0
      vertex 51.5887 26.102 0
    endloop
  endfacet
  facet normal 0 0 -1
    outer loop
      vertex 50.998 18.5887 0
      vertex 51.3127 25.7873 0
      vertex 51.3127 18.3127 0
    endloop
  endfacet
  facet normal 0 0 -1
    outer loop
      vertex 50.998 18.5887 0
      vertex 50.998 25.5113 0
      vertex 51.3127 25.7873 0
    endloop
  endfacet
  facet normal 0 0 -1
    outer loop
      vertex 50.65 18.8213 0
      vertex 50.998 25.5113 0
      vertex 50.998 18.5887 0
    endloop
  endfacet
  facet normal 0 0 -1
    outer loop
      vertex 50.65 18.8213 0
      vertex 50.65 25.2787 0
      vertex 50.998 25.5113 0
    endloop
  endfacet
  facet normal 0 0 -1
    outer loop
      vertex 50.2746 19.0064 0
      vertex 50.65 25.2787 0
      vertex 50.65 18.8213 0
    endloop
  endfacet
  facet normal 0 0 -1
    outer loop
      vertex 50.2746 19.0064 0
      vertex 50.2746 25.0936 0
      vertex 50.65 25.2787 0
    endloop
  endfacet
  facet normal 0 0 -1
    outer loop
      vertex 49.8782 19.141 0
      vertex 50.2746 25.0936 0
      vertex 50.2746 19.0064 0
    endloop
  endfacet
  facet normal 0 0 -1
    outer loop
      vertex 49.8782 19.141 0
      vertex 49.8782 24.959 0
      vertex 50.2746 25.0936 0
    endloop
  endfacet
  facet normal 0 0 -1
    outer loop
      vertex 49.4677 19.2226 0
      vertex 49.8782 24.959 0
      vertex 49.8782 19.141 0
    endloop
  endfacet
  facet normal 0 0 -1
    outer loop
      vertex 49.4677 19.2226 0
      vertex 49.4677 24.8774 0
      vertex 49.8782 24.959 0
    endloop
  endfacet
  facet normal 0 0 -1
    outer loop
      vertex 49.05 19.25 0
      vertex 49.4677 24.8774 0
      vertex 49.4677 19.2226 0
    endloop
  endfacet
  facet normal 0 0 -1
    outer loop
      vertex 49.05 19.25 0
      vertex 49.05 24.85 0
      vertex 49.4677 24.8774 0
    endloop
  endfacet
  facet normal 0 0 -1
    outer loop
      vertex 48.6323 19.2226 0
      vertex 49.05 24.85 0
      vertex 49.05 19.25 0
    endloop
  endfacet
  facet normal 0 0 -1
    outer loop
      vertex 48.6323 19.2226 0
      vertex 48.6323 24.8774 0
      vertex 49.05 24.85 0
    endloop
  endfacet
  facet normal 0 0 -1
    outer loop
      vertex 48.2218 19.141 0
      vertex 48.6323 24.8774 0
      vertex 48.6323 19.2226 0
    endloop
  endfacet
  facet normal 0 0 -1
    outer loop
      vertex 48.2218 19.141 0
      vertex 48.2218 24.959 0
      vertex 48.6323 24.8774 0
    endloop
  endfacet
  facet normal 0 0 -1
    outer loop
      vertex 47.8254 19.0064 0
      vertex 48.2218 24.959 0
      vertex 48.2218 19.141 0
    endloop
  endfacet
  facet normal 0 0 -1
    outer loop
      vertex 47.8254 19.0064 0
      vertex 47.8254 25.0936 0
      vertex 48.2218 24.959 0
    endloop
  endfacet
  facet normal 0 0 -1
    outer loop
      vertex 47.45 18.8213 0
      vertex 47.8254 25.0936 0
      vertex 47.8254 19.0064 0
    endloop
  endfacet
  facet normal 0 0 -1
    outer loop
      vertex 47.45 18.8213 0
      vertex 47.45 25.2787 0
      vertex 47.8254 25.0936 0
    endloop
  endfacet
  facet normal 0 0 -1
    outer loop
      vertex 47.102 18.5887 0
      vertex 47.45 25.2787 0
      vertex 47.45 18.8213 0
    endloop
  endfacet
  facet normal 0 0 -1
    outer loop
      vertex 47.102 18.5887 0
      vertex 47.102 25.5113 0
      vertex 47.45 25.2787 0
    endloop
  endfacet
  facet normal 0 0 -1
    outer loop
      vertex 46.7873 18.3127 0
      vertex 47.102 25.5113 0
      vertex 47.102 18.5887 0
    endloop
  endfacet
  facet normal 0 0 -1
    outer loop
      vertex 46.7873 18.3127 0
      vertex 46.7873 25.7873 0
      vertex 47.102 25.5113 0
    endloop
  endfacet
  facet normal 0 0 -1
    outer loop
      vertex 46.5113 17.998 0
      vertex 46.7873 25.7873 0
      vertex 46.7873 18.3127 0
    endloop
  endfacet
  facet normal 0 0 -1
    outer loop
      vertex 46.5113 17.998 0
      vertex 46.5113 26.102 0
      vertex 46.7873 25.7873 0
    endloop
  endfacet
  facet normal 0 0 -1
    outer loop
      vertex 46.2787 17.65 0
      vertex 46.5113 26.102 0
      vertex 46.5113 17.998 0
    endloop
  endfacet
  facet normal 0 0 -1
    outer loop
      vertex 46.2787 17.65 0
      vertex 46.2787 26.45 0
      vertex 46.5113 26.102 0
    endloop
  endfacet
  facet normal 0 0 -1
    outer loop
      vertex 46.0936 17.2746 0
      vertex 46.2787 26.45 0
      vertex 46.2787 17.65 0
    endloop
  endfacet
  facet normal 0 0 -1
    outer loop
      vertex 46.0936 17.2746 0
      vertex 46.0936 26.8254 0
      vertex 46.2787 26.45 0
    endloop
  endfacet
  facet normal 0 0 -1
    outer loop
      vertex 45.959 16.8782 0
      vertex 46.0936 26.8254 0
      vertex 46.0936 17.2746 0
    endloop
  endfacet
  facet normal 0 0 -1
    outer loop
      vertex 45.959 16.8782 0
      vertex 45.959 27.2218 0
      vertex 46.0936 26.8254 0
    endloop
  endfacet
  facet normal 0 0 -1
    outer loop
      vertex 0 35.2 0
      vertex 45.959 16.8782 0
      vertex 45.8774 16.4677 0
    endloop
  endfacet
  facet normal 0 0 -1
    outer loop
      vertex 45.959 16.8782 0
      vertex 0 35.2 0
      vertex 45.959 27.2218 0
    endloop
  endfacet
  facet normal 0 0 -1
    outer loop
      vertex 0 35.2 0
      vertex 45.8774 16.4677 0
      vertex 45.85 16.05 0
    endloop
  endfacet
  facet normal 0 0 -1
    outer loop
      vertex 45.959 27.2218 0
      vertex 0 35.2 0
      vertex 45.8774 27.6323 0
    endloop
  endfacet
  facet normal 0 0 -1
    outer loop
      vertex 85.7 -9 0
      vertex 52.25 16.05 0
      vertex 85.7 40.8 0
    endloop
  endfacet
  facet normal 0 0 -1
    outer loop
      vertex 85.7 -9 0
      vertex 52.2226 15.6323 0
      vertex 52.25 16.05 0
    endloop
  endfacet
  facet normal 0 0 -1
    outer loop
      vertex 85.7 -9 0
      vertex 52.141 15.2218 0
      vertex 52.2226 15.6323 0
    endloop
  endfacet
  facet normal 0 0 -1
    outer loop
      vertex 85.7 -9 0
      vertex 52.0064 14.8254 0
      vertex 52.141 15.2218 0
    endloop
  endfacet
  facet normal 0 0 -1
    outer loop
      vertex 85.7 -9 0
      vertex 51.8213 14.45 0
      vertex 52.0064 14.8254 0
    endloop
  endfacet
  facet normal 0 0 -1
    outer loop
      vertex 85.7 -9 0
      vertex 51.5887 14.102 0
      vertex 51.8213 14.45 0
    endloop
  endfacet
  facet normal 0 0 -1
    outer loop
      vertex 85.7 -9 0
      vertex 51.3127 13.7873 0
      vertex 51.5887 14.102 0
    endloop
  endfacet
  facet normal 0 0 -1
    outer loop
      vertex 85.7 -9 0
      vertex 50.998 13.5113 0
      vertex 51.3127 13.7873 0
    endloop
  endfacet
  facet normal 0 0 -1
    outer loop
      vertex 85.7 -9 0
      vertex 50.65 13.2787 0
      vertex 50.998 13.5113 0
    endloop
  endfacet
  facet normal 0 0 -1
    outer loop
      vertex 85.7 -9 0
      vertex 50.2746 13.0936 0
      vertex 50.65 13.2787 0
    endloop
  endfacet
  facet normal 0 0 -1
    outer loop
      vertex 85.7 -9 0
      vertex 49.8782 12.959 0
      vertex 50.2746 13.0936 0
    endloop
  endfacet
  facet normal 0 0 -1
    outer loop
      vertex 85.7 -9 0
      vertex 49.4677 12.8774 0
      vertex 49.8782 12.959 0
    endloop
  endfacet
  facet normal 0 0 -1
    outer loop
      vertex 85.7 -9 0
      vertex 49.05 12.85 0
      vertex 49.4677 12.8774 0
    endloop
  endfacet
  facet normal 0 0 -1
    outer loop
      vertex 85.7 -9 0
      vertex 48.6323 12.8774 0
      vertex 49.05 12.85 0
    endloop
  endfacet
  facet normal 0 0 -1
    outer loop
      vertex -0.661269 -5.34804 0
      vertex 48.6323 12.8774 0
      vertex 85.7 -9 0
    endloop
  endfacet
  facet normal -0 0 -1
    outer loop
      vertex 48.6323 12.8774 0
      vertex -0.661269 -5.34804 0
      vertex 48.2218 12.959 0
    endloop
  endfacet
  facet normal 0 -0 -1
    outer loop
      vertex -0.428719 -5 0
      vertex 48.2218 12.959 0
      vertex -0.661269 -5.34804 0
    endloop
  endfacet
  facet normal -0 0 -1
    outer loop
      vertex 46.0936 14.8254 0
      vertex -0.243585 -2.17541 0
      vertex 45.959 15.2218 0
    endloop
  endfacet
  facet normal 0 0 -1
    outer loop
      vertex -0.243585 -2.17541 0
      vertex 46.0936 14.8254 0
      vertex -0.109036 -2.57178 0
    endloop
  endfacet
  facet normal -0 0 -1
    outer loop
      vertex 46.2787 14.45 0
      vertex -0.109036 -2.57178 0
      vertex 46.0936 14.8254 0
    endloop
  endfacet
  facet normal 0 0 -1
    outer loop
      vertex -0.109036 -2.57178 0
      vertex 46.2787 14.45 0
      vertex -0.0273762 -2.98232 0
    endloop
  endfacet
  facet normal -0 0 -1
    outer loop
      vertex 46.5113 14.102 0
      vertex -0.0273762 -2.98232 0
      vertex 46.2787 14.45 0
    endloop
  endfacet
  facet normal 0 0 -1
    outer loop
      vertex -0.0273762 -2.98232 0
      vertex 46.5113 14.102 0
      vertex 0 -3.4 0
    endloop
  endfacet
  facet normal -0 0 -1
    outer loop
      vertex 46.7873 13.7873 0
      vertex 0 -3.4 0
      vertex 46.5113 14.102 0
    endloop
  endfacet
  facet normal 0 0 -1
    outer loop
      vertex -0.0273762 -3.81768 0
      vertex 46.7873 13.7873 0
      vertex 47.102 13.5113 0
    endloop
  endfacet
  facet normal 0 0 -1
    outer loop
      vertex -0.109036 -4.22822 0
      vertex 47.102 13.5113 0
      vertex 47.45 13.2787 0
    endloop
  endfacet
  facet normal -0 0 -1
    outer loop
      vertex 48.2218 12.959 0
      vertex -0.428719 -5 0
      vertex 47.8254 13.0936 0
    endloop
  endfacet
  facet normal 0 0 -1
    outer loop
      vertex 46.7873 13.7873 0
      vertex -0.0273762 -3.81768 0
      vertex 0 -3.4 0
    endloop
  endfacet
  facet normal 0 0 -1
    outer loop
      vertex 47.102 13.5113 0
      vertex -0.109036 -4.22822 0
      vertex -0.0273762 -3.81768 0
    endloop
  endfacet
  facet normal 0 0 -1
    outer loop
      vertex 47.45 13.2787 0
      vertex -0.243585 -4.62459 0
      vertex -0.109036 -4.22822 0
    endloop
  endfacet
  facet normal -0 0 -1
    outer loop
      vertex 47.8254 13.0936 0
      vertex -0.243585 -4.62459 0
      vertex 47.45 13.2787 0
    endloop
  endfacet
  facet normal 0 -0 -1
    outer loop
      vertex -0.243585 -4.62459 0
      vertex 47.8254 13.0936 0
      vertex -0.428719 -5 0
    endloop
  endfacet
  facet normal 0 0 -1
    outer loop
      vertex 85.7 -9 0
      vertex -0.937258 -5.66274 0
      vertex -0.661269 -5.34804 0
    endloop
  endfacet
  facet normal 0 0 -1
    outer loop
      vertex 85.7 -9 0
      vertex -1.25196 -5.93873 0
      vertex -0.937258 -5.66274 0
    endloop
  endfacet
  facet normal 0 0 -1
    outer loop
      vertex 85.7 -9 0
      vertex -1.6 -6.17128 0
      vertex -1.25196 -5.93873 0
    endloop
  endfacet
  facet normal 0 0 -1
    outer loop
      vertex 85.7 -9 0
      vertex -1.97541 -6.35641 0
      vertex -1.6 -6.17128 0
    endloop
  endfacet
  facet normal 0 0 -1
    outer loop
      vertex -8.6 -9 0
      vertex -1.97541 -6.35641 0
      vertex 85.7 -9 0
    endloop
  endfacet
  facet normal 0 0 -1
    outer loop
      vertex -1.97541 -6.35641 0
      vertex -8.6 -9 0
      vertex -2.37178 -6.49096 0
    endloop
  endfacet
  facet normal 0 0 -1
    outer loop
      vertex -2.37178 -6.49096 0
      vertex -8.6 -9 0
      vertex -2.78232 -6.57262 0
    endloop
  endfacet
  facet normal 0 0 -1
    outer loop
      vertex -6.29096 34.3718 0
      vertex -8.6 40.8 0
      vertex -6.37262 34.7823 0
    endloop
  endfacet
  facet normal -0 0 -1
    outer loop
      vertex -6.37262 -3.81768 0
      vertex -8.6 -9 0
      vertex -6.4 -3.4 0
    endloop
  endfacet
  facet normal -0 0 -1
    outer loop
      vertex -6.29096 -4.22822 0
      vertex -8.6 -9 0
      vertex -6.37262 -3.81768 0
    endloop
  endfacet
  facet normal -0 0 -1
    outer loop
      vertex -6.15641 -4.62459 0
      vertex -8.6 -9 0
      vertex -6.29096 -4.22822 0
    endloop
  endfacet
  facet normal -0 0 -1
    outer loop
      vertex -5.97128 -5 0
      vertex -8.6 -9 0
      vertex -6.15641 -4.62459 0
    endloop
  endfacet
  facet normal -0 0 -1
    outer loop
      vertex -5.73873 -5.34804 0
      vertex -8.6 -9 0
      vertex -5.97128 -5 0
    endloop
  endfacet
  facet normal -0 0 -1
    outer loop
      vertex -5.46274 -5.66274 0
      vertex -8.6 -9 0
      vertex -5.73873 -5.34804 0
    endloop
  endfacet
  facet normal -0 0 -1
    outer loop
      vertex -5.14804 -5.93873 0
      vertex -8.6 -9 0
      vertex -5.46274 -5.66274 0
    endloop
  endfacet
  facet normal -0 0 -1
    outer loop
      vertex -4.8 -6.17128 0
      vertex -8.6 -9 0
      vertex -5.14804 -5.93873 0
    endloop
  endfacet
  facet normal -0 0 -1
    outer loop
      vertex -4.42459 -6.35641 0
      vertex -8.6 -9 0
      vertex -4.8 -6.17128 0
    endloop
  endfacet
  facet normal -0 0 -1
    outer loop
      vertex -4.02822 -6.49096 0
      vertex -8.6 -9 0
      vertex -4.42459 -6.35641 0
    endloop
  endfacet
  facet normal -0 0 -1
    outer loop
      vertex -3.61768 -6.57262 0
      vertex -8.6 -9 0
      vertex -4.02822 -6.49096 0
    endloop
  endfacet
  facet normal -0 0 -1
    outer loop
      vertex -3.2 -6.6 0
      vertex -8.6 -9 0
      vertex -3.61768 -6.57262 0
    endloop
  endfacet
  facet normal 0 0 -1
    outer loop
      vertex -2.78232 -6.57262 0
      vertex -8.6 -9 0
      vertex -3.2 -6.6 0
    endloop
  endfacet
  facet normal 0 0 -1
    outer loop
      vertex 52.2226 16.4677 0
      vertex 85.7 40.8 0
      vertex 52.25 16.05 0
    endloop
  endfacet
  facet normal 0 0 -1
    outer loop
      vertex 52.2226 28.4677 0
      vertex 85.7 40.8 0
      vertex 52.25 28.05 0
    endloop
  endfacet
  facet normal 0 0 -1
    outer loop
      vertex 52.141 28.8782 0
      vertex 85.7 40.8 0
      vertex 52.2226 28.4677 0
    endloop
  endfacet
  facet normal 0 0 -1
    outer loop
      vertex 52.0064 29.2746 0
      vertex 85.7 40.8 0
      vertex 52.141 28.8782 0
    endloop
  endfacet
  facet normal 0 0 -1
    outer loop
      vertex 51.8213 29.65 0
      vertex 85.7 40.8 0
      vertex 52.0064 29.2746 0
    endloop
  endfacet
  facet normal 0 0 -1
    outer loop
      vertex 51.5887 29.998 0
      vertex 85.7 40.8 0
      vertex 51.8213 29.65 0
    endloop
  endfacet
  facet normal 0 0 -1
    outer loop
      vertex 51.3127 30.3127 0
      vertex 85.7 40.8 0
      vertex 51.5887 29.998 0
    endloop
  endfacet
  facet normal 0 0 -1
    outer loop
      vertex 50.998 30.5887 0
      vertex 85.7 40.8 0
      vertex 51.3127 30.3127 0
    endloop
  endfacet
  facet normal 0 0 -1
    outer loop
      vertex 50.65 30.8213 0
      vertex 85.7 40.8 0
      vertex 50.998 30.5887 0
    endloop
  endfacet
  facet normal 0 0 -1
    outer loop
      vertex 50.2746 31.0064 0
      vertex 85.7 40.8 0
      vertex 50.65 30.8213 0
    endloop
  endfacet
  facet normal 0 0 -1
    outer loop
      vertex 49.8782 31.141 0
      vertex 85.7 40.8 0
      vertex 50.2746 31.0064 0
    endloop
  endfacet
  facet normal 0 0 -1
    outer loop
      vertex 49.4677 31.2226 0
      vertex 85.7 40.8 0
      vertex 49.8782 31.141 0
    endloop
  endfacet
  facet normal 0 0 -1
    outer loop
      vertex 49.05 31.25 0
      vertex 85.7 40.8 0
      vertex 49.4677 31.2226 0
    endloop
  endfacet
  facet normal 0 0 -1
    outer loop
      vertex 48.6323 31.2226 0
      vertex 85.7 40.8 0
      vertex 49.05 31.25 0
    endloop
  endfacet
  facet normal 0 0 -1
    outer loop
      vertex -1.6 37.9713 0
      vertex 48.6323 31.2226 0
      vertex 48.2218 31.141 0
    endloop
  endfacet
  facet normal 0 0 -1
    outer loop
      vertex 45.8774 27.6323 0
      vertex 0 35.2 0
      vertex 45.85 28.05 0
    endloop
  endfacet
  facet normal 0 0 -1
    outer loop
      vertex 45.85 28.05 0
      vertex 0 35.2 0
      vertex 45.8774 28.4677 0
    endloop
  endfacet
  facet normal 0 0 -1
    outer loop
      vertex 45.8774 28.4677 0
      vertex 0 35.2 0
      vertex 45.959 28.8782 0
    endloop
  endfacet
  facet normal 0 0 -1
    outer loop
      vertex 45.959 28.8782 0
      vertex 0 35.2 0
      vertex 46.0936 29.2746 0
    endloop
  endfacet
  facet normal 0 0 -1
    outer loop
      vertex -0.0273762 35.6177 0
      vertex 46.0936 29.2746 0
      vertex 0 35.2 0
    endloop
  endfacet
  facet normal 0 0 -1
    outer loop
      vertex 46.0936 29.2746 0
      vertex -0.0273762 35.6177 0
      vertex 46.2787 29.65 0
    endloop
  endfacet
  facet normal 0 0 -1
    outer loop
      vertex -0.109036 36.0282 0
      vertex 46.2787 29.65 0
      vertex -0.0273762 35.6177 0
    endloop
  endfacet
  facet normal 0 0 -1
    outer loop
      vertex 46.2787 29.65 0
      vertex -0.109036 36.0282 0
      vertex 46.5113 29.998 0
    endloop
  endfacet
  facet normal 0 0 -1
    outer loop
      vertex -0.243585 36.4246 0
      vertex 46.5113 29.998 0
      vertex -0.109036 36.0282 0
    endloop
  endfacet
  facet normal 0 0 -1
    outer loop
      vertex 46.5113 29.998 0
      vertex -0.243585 36.4246 0
      vertex 46.7873 30.3127 0
    endloop
  endfacet
  facet normal 0 0 -1
    outer loop
      vertex -0.428719 36.8 0
      vertex 46.7873 30.3127 0
      vertex -0.243585 36.4246 0
    endloop
  endfacet
  facet normal 0 0 -1
    outer loop
      vertex 46.7873 30.3127 0
      vertex -0.428719 36.8 0
      vertex 47.102 30.5887 0
    endloop
  endfacet
  facet normal 0 0 -1
    outer loop
      vertex -0.661269 37.148 0
      vertex 47.102 30.5887 0
      vertex -0.428719 36.8 0
    endloop
  endfacet
  facet normal 0 0 -1
    outer loop
      vertex 47.102 30.5887 0
      vertex -0.661269 37.148 0
      vertex 47.45 30.8213 0
    endloop
  endfacet
  facet normal 0 0 -1
    outer loop
      vertex -0.937258 37.4627 0
      vertex 47.45 30.8213 0
      vertex -0.661269 37.148 0
    endloop
  endfacet
  facet normal 0 0 -1
    outer loop
      vertex 47.45 30.8213 0
      vertex -0.937258 37.4627 0
      vertex 47.8254 31.0064 0
    endloop
  endfacet
  facet normal 0 0 -1
    outer loop
      vertex -1.25196 37.7387 0
      vertex 47.8254 31.0064 0
      vertex -0.937258 37.4627 0
    endloop
  endfacet
  facet normal 0 0 -1
    outer loop
      vertex 47.8254 31.0064 0
      vertex -1.25196 37.7387 0
      vertex 48.2218 31.141 0
    endloop
  endfacet
  facet normal 0 0 -1
    outer loop
      vertex -1.6 37.9713 0
      vertex 48.2218 31.141 0
      vertex -1.25196 37.7387 0
    endloop
  endfacet
  facet normal 0 0 -1
    outer loop
      vertex 48.6323 31.2226 0
      vertex -1.6 37.9713 0
      vertex -1.97541 38.1564 0
    endloop
  endfacet
  facet normal 0 0 -1
    outer loop
      vertex 48.6323 31.2226 0
      vertex -1.97541 38.1564 0
      vertex 85.7 40.8 0
    endloop
  endfacet
  facet normal 0 0 -1
    outer loop
      vertex -8.6 40.8 0
      vertex -1.97541 38.1564 0
      vertex -2.37178 38.291 0
    endloop
  endfacet
  facet normal 0 0 -1
    outer loop
      vertex -8.6 40.8 0
      vertex -2.37178 38.291 0
      vertex -2.78232 38.3726 0
    endloop
  endfacet
  facet normal 0 0 -1
    outer loop
      vertex -8.6 40.8 0
      vertex -2.78232 38.3726 0
      vertex -3.2 38.4 0
    endloop
  endfacet
  facet normal 0 0 -1
    outer loop
      vertex -1.97541 38.1564 0
      vertex -8.6 40.8 0
      vertex 85.7 40.8 0
    endloop
  endfacet
  facet normal 0 0 -1
    outer loop
      vertex -3.61768 38.3726 0
      vertex -8.6 40.8 0
      vertex -3.2 38.4 0
    endloop
  endfacet
  facet normal 0 0 -1
    outer loop
      vertex -4.02822 38.291 0
      vertex -8.6 40.8 0
      vertex -3.61768 38.3726 0
    endloop
  endfacet
  facet normal 0 0 -1
    outer loop
      vertex -4.42459 38.1564 0
      vertex -8.6 40.8 0
      vertex -4.02822 38.291 0
    endloop
  endfacet
  facet normal 0 0 -1
    outer loop
      vertex -4.8 37.9713 0
      vertex -8.6 40.8 0
      vertex -4.42459 38.1564 0
    endloop
  endfacet
  facet normal 0 0 -1
    outer loop
      vertex -5.14804 37.7387 0
      vertex -8.6 40.8 0
      vertex -4.8 37.9713 0
    endloop
  endfacet
  facet normal 0 0 -1
    outer loop
      vertex -5.46274 37.4627 0
      vertex -8.6 40.8 0
      vertex -5.14804 37.7387 0
    endloop
  endfacet
  facet normal 0 0 -1
    outer loop
      vertex -5.73873 37.148 0
      vertex -8.6 40.8 0
      vertex -5.46274 37.4627 0
    endloop
  endfacet
  facet normal 0 0 -1
    outer loop
      vertex -5.97128 36.8 0
      vertex -8.6 40.8 0
      vertex -5.73873 37.148 0
    endloop
  endfacet
  facet normal 0 0 -1
    outer loop
      vertex -6.15641 36.4246 0
      vertex -8.6 40.8 0
      vertex -5.97128 36.8 0
    endloop
  endfacet
  facet normal 0 0 -1
    outer loop
      vertex -6.29096 36.0282 0
      vertex -8.6 40.8 0
      vertex -6.15641 36.4246 0
    endloop
  endfacet
  facet normal 0 0 -1
    outer loop
      vertex -6.37262 35.6177 0
      vertex -8.6 40.8 0
      vertex -6.29096 36.0282 0
    endloop
  endfacet
  facet normal 0 0 -1
    outer loop
      vertex -6.4 35.2 0
      vertex -8.6 40.8 0
      vertex -6.37262 35.6177 0
    endloop
  endfacet
  facet normal 0 0 -1
    outer loop
      vertex -6.37262 34.7823 0
      vertex -8.6 40.8 0
      vertex -6.4 35.2 0
    endloop
  endfacet
  facet normal 0 -1 0
    outer loop
      vertex -8.6 -9 0
      vertex 85.7 -9 12
      vertex -8.6 -9 12
    endloop
  endfacet
  facet normal 0 -1 -0
    outer loop
      vertex 85.7 -9 12
      vertex -8.6 -9 0
      vertex 85.7 -9 0
    endloop
  endfacet
  facet normal 1 -0 0
    outer loop
      vertex -6.6 -7 12
      vertex -6.6 38.8 2
      vertex -6.6 38.8 12
    endloop
  endfacet
  facet normal 1 0 0
    outer loop
      vertex -6.6 38.8 2
      vertex -6.6 -7 12
      vertex -6.6 -7 2
    endloop
  endfacet
  facet normal -1 0 0
    outer loop
      vertex 83.7 -7 2
      vertex 83.7 38.8 12
      vertex 83.7 38.8 2
    endloop
  endfacet
  facet normal -1 -0 0
    outer loop
      vertex 83.7 38.8 12
      vertex 83.7 -7 2
      vertex 83.7 -7 12
    endloop
  endfacet
  facet normal 0 -1 0
    outer loop
      vertex -6.6 38.8 2
      vertex 83.7 38.8 12
      vertex -6.6 38.8 12
    endloop
  endfacet
  facet normal 0 -1 -0
    outer loop
      vertex 83.7 38.8 12
      vertex -6.6 38.8 2
      vertex 83.7 38.8 2
    endloop
  endfacet
  facet normal 0 0 1
    outer loop
      vertex 3 -0.2 2
      vertex -0.0273762 -2.98232 2
      vertex 0 -3.4 2
    endloop
  endfacet
  facet normal 0 0 1
    outer loop
      vertex -2.37178 -0.309037 2
      vertex 0.0435848 1.77541 2
      vertex -0.0909624 2.17178 2
    endloop
  endfacet
  facet normal 0 0 1
    outer loop
      vertex 0.228718 1.4 2
      vertex -0.109036 -2.57178 2
      vertex -0.0273762 -2.98232 2
    endloop
  endfacet
  facet normal 0 0 1
    outer loop
      vertex -2.78232 -0.227376 2
      vertex -0.0909624 2.17178 2
      vertex -0.172623 2.58232 2
    endloop
  endfacet
  facet normal 0 0 1
    outer loop
      vertex -3.2 -0.2 2
      vertex -0.172623 2.58232 2
      vertex -0.2 3 2
    endloop
  endfacet
  facet normal 0 0 1
    outer loop
      vertex 0.228718 1.4 2
      vertex -0.243585 -2.17541 2
      vertex -0.109036 -2.57178 2
    endloop
  endfacet
  facet normal 0 0 1
    outer loop
      vertex -0.0909624 31.8282 2
      vertex -1.6 32.4287 2
      vertex -0.172623 31.4177 2
    endloop
  endfacet
  facet normal -0 0 1
    outer loop
      vertex -1.97541 32.2436 2
      vertex -0.172623 31.4177 2
      vertex -1.6 32.4287 2
    endloop
  endfacet
  facet normal 0 0 1
    outer loop
      vertex 0.228718 1.4 2
      vertex -0.428719 -1.8 2
      vertex -0.243585 -2.17541 2
    endloop
  endfacet
  facet normal 0 0 1
    outer loop
      vertex -0.172623 31.4177 2
      vertex -1.97541 32.2436 2
      vertex -0.2 31 2
    endloop
  endfacet
  facet normal 0 0 1
    outer loop
      vertex 0.228718 1.4 2
      vertex -0.661269 -1.45196 2
      vertex -0.428719 -1.8 2
    endloop
  endfacet
  facet normal -0 0 1
    outer loop
      vertex -2.37178 32.109 2
      vertex -0.2 31 2
      vertex -1.97541 32.2436 2
    endloop
  endfacet
  facet normal 0 0 1
    outer loop
      vertex 0.228718 1.4 2
      vertex -0.937258 -1.13726 2
      vertex -0.661269 -1.45196 2
    endloop
  endfacet
  facet normal 0 0 1
    outer loop
      vertex -0.2 31 2
      vertex -2.37178 32.109 2
      vertex -0.172623 30.5823 2
    endloop
  endfacet
  facet normal 0 0 1
    outer loop
      vertex 0.228718 1.4 2
      vertex -1.25196 -0.861269 2
      vertex -0.937258 -1.13726 2
    endloop
  endfacet
  facet normal -0 0 1
    outer loop
      vertex -2.78232 32.0274 2
      vertex -0.172623 30.5823 2
      vertex -2.37178 32.109 2
    endloop
  endfacet
  facet normal 0 0 1
    outer loop
      vertex 0.228718 1.4 2
      vertex -1.6 -0.628718 2
      vertex -1.25196 -0.861269 2
    endloop
  endfacet
  facet normal -0 0 1
    outer loop
      vertex -3.2 32 2
      vertex -0.172623 30.5823 2
      vertex -2.78232 32.0274 2
    endloop
  endfacet
  facet normal 0 0 1
    outer loop
      vertex 0.228718 1.4 2
      vertex -1.97541 -0.443585 2
      vertex -1.6 -0.628718 2
    endloop
  endfacet
  facet normal 0 0 1
    outer loop
      vertex -3.61768 32.0274 2
      vertex -0.172623 30.5823 2
      vertex -3.2 32 2
    endloop
  endfacet
  facet normal 0 0 1
    outer loop
      vertex 0.0435848 1.77541 2
      vertex -2.37178 -0.309037 2
      vertex -1.97541 -0.443585 2
    endloop
  endfacet
  facet normal 0 0 1
    outer loop
      vertex -4.02822 32.109 2
      vertex -0.172623 30.5823 2
      vertex -3.61768 32.0274 2
    endloop
  endfacet
  facet normal 0 0 1
    outer loop
      vertex -0.0909624 2.17178 2
      vertex -2.78232 -0.227376 2
      vertex -2.37178 -0.309037 2
    endloop
  endfacet
  facet normal 0 0 1
    outer loop
      vertex -0.172623 30.5823 2
      vertex -4.02822 32.109 2
      vertex -0.172623 3.41768 2
    endloop
  endfacet
  facet normal 0 0 1
    outer loop
      vertex -0.172623 2.58232 2
      vertex -3.2 -0.2 2
      vertex -2.78232 -0.227376 2
    endloop
  endfacet
  facet normal 0 0 1
    outer loop
      vertex -4.42459 32.2436 2
      vertex -0.172623 3.41768 2
      vertex -4.02822 32.109 2
    endloop
  endfacet
  facet normal 0 0 1
    outer loop
      vertex -0.2 3 2
      vertex -3.61768 -0.227376 2
      vertex -3.2 -0.2 2
    endloop
  endfacet
  facet normal 0 0 1
    outer loop
      vertex -4.8 32.4287 2
      vertex -0.172623 3.41768 2
      vertex -4.42459 32.2436 2
    endloop
  endfacet
  facet normal 0 0 1
    outer loop
      vertex -0.172623 3.41768 2
      vertex -3.61768 -0.227376 2
      vertex -0.2 3 2
    endloop
  endfacet
  facet normal 0 0 1
    outer loop
      vertex -4.8 -0.628718 2
      vertex -0.172623 3.41768 2
      vertex -4.8 32.4287 2
    endloop
  endfacet
  facet normal 0 -0 1
    outer loop
      vertex -3.61768 -0.227376 2
      vertex -0.172623 3.41768 2
      vertex -4.02822 -0.309037 2
    endloop
  endfacet
  facet normal 0 -0 1
    outer loop
      vertex -4.42459 -0.443585 2
      vertex -0.172623 3.41768 2
      vertex -4.8 -0.628718 2
    endloop
  endfacet
  facet normal 0 -0 1
    outer loop
      vertex -4.02822 -0.309037 2
      vertex -0.172623 3.41768 2
      vertex -4.42459 -0.443585 2
    endloop
  endfacet
  facet normal 0 0 1
    outer loop
      vertex -5.14804 32.6613 2
      vertex -4.8 -0.628718 2
      vertex -4.8 32.4287 2
    endloop
  endfacet
  facet normal 0 0 1
    outer loop
      vertex -5.14804 32.6613 2
      vertex -5.14804 -0.861269 2
      vertex -4.8 -0.628718 2
    endloop
  endfacet
  facet normal 0 0 1
    outer loop
      vertex -5.46274 32.9373 2
      vertex -5.14804 -0.861269 2
      vertex -5.14804 32.6613 2
    endloop
  endfacet
  facet normal 0 0 1
    outer loop
      vertex -5.46274 32.9373 2
      vertex -5.46274 -1.13726 2
      vertex -5.14804 -0.861269 2
    endloop
  endfacet
  facet normal 0 0 1
    outer loop
      vertex -5.73873 33.252 2
      vertex -5.46274 -1.13726 2
      vertex -5.46274 32.9373 2
    endloop
  endfacet
  facet normal 0 0 1
    outer loop
      vertex -5.73873 33.252 2
      vertex -5.73873 -1.45196 2
      vertex -5.46274 -1.13726 2
    endloop
  endfacet
  facet normal 0 0 1
    outer loop
      vertex -5.97128 33.6 2
      vertex -5.73873 -1.45196 2
      vertex -5.73873 33.252 2
    endloop
  endfacet
  facet normal 0 0 1
    outer loop
      vertex -5.97128 33.6 2
      vertex -5.97128 -1.8 2
      vertex -5.73873 -1.45196 2
    endloop
  endfacet
  facet normal 0 0 1
    outer loop
      vertex -6.15641 33.9754 2
      vertex -5.97128 -1.8 2
      vertex -5.97128 33.6 2
    endloop
  endfacet
  facet normal 0 0 1
    outer loop
      vertex -6.15641 33.9754 2
      vertex -6.15641 -2.17541 2
      vertex -5.97128 -1.8 2
    endloop
  endfacet
  facet normal 0 0 1
    outer loop
      vertex -6.29096 34.3718 2
      vertex -6.15641 -2.17541 2
      vertex -6.15641 33.9754 2
    endloop
  endfacet
  facet normal 0 0 1
    outer loop
      vertex -6.29096 34.3718 2
      vertex -6.29096 -2.57178 2
      vertex -6.15641 -2.17541 2
    endloop
  endfacet
  facet normal 0 0 1
    outer loop
      vertex -6.37262 34.7823 2
      vertex -6.29096 -2.57178 2
      vertex -6.29096 34.3718 2
    endloop
  endfacet
  facet normal 0 0 1
    outer loop
      vertex -6.37262 34.7823 2
      vertex -6.37262 -2.98232 2
      vertex -6.29096 -2.57178 2
    endloop
  endfacet
  facet normal 0 0 1
    outer loop
      vertex -6.4 35.2 2
      vertex -6.37262 -2.98232 2
      vertex -6.37262 34.7823 2
    endloop
  endfacet
  facet normal 0 0 1
    outer loop
      vertex -6.37262 -2.98232 2
      vertex -6.4 35.2 2
      vertex -6.4 -3.4 2
    endloop
  endfacet
  facet normal 0 0 1
    outer loop
      vertex 45.959 16.8782 2
      vertex 5.95641 29.7754 2
      vertex 45.8774 16.4677 2
    endloop
  endfacet
  facet normal 0 0 1
    outer loop
      vertex 45.85 16.05 2
      vertex 6.17262 3.41768 2
      vertex 6.2 3 2
    endloop
  endfacet
  facet normal -0 0 1
    outer loop
      vertex 5.77128 29.4 2
      vertex 45.8774 16.4677 2
      vertex 5.95641 29.7754 2
    endloop
  endfacet
  facet normal 0 0 1
    outer loop
      vertex 45.85 16.05 2
      vertex 6.09096 3.82822 2
      vertex 6.17262 3.41768 2
    endloop
  endfacet
  facet normal 0 0 1
    outer loop
      vertex 45.8774 16.4677 2
      vertex 5.77128 29.4 2
      vertex 45.85 16.05 2
    endloop
  endfacet
  facet normal 0 0 1
    outer loop
      vertex 45.85 16.05 2
      vertex 5.95641 4.22459 2
      vertex 6.09096 3.82822 2
    endloop
  endfacet
  facet normal 0 0 1
    outer loop
      vertex 5.77128 4.6 2
      vertex 45.85 16.05 2
      vertex 5.77128 29.4 2
    endloop
  endfacet
  facet normal 0 0 1
    outer loop
      vertex 45.85 16.05 2
      vertex 5.77128 4.6 2
      vertex 5.95641 4.22459 2
    endloop
  endfacet
  facet normal -0 0 1
    outer loop
      vertex 5.53873 29.052 2
      vertex 5.77128 4.6 2
      vertex 5.77128 29.4 2
    endloop
  endfacet
  facet normal 0 0 1
    outer loop
      vertex 5.53873 29.052 2
      vertex 5.53873 4.94804 2
      vertex 5.77128 4.6 2
    endloop
  endfacet
  facet normal -0 0 1
    outer loop
      vertex 5.26274 28.7373 2
      vertex 5.53873 4.94804 2
      vertex 5.53873 29.052 2
    endloop
  endfacet
  facet normal 0 0 1
    outer loop
      vertex 5.26274 28.7373 2
      vertex 5.26274 5.26274 2
      vertex 5.53873 4.94804 2
    endloop
  endfacet
  facet normal -0 0 1
    outer loop
      vertex 4.94804 28.4613 2
      vertex 5.26274 5.26274 2
      vertex 5.26274 28.7373 2
    endloop
  endfacet
  facet normal 0 0 1
    outer loop
      vertex 4.94804 28.4613 2
      vertex 4.94804 5.53873 2
      vertex 5.26274 5.26274 2
    endloop
  endfacet
  facet normal -0 0 1
    outer loop
      vertex 4.6 28.2287 2
      vertex 4.94804 5.53873 2
      vertex 4.94804 28.4613 2
    endloop
  endfacet
  facet normal 0 0 1
    outer loop
      vertex 4.6 28.2287 2
      vertex 4.6 5.77128 2
      vertex 4.94804 5.53873 2
    endloop
  endfacet
  facet normal -0 0 1
    outer loop
      vertex 4.22459 28.0436 2
      vertex 4.6 5.77128 2
      vertex 4.6 28.2287 2
    endloop
  endfacet
  facet normal 0 0 1
    outer loop
      vertex 4.22459 28.0436 2
      vertex 4.22459 5.95641 2
      vertex 4.6 5.77128 2
    endloop
  endfacet
  facet normal -0 0 1
    outer loop
      vertex 3.82822 27.909 2
      vertex 4.22459 5.95641 2
      vertex 4.22459 28.0436 2
    endloop
  endfacet
  facet normal 0 0 1
    outer loop
      vertex 3.82822 27.909 2
      vertex 3.82822 6.09096 2
      vertex 4.22459 5.95641 2
    endloop
  endfacet
  facet normal -0 0 1
    outer loop
      vertex 3.41768 27.8274 2
      vertex 3.82822 6.09096 2
      vertex 3.82822 27.909 2
    endloop
  endfacet
  facet normal 0 0 1
    outer loop
      vertex 3.41768 27.8274 2
      vertex 3.41768 6.17262 2
      vertex 3.82822 6.09096 2
    endloop
  endfacet
  facet normal -0 0 1
    outer loop
      vertex 3 27.8 2
      vertex 3.41768 6.17262 2
      vertex 3.41768 27.8274 2
    endloop
  endfacet
  facet normal 0 0 1
    outer loop
      vertex 3 27.8 2
      vertex 3 6.2 2
      vertex 3.41768 6.17262 2
    endloop
  endfacet
  facet normal 0 0 1
    outer loop
      vertex 2.58232 27.8274 2
      vertex 3 6.2 2
      vertex 3 27.8 2
    endloop
  endfacet
  facet normal 0 0 1
    outer loop
      vertex 2.58232 27.8274 2
      vertex 2.58232 6.17262 2
      vertex 3 6.2 2
    endloop
  endfacet
  facet normal 0 0 1
    outer loop
      vertex 2.17178 27.909 2
      vertex 2.58232 6.17262 2
      vertex 2.58232 27.8274 2
    endloop
  endfacet
  facet normal 0 0 1
    outer loop
      vertex 2.17178 27.909 2
      vertex 2.17178 6.09096 2
      vertex 2.58232 6.17262 2
    endloop
  endfacet
  facet normal 0 0 1
    outer loop
      vertex 1.77541 28.0436 2
      vertex 2.17178 6.09096 2
      vertex 2.17178 27.909 2
    endloop
  endfacet
  facet normal 0 0 1
    outer loop
      vertex 1.77541 28.0436 2
      vertex 1.77541 5.95641 2
      vertex 2.17178 6.09096 2
    endloop
  endfacet
  facet normal 0 0 1
    outer loop
      vertex 1.4 28.2287 2
      vertex 1.77541 5.95641 2
      vertex 1.77541 28.0436 2
    endloop
  endfacet
  facet normal 0 0 1
    outer loop
      vertex 1.4 28.2287 2
      vertex 1.4 5.77128 2
      vertex 1.77541 5.95641 2
    endloop
  endfacet
  facet normal 0 0 1
    outer loop
      vertex 1.05196 28.4613 2
      vertex 1.4 5.77128 2
      vertex 1.4 28.2287 2
    endloop
  endfacet
  facet normal 0 0 1
    outer loop
      vertex 1.05196 28.4613 2
      vertex 1.05196 5.53873 2
      vertex 1.4 5.77128 2
    endloop
  endfacet
  facet normal 0 0 1
    outer loop
      vertex 0.737258 28.7373 2
      vertex 1.05196 5.53873 2
      vertex 1.05196 28.4613 2
    endloop
  endfacet
  facet normal 0 0 1
    outer loop
      vertex 0.737258 28.7373 2
      vertex 0.737258 5.26274 2
      vertex 1.05196 5.53873 2
    endloop
  endfacet
  facet normal 0 0 1
    outer loop
      vertex 0.461268 29.052 2
      vertex 0.737258 5.26274 2
      vertex 0.737258 28.7373 2
    endloop
  endfacet
  facet normal 0 0 1
    outer loop
      vertex 0.461268 29.052 2
      vertex 0.461268 4.94804 2
      vertex 0.737258 5.26274 2
    endloop
  endfacet
  facet normal 0 0 1
    outer loop
      vertex 0.228718 29.4 2
      vertex 0.461268 4.94804 2
      vertex 0.461268 29.052 2
    endloop
  endfacet
  facet normal 0 0 1
    outer loop
      vertex 0.228718 29.4 2
      vertex 0.228718 4.6 2
      vertex 0.461268 4.94804 2
    endloop
  endfacet
  facet normal 0 0 1
    outer loop
      vertex 0.0435848 29.7754 2
      vertex 0.228718 4.6 2
      vertex 0.228718 29.4 2
    endloop
  endfacet
  facet normal 0 0 1
    outer loop
      vertex 0.0435848 29.7754 2
      vertex 0.0435848 4.22459 2
      vertex 0.228718 4.6 2
    endloop
  endfacet
  facet normal 0 0 1
    outer loop
      vertex -0.0909624 30.1718 2
      vertex 0.0435848 4.22459 2
      vertex 0.0435848 29.7754 2
    endloop
  endfacet
  facet normal 0 0 1
    outer loop
      vertex -0.0909624 30.1718 2
      vertex -0.0909624 3.82822 2
      vertex 0.0435848 4.22459 2
    endloop
  endfacet
  facet normal 0 0 1
    outer loop
      vertex -0.172623 30.5823 2
      vertex -0.0909624 3.82822 2
      vertex -0.0909624 30.1718 2
    endloop
  endfacet
  facet normal 0 0 1
    outer loop
      vertex -0.172623 30.5823 2
      vertex -0.172623 3.41768 2
      vertex -0.0909624 3.82822 2
    endloop
  endfacet
  facet normal 0 0 1
    outer loop
      vertex 0.0435848 32.2246 2
      vertex -1.25196 32.6613 2
      vertex -0.0909624 31.8282 2
    endloop
  endfacet
  facet normal -0 0 1
    outer loop
      vertex -1.6 32.4287 2
      vertex -0.0909624 31.8282 2
      vertex -1.25196 32.6613 2
    endloop
  endfacet
  facet normal 0 0 1
    outer loop
      vertex 75.0436 29.7754 2
      vertex 52.141 27.2218 2
      vertex 75.2287 29.4 2
    endloop
  endfacet
  facet normal 0 0 1
    outer loop
      vertex 75.2287 29.4 2
      vertex 52.2226 16.4677 2
      vertex 52.25 16.05 2
    endloop
  endfacet
  facet normal 0 0 1
    outer loop
      vertex 52.0064 26.8254 2
      vertex 75.2287 29.4 2
      vertex 52.141 27.2218 2
    endloop
  endfacet
  facet normal 0 0 1
    outer loop
      vertex 75.2287 29.4 2
      vertex 52.141 16.8782 2
      vertex 52.2226 16.4677 2
    endloop
  endfacet
  facet normal 0 0 1
    outer loop
      vertex 52.0064 17.2746 2
      vertex 75.2287 29.4 2
      vertex 52.0064 26.8254 2
    endloop
  endfacet
  facet normal 0 0 1
    outer loop
      vertex 75.2287 29.4 2
      vertex 52.0064 17.2746 2
      vertex 52.141 16.8782 2
    endloop
  endfacet
  facet normal -0 0 1
    outer loop
      vertex 51.8213 26.45 2
      vertex 52.0064 17.2746 2
      vertex 52.0064 26.8254 2
    endloop
  endfacet
  facet normal 0 0 1
    outer loop
      vertex 51.8213 26.45 2
      vertex 51.8213 17.65 2
      vertex 52.0064 17.2746 2
    endloop
  endfacet
  facet normal -0 0 1
    outer loop
      vertex 51.5887 26.102 2
      vertex 51.8213 17.65 2
      vertex 51.8213 26.45 2
    endloop
  endfacet
  facet normal 0 0 1
    outer loop
      vertex 51.5887 26.102 2
      vertex 51.5887 17.998 2
      vertex 51.8213 17.65 2
    endloop
  endfacet
  facet normal -0 0 1
    outer loop
      vertex 51.3127 25.7873 2
      vertex 51.5887 17.998 2
      vertex 51.5887 26.102 2
    endloop
  endfacet
  facet normal 0 0 1
    outer loop
      vertex 51.3127 25.7873 2
      vertex 51.3127 18.3127 2
      vertex 51.5887 17.998 2
    endloop
  endfacet
  facet normal -0 0 1
    outer loop
      vertex 50.998 25.5113 2
      vertex 51.3127 18.3127 2
      vertex 51.3127 25.7873 2
    endloop
  endfacet
  facet normal 0 0 1
    outer loop
      vertex 50.998 25.5113 2
      vertex 50.998 18.5887 2
      vertex 51.3127 18.3127 2
    endloop
  endfacet
  facet normal -0 0 1
    outer loop
      vertex 50.65 25.2787 2
      vertex 50.998 18.5887 2
      vertex 50.998 25.5113 2
    endloop
  endfacet
  facet normal 0 0 1
    outer loop
      vertex 50.65 25.2787 2
      vertex 50.65 18.8213 2
      vertex 50.998 18.5887 2
    endloop
  endfacet
  facet normal -0 0 1
    outer loop
      vertex 50.2746 25.0936 2
      vertex 50.65 18.8213 2
      vertex 50.65 25.2787 2
    endloop
  endfacet
  facet normal 0 0 1
    outer loop
      vertex 50.2746 25.0936 2
      vertex 50.2746 19.0064 2
      vertex 50.65 18.8213 2
    endloop
  endfacet
  facet normal -0 0 1
    outer loop
      vertex 49.8782 24.959 2
      vertex 50.2746 19.0064 2
      vertex 50.2746 25.0936 2
    endloop
  endfacet
  facet normal 0 0 1
    outer loop
      vertex 49.8782 24.959 2
      vertex 49.8782 19.141 2
      vertex 50.2746 19.0064 2
    endloop
  endfacet
  facet normal -0 0 1
    outer loop
      vertex 49.4677 24.8774 2
      vertex 49.8782 19.141 2
      vertex 49.8782 24.959 2
    endloop
  endfacet
  facet normal 0 0 1
    outer loop
      vertex 49.4677 24.8774 2
      vertex 49.4677 19.2226 2
      vertex 49.8782 19.141 2
    endloop
  endfacet
  facet normal -0 0 1
    outer loop
      vertex 49.05 24.85 2
      vertex 49.4677 19.2226 2
      vertex 49.4677 24.8774 2
    endloop
  endfacet
  facet normal 0 0 1
    outer loop
      vertex 49.05 24.85 2
      vertex 49.05 19.25 2
      vertex 49.4677 19.2226 2
    endloop
  endfacet
  facet normal 0 0 1
    outer loop
      vertex 48.6323 24.8774 2
      vertex 49.05 19.25 2
      vertex 49.05 24.85 2
    endloop
  endfacet
  facet normal 0 0 1
    outer loop
      vertex 48.6323 24.8774 2
      vertex 48.6323 19.2226 2
      vertex 49.05 19.25 2
    endloop
  endfacet
  facet normal 0 0 1
    outer loop
      vertex 48.2218 24.959 2
      vertex 48.6323 19.2226 2
      vertex 48.6323 24.8774 2
    endloop
  endfacet
  facet normal 0 0 1
    outer loop
      vertex 48.2218 24.959 2
      vertex 48.2218 19.141 2
      vertex 48.6323 19.2226 2
    endloop
  endfacet
  facet normal 0 0 1
    outer loop
      vertex 47.8254 25.0936 2
      vertex 48.2218 19.141 2
      vertex 48.2218 24.959 2
    endloop
  endfacet
  facet normal 0 0 1
    outer loop
      vertex 47.8254 25.0936 2
      vertex 47.8254 19.0064 2
      vertex 48.2218 19.141 2
    endloop
  endfacet
  facet normal 0 0 1
    outer loop
      vertex 47.45 25.2787 2
      vertex 47.8254 19.0064 2
      vertex 47.8254 25.0936 2
    endloop
  endfacet
  facet normal 0 0 1
    outer loop
      vertex 47.45 25.2787 2
      vertex 47.45 18.8213 2
      vertex 47.8254 19.0064 2
    endloop
  endfacet
  facet normal 0 0 1
    outer loop
      vertex 47.102 25.5113 2
      vertex 47.45 18.8213 2
      vertex 47.45 25.2787 2
    endloop
  endfacet
  facet normal 0 0 1
    outer loop
      vertex 47.102 25.5113 2
      vertex 47.102 18.5887 2
      vertex 47.45 18.8213 2
    endloop
  endfacet
  facet normal 0 0 1
    outer loop
      vertex 46.7873 25.7873 2
      vertex 47.102 18.5887 2
      vertex 47.102 25.5113 2
    endloop
  endfacet
  facet normal 0 0 1
    outer loop
      vertex 46.7873 25.7873 2
      vertex 46.7873 18.3127 2
      vertex 47.102 18.5887 2
    endloop
  endfacet
  facet normal 0 0 1
    outer loop
      vertex 46.5113 26.102 2
      vertex 46.7873 18.3127 2
      vertex 46.7873 25.7873 2
    endloop
  endfacet
  facet normal 0 0 1
    outer loop
      vertex 46.5113 26.102 2
      vertex 46.5113 17.998 2
      vertex 46.7873 18.3127 2
    endloop
  endfacet
  facet normal 0 0 1
    outer loop
      vertex 46.2787 26.45 2
      vertex 46.5113 17.998 2
      vertex 46.5113 26.102 2
    endloop
  endfacet
  facet normal 0 0 1
    outer loop
      vertex 46.2787 26.45 2
      vertex 46.2787 17.65 2
      vertex 46.5113 17.998 2
    endloop
  endfacet
  facet normal 0 0 1
    outer loop
      vertex 46.0936 26.8254 2
      vertex 46.2787 17.65 2
      vertex 46.2787 26.45 2
    endloop
  endfacet
  facet normal 0 0 1
    outer loop
      vertex 46.0936 26.8254 2
      vertex 46.0936 17.2746 2
      vertex 46.2787 17.65 2
    endloop
  endfacet
  facet normal 0 0 1
    outer loop
      vertex 45.959 27.2218 2
      vertex 46.0936 17.2746 2
      vertex 46.0936 26.8254 2
    endloop
  endfacet
  facet normal 0 0 1
    outer loop
      vertex 45.959 27.2218 2
      vertex 45.959 16.8782 2
      vertex 46.0936 17.2746 2
    endloop
  endfacet
  facet normal 0 0 1
    outer loop
      vertex 45.85 28.05 2
      vertex 6.17262 30.5823 2
      vertex 45.8774 27.6323 2
    endloop
  endfacet
  facet normal -0 0 1
    outer loop
      vertex 6.09096 30.1718 2
      vertex 45.8774 27.6323 2
      vertex 6.17262 30.5823 2
    endloop
  endfacet
  facet normal -0 0 1
    outer loop
      vertex 6.17262 30.5823 2
      vertex 45.85 28.05 2
      vertex 6.2 31 2
    endloop
  endfacet
  facet normal 0 0 1
    outer loop
      vertex 45.8774 27.6323 2
      vertex 6.09096 30.1718 2
      vertex 45.959 27.2218 2
    endloop
  endfacet
  facet normal 0 0 1
    outer loop
      vertex 81.091 30.1718 2
      vertex 83.7 38.8 2
      vertex 81.1726 30.5823 2
    endloop
  endfacet
  facet normal 0 0 1
    outer loop
      vertex 83.7 38.8 2
      vertex 81.1726 3.41768 2
      vertex 81.2 3 2
    endloop
  endfacet
  facet normal 0 0 1
    outer loop
      vertex 81.091 3.82822 2
      vertex 83.7 38.8 2
      vertex 81.091 30.1718 2
    endloop
  endfacet
  facet normal 0 0 1
    outer loop
      vertex 83.7 38.8 2
      vertex 81.091 3.82822 2
      vertex 81.1726 3.41768 2
    endloop
  endfacet
  facet normal -0 0 1
    outer loop
      vertex 80.9564 29.7754 2
      vertex 81.091 3.82822 2
      vertex 81.091 30.1718 2
    endloop
  endfacet
  facet normal 0 0 1
    outer loop
      vertex 80.9564 29.7754 2
      vertex 80.9564 4.22459 2
      vertex 81.091 3.82822 2
    endloop
  endfacet
  facet normal -0 0 1
    outer loop
      vertex 80.7713 29.4 2
      vertex 80.9564 4.22459 2
      vertex 80.9564 29.7754 2
    endloop
  endfacet
  facet normal 0 0 1
    outer loop
      vertex 80.7713 29.4 2
      vertex 80.7713 4.6 2
      vertex 80.9564 4.22459 2
    endloop
  endfacet
  facet normal -0 0 1
    outer loop
      vertex 80.5387 29.052 2
      vertex 80.7713 4.6 2
      vertex 80.7713 29.4 2
    endloop
  endfacet
  facet normal 0 0 1
    outer loop
      vertex 80.5387 29.052 2
      vertex 80.5387 4.94804 2
      vertex 80.7713 4.6 2
    endloop
  endfacet
  facet normal -0 0 1
    outer loop
      vertex 80.2627 28.7373 2
      vertex 80.5387 4.94804 2
      vertex 80.5387 29.052 2
    endloop
  endfacet
  facet normal 0 0 1
    outer loop
      vertex 80.2627 28.7373 2
      vertex 80.2627 5.26274 2
      vertex 80.5387 4.94804 2
    endloop
  endfacet
  facet normal -0 0 1
    outer loop
      vertex 79.948 28.4613 2
      vertex 80.2627 5.26274 2
      vertex 80.2627 28.7373 2
    endloop
  endfacet
  facet normal 0 0 1
    outer loop
      vertex 79.948 28.4613 2
      vertex 79.948 5.53873 2
      vertex 80.2627 5.26274 2
    endloop
  endfacet
  facet normal -0 0 1
    outer loop
      vertex 79.6 28.2287 2
      vertex 79.948 5.53873 2
      vertex 79.948 28.4613 2
    endloop
  endfacet
  facet normal 0 0 1
    outer loop
      vertex 79.6 28.2287 2
      vertex 79.6 5.77128 2
      vertex 79.948 5.53873 2
    endloop
  endfacet
  facet normal -0 0 1
    outer loop
      vertex 79.2246 28.0436 2
      vertex 79.6 5.77128 2
      vertex 79.6 28.2287 2
    endloop
  endfacet
  facet normal 0 0 1
    outer loop
      vertex 79.2246 28.0436 2
      vertex 79.2246 5.95641 2
      vertex 79.6 5.77128 2
    endloop
  endfacet
  facet normal -0 0 1
    outer loop
      vertex 78.8282 27.909 2
      vertex 79.2246 5.95641 2
      vertex 79.2246 28.0436 2
    endloop
  endfacet
  facet normal 0 0 1
    outer loop
      vertex 78.8282 27.909 2
      vertex 78.8282 6.09096 2
      vertex 79.2246 5.95641 2
    endloop
  endfacet
  facet normal -0 0 1
    outer loop
      vertex 78.4177 27.8274 2
      vertex 78.8282 6.09096 2
      vertex 78.8282 27.909 2
    endloop
  endfacet
  facet normal 0 0 1
    outer loop
      vertex 78.4177 27.8274 2
      vertex 78.4177 6.17262 2
      vertex 78.8282 6.09096 2
    endloop
  endfacet
  facet normal -0 0 1
    outer loop
      vertex 78 27.8 2
      vertex 78.4177 6.17262 2
      vertex 78.4177 27.8274 2
    endloop
  endfacet
  facet normal 0 0 1
    outer loop
      vertex 78 27.8 2
      vertex 78 6.2 2
      vertex 78.4177 6.17262 2
    endloop
  endfacet
  facet normal 0 0 1
    outer loop
      vertex 77.5823 27.8274 2
      vertex 78 6.2 2
      vertex 78 27.8 2
    endloop
  endfacet
  facet normal 0 0 1
    outer loop
      vertex 77.5823 27.8274 2
      vertex 77.5823 6.17262 2
      vertex 78 6.2 2
    endloop
  endfacet
  facet normal 0 0 1
    outer loop
      vertex 77.1718 27.909 2
      vertex 77.5823 6.17262 2
      vertex 77.5823 27.8274 2
    endloop
  endfacet
  facet normal 0 0 1
    outer loop
      vertex 77.1718 27.909 2
      vertex 77.1718 6.09096 2
      vertex 77.5823 6.17262 2
    endloop
  endfacet
  facet normal 0 0 1
    outer loop
      vertex 76.7754 28.0436 2
      vertex 77.1718 6.09096 2
      vertex 77.1718 27.909 2
    endloop
  endfacet
  facet normal 0 0 1
    outer loop
      vertex 76.7754 28.0436 2
      vertex 76.7754 5.95641 2
      vertex 77.1718 6.09096 2
    endloop
  endfacet
  facet normal 0 0 1
    outer loop
      vertex 76.4 28.2287 2
      vertex 76.7754 5.95641 2
      vertex 76.7754 28.0436 2
    endloop
  endfacet
  facet normal 0 0 1
    outer loop
      vertex 76.4 28.2287 2
      vertex 76.4 5.77128 2
      vertex 76.7754 5.95641 2
    endloop
  endfacet
  facet normal 0 0 1
    outer loop
      vertex 76.052 28.4613 2
      vertex 76.4 5.77128 2
      vertex 76.4 28.2287 2
    endloop
  endfacet
  facet normal 0 0 1
    outer loop
      vertex 76.052 28.4613 2
      vertex 76.052 5.53873 2
      vertex 76.4 5.77128 2
    endloop
  endfacet
  facet normal 0 0 1
    outer loop
      vertex 52.25 16.05 2
      vertex 76.052 28.4613 2
      vertex 75.7373 28.7373 2
    endloop
  endfacet
  facet normal 0 0 1
    outer loop
      vertex 76.052 28.4613 2
      vertex 52.25 16.05 2
      vertex 76.052 5.53873 2
    endloop
  endfacet
  facet normal 0 0 1
    outer loop
      vertex 52.25 16.05 2
      vertex 75.7373 28.7373 2
      vertex 75.4613 29.052 2
    endloop
  endfacet
  facet normal 0 0 1
    outer loop
      vertex 76.052 5.53873 2
      vertex 52.25 16.05 2
      vertex 75.7373 5.26274 2
    endloop
  endfacet
  facet normal 0 0 1
    outer loop
      vertex 52.25 16.05 2
      vertex 75.4613 29.052 2
      vertex 75.2287 29.4 2
    endloop
  endfacet
  facet normal -0 0 1
    outer loop
      vertex 52.2226 15.6323 2
      vertex 75.7373 5.26274 2
      vertex 52.25 16.05 2
    endloop
  endfacet
  facet normal 0 0 1
    outer loop
      vertex 74.909 30.1718 2
      vertex 52.2226 27.6323 2
      vertex 75.0436 29.7754 2
    endloop
  endfacet
  facet normal 0 0 1
    outer loop
      vertex 75.7373 5.26274 2
      vertex 52.2226 15.6323 2
      vertex 75.4613 4.94804 2
    endloop
  endfacet
  facet normal 0 0 1
    outer loop
      vertex 52.2226 27.6323 2
      vertex 74.909 30.1718 2
      vertex 52.25 28.05 2
    endloop
  endfacet
  facet normal -0 0 1
    outer loop
      vertex 52.141 15.2218 2
      vertex 75.4613 4.94804 2
      vertex 52.2226 15.6323 2
    endloop
  endfacet
  facet normal 0 0 1
    outer loop
      vertex 52.25 28.05 2
      vertex 74.909 30.1718 2
      vertex 74.8274 30.5823 2
    endloop
  endfacet
  facet normal 0 0 1
    outer loop
      vertex 75.4613 4.94804 2
      vertex 52.141 15.2218 2
      vertex 75.2287 4.6 2
    endloop
  endfacet
  facet normal 0 0 1
    outer loop
      vertex 52.2226 28.4677 2
      vertex 74.8274 30.5823 2
      vertex 74.8 31 2
    endloop
  endfacet
  facet normal -0 0 1
    outer loop
      vertex 52.0064 14.8254 2
      vertex 75.2287 4.6 2
      vertex 52.141 15.2218 2
    endloop
  endfacet
  facet normal 0 0 1
    outer loop
      vertex 81.1726 30.5823 2
      vertex 83.7 38.8 2
      vertex 81.2 31 2
    endloop
  endfacet
  facet normal 0 0 1
    outer loop
      vertex 83.7 38.8 2
      vertex 81.1726 31.4177 2
      vertex 81.2 31 2
    endloop
  endfacet
  facet normal 0 0 1
    outer loop
      vertex 83.7 38.8 2
      vertex 81.091 31.8282 2
      vertex 81.1726 31.4177 2
    endloop
  endfacet
  facet normal 0 0 1
    outer loop
      vertex 83.7 38.8 2
      vertex 80.9564 32.2246 2
      vertex 81.091 31.8282 2
    endloop
  endfacet
  facet normal 0 0 1
    outer loop
      vertex 83.7 38.8 2
      vertex 80.7713 32.6 2
      vertex 80.9564 32.2246 2
    endloop
  endfacet
  facet normal 0 0 1
    outer loop
      vertex 83.7 38.8 2
      vertex 80.5387 32.948 2
      vertex 80.7713 32.6 2
    endloop
  endfacet
  facet normal 0 0 1
    outer loop
      vertex 83.7 38.8 2
      vertex 80.2627 33.2627 2
      vertex 80.5387 32.948 2
    endloop
  endfacet
  facet normal 0 0 1
    outer loop
      vertex 83.7 38.8 2
      vertex 79.948 33.5387 2
      vertex 80.2627 33.2627 2
    endloop
  endfacet
  facet normal 0 0 1
    outer loop
      vertex 83.7 38.8 2
      vertex 79.6 33.7713 2
      vertex 79.948 33.5387 2
    endloop
  endfacet
  facet normal 0 0 1
    outer loop
      vertex 83.7 38.8 2
      vertex 79.2246 33.9564 2
      vertex 79.6 33.7713 2
    endloop
  endfacet
  facet normal 0 0 1
    outer loop
      vertex 83.7 38.8 2
      vertex 78.8282 34.091 2
      vertex 79.2246 33.9564 2
    endloop
  endfacet
  facet normal 0 0 1
    outer loop
      vertex 83.7 38.8 2
      vertex 78.4177 34.1726 2
      vertex 78.8282 34.091 2
    endloop
  endfacet
  facet normal 0 0 1
    outer loop
      vertex 83.7 38.8 2
      vertex 78 34.2 2
      vertex 78.4177 34.1726 2
    endloop
  endfacet
  facet normal 0 0 1
    outer loop
      vertex 83.7 38.8 2
      vertex 77.5823 34.1726 2
      vertex 78 34.2 2
    endloop
  endfacet
  facet normal 0 0 1
    outer loop
      vertex 83.7 38.8 2
      vertex 77.1718 34.091 2
      vertex 77.5823 34.1726 2
    endloop
  endfacet
  facet normal 0 0 1
    outer loop
      vertex 83.7 38.8 2
      vertex 76.7754 33.9564 2
      vertex 77.1718 34.091 2
    endloop
  endfacet
  facet normal 0 0 1
    outer loop
      vertex 83.7 38.8 2
      vertex 76.4 33.7713 2
      vertex 76.7754 33.9564 2
    endloop
  endfacet
  facet normal 0 0 1
    outer loop
      vertex 49.8782 31.141 2
      vertex 76.4 33.7713 2
      vertex 83.7 38.8 2
    endloop
  endfacet
  facet normal 0 0 1
    outer loop
      vertex 52.141 27.2218 2
      vertex 75.0436 29.7754 2
      vertex 52.2226 27.6323 2
    endloop
  endfacet
  facet normal 0 0 1
    outer loop
      vertex 52.141 28.8782 2
      vertex 74.8 31 2
      vertex 74.8274 31.4177 2
    endloop
  endfacet
  facet normal 0 0 1
    outer loop
      vertex 52.0064 29.2746 2
      vertex 74.8274 31.4177 2
      vertex 74.909 31.8282 2
    endloop
  endfacet
  facet normal 0 0 1
    outer loop
      vertex 51.8213 29.65 2
      vertex 74.909 31.8282 2
      vertex 75.0436 32.2246 2
    endloop
  endfacet
  facet normal 0 0 1
    outer loop
      vertex 51.5887 29.998 2
      vertex 75.0436 32.2246 2
      vertex 75.2287 32.6 2
    endloop
  endfacet
  facet normal 0 0 1
    outer loop
      vertex 51.3127 30.3127 2
      vertex 75.2287 32.6 2
      vertex 75.4613 32.948 2
    endloop
  endfacet
  facet normal 0 0 1
    outer loop
      vertex 50.998 30.5887 2
      vertex 75.4613 32.948 2
      vertex 75.7373 33.2627 2
    endloop
  endfacet
  facet normal 0 0 1
    outer loop
      vertex 50.65 30.8213 2
      vertex 75.7373 33.2627 2
      vertex 76.052 33.5387 2
    endloop
  endfacet
  facet normal 0 -0 1
    outer loop
      vertex 50.2746 31.0064 2
      vertex 76.4 33.7713 2
      vertex 49.8782 31.141 2
    endloop
  endfacet
  facet normal 0 0 1
    outer loop
      vertex 74.8274 30.5823 2
      vertex 52.2226 28.4677 2
      vertex 52.25 28.05 2
    endloop
  endfacet
  facet normal 0 0 1
    outer loop
      vertex 74.8 31 2
      vertex 52.141 28.8782 2
      vertex 52.2226 28.4677 2
    endloop
  endfacet
  facet normal 0 0 1
    outer loop
      vertex 74.8274 31.4177 2
      vertex 52.0064 29.2746 2
      vertex 52.141 28.8782 2
    endloop
  endfacet
  facet normal 0 0 1
    outer loop
      vertex 74.909 31.8282 2
      vertex 51.8213 29.65 2
      vertex 52.0064 29.2746 2
    endloop
  endfacet
  facet normal 0 0 1
    outer loop
      vertex 75.0436 32.2246 2
      vertex 51.5887 29.998 2
      vertex 51.8213 29.65 2
    endloop
  endfacet
  facet normal 0 0 1
    outer loop
      vertex 75.2287 32.6 2
      vertex 51.3127 30.3127 2
      vertex 51.5887 29.998 2
    endloop
  endfacet
  facet normal 0 0 1
    outer loop
      vertex 75.4613 32.948 2
      vertex 50.998 30.5887 2
      vertex 51.3127 30.3127 2
    endloop
  endfacet
  facet normal 0 0 1
    outer loop
      vertex 75.7373 33.2627 2
      vertex 50.65 30.8213 2
      vertex 50.998 30.5887 2
    endloop
  endfacet
  facet normal 0 0 1
    outer loop
      vertex 76.052 33.5387 2
      vertex 50.2746 31.0064 2
      vertex 50.65 30.8213 2
    endloop
  endfacet
  facet normal 0 0 1
    outer loop
      vertex 76.4 33.7713 2
      vertex 50.2746 31.0064 2
      vertex 76.052 33.5387 2
    endloop
  endfacet
  facet normal 0 0 1
    outer loop
      vertex 83.7 38.8 2
      vertex 49.4677 31.2226 2
      vertex 49.8782 31.141 2
    endloop
  endfacet
  facet normal 0 0 1
    outer loop
      vertex 83.7 38.8 2
      vertex 49.05 31.25 2
      vertex 49.4677 31.2226 2
    endloop
  endfacet
  facet normal 0 0 1
    outer loop
      vertex 83.7 38.8 2
      vertex 48.6323 31.2226 2
      vertex 49.05 31.25 2
    endloop
  endfacet
  facet normal -0 0 1
    outer loop
      vertex -1.97541 38.1564 2
      vertex 48.6323 31.2226 2
      vertex 83.7 38.8 2
    endloop
  endfacet
  facet normal -0 0 1
    outer loop
      vertex 5.95641 29.7754 2
      vertex 45.959 27.2218 2
      vertex 6.09096 30.1718 2
    endloop
  endfacet
  facet normal 0 0 1
    outer loop
      vertex 45.8774 28.4677 2
      vertex 6.2 31 2
      vertex 45.85 28.05 2
    endloop
  endfacet
  facet normal 0 0 1
    outer loop
      vertex 45.959 28.8782 2
      vertex 6.2 31 2
      vertex 45.8774 28.4677 2
    endloop
  endfacet
  facet normal 0 0 1
    outer loop
      vertex 6.17262 31.4177 2
      vertex 45.959 28.8782 2
      vertex 46.0936 29.2746 2
    endloop
  endfacet
  facet normal 0 0 1
    outer loop
      vertex 6.09096 31.8282 2
      vertex 46.0936 29.2746 2
      vertex 46.2787 29.65 2
    endloop
  endfacet
  facet normal 0 0 1
    outer loop
      vertex 5.95641 32.2246 2
      vertex 46.2787 29.65 2
      vertex 46.5113 29.998 2
    endloop
  endfacet
  facet normal 0 0 1
    outer loop
      vertex 5.77128 32.6 2
      vertex 46.5113 29.998 2
      vertex 46.7873 30.3127 2
    endloop
  endfacet
  facet normal 0 0 1
    outer loop
      vertex 5.53873 32.948 2
      vertex 46.7873 30.3127 2
      vertex 47.102 30.5887 2
    endloop
  endfacet
  facet normal 0 0 1
    outer loop
      vertex 5.26274 33.2627 2
      vertex 47.102 30.5887 2
      vertex 47.45 30.8213 2
    endloop
  endfacet
  facet normal 0 0 1
    outer loop
      vertex 4.94804 33.5387 2
      vertex 47.45 30.8213 2
      vertex 47.8254 31.0064 2
    endloop
  endfacet
  facet normal 0 0 1
    outer loop
      vertex -1.25196 37.7387 2
      vertex 47.8254 31.0064 2
      vertex 48.2218 31.141 2
    endloop
  endfacet
  facet normal -0 -0 1
    outer loop
      vertex -1.6 37.9713 2
      vertex 48.6323 31.2226 2
      vertex -1.97541 38.1564 2
    endloop
  endfacet
  facet normal 0 0 1
    outer loop
      vertex 45.959 28.8782 2
      vertex 6.17262 31.4177 2
      vertex 6.2 31 2
    endloop
  endfacet
  facet normal 0 0 1
    outer loop
      vertex 46.0936 29.2746 2
      vertex 6.09096 31.8282 2
      vertex 6.17262 31.4177 2
    endloop
  endfacet
  facet normal 0 0 1
    outer loop
      vertex 46.2787 29.65 2
      vertex 5.95641 32.2246 2
      vertex 6.09096 31.8282 2
    endloop
  endfacet
  facet normal 0 0 1
    outer loop
      vertex 46.5113 29.998 2
      vertex 5.77128 32.6 2
      vertex 5.95641 32.2246 2
    endloop
  endfacet
  facet normal 0 0 1
    outer loop
      vertex 46.7873 30.3127 2
      vertex 5.53873 32.948 2
      vertex 5.77128 32.6 2
    endloop
  endfacet
  facet normal 0 0 1
    outer loop
      vertex 47.102 30.5887 2
      vertex 5.26274 33.2627 2
      vertex 5.53873 32.948 2
    endloop
  endfacet
  facet normal 0 0 1
    outer loop
      vertex 47.45 30.8213 2
      vertex 4.94804 33.5387 2
      vertex 5.26274 33.2627 2
    endloop
  endfacet
  facet normal 0 0 1
    outer loop
      vertex 47.8254 31.0064 2
      vertex 4.6 33.7713 2
      vertex 4.94804 33.5387 2
    endloop
  endfacet
  facet normal 0 0 1
    outer loop
      vertex 47.8254 31.0064 2
      vertex -1.25196 37.7387 2
      vertex 4.6 33.7713 2
    endloop
  endfacet
  facet normal -0 -0 1
    outer loop
      vertex -0.937258 37.4627 2
      vertex 4.6 33.7713 2
      vertex -1.25196 37.7387 2
    endloop
  endfacet
  facet normal 0 0 1
    outer loop
      vertex 4.6 33.7713 2
      vertex -0.937258 37.4627 2
      vertex 4.22459 33.9564 2
    endloop
  endfacet
  facet normal -0 -0 1
    outer loop
      vertex -0.661269 37.148 2
      vertex 4.22459 33.9564 2
      vertex -0.937258 37.4627 2
    endloop
  endfacet
  facet normal 0 0 1
    outer loop
      vertex 1.05196 33.5387 2
      vertex -0.243585 33.9754 2
      vertex 0.737258 33.2627 2
    endloop
  endfacet
  facet normal -0 0 1
    outer loop
      vertex -0.243585 33.9754 2
      vertex 1.05196 33.5387 2
      vertex -0.109036 34.3718 2
    endloop
  endfacet
  facet normal 0 0 1
    outer loop
      vertex 1.4 33.7713 2
      vertex -0.109036 34.3718 2
      vertex 1.05196 33.5387 2
    endloop
  endfacet
  facet normal -0 0 1
    outer loop
      vertex -0.109036 34.3718 2
      vertex 1.4 33.7713 2
      vertex -0.0273762 34.7823 2
    endloop
  endfacet
  facet normal 0 0 1
    outer loop
      vertex 1.77541 33.9564 2
      vertex -0.0273762 34.7823 2
      vertex 1.4 33.7713 2
    endloop
  endfacet
  facet normal -0 0 1
    outer loop
      vertex -0.0273762 34.7823 2
      vertex 1.77541 33.9564 2
      vertex 0 35.2 2
    endloop
  endfacet
  facet normal 0 0 1
    outer loop
      vertex 2.17178 34.091 2
      vertex 0 35.2 2
      vertex 1.77541 33.9564 2
    endloop
  endfacet
  facet normal 0 0 1
    outer loop
      vertex -0.0273762 35.6177 2
      vertex 2.17178 34.091 2
      vertex 2.58232 34.1726 2
    endloop
  endfacet
  facet normal 0 0 1
    outer loop
      vertex -0.109036 36.0282 2
      vertex 2.58232 34.1726 2
      vertex 3 34.2 2
    endloop
  endfacet
  facet normal -0 -0 1
    outer loop
      vertex -0.428719 36.8 2
      vertex 3.82822 34.091 2
      vertex -0.661269 37.148 2
    endloop
  endfacet
  facet normal 0 0 1
    outer loop
      vertex 2.17178 34.091 2
      vertex -0.0273762 35.6177 2
      vertex 0 35.2 2
    endloop
  endfacet
  facet normal 0 0 1
    outer loop
      vertex 2.58232 34.1726 2
      vertex -0.109036 36.0282 2
      vertex -0.0273762 35.6177 2
    endloop
  endfacet
  facet normal 0 0 1
    outer loop
      vertex 3 34.2 2
      vertex -0.243585 36.4246 2
      vertex -0.109036 36.0282 2
    endloop
  endfacet
  facet normal 0 0 1
    outer loop
      vertex 3.41768 34.1726 2
      vertex -0.243585 36.4246 2
      vertex 3 34.2 2
    endloop
  endfacet
  facet normal -0 -0 1
    outer loop
      vertex -0.243585 36.4246 2
      vertex 3.41768 34.1726 2
      vertex -0.428719 36.8 2
    endloop
  endfacet
  facet normal 0 0 1
    outer loop
      vertex 3.82822 34.091 2
      vertex -0.428719 36.8 2
      vertex 3.41768 34.1726 2
    endloop
  endfacet
  facet normal 0 0 1
    outer loop
      vertex 4.22459 33.9564 2
      vertex -0.661269 37.148 2
      vertex 3.82822 34.091 2
    endloop
  endfacet
  facet normal 0 0 1
    outer loop
      vertex 48.2218 31.141 2
      vertex -1.6 37.9713 2
      vertex -1.25196 37.7387 2
    endloop
  endfacet
  facet normal 0 0 1
    outer loop
      vertex 48.6323 31.2226 2
      vertex -1.6 37.9713 2
      vertex 48.2218 31.141 2
    endloop
  endfacet
  facet normal 0 0 1
    outer loop
      vertex 83.7 38.8 2
      vertex -2.37178 38.291 2
      vertex -1.97541 38.1564 2
    endloop
  endfacet
  facet normal 0 0 1
    outer loop
      vertex 83.7 38.8 2
      vertex -2.78232 38.3726 2
      vertex -2.37178 38.291 2
    endloop
  endfacet
  facet normal -0 0 1
    outer loop
      vertex -6.6 38.8 2
      vertex -2.78232 38.3726 2
      vertex 83.7 38.8 2
    endloop
  endfacet
  facet normal 0 0 1
    outer loop
      vertex -6.4 35.2 2
      vertex -6.6 38.8 2
      vertex -6.4 -3.4 2
    endloop
  endfacet
  facet normal 0 0 1
    outer loop
      vertex -6.37262 35.6177 2
      vertex -6.6 38.8 2
      vertex -6.4 35.2 2
    endloop
  endfacet
  facet normal 0 0 1
    outer loop
      vertex -6.29096 36.0282 2
      vertex -6.6 38.8 2
      vertex -6.37262 35.6177 2
    endloop
  endfacet
  facet normal 0 0 1
    outer loop
      vertex -6.15641 36.4246 2
      vertex -6.6 38.8 2
      vertex -6.29096 36.0282 2
    endloop
  endfacet
  facet normal 0 0 1
    outer loop
      vertex -5.97128 36.8 2
      vertex -6.6 38.8 2
      vertex -6.15641 36.4246 2
    endloop
  endfacet
  facet normal 0 0 1
    outer loop
      vertex -5.73873 37.148 2
      vertex -6.6 38.8 2
      vertex -5.97128 36.8 2
    endloop
  endfacet
  facet normal 0 0 1
    outer loop
      vertex -5.46274 37.4627 2
      vertex -6.6 38.8 2
      vertex -5.73873 37.148 2
    endloop
  endfacet
  facet normal 0 0 1
    outer loop
      vertex -5.14804 37.7387 2
      vertex -6.6 38.8 2
      vertex -5.46274 37.4627 2
    endloop
  endfacet
  facet normal 0 0 1
    outer loop
      vertex -4.8 37.9713 2
      vertex -6.6 38.8 2
      vertex -5.14804 37.7387 2
    endloop
  endfacet
  facet normal 0 0 1
    outer loop
      vertex -4.42459 38.1564 2
      vertex -6.6 38.8 2
      vertex -4.8 37.9713 2
    endloop
  endfacet
  facet normal 0 0 1
    outer loop
      vertex -4.02822 38.291 2
      vertex -6.6 38.8 2
      vertex -4.42459 38.1564 2
    endloop
  endfacet
  facet normal 0 0 1
    outer loop
      vertex -3.61768 38.3726 2
      vertex -6.6 38.8 2
      vertex -4.02822 38.291 2
    endloop
  endfacet
  facet normal 0 0 1
    outer loop
      vertex -3.2 38.4 2
      vertex -6.6 38.8 2
      vertex -3.61768 38.3726 2
    endloop
  endfacet
  facet normal 0 0 1
    outer loop
      vertex -2.78232 38.3726 2
      vertex -6.6 38.8 2
      vertex -3.2 38.4 2
    endloop
  endfacet
  facet normal 0 0 1
    outer loop
      vertex 83.7 38.8 2
      vertex 81.2 3 2
      vertex 83.7 -7 2
    endloop
  endfacet
  facet normal -0 0 1
    outer loop
      vertex 81.1726 2.58232 2
      vertex 83.7 -7 2
      vertex 81.2 3 2
    endloop
  endfacet
  facet normal -0 0 1
    outer loop
      vertex 81.091 2.17178 2
      vertex 83.7 -7 2
      vertex 81.1726 2.58232 2
    endloop
  endfacet
  facet normal -0 0 1
    outer loop
      vertex 80.9564 1.77541 2
      vertex 83.7 -7 2
      vertex 81.091 2.17178 2
    endloop
  endfacet
  facet normal -0 0 1
    outer loop
      vertex 80.7713 1.4 2
      vertex 83.7 -7 2
      vertex 80.9564 1.77541 2
    endloop
  endfacet
  facet normal -0 0 1
    outer loop
      vertex 80.5387 1.05196 2
      vertex 83.7 -7 2
      vertex 80.7713 1.4 2
    endloop
  endfacet
  facet normal -0 0 1
    outer loop
      vertex 80.2627 0.737258 2
      vertex 83.7 -7 2
      vertex 80.5387 1.05196 2
    endloop
  endfacet
  facet normal -0 0 1
    outer loop
      vertex 79.948 0.461268 2
      vertex 83.7 -7 2
      vertex 80.2627 0.737258 2
    endloop
  endfacet
  facet normal -0 0 1
    outer loop
      vertex 79.6 0.228718 2
      vertex 83.7 -7 2
      vertex 79.948 0.461268 2
    endloop
  endfacet
  facet normal -0 0 1
    outer loop
      vertex 79.2246 0.0435848 2
      vertex 83.7 -7 2
      vertex 79.6 0.228718 2
    endloop
  endfacet
  facet normal -0 0 1
    outer loop
      vertex 78.8282 -0.0909624 2
      vertex 83.7 -7 2
      vertex 79.2246 0.0435848 2
    endloop
  endfacet
  facet normal -0 0 1
    outer loop
      vertex 78.4177 -0.172623 2
      vertex 83.7 -7 2
      vertex 78.8282 -0.0909624 2
    endloop
  endfacet
  facet normal -0 0 1
    outer loop
      vertex 78 -0.2 2
      vertex 83.7 -7 2
      vertex 78.4177 -0.172623 2
    endloop
  endfacet
  facet normal 0 0 1
    outer loop
      vertex 77.5823 -0.172623 2
      vertex 83.7 -7 2
      vertex 78 -0.2 2
    endloop
  endfacet
  facet normal 0 0 1
    outer loop
      vertex 77.1718 -0.0909624 2
      vertex 83.7 -7 2
      vertex 77.5823 -0.172623 2
    endloop
  endfacet
  facet normal 0 0 1
    outer loop
      vertex 76.7754 0.0435848 2
      vertex 83.7 -7 2
      vertex 77.1718 -0.0909624 2
    endloop
  endfacet
  facet normal 0 0 1
    outer loop
      vertex 76.4 0.228718 2
      vertex 83.7 -7 2
      vertex 76.7754 0.0435848 2
    endloop
  endfacet
  facet normal 0 0 1
    outer loop
      vertex 76.052 0.461268 2
      vertex 83.7 -7 2
      vertex 76.4 0.228718 2
    endloop
  endfacet
  facet normal 0 0 1
    outer loop
      vertex 48.6323 12.8774 2
      vertex 76.052 0.461268 2
      vertex 75.7373 0.737258 2
    endloop
  endfacet
  facet normal 0 0 1
    outer loop
      vertex 75.2287 4.6 2
      vertex 52.0064 14.8254 2
      vertex 75.0436 4.22459 2
    endloop
  endfacet
  facet normal -0 0 1
    outer loop
      vertex 51.8213 14.45 2
      vertex 75.0436 4.22459 2
      vertex 52.0064 14.8254 2
    endloop
  endfacet
  facet normal 0 0 1
    outer loop
      vertex 75.0436 4.22459 2
      vertex 51.8213 14.45 2
      vertex 74.909 3.82822 2
    endloop
  endfacet
  facet normal -0 0 1
    outer loop
      vertex 51.5887 14.102 2
      vertex 74.909 3.82822 2
      vertex 51.8213 14.45 2
    endloop
  endfacet
  facet normal 0 0 1
    outer loop
      vertex 74.909 3.82822 2
      vertex 51.5887 14.102 2
      vertex 74.8274 3.41768 2
    endloop
  endfacet
  facet normal -0 0 1
    outer loop
      vertex 51.3127 13.7873 2
      vertex 74.8274 3.41768 2
      vertex 51.5887 14.102 2
    endloop
  endfacet
  facet normal 0 0 1
    outer loop
      vertex 74.8274 3.41768 2
      vertex 51.3127 13.7873 2
      vertex 74.8 3 2
    endloop
  endfacet
  facet normal -0 0 1
    outer loop
      vertex 50.998 13.5113 2
      vertex 74.8 3 2
      vertex 51.3127 13.7873 2
    endloop
  endfacet
  facet normal 0 0 1
    outer loop
      vertex 74.8 3 2
      vertex 50.998 13.5113 2
      vertex 74.8274 2.58232 2
    endloop
  endfacet
  facet normal -0 0 1
    outer loop
      vertex 50.65 13.2787 2
      vertex 74.8274 2.58232 2
      vertex 50.998 13.5113 2
    endloop
  endfacet
  facet normal 0 0 1
    outer loop
      vertex 74.8274 2.58232 2
      vertex 50.65 13.2787 2
      vertex 74.909 2.17178 2
    endloop
  endfacet
  facet normal -0 0 1
    outer loop
      vertex 50.2746 13.0936 2
      vertex 74.909 2.17178 2
      vertex 50.65 13.2787 2
    endloop
  endfacet
  facet normal 0 0 1
    outer loop
      vertex 74.909 2.17178 2
      vertex 50.2746 13.0936 2
      vertex 75.0436 1.77541 2
    endloop
  endfacet
  facet normal -0 0 1
    outer loop
      vertex 49.8782 12.959 2
      vertex 75.0436 1.77541 2
      vertex 50.2746 13.0936 2
    endloop
  endfacet
  facet normal 0 0 1
    outer loop
      vertex 75.0436 1.77541 2
      vertex 49.8782 12.959 2
      vertex 75.2287 1.4 2
    endloop
  endfacet
  facet normal -0 0 1
    outer loop
      vertex 49.4677 12.8774 2
      vertex 75.2287 1.4 2
      vertex 49.8782 12.959 2
    endloop
  endfacet
  facet normal 0 0 1
    outer loop
      vertex 75.2287 1.4 2
      vertex 49.4677 12.8774 2
      vertex 75.4613 1.05196 2
    endloop
  endfacet
  facet normal -0 0 1
    outer loop
      vertex 49.05 12.85 2
      vertex 75.4613 1.05196 2
      vertex 49.4677 12.8774 2
    endloop
  endfacet
  facet normal 0 0 1
    outer loop
      vertex 75.4613 1.05196 2
      vertex 49.05 12.85 2
      vertex 75.7373 0.737258 2
    endloop
  endfacet
  facet normal 0 0 1
    outer loop
      vertex 48.6323 12.8774 2
      vertex 75.7373 0.737258 2
      vertex 49.05 12.85 2
    endloop
  endfacet
  facet normal 0 0 1
    outer loop
      vertex 76.052 0.461268 2
      vertex 48.6323 12.8774 2
      vertex -0.661269 -5.34804 2
    endloop
  endfacet
  facet normal 0 0 1
    outer loop
      vertex 5.26274 0.737258 2
      vertex 48.6323 12.8774 2
      vertex 48.2218 12.959 2
    endloop
  endfacet
  facet normal 0 0 1
    outer loop
      vertex 5.53873 1.05196 2
      vertex 48.2218 12.959 2
      vertex 47.8254 13.0936 2
    endloop
  endfacet
  facet normal 0 0 1
    outer loop
      vertex 5.77128 1.4 2
      vertex 47.8254 13.0936 2
      vertex 47.45 13.2787 2
    endloop
  endfacet
  facet normal 0 0 1
    outer loop
      vertex 45.959 27.2218 2
      vertex 5.95641 29.7754 2
      vertex 45.959 16.8782 2
    endloop
  endfacet
  facet normal 0 0 1
    outer loop
      vertex 45.85 16.05 2
      vertex 6.2 3 2
      vertex 45.8774 15.6323 2
    endloop
  endfacet
  facet normal 0 0 1
    outer loop
      vertex 45.8774 15.6323 2
      vertex 6.2 3 2
      vertex 45.959 15.2218 2
    endloop
  endfacet
  facet normal 0 0 1
    outer loop
      vertex 45.959 15.2218 2
      vertex 6.2 3 2
      vertex 46.0936 14.8254 2
    endloop
  endfacet
  facet normal 0 0 1
    outer loop
      vertex 46.0936 14.8254 2
      vertex 6.2 3 2
      vertex 46.2787 14.45 2
    endloop
  endfacet
  facet normal 0 0 1
    outer loop
      vertex 46.2787 14.45 2
      vertex 6.2 3 2
      vertex 46.5113 14.102 2
    endloop
  endfacet
  facet normal 0 0 1
    outer loop
      vertex 6.17262 2.58232 2
      vertex 46.5113 14.102 2
      vertex 6.2 3 2
    endloop
  endfacet
  facet normal 0 0 1
    outer loop
      vertex 46.5113 14.102 2
      vertex 6.17262 2.58232 2
      vertex 46.7873 13.7873 2
    endloop
  endfacet
  facet normal 0 0 1
    outer loop
      vertex 6.09096 2.17178 2
      vertex 46.7873 13.7873 2
      vertex 6.17262 2.58232 2
    endloop
  endfacet
  facet normal 0 0 1
    outer loop
      vertex 46.7873 13.7873 2
      vertex 6.09096 2.17178 2
      vertex 47.102 13.5113 2
    endloop
  endfacet
  facet normal 0 0 1
    outer loop
      vertex 5.95641 1.77541 2
      vertex 47.102 13.5113 2
      vertex 6.09096 2.17178 2
    endloop
  endfacet
  facet normal 0 0 1
    outer loop
      vertex 47.102 13.5113 2
      vertex 5.95641 1.77541 2
      vertex 47.45 13.2787 2
    endloop
  endfacet
  facet normal 0 0 1
    outer loop
      vertex 5.77128 1.4 2
      vertex 47.45 13.2787 2
      vertex 5.95641 1.77541 2
    endloop
  endfacet
  facet normal 0 0 1
    outer loop
      vertex 47.8254 13.0936 2
      vertex 5.77128 1.4 2
      vertex 5.53873 1.05196 2
    endloop
  endfacet
  facet normal 0 0 1
    outer loop
      vertex 48.2218 12.959 2
      vertex 5.53873 1.05196 2
      vertex 5.26274 0.737258 2
    endloop
  endfacet
  facet normal 0 0 1
    outer loop
      vertex 48.6323 12.8774 2
      vertex 5.26274 0.737258 2
      vertex 4.94804 0.461268 2
    endloop
  endfacet
  facet normal 0 0 1
    outer loop
      vertex 48.6323 12.8774 2
      vertex 4.94804 0.461268 2
      vertex -0.661269 -5.34804 2
    endloop
  endfacet
  facet normal 0 0 1
    outer loop
      vertex -0.428719 -5 2
      vertex 4.94804 0.461268 2
      vertex 4.6 0.228718 2
    endloop
  endfacet
  facet normal 0 0 1
    outer loop
      vertex -0.243585 -4.62459 2
      vertex 4.6 0.228718 2
      vertex 4.22459 0.0435848 2
    endloop
  endfacet
  facet normal 0 0 1
    outer loop
      vertex -0.109036 -4.22822 2
      vertex 4.22459 0.0435848 2
      vertex 3.82822 -0.0909624 2
    endloop
  endfacet
  facet normal 0 0 1
    outer loop
      vertex -0.0273762 -3.81768 2
      vertex 3.82822 -0.0909624 2
      vertex 3.41768 -0.172623 2
    endloop
  endfacet
  facet normal 0 0 1
    outer loop
      vertex 0 -3.4 2
      vertex 3.41768 -0.172623 2
      vertex 3 -0.2 2
    endloop
  endfacet
  facet normal 0 0 1
    outer loop
      vertex -0.0273762 -2.98232 2
      vertex 3 -0.2 2
      vertex 2.58232 -0.172623 2
    endloop
  endfacet
  facet normal 0 0 1
    outer loop
      vertex -1.97541 -0.443585 2
      vertex 0.228718 1.4 2
      vertex 0.0435848 1.77541 2
    endloop
  endfacet
  facet normal 0 0 1
    outer loop
      vertex -0.0273762 -2.98232 2
      vertex 0.461268 1.05196 2
      vertex 0.228718 1.4 2
    endloop
  endfacet
  facet normal 0 0 1
    outer loop
      vertex -0.0273762 -2.98232 2
      vertex 0.737258 0.737258 2
      vertex 0.461268 1.05196 2
    endloop
  endfacet
  facet normal 0 0 1
    outer loop
      vertex -0.0273762 -2.98232 2
      vertex 1.05196 0.461268 2
      vertex 0.737258 0.737258 2
    endloop
  endfacet
  facet normal 0 0 1
    outer loop
      vertex -0.0273762 -2.98232 2
      vertex 1.4 0.228718 2
      vertex 1.05196 0.461268 2
    endloop
  endfacet
  facet normal 0 0 1
    outer loop
      vertex -0.0273762 -2.98232 2
      vertex 1.77541 0.0435848 2
      vertex 1.4 0.228718 2
    endloop
  endfacet
  facet normal 0 0 1
    outer loop
      vertex -0.0273762 -2.98232 2
      vertex 2.17178 -0.0909624 2
      vertex 1.77541 0.0435848 2
    endloop
  endfacet
  facet normal 0 0 1
    outer loop
      vertex -0.0273762 -2.98232 2
      vertex 2.58232 -0.172623 2
      vertex 2.17178 -0.0909624 2
    endloop
  endfacet
  facet normal 0 0 1
    outer loop
      vertex 3.41768 -0.172623 2
      vertex 0 -3.4 2
      vertex -0.0273762 -3.81768 2
    endloop
  endfacet
  facet normal 0 0 1
    outer loop
      vertex 3.82822 -0.0909624 2
      vertex -0.0273762 -3.81768 2
      vertex -0.109036 -4.22822 2
    endloop
  endfacet
  facet normal 0 0 1
    outer loop
      vertex 4.22459 0.0435848 2
      vertex -0.109036 -4.22822 2
      vertex -0.243585 -4.62459 2
    endloop
  endfacet
  facet normal 0 0 1
    outer loop
      vertex 4.6 0.228718 2
      vertex -0.243585 -4.62459 2
      vertex -0.428719 -5 2
    endloop
  endfacet
  facet normal 0 0 1
    outer loop
      vertex 4.94804 0.461268 2
      vertex -0.428719 -5 2
      vertex -0.661269 -5.34804 2
    endloop
  endfacet
  facet normal 0 0 1
    outer loop
      vertex 76.052 0.461268 2
      vertex -0.661269 -5.34804 2
      vertex -0.937258 -5.66274 2
    endloop
  endfacet
  facet normal 0 0 1
    outer loop
      vertex 76.052 0.461268 2
      vertex -0.937258 -5.66274 2
      vertex 83.7 -7 2
    endloop
  endfacet
  facet normal -0 0 1
    outer loop
      vertex -1.25196 -5.93873 2
      vertex 83.7 -7 2
      vertex -0.937258 -5.66274 2
    endloop
  endfacet
  facet normal -0 0 1
    outer loop
      vertex -1.6 -6.17128 2
      vertex 83.7 -7 2
      vertex -1.25196 -5.93873 2
    endloop
  endfacet
  facet normal -0 0 1
    outer loop
      vertex -1.97541 -6.35641 2
      vertex 83.7 -7 2
      vertex -1.6 -6.17128 2
    endloop
  endfacet
  facet normal -0 0 1
    outer loop
      vertex -2.37178 -6.49096 2
      vertex 83.7 -7 2
      vertex -1.97541 -6.35641 2
    endloop
  endfacet
  facet normal -0 0 1
    outer loop
      vertex -2.78232 -6.57262 2
      vertex 83.7 -7 2
      vertex -2.37178 -6.49096 2
    endloop
  endfacet
  facet normal 0 0 1
    outer loop
      vertex -6.6 -7 2
      vertex -2.78232 -6.57262 2
      vertex -3.2 -6.6 2
    endloop
  endfacet
  facet normal 0 0 1
    outer loop
      vertex -2.78232 -6.57262 2
      vertex -6.6 -7 2
      vertex 83.7 -7 2
    endloop
  endfacet
  facet normal 0 0 1
    outer loop
      vertex -3.61768 -6.57262 2
      vertex -6.6 -7 2
      vertex -3.2 -6.6 2
    endloop
  endfacet
  facet normal 0 0 1
    outer loop
      vertex -4.02822 -6.49096 2
      vertex -6.6 -7 2
      vertex -3.61768 -6.57262 2
    endloop
  endfacet
  facet normal 0 0 1
    outer loop
      vertex -4.42459 -6.35641 2
      vertex -6.6 -7 2
      vertex -4.02822 -6.49096 2
    endloop
  endfacet
  facet normal 0 0 1
    outer loop
      vertex -4.8 -6.17128 2
      vertex -6.6 -7 2
      vertex -4.42459 -6.35641 2
    endloop
  endfacet
  facet normal 0 0 1
    outer loop
      vertex -5.14804 -5.93873 2
      vertex -6.6 -7 2
      vertex -4.8 -6.17128 2
    endloop
  endfacet
  facet normal 0 0 1
    outer loop
      vertex -5.46274 -5.66274 2
      vertex -6.6 -7 2
      vertex -5.14804 -5.93873 2
    endloop
  endfacet
  facet normal 0 0 1
    outer loop
      vertex -5.73873 -5.34804 2
      vertex -6.6 -7 2
      vertex -5.46274 -5.66274 2
    endloop
  endfacet
  facet normal 0 0 1
    outer loop
      vertex -5.97128 -5 2
      vertex -6.6 -7 2
      vertex -5.73873 -5.34804 2
    endloop
  endfacet
  facet normal 0 0 1
    outer loop
      vertex -6.15641 -4.62459 2
      vertex -6.6 -7 2
      vertex -5.97128 -5 2
    endloop
  endfacet
  facet normal 0 0 1
    outer loop
      vertex -6.29096 -4.22822 2
      vertex -6.6 -7 2
      vertex -6.15641 -4.62459 2
    endloop
  endfacet
  facet normal 0 0 1
    outer loop
      vertex -6.37262 -3.81768 2
      vertex -6.6 -7 2
      vertex -6.29096 -4.22822 2
    endloop
  endfacet
  facet normal 0 0 1
    outer loop
      vertex -6.4 -3.4 2
      vertex -6.6 -7 2
      vertex -6.37262 -3.81768 2
    endloop
  endfacet
  facet normal 0 0 1
    outer loop
      vertex -6.6 -7 2
      vertex -6.4 -3.4 2
      vertex -6.6 38.8 2
    endloop
  endfacet
  facet normal -0 0 1
    outer loop
      vertex -0.428719 33.6 2
      vertex 0.737258 33.2627 2
      vertex -0.243585 33.9754 2
    endloop
  endfacet
  facet normal 0 0 1
    outer loop
      vertex 0.737258 33.2627 2
      vertex -0.428719 33.6 2
      vertex 0.461268 32.948 2
    endloop
  endfacet
  facet normal -0 0 1
    outer loop
      vertex -0.661269 33.252 2
      vertex 0.461268 32.948 2
      vertex -0.428719 33.6 2
    endloop
  endfacet
  facet normal 0 0 1
    outer loop
      vertex 0.461268 32.948 2
      vertex -0.661269 33.252 2
      vertex 0.228718 32.6 2
    endloop
  endfacet
  facet normal -0 0 1
    outer loop
      vertex -0.937258 32.9373 2
      vertex 0.228718 32.6 2
      vertex -0.661269 33.252 2
    endloop
  endfacet
  facet normal -0 0 1
    outer loop
      vertex -1.25196 32.6613 2
      vertex 0.0435848 32.2246 2
      vertex -0.937258 32.9373 2
    endloop
  endfacet
  facet normal 0 0 1
    outer loop
      vertex 0.228718 32.6 2
      vertex -0.937258 32.9373 2
      vertex 0.0435848 32.2246 2
    endloop
  endfacet
  facet normal 0 1 -0
    outer loop
      vertex 83.7 -7 2
      vertex -6.6 -7 12
      vertex 83.7 -7 12
    endloop
  endfacet
  facet normal 0 1 0
    outer loop
      vertex -6.6 -7 12
      vertex 83.7 -7 2
      vertex -6.6 -7 2
    endloop
  endfacet
  facet normal -0.98081 0.194967 0
    outer loop
      vertex 45.8774 16.4677 2
      vertex 45.959 16.8782 6
      vertex 45.959 16.8782 2
    endloop
  endfacet
  facet normal -0.98081 0.194967 0
    outer loop
      vertex 45.959 16.8782 6
      vertex 45.8774 16.4677 2
      vertex 45.8774 16.4677 6
    endloop
  endfacet
  facet normal 0.997855 -0.0654566 0
    outer loop
      vertex 52.2226 15.6323 6
      vertex 52.25 16.05 2
      vertex 52.25 16.05 6
    endloop
  endfacet
  facet normal 0.997855 -0.0654566 0
    outer loop
      vertex 52.25 16.05 2
      vertex 52.2226 15.6323 6
      vertex 52.2226 15.6323 2
    endloop
  endfacet
  facet normal -0.194967 -0.98081 0
    outer loop
      vertex 48.2218 12.959 2
      vertex 48.6323 12.8774 6
      vertex 48.2218 12.959 6
    endloop
  endfacet
  facet normal -0.194967 -0.98081 -0
    outer loop
      vertex 48.6323 12.8774 6
      vertex 48.2218 12.959 2
      vertex 48.6323 12.8774 2
    endloop
  endfacet
  facet normal 0.442237 0.896898 -0
    outer loop
      vertex 50.65 18.8213 2
      vertex 50.2746 19.0064 6
      vertex 50.65 18.8213 6
    endloop
  endfacet
  facet normal 0.442237 0.896898 0
    outer loop
      vertex 50.2746 19.0064 6
      vertex 50.65 18.8213 2
      vertex 50.2746 19.0064 2
    endloop
  endfacet
  facet normal -0.442237 0.896898 0
    outer loop
      vertex 47.8254 19.0064 2
      vertex 47.45 18.8213 6
      vertex 47.8254 19.0064 6
    endloop
  endfacet
  facet normal -0.442237 0.896898 0
    outer loop
      vertex 47.45 18.8213 6
      vertex 47.8254 19.0064 2
      vertex 47.45 18.8213 2
    endloop
  endfacet
  facet normal -0.946901 0.321526 0
    outer loop
      vertex 45.959 16.8782 2
      vertex 46.0936 17.2746 6
      vertex 46.0936 17.2746 2
    endloop
  endfacet
  facet normal -0.946901 0.321526 0
    outer loop
      vertex 46.0936 17.2746 6
      vertex 45.959 16.8782 2
      vertex 45.959 16.8782 6
    endloop
  endfacet
  facet normal -0.831388 -0.555692 0
    outer loop
      vertex 46.5113 14.102 2
      vertex 46.2787 14.45 6
      vertex 46.2787 14.45 2
    endloop
  endfacet
  facet normal -0.831388 -0.555692 0
    outer loop
      vertex 46.2787 14.45 6
      vertex 46.5113 14.102 2
      vertex 46.5113 14.102 6
    endloop
  endfacet
  facet normal 0.946901 0.321526 0
    outer loop
      vertex 52.141 16.8782 6
      vertex 52.0064 17.2746 2
      vertex 52.0064 17.2746 6
    endloop
  endfacet
  facet normal 0.946901 0.321526 0
    outer loop
      vertex 52.0064 17.2746 2
      vertex 52.141 16.8782 6
      vertex 52.141 16.8782 2
    endloop
  endfacet
  facet normal 0.896898 0.442237 0
    outer loop
      vertex 52.0064 17.2746 6
      vertex 51.8213 17.65 2
      vertex 51.8213 17.65 6
    endloop
  endfacet
  facet normal 0.896898 0.442237 0
    outer loop
      vertex 51.8213 17.65 2
      vertex 52.0064 17.2746 6
      vertex 52.0064 17.2746 2
    endloop
  endfacet
  facet normal 0.659367 0.751821 -0
    outer loop
      vertex 51.3127 18.3127 2
      vertex 50.998 18.5887 6
      vertex 51.3127 18.3127 6
    endloop
  endfacet
  facet normal 0.659367 0.751821 0
    outer loop
      vertex 50.998 18.5887 6
      vertex 51.3127 18.3127 2
      vertex 50.998 18.5887 2
    endloop
  endfacet
  facet normal 0.321526 0.946901 -0
    outer loop
      vertex 50.2746 19.0064 2
      vertex 49.8782 19.141 6
      vertex 50.2746 19.0064 6
    endloop
  endfacet
  facet normal 0.321526 0.946901 0
    outer loop
      vertex 49.8782 19.141 6
      vertex 50.2746 19.0064 2
      vertex 49.8782 19.141 2
    endloop
  endfacet
  facet normal -0.0654566 0.997855 0
    outer loop
      vertex 49.05 19.25 2
      vertex 48.6323 19.2226 6
      vertex 49.05 19.25 6
    endloop
  endfacet
  facet normal -0.0654566 0.997855 0
    outer loop
      vertex 48.6323 19.2226 6
      vertex 49.05 19.25 2
      vertex 48.6323 19.2226 2
    endloop
  endfacet
  facet normal 0.0654566 0.997855 -0
    outer loop
      vertex 49.4677 19.2226 2
      vertex 49.05 19.25 6
      vertex 49.4677 19.2226 6
    endloop
  endfacet
  facet normal 0.0654566 0.997855 0
    outer loop
      vertex 49.05 19.25 6
      vertex 49.4677 19.2226 2
      vertex 49.05 19.25 2
    endloop
  endfacet
  facet normal -0.997855 -0.0654566 0
    outer loop
      vertex 45.8774 15.6323 2
      vertex 45.85 16.05 6
      vertex 45.85 16.05 2
    endloop
  endfacet
  facet normal -0.997855 -0.0654566 0
    outer loop
      vertex 45.85 16.05 6
      vertex 45.8774 15.6323 2
      vertex 45.8774 15.6323 6
    endloop
  endfacet
  facet normal -0.831388 0.555692 0
    outer loop
      vertex 46.2787 17.65 2
      vertex 46.5113 17.998 6
      vertex 46.5113 17.998 2
    endloop
  endfacet
  facet normal -0.831388 0.555692 0
    outer loop
      vertex 46.5113 17.998 6
      vertex 46.2787 17.65 2
      vertex 46.2787 17.65 6
    endloop
  endfacet
  facet normal -0.555692 0.831388 0
    outer loop
      vertex 47.45 18.8213 2
      vertex 47.102 18.5887 6
      vertex 47.45 18.8213 6
    endloop
  endfacet
  facet normal -0.555692 0.831388 0
    outer loop
      vertex 47.102 18.5887 6
      vertex 47.45 18.8213 2
      vertex 47.102 18.5887 2
    endloop
  endfacet
  facet normal -0.659367 0.751821 0
    outer loop
      vertex 47.102 18.5887 2
      vertex 46.7873 18.3127 6
      vertex 47.102 18.5887 6
    endloop
  endfacet
  facet normal -0.659367 0.751821 0
    outer loop
      vertex 46.7873 18.3127 6
      vertex 47.102 18.5887 2
      vertex 46.7873 18.3127 2
    endloop
  endfacet
  facet normal 0.997855 0.0654566 0
    outer loop
      vertex 52.25 16.05 6
      vertex 52.2226 16.4677 2
      vertex 52.2226 16.4677 6
    endloop
  endfacet
  facet normal 0.997855 0.0654566 0
    outer loop
      vertex 52.2226 16.4677 2
      vertex 52.25 16.05 6
      vertex 52.25 16.05 2
    endloop
  endfacet
  facet normal 0.442237 -0.896898 0
    outer loop
      vertex 50.2746 13.0936 2
      vertex 50.65 13.2787 6
      vertex 50.2746 13.0936 6
    endloop
  endfacet
  facet normal 0.442237 -0.896898 0
    outer loop
      vertex 50.65 13.2787 6
      vertex 50.2746 13.0936 2
      vertex 50.65 13.2787 2
    endloop
  endfacet
  facet normal 0.831388 -0.555692 0
    outer loop
      vertex 51.5887 14.102 6
      vertex 51.8213 14.45 2
      vertex 51.8213 14.45 6
    endloop
  endfacet
  facet normal 0.831388 -0.555692 0
    outer loop
      vertex 51.8213 14.45 2
      vertex 51.5887 14.102 6
      vertex 51.5887 14.102 2
    endloop
  endfacet
  facet normal 0.751821 -0.659367 0
    outer loop
      vertex 51.3127 13.7873 6
      vertex 51.5887 14.102 2
      vertex 51.5887 14.102 6
    endloop
  endfacet
  facet normal 0.751821 -0.659367 0
    outer loop
      vertex 51.5887 14.102 2
      vertex 51.3127 13.7873 6
      vertex 51.3127 13.7873 2
    endloop
  endfacet
  facet normal 0.555692 -0.831388 0
    outer loop
      vertex 50.65 13.2787 2
      vertex 50.998 13.5113 6
      vertex 50.65 13.2787 6
    endloop
  endfacet
  facet normal 0.555692 -0.831388 0
    outer loop
      vertex 50.998 13.5113 6
      vertex 50.65 13.2787 2
      vertex 50.998 13.5113 2
    endloop
  endfacet
  facet normal 0.0654566 -0.997855 0
    outer loop
      vertex 49.05 12.85 2
      vertex 49.4677 12.8774 6
      vertex 49.05 12.85 6
    endloop
  endfacet
  facet normal 0.0654566 -0.997855 0
    outer loop
      vertex 49.4677 12.8774 6
      vertex 49.05 12.85 2
      vertex 49.4677 12.8774 2
    endloop
  endfacet
  facet normal -0.442237 -0.896898 0
    outer loop
      vertex 47.45 13.2787 2
      vertex 47.8254 13.0936 6
      vertex 47.45 13.2787 6
    endloop
  endfacet
  facet normal -0.442237 -0.896898 -0
    outer loop
      vertex 47.8254 13.0936 6
      vertex 47.45 13.2787 2
      vertex 47.8254 13.0936 2
    endloop
  endfacet
  facet normal -0.555692 -0.831388 0
    outer loop
      vertex 47.102 13.5113 2
      vertex 47.45 13.2787 6
      vertex 47.102 13.5113 6
    endloop
  endfacet
  facet normal -0.555692 -0.831388 -0
    outer loop
      vertex 47.45 13.2787 6
      vertex 47.102 13.5113 2
      vertex 47.45 13.2787 2
    endloop
  endfacet
  facet normal 0.831388 0.555692 0
    outer loop
      vertex 51.8213 17.65 6
      vertex 51.5887 17.998 2
      vertex 51.5887 17.998 6
    endloop
  endfacet
  facet normal 0.831388 0.555692 0
    outer loop
      vertex 51.5887 17.998 2
      vertex 51.8213 17.65 6
      vertex 51.8213 17.65 2
    endloop
  endfacet
  facet normal 0.751821 0.659367 0
    outer loop
      vertex 51.5887 17.998 6
      vertex 51.3127 18.3127 2
      vertex 51.3127 18.3127 6
    endloop
  endfacet
  facet normal 0.751821 0.659367 0
    outer loop
      vertex 51.3127 18.3127 2
      vertex 51.5887 17.998 6
      vertex 51.5887 17.998 2
    endloop
  endfacet
  facet normal -0.194967 0.98081 0
    outer loop
      vertex 48.6323 19.2226 2
      vertex 48.2218 19.141 6
      vertex 48.6323 19.2226 6
    endloop
  endfacet
  facet normal -0.194967 0.98081 0
    outer loop
      vertex 48.2218 19.141 6
      vertex 48.6323 19.2226 2
      vertex 48.2218 19.141 2
    endloop
  endfacet
  facet normal -0.321526 0.946901 0
    outer loop
      vertex 48.2218 19.141 2
      vertex 47.8254 19.0064 6
      vertex 48.2218 19.141 6
    endloop
  endfacet
  facet normal -0.321526 0.946901 0
    outer loop
      vertex 47.8254 19.0064 6
      vertex 48.2218 19.141 2
      vertex 47.8254 19.0064 2
    endloop
  endfacet
  facet normal -0.751821 0.659367 0
    outer loop
      vertex 46.5113 17.998 2
      vertex 46.7873 18.3127 6
      vertex 46.7873 18.3127 2
    endloop
  endfacet
  facet normal -0.751821 0.659367 0
    outer loop
      vertex 46.7873 18.3127 6
      vertex 46.5113 17.998 2
      vertex 46.5113 17.998 6
    endloop
  endfacet
  facet normal 0.194967 -0.98081 0
    outer loop
      vertex 49.4677 12.8774 2
      vertex 49.8782 12.959 6
      vertex 49.4677 12.8774 6
    endloop
  endfacet
  facet normal 0.194967 -0.98081 0
    outer loop
      vertex 49.8782 12.959 6
      vertex 49.4677 12.8774 2
      vertex 49.8782 12.959 2
    endloop
  endfacet
  facet normal 0.98081 -0.194967 0
    outer loop
      vertex 52.141 15.2218 6
      vertex 52.2226 15.6323 2
      vertex 52.2226 15.6323 6
    endloop
  endfacet
  facet normal 0.98081 -0.194967 0
    outer loop
      vertex 52.2226 15.6323 2
      vertex 52.141 15.2218 6
      vertex 52.141 15.2218 2
    endloop
  endfacet
  facet normal 0.946901 -0.321526 0
    outer loop
      vertex 52.0064 14.8254 6
      vertex 52.141 15.2218 2
      vertex 52.141 15.2218 6
    endloop
  endfacet
  facet normal 0.946901 -0.321526 0
    outer loop
      vertex 52.141 15.2218 2
      vertex 52.0064 14.8254 6
      vertex 52.0064 14.8254 2
    endloop
  endfacet
  facet normal 0.321526 -0.946901 0
    outer loop
      vertex 49.8782 12.959 2
      vertex 50.2746 13.0936 6
      vertex 49.8782 12.959 6
    endloop
  endfacet
  facet normal 0.321526 -0.946901 0
    outer loop
      vertex 50.2746 13.0936 6
      vertex 49.8782 12.959 2
      vertex 50.2746 13.0936 2
    endloop
  endfacet
  facet normal 0.659367 -0.751821 0
    outer loop
      vertex 50.998 13.5113 2
      vertex 51.3127 13.7873 6
      vertex 50.998 13.5113 6
    endloop
  endfacet
  facet normal 0.659367 -0.751821 0
    outer loop
      vertex 51.3127 13.7873 6
      vertex 50.998 13.5113 2
      vertex 51.3127 13.7873 2
    endloop
  endfacet
  facet normal -0.0654566 -0.997855 0
    outer loop
      vertex 48.6323 12.8774 2
      vertex 49.05 12.85 6
      vertex 48.6323 12.8774 6
    endloop
  endfacet
  facet normal -0.0654566 -0.997855 -0
    outer loop
      vertex 49.05 12.85 6
      vertex 48.6323 12.8774 2
      vertex 49.05 12.85 2
    endloop
  endfacet
  facet normal -0.321526 -0.946901 0
    outer loop
      vertex 47.8254 13.0936 2
      vertex 48.2218 12.959 6
      vertex 47.8254 13.0936 6
    endloop
  endfacet
  facet normal -0.321526 -0.946901 -0
    outer loop
      vertex 48.2218 12.959 6
      vertex 47.8254 13.0936 2
      vertex 48.2218 12.959 2
    endloop
  endfacet
  facet normal -0.896898 -0.442237 0
    outer loop
      vertex 46.2787 14.45 2
      vertex 46.0936 14.8254 6
      vertex 46.0936 14.8254 2
    endloop
  endfacet
  facet normal -0.896898 -0.442237 0
    outer loop
      vertex 46.0936 14.8254 6
      vertex 46.2787 14.45 2
      vertex 46.2787 14.45 6
    endloop
  endfacet
  facet normal -0.98081 -0.194967 0
    outer loop
      vertex 45.959 15.2218 2
      vertex 45.8774 15.6323 6
      vertex 45.8774 15.6323 2
    endloop
  endfacet
  facet normal -0.98081 -0.194967 0
    outer loop
      vertex 45.8774 15.6323 6
      vertex 45.959 15.2218 2
      vertex 45.959 15.2218 6
    endloop
  endfacet
  facet normal -0.751821 -0.659367 0
    outer loop
      vertex 46.7873 13.7873 2
      vertex 46.5113 14.102 6
      vertex 46.5113 14.102 2
    endloop
  endfacet
  facet normal -0.751821 -0.659367 0
    outer loop
      vertex 46.5113 14.102 6
      vertex 46.7873 13.7873 2
      vertex 46.7873 13.7873 6
    endloop
  endfacet
  facet normal -0.659367 -0.751821 0
    outer loop
      vertex 46.7873 13.7873 2
      vertex 47.102 13.5113 6
      vertex 46.7873 13.7873 6
    endloop
  endfacet
  facet normal -0.659367 -0.751821 -0
    outer loop
      vertex 47.102 13.5113 6
      vertex 46.7873 13.7873 2
      vertex 47.102 13.5113 2
    endloop
  endfacet
  facet normal 0.98081 0.194967 0
    outer loop
      vertex 52.2226 16.4677 6
      vertex 52.141 16.8782 2
      vertex 52.141 16.8782 6
    endloop
  endfacet
  facet normal 0.98081 0.194967 0
    outer loop
      vertex 52.141 16.8782 2
      vertex 52.2226 16.4677 6
      vertex 52.2226 16.4677 2
    endloop
  endfacet
  facet normal 0.555692 0.831388 -0
    outer loop
      vertex 50.998 18.5887 2
      vertex 50.65 18.8213 6
      vertex 50.998 18.5887 6
    endloop
  endfacet
  facet normal 0.555692 0.831388 0
    outer loop
      vertex 50.65 18.8213 6
      vertex 50.998 18.5887 2
      vertex 50.65 18.8213 2
    endloop
  endfacet
  facet normal 0.194967 0.98081 -0
    outer loop
      vertex 49.8782 19.141 2
      vertex 49.4677 19.2226 6
      vertex 49.8782 19.141 6
    endloop
  endfacet
  facet normal 0.194967 0.98081 0
    outer loop
      vertex 49.4677 19.2226 6
      vertex 49.8782 19.141 2
      vertex 49.4677 19.2226 2
    endloop
  endfacet
  facet normal 0 0 1
    outer loop
      vertex 50.75 16.05 6
      vertex 52.25 16.05 6
      vertex 52.2226 16.4677 6
    endloop
  endfacet
  facet normal 0 0 1
    outer loop
      vertex 50.7355 16.2719 6
      vertex 52.2226 16.4677 6
      vertex 52.141 16.8782 6
    endloop
  endfacet
  facet normal 0 0 1
    outer loop
      vertex 52.25 16.05 6
      vertex 50.75 16.05 6
      vertex 52.2226 15.6323 6
    endloop
  endfacet
  facet normal 0 0 1
    outer loop
      vertex 50.6921 16.49 6
      vertex 52.141 16.8782 6
      vertex 52.0064 17.2746 6
    endloop
  endfacet
  facet normal -0 0 1
    outer loop
      vertex 50.7355 15.8281 6
      vertex 52.2226 15.6323 6
      vertex 50.75 16.05 6
    endloop
  endfacet
  facet normal 0 0 1
    outer loop
      vertex 50.6206 16.7006 6
      vertex 52.0064 17.2746 6
      vertex 51.8213 17.65 6
    endloop
  endfacet
  facet normal 0 0 1
    outer loop
      vertex 52.2226 15.6323 6
      vertex 50.7355 15.8281 6
      vertex 52.141 15.2218 6
    endloop
  endfacet
  facet normal 0 0 1
    outer loop
      vertex 50.5222 16.9 6
      vertex 51.8213 17.65 6
      vertex 51.5887 17.998 6
    endloop
  endfacet
  facet normal -0 0 1
    outer loop
      vertex 50.6921 15.61 6
      vertex 52.141 15.2218 6
      vertex 50.7355 15.8281 6
    endloop
  endfacet
  facet normal 0 0 1
    outer loop
      vertex 50.3987 17.0849 6
      vertex 51.5887 17.998 6
      vertex 51.3127 18.3127 6
    endloop
  endfacet
  facet normal 0 0 1
    outer loop
      vertex 52.141 15.2218 6
      vertex 50.6921 15.61 6
      vertex 52.0064 14.8254 6
    endloop
  endfacet
  facet normal 0 0 1
    outer loop
      vertex 50.2521 17.2521 6
      vertex 51.3127 18.3127 6
      vertex 50.998 18.5887 6
    endloop
  endfacet
  facet normal -0 0 1
    outer loop
      vertex 50.6206 15.3994 6
      vertex 52.0064 14.8254 6
      vertex 50.6921 15.61 6
    endloop
  endfacet
  facet normal 0 0 1
    outer loop
      vertex 52.0064 14.8254 6
      vertex 50.6206 15.3994 6
      vertex 51.8213 14.45 6
    endloop
  endfacet
  facet normal 0 0 1
    outer loop
      vertex 52.2226 16.4677 6
      vertex 50.7355 16.2719 6
      vertex 50.75 16.05 6
    endloop
  endfacet
  facet normal 0 0 1
    outer loop
      vertex 52.141 16.8782 6
      vertex 50.6921 16.49 6
      vertex 50.7355 16.2719 6
    endloop
  endfacet
  facet normal 0 0 1
    outer loop
      vertex 50.0849 17.3987 6
      vertex 50.998 18.5887 6
      vertex 50.65 18.8213 6
    endloop
  endfacet
  facet normal 0 0 1
    outer loop
      vertex 52.0064 17.2746 6
      vertex 50.6206 16.7006 6
      vertex 50.6921 16.49 6
    endloop
  endfacet
  facet normal 0 0 1
    outer loop
      vertex 51.8213 17.65 6
      vertex 50.5222 16.9 6
      vertex 50.6206 16.7006 6
    endloop
  endfacet
  facet normal 0 0 1
    outer loop
      vertex 51.5887 17.998 6
      vertex 50.3987 17.0849 6
      vertex 50.5222 16.9 6
    endloop
  endfacet
  facet normal 0 0 1
    outer loop
      vertex 49.9 17.5222 6
      vertex 50.65 18.8213 6
      vertex 50.2746 19.0064 6
    endloop
  endfacet
  facet normal 0 0 1
    outer loop
      vertex 51.3127 18.3127 6
      vertex 50.2521 17.2521 6
      vertex 50.3987 17.0849 6
    endloop
  endfacet
  facet normal 0 0 1
    outer loop
      vertex 50.998 18.5887 6
      vertex 50.0849 17.3987 6
      vertex 50.2521 17.2521 6
    endloop
  endfacet
  facet normal 0 0 1
    outer loop
      vertex 50.65 18.8213 6
      vertex 49.9 17.5222 6
      vertex 50.0849 17.3987 6
    endloop
  endfacet
  facet normal 0 0 1
    outer loop
      vertex 49.7006 17.6206 6
      vertex 50.2746 19.0064 6
      vertex 49.8782 19.141 6
    endloop
  endfacet
  facet normal 0 0 1
    outer loop
      vertex 50.2746 19.0064 6
      vertex 49.7006 17.6206 6
      vertex 49.9 17.5222 6
    endloop
  endfacet
  facet normal 0 0 1
    outer loop
      vertex 49.8782 19.141 6
      vertex 49.49 17.6921 6
      vertex 49.7006 17.6206 6
    endloop
  endfacet
  facet normal 0 0 1
    outer loop
      vertex 49.4677 19.2226 6
      vertex 49.49 17.6921 6
      vertex 49.8782 19.141 6
    endloop
  endfacet
  facet normal 0 0 1
    outer loop
      vertex 49.4677 19.2226 6
      vertex 49.2719 17.7355 6
      vertex 49.49 17.6921 6
    endloop
  endfacet
  facet normal 0 0 1
    outer loop
      vertex 49.05 19.25 6
      vertex 49.2719 17.7355 6
      vertex 49.4677 19.2226 6
    endloop
  endfacet
  facet normal 0 0 1
    outer loop
      vertex 49.05 19.25 6
      vertex 49.05 17.75 6
      vertex 49.2719 17.7355 6
    endloop
  endfacet
  facet normal 0 0 1
    outer loop
      vertex 49.05 19.25 6
      vertex 48.8281 17.7355 6
      vertex 49.05 17.75 6
    endloop
  endfacet
  facet normal -0 0 1
    outer loop
      vertex 48.6323 19.2226 6
      vertex 48.8281 17.7355 6
      vertex 49.05 19.25 6
    endloop
  endfacet
  facet normal 0 0 1
    outer loop
      vertex 48.6323 19.2226 6
      vertex 48.61 17.6921 6
      vertex 48.8281 17.7355 6
    endloop
  endfacet
  facet normal -0 0 1
    outer loop
      vertex 48.2218 19.141 6
      vertex 48.61 17.6921 6
      vertex 48.6323 19.2226 6
    endloop
  endfacet
  facet normal 0 0 1
    outer loop
      vertex 48.61 17.6921 6
      vertex 48.2218 19.141 6
      vertex 48.3994 17.6206 6
    endloop
  endfacet
  facet normal -0 0 1
    outer loop
      vertex 47.8254 19.0064 6
      vertex 48.3994 17.6206 6
      vertex 48.2218 19.141 6
    endloop
  endfacet
  facet normal 0 0 1
    outer loop
      vertex 48.3994 17.6206 6
      vertex 47.8254 19.0064 6
      vertex 48.2 17.5222 6
    endloop
  endfacet
  facet normal -0 0 1
    outer loop
      vertex 47.45 18.8213 6
      vertex 48.2 17.5222 6
      vertex 47.8254 19.0064 6
    endloop
  endfacet
  facet normal 0 0 1
    outer loop
      vertex 48.2 17.5222 6
      vertex 47.45 18.8213 6
      vertex 48.0151 17.3987 6
    endloop
  endfacet
  facet normal -0 0 1
    outer loop
      vertex 47.102 18.5887 6
      vertex 48.0151 17.3987 6
      vertex 47.45 18.8213 6
    endloop
  endfacet
  facet normal 0 0 1
    outer loop
      vertex 48.0151 17.3987 6
      vertex 47.102 18.5887 6
      vertex 47.8479 17.2521 6
    endloop
  endfacet
  facet normal -0 0 1
    outer loop
      vertex 46.7873 18.3127 6
      vertex 47.8479 17.2521 6
      vertex 47.102 18.5887 6
    endloop
  endfacet
  facet normal 0 0 1
    outer loop
      vertex 47.8479 17.2521 6
      vertex 46.7873 18.3127 6
      vertex 47.7013 17.0849 6
    endloop
  endfacet
  facet normal -0 0 1
    outer loop
      vertex 46.5113 17.998 6
      vertex 47.7013 17.0849 6
      vertex 46.7873 18.3127 6
    endloop
  endfacet
  facet normal 0 0 1
    outer loop
      vertex 47.7013 17.0849 6
      vertex 46.5113 17.998 6
      vertex 47.5778 16.9 6
    endloop
  endfacet
  facet normal -0 0 1
    outer loop
      vertex 46.2787 17.65 6
      vertex 47.5778 16.9 6
      vertex 46.5113 17.998 6
    endloop
  endfacet
  facet normal 0 0 1
    outer loop
      vertex 47.5778 16.9 6
      vertex 46.2787 17.65 6
      vertex 47.4794 16.7006 6
    endloop
  endfacet
  facet normal -0 0 1
    outer loop
      vertex 50.5222 15.2 6
      vertex 51.8213 14.45 6
      vertex 50.6206 15.3994 6
    endloop
  endfacet
  facet normal 0 0 1
    outer loop
      vertex 51.8213 14.45 6
      vertex 50.5222 15.2 6
      vertex 51.5887 14.102 6
    endloop
  endfacet
  facet normal -0 0 1
    outer loop
      vertex 50.3987 15.0151 6
      vertex 51.5887 14.102 6
      vertex 50.5222 15.2 6
    endloop
  endfacet
  facet normal 0 0 1
    outer loop
      vertex 51.5887 14.102 6
      vertex 50.3987 15.0151 6
      vertex 51.3127 13.7873 6
    endloop
  endfacet
  facet normal -0 0 1
    outer loop
      vertex 50.2521 14.8479 6
      vertex 51.3127 13.7873 6
      vertex 50.3987 15.0151 6
    endloop
  endfacet
  facet normal 0 0 1
    outer loop
      vertex 51.3127 13.7873 6
      vertex 50.2521 14.8479 6
      vertex 50.998 13.5113 6
    endloop
  endfacet
  facet normal -0 0 1
    outer loop
      vertex 50.0849 14.7013 6
      vertex 50.998 13.5113 6
      vertex 50.2521 14.8479 6
    endloop
  endfacet
  facet normal 0 0 1
    outer loop
      vertex 50.998 13.5113 6
      vertex 50.0849 14.7013 6
      vertex 50.65 13.2787 6
    endloop
  endfacet
  facet normal -0 0 1
    outer loop
      vertex 49.9 14.5778 6
      vertex 50.65 13.2787 6
      vertex 50.0849 14.7013 6
    endloop
  endfacet
  facet normal 0 0 1
    outer loop
      vertex 50.65 13.2787 6
      vertex 49.9 14.5778 6
      vertex 50.2746 13.0936 6
    endloop
  endfacet
  facet normal -0 0 1
    outer loop
      vertex 49.7006 14.4794 6
      vertex 50.2746 13.0936 6
      vertex 49.9 14.5778 6
    endloop
  endfacet
  facet normal 0 0 1
    outer loop
      vertex 50.2746 13.0936 6
      vertex 49.7006 14.4794 6
      vertex 49.8782 12.959 6
    endloop
  endfacet
  facet normal -0 0 1
    outer loop
      vertex 49.49 14.4079 6
      vertex 49.8782 12.959 6
      vertex 49.7006 14.4794 6
    endloop
  endfacet
  facet normal 0 0 1
    outer loop
      vertex 49.49 14.4079 6
      vertex 49.4677 12.8774 6
      vertex 49.8782 12.959 6
    endloop
  endfacet
  facet normal -0 0 1
    outer loop
      vertex 49.2719 14.3645 6
      vertex 49.4677 12.8774 6
      vertex 49.49 14.4079 6
    endloop
  endfacet
  facet normal -0 0 1
    outer loop
      vertex 49.05 14.35 6
      vertex 49.4677 12.8774 6
      vertex 49.2719 14.3645 6
    endloop
  endfacet
  facet normal 0 0 1
    outer loop
      vertex 49.05 14.35 6
      vertex 49.05 12.85 6
      vertex 49.4677 12.8774 6
    endloop
  endfacet
  facet normal 0 0 1
    outer loop
      vertex 48.8281 14.3645 6
      vertex 49.05 12.85 6
      vertex 49.05 14.35 6
    endloop
  endfacet
  facet normal 0 0 1
    outer loop
      vertex 48.8281 14.3645 6
      vertex 48.6323 12.8774 6
      vertex 49.05 12.85 6
    endloop
  endfacet
  facet normal 0 0 1
    outer loop
      vertex 48.61 14.4079 6
      vertex 48.6323 12.8774 6
      vertex 48.8281 14.3645 6
    endloop
  endfacet
  facet normal 0 0 1
    outer loop
      vertex 48.2218 12.959 6
      vertex 48.61 14.4079 6
      vertex 48.3994 14.4794 6
    endloop
  endfacet
  facet normal 0 0 1
    outer loop
      vertex 48.61 14.4079 6
      vertex 48.2218 12.959 6
      vertex 48.6323 12.8774 6
    endloop
  endfacet
  facet normal 0 0 1
    outer loop
      vertex 47.8254 13.0936 6
      vertex 48.3994 14.4794 6
      vertex 48.2 14.5778 6
    endloop
  endfacet
  facet normal 0 0 1
    outer loop
      vertex 47.45 13.2787 6
      vertex 48.2 14.5778 6
      vertex 48.0151 14.7013 6
    endloop
  endfacet
  facet normal 0 0 1
    outer loop
      vertex 47.102 13.5113 6
      vertex 48.0151 14.7013 6
      vertex 47.8479 14.8479 6
    endloop
  endfacet
  facet normal 0 0 1
    outer loop
      vertex 48.3994 14.4794 6
      vertex 47.8254 13.0936 6
      vertex 48.2218 12.959 6
    endloop
  endfacet
  facet normal 0 0 1
    outer loop
      vertex 46.7873 13.7873 6
      vertex 47.8479 14.8479 6
      vertex 47.7013 15.0151 6
    endloop
  endfacet
  facet normal 0 0 1
    outer loop
      vertex 46.5113 14.102 6
      vertex 47.7013 15.0151 6
      vertex 47.5778 15.2 6
    endloop
  endfacet
  facet normal 0 0 1
    outer loop
      vertex 46.2787 14.45 6
      vertex 47.5778 15.2 6
      vertex 47.4794 15.3994 6
    endloop
  endfacet
  facet normal 0 0 1
    outer loop
      vertex 48.2 14.5778 6
      vertex 47.45 13.2787 6
      vertex 47.8254 13.0936 6
    endloop
  endfacet
  facet normal 0 0 1
    outer loop
      vertex 46.0936 14.8254 6
      vertex 47.4794 15.3994 6
      vertex 47.4079 15.61 6
    endloop
  endfacet
  facet normal 0 0 1
    outer loop
      vertex 45.959 15.2218 6
      vertex 47.4079 15.61 6
      vertex 47.3645 15.8281 6
    endloop
  endfacet
  facet normal 0 0 1
    outer loop
      vertex 45.8774 15.6323 6
      vertex 47.3645 15.8281 6
      vertex 47.35 16.05 6
    endloop
  endfacet
  facet normal -0 0 1
    outer loop
      vertex 46.0936 17.2746 6
      vertex 47.4794 16.7006 6
      vertex 46.2787 17.65 6
    endloop
  endfacet
  facet normal 0 0 1
    outer loop
      vertex 48.0151 14.7013 6
      vertex 47.102 13.5113 6
      vertex 47.45 13.2787 6
    endloop
  endfacet
  facet normal 0 0 1
    outer loop
      vertex 47.4794 16.7006 6
      vertex 46.0936 17.2746 6
      vertex 47.4079 16.49 6
    endloop
  endfacet
  facet normal 0 0 1
    outer loop
      vertex 47.8479 14.8479 6
      vertex 46.7873 13.7873 6
      vertex 47.102 13.5113 6
    endloop
  endfacet
  facet normal -0 0 1
    outer loop
      vertex 45.959 16.8782 6
      vertex 47.4079 16.49 6
      vertex 46.0936 17.2746 6
    endloop
  endfacet
  facet normal 0 0 1
    outer loop
      vertex 47.7013 15.0151 6
      vertex 46.5113 14.102 6
      vertex 46.7873 13.7873 6
    endloop
  endfacet
  facet normal 0 0 1
    outer loop
      vertex 47.4079 16.49 6
      vertex 45.959 16.8782 6
      vertex 47.3645 16.2719 6
    endloop
  endfacet
  facet normal 0 0 1
    outer loop
      vertex 47.5778 15.2 6
      vertex 46.2787 14.45 6
      vertex 46.5113 14.102 6
    endloop
  endfacet
  facet normal -0 0 1
    outer loop
      vertex 45.8774 16.4677 6
      vertex 47.3645 16.2719 6
      vertex 45.959 16.8782 6
    endloop
  endfacet
  facet normal 0 0 1
    outer loop
      vertex 47.4794 15.3994 6
      vertex 46.0936 14.8254 6
      vertex 46.2787 14.45 6
    endloop
  endfacet
  facet normal 0 0 1
    outer loop
      vertex 47.3645 16.2719 6
      vertex 45.8774 16.4677 6
      vertex 47.35 16.05 6
    endloop
  endfacet
  facet normal 0 0 1
    outer loop
      vertex 47.4079 15.61 6
      vertex 45.959 15.2218 6
      vertex 46.0936 14.8254 6
    endloop
  endfacet
  facet normal 0 0 1
    outer loop
      vertex 45.85 16.05 6
      vertex 47.35 16.05 6
      vertex 45.8774 16.4677 6
    endloop
  endfacet
  facet normal 0 0 1
    outer loop
      vertex 47.3645 15.8281 6
      vertex 45.8774 15.6323 6
      vertex 45.959 15.2218 6
    endloop
  endfacet
  facet normal 0 0 1
    outer loop
      vertex 47.35 16.05 6
      vertex 45.85 16.05 6
      vertex 45.8774 15.6323 6
    endloop
  endfacet
  facet normal -0.997855 0.0654566 0
    outer loop
      vertex 45.85 16.05 2
      vertex 45.8774 16.4677 6
      vertex 45.8774 16.4677 2
    endloop
  endfacet
  facet normal -0.997855 0.0654566 0
    outer loop
      vertex 45.8774 16.4677 6
      vertex 45.85 16.05 2
      vertex 45.85 16.05 6
    endloop
  endfacet
  facet normal -0.896898 0.442237 0
    outer loop
      vertex 46.0936 17.2746 2
      vertex 46.2787 17.65 6
      vertex 46.2787 17.65 2
    endloop
  endfacet
  facet normal -0.896898 0.442237 0
    outer loop
      vertex 46.2787 17.65 6
      vertex 46.0936 17.2746 2
      vertex 46.0936 17.2746 6
    endloop
  endfacet
  facet normal 0.896898 -0.442237 0
    outer loop
      vertex 51.8213 14.45 6
      vertex 52.0064 14.8254 2
      vertex 52.0064 14.8254 6
    endloop
  endfacet
  facet normal 0.896898 -0.442237 0
    outer loop
      vertex 52.0064 14.8254 2
      vertex 51.8213 14.45 6
      vertex 51.8213 14.45 2
    endloop
  endfacet
  facet normal -0.946901 -0.321526 0
    outer loop
      vertex 46.0936 14.8254 2
      vertex 45.959 15.2218 6
      vertex 45.959 15.2218 2
    endloop
  endfacet
  facet normal -0.946901 -0.321526 0
    outer loop
      vertex 45.959 15.2218 6
      vertex 46.0936 14.8254 2
      vertex 46.0936 14.8254 6
    endloop
  endfacet
  facet normal 0.997855 0.0654566 0
    outer loop
      vertex 52.25 28.05 6
      vertex 52.2226 28.4677 2
      vertex 52.2226 28.4677 6
    endloop
  endfacet
  facet normal 0.997855 0.0654566 0
    outer loop
      vertex 52.2226 28.4677 2
      vertex 52.25 28.05 6
      vertex 52.25 28.05 2
    endloop
  endfacet
  facet normal -0.0654566 0.997855 0
    outer loop
      vertex 49.05 31.25 2
      vertex 48.6323 31.2226 6
      vertex 49.05 31.25 6
    endloop
  endfacet
  facet normal -0.0654566 0.997855 0
    outer loop
      vertex 48.6323 31.2226 6
      vertex 49.05 31.25 2
      vertex 48.6323 31.2226 2
    endloop
  endfacet
  facet normal 0.659367 0.751821 -0
    outer loop
      vertex 51.3127 30.3127 2
      vertex 50.998 30.5887 6
      vertex 51.3127 30.3127 6
    endloop
  endfacet
  facet normal 0.659367 0.751821 0
    outer loop
      vertex 50.998 30.5887 6
      vertex 51.3127 30.3127 2
      vertex 50.998 30.5887 2
    endloop
  endfacet
  facet normal -0.751821 0.659367 0
    outer loop
      vertex 46.5113 29.998 2
      vertex 46.7873 30.3127 6
      vertex 46.7873 30.3127 2
    endloop
  endfacet
  facet normal -0.751821 0.659367 0
    outer loop
      vertex 46.7873 30.3127 6
      vertex 46.5113 29.998 2
      vertex 46.5113 29.998 6
    endloop
  endfacet
  facet normal -0.442237 0.896898 0
    outer loop
      vertex 47.8254 31.0064 2
      vertex 47.45 30.8213 6
      vertex 47.8254 31.0064 6
    endloop
  endfacet
  facet normal -0.442237 0.896898 0
    outer loop
      vertex 47.45 30.8213 6
      vertex 47.8254 31.0064 2
      vertex 47.45 30.8213 2
    endloop
  endfacet
  facet normal 0.896898 0.442237 0
    outer loop
      vertex 52.0064 29.2746 6
      vertex 51.8213 29.65 2
      vertex 51.8213 29.65 6
    endloop
  endfacet
  facet normal 0.896898 0.442237 0
    outer loop
      vertex 51.8213 29.65 2
      vertex 52.0064 29.2746 6
      vertex 52.0064 29.2746 2
    endloop
  endfacet
  facet normal 0.321526 0.946901 -0
    outer loop
      vertex 50.2746 31.0064 2
      vertex 49.8782 31.141 6
      vertex 50.2746 31.0064 6
    endloop
  endfacet
  facet normal 0.321526 0.946901 0
    outer loop
      vertex 49.8782 31.141 6
      vertex 50.2746 31.0064 2
      vertex 49.8782 31.141 2
    endloop
  endfacet
  facet normal 0.442237 0.896898 -0
    outer loop
      vertex 50.65 30.8213 2
      vertex 50.2746 31.0064 6
      vertex 50.65 30.8213 6
    endloop
  endfacet
  facet normal 0.442237 0.896898 0
    outer loop
      vertex 50.2746 31.0064 6
      vertex 50.65 30.8213 2
      vertex 50.2746 31.0064 2
    endloop
  endfacet
  facet normal -0.896898 0.442237 0
    outer loop
      vertex 46.0936 29.2746 2
      vertex 46.2787 29.65 6
      vertex 46.2787 29.65 2
    endloop
  endfacet
  facet normal -0.896898 0.442237 0
    outer loop
      vertex 46.2787 29.65 6
      vertex 46.0936 29.2746 2
      vertex 46.0936 29.2746 6
    endloop
  endfacet
  facet normal -0.831388 0.555692 0
    outer loop
      vertex 46.2787 29.65 2
      vertex 46.5113 29.998 6
      vertex 46.5113 29.998 2
    endloop
  endfacet
  facet normal -0.831388 0.555692 0
    outer loop
      vertex 46.5113 29.998 6
      vertex 46.2787 29.65 2
      vertex 46.2787 29.65 6
    endloop
  endfacet
  facet normal -0.98081 0.194967 0
    outer loop
      vertex 45.8774 28.4677 2
      vertex 45.959 28.8782 6
      vertex 45.959 28.8782 2
    endloop
  endfacet
  facet normal -0.98081 0.194967 0
    outer loop
      vertex 45.959 28.8782 6
      vertex 45.8774 28.4677 2
      vertex 45.8774 28.4677 6
    endloop
  endfacet
  facet normal -0.555692 0.831388 0
    outer loop
      vertex 47.45 30.8213 2
      vertex 47.102 30.5887 6
      vertex 47.45 30.8213 6
    endloop
  endfacet
  facet normal -0.555692 0.831388 0
    outer loop
      vertex 47.102 30.5887 6
      vertex 47.45 30.8213 2
      vertex 47.102 30.5887 2
    endloop
  endfacet
  facet normal -0.321526 0.946901 0
    outer loop
      vertex 48.2218 31.141 2
      vertex 47.8254 31.0064 6
      vertex 48.2218 31.141 6
    endloop
  endfacet
  facet normal -0.321526 0.946901 0
    outer loop
      vertex 47.8254 31.0064 6
      vertex 48.2218 31.141 2
      vertex 47.8254 31.0064 2
    endloop
  endfacet
  facet normal 0.751821 -0.659367 0
    outer loop
      vertex 51.3127 25.7873 6
      vertex 51.5887 26.102 2
      vertex 51.5887 26.102 6
    endloop
  endfacet
  facet normal 0.751821 -0.659367 0
    outer loop
      vertex 51.5887 26.102 2
      vertex 51.3127 25.7873 6
      vertex 51.3127 25.7873 2
    endloop
  endfacet
  facet normal 0.555692 -0.831388 0
    outer loop
      vertex 50.65 25.2787 2
      vertex 50.998 25.5113 6
      vertex 50.65 25.2787 6
    endloop
  endfacet
  facet normal 0.555692 -0.831388 0
    outer loop
      vertex 50.998 25.5113 6
      vertex 50.65 25.2787 2
      vertex 50.998 25.5113 2
    endloop
  endfacet
  facet normal -0.555692 -0.831388 0
    outer loop
      vertex 47.102 25.5113 2
      vertex 47.45 25.2787 6
      vertex 47.102 25.5113 6
    endloop
  endfacet
  facet normal -0.555692 -0.831388 -0
    outer loop
      vertex 47.45 25.2787 6
      vertex 47.102 25.5113 2
      vertex 47.45 25.2787 2
    endloop
  endfacet
  facet normal -0.194967 -0.98081 0
    outer loop
      vertex 48.2218 24.959 2
      vertex 48.6323 24.8774 6
      vertex 48.2218 24.959 6
    endloop
  endfacet
  facet normal -0.194967 -0.98081 -0
    outer loop
      vertex 48.6323 24.8774 6
      vertex 48.2218 24.959 2
      vertex 48.6323 24.8774 2
    endloop
  endfacet
  facet normal -0.831388 -0.555692 0
    outer loop
      vertex 46.5113 26.102 2
      vertex 46.2787 26.45 6
      vertex 46.2787 26.45 2
    endloop
  endfacet
  facet normal -0.831388 -0.555692 0
    outer loop
      vertex 46.2787 26.45 6
      vertex 46.5113 26.102 2
      vertex 46.5113 26.102 6
    endloop
  endfacet
  facet normal -0.751821 -0.659367 0
    outer loop
      vertex 46.7873 25.7873 2
      vertex 46.5113 26.102 6
      vertex 46.5113 26.102 2
    endloop
  endfacet
  facet normal -0.751821 -0.659367 0
    outer loop
      vertex 46.5113 26.102 6
      vertex 46.7873 25.7873 2
      vertex 46.7873 25.7873 6
    endloop
  endfacet
  facet normal 0.946901 0.321526 0
    outer loop
      vertex 52.141 28.8782 6
      vertex 52.0064 29.2746 2
      vertex 52.0064 29.2746 6
    endloop
  endfacet
  facet normal 0.946901 0.321526 0
    outer loop
      vertex 52.0064 29.2746 2
      vertex 52.141 28.8782 6
      vertex 52.141 28.8782 2
    endloop
  endfacet
  facet normal 0.98081 0.194967 0
    outer loop
      vertex 52.2226 28.4677 6
      vertex 52.141 28.8782 2
      vertex 52.141 28.8782 6
    endloop
  endfacet
  facet normal 0.98081 0.194967 0
    outer loop
      vertex 52.141 28.8782 2
      vertex 52.2226 28.4677 6
      vertex 52.2226 28.4677 2
    endloop
  endfacet
  facet normal 0.751821 0.659367 0
    outer loop
      vertex 51.5887 29.998 6
      vertex 51.3127 30.3127 2
      vertex 51.3127 30.3127 6
    endloop
  endfacet
  facet normal 0.751821 0.659367 0
    outer loop
      vertex 51.3127 30.3127 2
      vertex 51.5887 29.998 6
      vertex 51.5887 29.998 2
    endloop
  endfacet
  facet normal 0.831388 0.555692 0
    outer loop
      vertex 51.8213 29.65 6
      vertex 51.5887 29.998 2
      vertex 51.5887 29.998 6
    endloop
  endfacet
  facet normal 0.831388 0.555692 0
    outer loop
      vertex 51.5887 29.998 2
      vertex 51.8213 29.65 6
      vertex 51.8213 29.65 2
    endloop
  endfacet
  facet normal 0.0654566 0.997855 -0
    outer loop
      vertex 49.4677 31.2226 2
      vertex 49.05 31.25 6
      vertex 49.4677 31.2226 6
    endloop
  endfacet
  facet normal 0.0654566 0.997855 0
    outer loop
      vertex 49.05 31.25 6
      vertex 49.4677 31.2226 2
      vertex 49.05 31.25 2
    endloop
  endfacet
  facet normal 0.555692 0.831388 -0
    outer loop
      vertex 50.998 30.5887 2
      vertex 50.65 30.8213 6
      vertex 50.998 30.5887 6
    endloop
  endfacet
  facet normal 0.555692 0.831388 0
    outer loop
      vertex 50.65 30.8213 6
      vertex 50.998 30.5887 2
      vertex 50.65 30.8213 2
    endloop
  endfacet
  facet normal -0.946901 0.321526 0
    outer loop
      vertex 45.959 28.8782 2
      vertex 46.0936 29.2746 6
      vertex 46.0936 29.2746 2
    endloop
  endfacet
  facet normal -0.946901 0.321526 0
    outer loop
      vertex 46.0936 29.2746 6
      vertex 45.959 28.8782 2
      vertex 45.959 28.8782 6
    endloop
  endfacet
  facet normal -0.997855 0.0654566 0
    outer loop
      vertex 45.85 28.05 2
      vertex 45.8774 28.4677 6
      vertex 45.8774 28.4677 2
    endloop
  endfacet
  facet normal -0.997855 0.0654566 0
    outer loop
      vertex 45.8774 28.4677 6
      vertex 45.85 28.05 2
      vertex 45.85 28.05 6
    endloop
  endfacet
  facet normal 0 0 1
    outer loop
      vertex 50.75 28.05 6
      vertex 52.25 28.05 6
      vertex 52.2226 28.4677 6
    endloop
  endfacet
  facet normal 0 0 1
    outer loop
      vertex 50.7355 28.2719 6
      vertex 52.2226 28.4677 6
      vertex 52.141 28.8782 6
    endloop
  endfacet
  facet normal 0 0 1
    outer loop
      vertex 52.25 28.05 6
      vertex 50.75 28.05 6
      vertex 52.2226 27.6323 6
    endloop
  endfacet
  facet normal 0 0 1
    outer loop
      vertex 50.6921 28.49 6
      vertex 52.141 28.8782 6
      vertex 52.0064 29.2746 6
    endloop
  endfacet
  facet normal -0 0 1
    outer loop
      vertex 50.7355 27.8281 6
      vertex 52.2226 27.6323 6
      vertex 50.75 28.05 6
    endloop
  endfacet
  facet normal 0 0 1
    outer loop
      vertex 50.6206 28.7006 6
      vertex 52.0064 29.2746 6
      vertex 51.8213 29.65 6
    endloop
  endfacet
  facet normal 0 0 1
    outer loop
      vertex 52.2226 27.6323 6
      vertex 50.7355 27.8281 6
      vertex 52.141 27.2218 6
    endloop
  endfacet
  facet normal 0 0 1
    outer loop
      vertex 50.5222 28.9 6
      vertex 51.8213 29.65 6
      vertex 51.5887 29.998 6
    endloop
  endfacet
  facet normal -0 0 1
    outer loop
      vertex 50.6921 27.61 6
      vertex 52.141 27.2218 6
      vertex 50.7355 27.8281 6
    endloop
  endfacet
  facet normal 0 0 1
    outer loop
      vertex 50.3987 29.0849 6
      vertex 51.5887 29.998 6
      vertex 51.3127 30.3127 6
    endloop
  endfacet
  facet normal 0 0 1
    outer loop
      vertex 52.141 27.2218 6
      vertex 50.6921 27.61 6
      vertex 52.0064 26.8254 6
    endloop
  endfacet
  facet normal 0 0 1
    outer loop
      vertex 50.2521 29.2521 6
      vertex 51.3127 30.3127 6
      vertex 50.998 30.5887 6
    endloop
  endfacet
  facet normal -0 0 1
    outer loop
      vertex 50.6206 27.3994 6
      vertex 52.0064 26.8254 6
      vertex 50.6921 27.61 6
    endloop
  endfacet
  facet normal 0 0 1
    outer loop
      vertex 52.0064 26.8254 6
      vertex 50.6206 27.3994 6
      vertex 51.8213 26.45 6
    endloop
  endfacet
  facet normal 0 0 1
    outer loop
      vertex 52.2226 28.4677 6
      vertex 50.7355 28.2719 6
      vertex 50.75 28.05 6
    endloop
  endfacet
  facet normal 0 0 1
    outer loop
      vertex 52.141 28.8782 6
      vertex 50.6921 28.49 6
      vertex 50.7355 28.2719 6
    endloop
  endfacet
  facet normal 0 0 1
    outer loop
      vertex 50.0849 29.3987 6
      vertex 50.998 30.5887 6
      vertex 50.65 30.8213 6
    endloop
  endfacet
  facet normal 0 0 1
    outer loop
      vertex 52.0064 29.2746 6
      vertex 50.6206 28.7006 6
      vertex 50.6921 28.49 6
    endloop
  endfacet
  facet normal 0 0 1
    outer loop
      vertex 51.8213 29.65 6
      vertex 50.5222 28.9 6
      vertex 50.6206 28.7006 6
    endloop
  endfacet
  facet normal 0 0 1
    outer loop
      vertex 51.5887 29.998 6
      vertex 50.3987 29.0849 6
      vertex 50.5222 28.9 6
    endloop
  endfacet
  facet normal 0 0 1
    outer loop
      vertex 49.9 29.5222 6
      vertex 50.65 30.8213 6
      vertex 50.2746 31.0064 6
    endloop
  endfacet
  facet normal 0 0 1
    outer loop
      vertex 51.3127 30.3127 6
      vertex 50.2521 29.2521 6
      vertex 50.3987 29.0849 6
    endloop
  endfacet
  facet normal 0 0 1
    outer loop
      vertex 50.998 30.5887 6
      vertex 50.0849 29.3987 6
      vertex 50.2521 29.2521 6
    endloop
  endfacet
  facet normal 0 0 1
    outer loop
      vertex 50.65 30.8213 6
      vertex 49.9 29.5222 6
      vertex 50.0849 29.3987 6
    endloop
  endfacet
  facet normal 0 0 1
    outer loop
      vertex 49.7006 29.6206 6
      vertex 50.2746 31.0064 6
      vertex 49.8782 31.141 6
    endloop
  endfacet
  facet normal 0 0 1
    outer loop
      vertex 50.2746 31.0064 6
      vertex 49.7006 29.6206 6
      vertex 49.9 29.5222 6
    endloop
  endfacet
  facet normal 0 0 1
    outer loop
      vertex 49.8782 31.141 6
      vertex 49.49 29.6921 6
      vertex 49.7006 29.6206 6
    endloop
  endfacet
  facet normal 0 0 1
    outer loop
      vertex 49.4677 31.2226 6
      vertex 49.49 29.6921 6
      vertex 49.8782 31.141 6
    endloop
  endfacet
  facet normal 0 0 1
    outer loop
      vertex 49.4677 31.2226 6
      vertex 49.2719 29.7355 6
      vertex 49.49 29.6921 6
    endloop
  endfacet
  facet normal 0 0 1
    outer loop
      vertex 49.05 31.25 6
      vertex 49.2719 29.7355 6
      vertex 49.4677 31.2226 6
    endloop
  endfacet
  facet normal 0 0 1
    outer loop
      vertex 49.05 31.25 6
      vertex 49.05 29.75 6
      vertex 49.2719 29.7355 6
    endloop
  endfacet
  facet normal 0 0 1
    outer loop
      vertex 49.05 31.25 6
      vertex 48.8281 29.7355 6
      vertex 49.05 29.75 6
    endloop
  endfacet
  facet normal -0 0 1
    outer loop
      vertex 48.6323 31.2226 6
      vertex 48.8281 29.7355 6
      vertex 49.05 31.25 6
    endloop
  endfacet
  facet normal 0 0 1
    outer loop
      vertex 48.6323 31.2226 6
      vertex 48.61 29.6921 6
      vertex 48.8281 29.7355 6
    endloop
  endfacet
  facet normal -0 0 1
    outer loop
      vertex 48.2218 31.141 6
      vertex 48.61 29.6921 6
      vertex 48.6323 31.2226 6
    endloop
  endfacet
  facet normal 0 0 1
    outer loop
      vertex 48.61 29.6921 6
      vertex 48.2218 31.141 6
      vertex 48.3994 29.6206 6
    endloop
  endfacet
  facet normal -0 0 1
    outer loop
      vertex 47.8254 31.0064 6
      vertex 48.3994 29.6206 6
      vertex 48.2218 31.141 6
    endloop
  endfacet
  facet normal 0 0 1
    outer loop
      vertex 48.3994 29.6206 6
      vertex 47.8254 31.0064 6
      vertex 48.2 29.5222 6
    endloop
  endfacet
  facet normal -0 0 1
    outer loop
      vertex 47.45 30.8213 6
      vertex 48.2 29.5222 6
      vertex 47.8254 31.0064 6
    endloop
  endfacet
  facet normal 0 0 1
    outer loop
      vertex 48.2 29.5222 6
      vertex 47.45 30.8213 6
      vertex 48.0151 29.3987 6
    endloop
  endfacet
  facet normal -0 0 1
    outer loop
      vertex 47.102 30.5887 6
      vertex 48.0151 29.3987 6
      vertex 47.45 30.8213 6
    endloop
  endfacet
  facet normal 0 0 1
    outer loop
      vertex 48.0151 29.3987 6
      vertex 47.102 30.5887 6
      vertex 47.8479 29.2521 6
    endloop
  endfacet
  facet normal -0 0 1
    outer loop
      vertex 46.7873 30.3127 6
      vertex 47.8479 29.2521 6
      vertex 47.102 30.5887 6
    endloop
  endfacet
  facet normal 0 0 1
    outer loop
      vertex 47.8479 29.2521 6
      vertex 46.7873 30.3127 6
      vertex 47.7013 29.0849 6
    endloop
  endfacet
  facet normal -0 0 1
    outer loop
      vertex 46.5113 29.998 6
      vertex 47.7013 29.0849 6
      vertex 46.7873 30.3127 6
    endloop
  endfacet
  facet normal 0 0 1
    outer loop
      vertex 47.7013 29.0849 6
      vertex 46.5113 29.998 6
      vertex 47.5778 28.9 6
    endloop
  endfacet
  facet normal -0 0 1
    outer loop
      vertex 46.2787 29.65 6
      vertex 47.5778 28.9 6
      vertex 46.5113 29.998 6
    endloop
  endfacet
  facet normal 0 0 1
    outer loop
      vertex 47.5778 28.9 6
      vertex 46.2787 29.65 6
      vertex 47.4794 28.7006 6
    endloop
  endfacet
  facet normal -0 0 1
    outer loop
      vertex 50.5222 27.2 6
      vertex 51.8213 26.45 6
      vertex 50.6206 27.3994 6
    endloop
  endfacet
  facet normal 0 0 1
    outer loop
      vertex 51.8213 26.45 6
      vertex 50.5222 27.2 6
      vertex 51.5887 26.102 6
    endloop
  endfacet
  facet normal -0 0 1
    outer loop
      vertex 50.3987 27.0151 6
      vertex 51.5887 26.102 6
      vertex 50.5222 27.2 6
    endloop
  endfacet
  facet normal 0 0 1
    outer loop
      vertex 51.5887 26.102 6
      vertex 50.3987 27.0151 6
      vertex 51.3127 25.7873 6
    endloop
  endfacet
  facet normal -0 0 1
    outer loop
      vertex 50.2521 26.8479 6
      vertex 51.3127 25.7873 6
      vertex 50.3987 27.0151 6
    endloop
  endfacet
  facet normal 0 0 1
    outer loop
      vertex 51.3127 25.7873 6
      vertex 50.2521 26.8479 6
      vertex 50.998 25.5113 6
    endloop
  endfacet
  facet normal -0 0 1
    outer loop
      vertex 50.0849 26.7013 6
      vertex 50.998 25.5113 6
      vertex 50.2521 26.8479 6
    endloop
  endfacet
  facet normal 0 0 1
    outer loop
      vertex 50.998 25.5113 6
      vertex 50.0849 26.7013 6
      vertex 50.65 25.2787 6
    endloop
  endfacet
  facet normal -0 0 1
    outer loop
      vertex 49.9 26.5778 6
      vertex 50.65 25.2787 6
      vertex 50.0849 26.7013 6
    endloop
  endfacet
  facet normal 0 0 1
    outer loop
      vertex 50.65 25.2787 6
      vertex 49.9 26.5778 6
      vertex 50.2746 25.0936 6
    endloop
  endfacet
  facet normal -0 0 1
    outer loop
      vertex 49.7006 26.4794 6
      vertex 50.2746 25.0936 6
      vertex 49.9 26.5778 6
    endloop
  endfacet
  facet normal 0 0 1
    outer loop
      vertex 50.2746 25.0936 6
      vertex 49.7006 26.4794 6
      vertex 49.8782 24.959 6
    endloop
  endfacet
  facet normal -0 0 1
    outer loop
      vertex 49.49 26.4079 6
      vertex 49.8782 24.959 6
      vertex 49.7006 26.4794 6
    endloop
  endfacet
  facet normal 0 0 1
    outer loop
      vertex 49.49 26.4079 6
      vertex 49.4677 24.8774 6
      vertex 49.8782 24.959 6
    endloop
  endfacet
  facet normal -0 0 1
    outer loop
      vertex 49.2719 26.3645 6
      vertex 49.4677 24.8774 6
      vertex 49.49 26.4079 6
    endloop
  endfacet
  facet normal -0 0 1
    outer loop
      vertex 49.05 26.35 6
      vertex 49.4677 24.8774 6
      vertex 49.2719 26.3645 6
    endloop
  endfacet
  facet normal 0 0 1
    outer loop
      vertex 49.05 26.35 6
      vertex 49.05 24.85 6
      vertex 49.4677 24.8774 6
    endloop
  endfacet
  facet normal 0 0 1
    outer loop
      vertex 48.8281 26.3645 6
      vertex 49.05 24.85 6
      vertex 49.05 26.35 6
    endloop
  endfacet
  facet normal 0 0 1
    outer loop
      vertex 48.8281 26.3645 6
      vertex 48.6323 24.8774 6
      vertex 49.05 24.85 6
    endloop
  endfacet
  facet normal 0 0 1
    outer loop
      vertex 48.61 26.4079 6
      vertex 48.6323 24.8774 6
      vertex 48.8281 26.3645 6
    endloop
  endfacet
  facet normal 0 0 1
    outer loop
      vertex 48.2218 24.959 6
      vertex 48.61 26.4079 6
      vertex 48.3994 26.4794 6
    endloop
  endfacet
  facet normal 0 0 1
    outer loop
      vertex 48.61 26.4079 6
      vertex 48.2218 24.959 6
      vertex 48.6323 24.8774 6
    endloop
  endfacet
  facet normal 0 0 1
    outer loop
      vertex 47.8254 25.0936 6
      vertex 48.3994 26.4794 6
      vertex 48.2 26.5778 6
    endloop
  endfacet
  facet normal 0 0 1
    outer loop
      vertex 47.45 25.2787 6
      vertex 48.2 26.5778 6
      vertex 48.0151 26.7013 6
    endloop
  endfacet
  facet normal 0 0 1
    outer loop
      vertex 47.102 25.5113 6
      vertex 48.0151 26.7013 6
      vertex 47.8479 26.8479 6
    endloop
  endfacet
  facet normal 0 0 1
    outer loop
      vertex 48.3994 26.4794 6
      vertex 47.8254 25.0936 6
      vertex 48.2218 24.959 6
    endloop
  endfacet
  facet normal 0 0 1
    outer loop
      vertex 46.7873 25.7873 6
      vertex 47.8479 26.8479 6
      vertex 47.7013 27.0151 6
    endloop
  endfacet
  facet normal 0 0 1
    outer loop
      vertex 46.5113 26.102 6
      vertex 47.7013 27.0151 6
      vertex 47.5778 27.2 6
    endloop
  endfacet
  facet normal 0 0 1
    outer loop
      vertex 46.2787 26.45 6
      vertex 47.5778 27.2 6
      vertex 47.4794 27.3994 6
    endloop
  endfacet
  facet normal 0 0 1
    outer loop
      vertex 48.2 26.5778 6
      vertex 47.45 25.2787 6
      vertex 47.8254 25.0936 6
    endloop
  endfacet
  facet normal 0 0 1
    outer loop
      vertex 46.0936 26.8254 6
      vertex 47.4794 27.3994 6
      vertex 47.4079 27.61 6
    endloop
  endfacet
  facet normal 0 0 1
    outer loop
      vertex 45.959 27.2218 6
      vertex 47.4079 27.61 6
      vertex 47.3645 27.8281 6
    endloop
  endfacet
  facet normal 0 0 1
    outer loop
      vertex 45.8774 27.6323 6
      vertex 47.3645 27.8281 6
      vertex 47.35 28.05 6
    endloop
  endfacet
  facet normal -0 0 1
    outer loop
      vertex 46.0936 29.2746 6
      vertex 47.4794 28.7006 6
      vertex 46.2787 29.65 6
    endloop
  endfacet
  facet normal 0 0 1
    outer loop
      vertex 48.0151 26.7013 6
      vertex 47.102 25.5113 6
      vertex 47.45 25.2787 6
    endloop
  endfacet
  facet normal 0 0 1
    outer loop
      vertex 47.4794 28.7006 6
      vertex 46.0936 29.2746 6
      vertex 47.4079 28.49 6
    endloop
  endfacet
  facet normal 0 0 1
    outer loop
      vertex 47.8479 26.8479 6
      vertex 46.7873 25.7873 6
      vertex 47.102 25.5113 6
    endloop
  endfacet
  facet normal -0 0 1
    outer loop
      vertex 45.959 28.8782 6
      vertex 47.4079 28.49 6
      vertex 46.0936 29.2746 6
    endloop
  endfacet
  facet normal 0 0 1
    outer loop
      vertex 47.7013 27.0151 6
      vertex 46.5113 26.102 6
      vertex 46.7873 25.7873 6
    endloop
  endfacet
  facet normal 0 0 1
    outer loop
      vertex 47.4079 28.49 6
      vertex 45.959 28.8782 6
      vertex 47.3645 28.2719 6
    endloop
  endfacet
  facet normal 0 0 1
    outer loop
      vertex 47.5778 27.2 6
      vertex 46.2787 26.45 6
      vertex 46.5113 26.102 6
    endloop
  endfacet
  facet normal -0 0 1
    outer loop
      vertex 45.8774 28.4677 6
      vertex 47.3645 28.2719 6
      vertex 45.959 28.8782 6
    endloop
  endfacet
  facet normal 0 0 1
    outer loop
      vertex 47.4794 27.3994 6
      vertex 46.0936 26.8254 6
      vertex 46.2787 26.45 6
    endloop
  endfacet
  facet normal 0 0 1
    outer loop
      vertex 47.3645 28.2719 6
      vertex 45.8774 28.4677 6
      vertex 47.35 28.05 6
    endloop
  endfacet
  facet normal 0 0 1
    outer loop
      vertex 47.4079 27.61 6
      vertex 45.959 27.2218 6
      vertex 46.0936 26.8254 6
    endloop
  endfacet
  facet normal 0 0 1
    outer loop
      vertex 45.85 28.05 6
      vertex 47.35 28.05 6
      vertex 45.8774 28.4677 6
    endloop
  endfacet
  facet normal 0 0 1
    outer loop
      vertex 47.3645 27.8281 6
      vertex 45.8774 27.6323 6
      vertex 45.959 27.2218 6
    endloop
  endfacet
  facet normal 0 0 1
    outer loop
      vertex 47.35 28.05 6
      vertex 45.85 28.05 6
      vertex 45.8774 27.6323 6
    endloop
  endfacet
  facet normal -0.659367 0.751821 0
    outer loop
      vertex 47.102 30.5887 2
      vertex 46.7873 30.3127 6
      vertex 47.102 30.5887 6
    endloop
  endfacet
  facet normal -0.659367 0.751821 0
    outer loop
      vertex 46.7873 30.3127 6
      vertex 47.102 30.5887 2
      vertex 46.7873 30.3127 2
    endloop
  endfacet
  facet normal -0.194967 0.98081 0
    outer loop
      vertex 48.6323 31.2226 2
      vertex 48.2218 31.141 6
      vertex 48.6323 31.2226 6
    endloop
  endfacet
  facet normal -0.194967 0.98081 0
    outer loop
      vertex 48.2218 31.141 6
      vertex 48.6323 31.2226 2
      vertex 48.2218 31.141 2
    endloop
  endfacet
  facet normal 0.194967 -0.98081 0
    outer loop
      vertex 49.4677 24.8774 2
      vertex 49.8782 24.959 6
      vertex 49.4677 24.8774 6
    endloop
  endfacet
  facet normal 0.194967 -0.98081 0
    outer loop
      vertex 49.8782 24.959 6
      vertex 49.4677 24.8774 2
      vertex 49.8782 24.959 2
    endloop
  endfacet
  facet normal 0.442237 -0.896898 0
    outer loop
      vertex 50.2746 25.0936 2
      vertex 50.65 25.2787 6
      vertex 50.2746 25.0936 6
    endloop
  endfacet
  facet normal 0.442237 -0.896898 0
    outer loop
      vertex 50.65 25.2787 6
      vertex 50.2746 25.0936 2
      vertex 50.65 25.2787 2
    endloop
  endfacet
  facet normal 0.659367 -0.751821 0
    outer loop
      vertex 50.998 25.5113 2
      vertex 51.3127 25.7873 6
      vertex 50.998 25.5113 6
    endloop
  endfacet
  facet normal 0.659367 -0.751821 0
    outer loop
      vertex 51.3127 25.7873 6
      vertex 50.998 25.5113 2
      vertex 51.3127 25.7873 2
    endloop
  endfacet
  facet normal 0.946901 -0.321526 0
    outer loop
      vertex 52.0064 26.8254 6
      vertex 52.141 27.2218 2
      vertex 52.141 27.2218 6
    endloop
  endfacet
  facet normal 0.946901 -0.321526 0
    outer loop
      vertex 52.141 27.2218 2
      vertex 52.0064 26.8254 6
      vertex 52.0064 26.8254 2
    endloop
  endfacet
  facet normal 0.831388 -0.555692 0
    outer loop
      vertex 51.5887 26.102 6
      vertex 51.8213 26.45 2
      vertex 51.8213 26.45 6
    endloop
  endfacet
  facet normal 0.831388 -0.555692 0
    outer loop
      vertex 51.8213 26.45 2
      vertex 51.5887 26.102 6
      vertex 51.5887 26.102 2
    endloop
  endfacet
  facet normal -0.442237 -0.896898 0
    outer loop
      vertex 47.45 25.2787 2
      vertex 47.8254 25.0936 6
      vertex 47.45 25.2787 6
    endloop
  endfacet
  facet normal -0.442237 -0.896898 -0
    outer loop
      vertex 47.8254 25.0936 6
      vertex 47.45 25.2787 2
      vertex 47.8254 25.0936 2
    endloop
  endfacet
  facet normal -0.321526 -0.946901 0
    outer loop
      vertex 47.8254 25.0936 2
      vertex 48.2218 24.959 6
      vertex 47.8254 25.0936 6
    endloop
  endfacet
  facet normal -0.321526 -0.946901 -0
    outer loop
      vertex 48.2218 24.959 6
      vertex 47.8254 25.0936 2
      vertex 48.2218 24.959 2
    endloop
  endfacet
  facet normal -0.0654566 -0.997855 0
    outer loop
      vertex 48.6323 24.8774 2
      vertex 49.05 24.85 6
      vertex 48.6323 24.8774 6
    endloop
  endfacet
  facet normal -0.0654566 -0.997855 -0
    outer loop
      vertex 49.05 24.85 6
      vertex 48.6323 24.8774 2
      vertex 49.05 24.85 2
    endloop
  endfacet
  facet normal -0.659367 -0.751821 0
    outer loop
      vertex 46.7873 25.7873 2
      vertex 47.102 25.5113 6
      vertex 46.7873 25.7873 6
    endloop
  endfacet
  facet normal -0.659367 -0.751821 -0
    outer loop
      vertex 47.102 25.5113 6
      vertex 46.7873 25.7873 2
      vertex 47.102 25.5113 2
    endloop
  endfacet
  facet normal -0.896898 -0.442237 0
    outer loop
      vertex 46.2787 26.45 2
      vertex 46.0936 26.8254 6
      vertex 46.0936 26.8254 2
    endloop
  endfacet
  facet normal -0.896898 -0.442237 0
    outer loop
      vertex 46.0936 26.8254 6
      vertex 46.2787 26.45 2
      vertex 46.2787 26.45 6
    endloop
  endfacet
  facet normal -0.98081 -0.194967 0
    outer loop
      vertex 45.959 27.2218 2
      vertex 45.8774 27.6323 6
      vertex 45.8774 27.6323 2
    endloop
  endfacet
  facet normal -0.98081 -0.194967 0
    outer loop
      vertex 45.8774 27.6323 6
      vertex 45.959 27.2218 2
      vertex 45.959 27.2218 6
    endloop
  endfacet
  facet normal 0.194967 0.98081 -0
    outer loop
      vertex 49.8782 31.141 2
      vertex 49.4677 31.2226 6
      vertex 49.8782 31.141 6
    endloop
  endfacet
  facet normal 0.194967 0.98081 0
    outer loop
      vertex 49.4677 31.2226 6
      vertex 49.8782 31.141 2
      vertex 49.4677 31.2226 2
    endloop
  endfacet
  facet normal -0.997855 -0.0654566 0
    outer loop
      vertex 45.8774 27.6323 2
      vertex 45.85 28.05 6
      vertex 45.85 28.05 2
    endloop
  endfacet
  facet normal -0.997855 -0.0654566 0
    outer loop
      vertex 45.85 28.05 6
      vertex 45.8774 27.6323 2
      vertex 45.8774 27.6323 6
    endloop
  endfacet
  facet normal 0.321526 -0.946901 0
    outer loop
      vertex 49.8782 24.959 2
      vertex 50.2746 25.0936 6
      vertex 49.8782 24.959 6
    endloop
  endfacet
  facet normal 0.321526 -0.946901 0
    outer loop
      vertex 50.2746 25.0936 6
      vertex 49.8782 24.959 2
      vertex 50.2746 25.0936 2
    endloop
  endfacet
  facet normal 0.98081 -0.194967 0
    outer loop
      vertex 52.141 27.2218 6
      vertex 52.2226 27.6323 2
      vertex 52.2226 27.6323 6
    endloop
  endfacet
  facet normal 0.98081 -0.194967 0
    outer loop
      vertex 52.2226 27.6323 2
      vertex 52.141 27.2218 6
      vertex 52.141 27.2218 2
    endloop
  endfacet
  facet normal 0.896898 -0.442237 0
    outer loop
      vertex 51.8213 26.45 6
      vertex 52.0064 26.8254 2
      vertex 52.0064 26.8254 6
    endloop
  endfacet
  facet normal 0.896898 -0.442237 0
    outer loop
      vertex 52.0064 26.8254 2
      vertex 51.8213 26.45 6
      vertex 51.8213 26.45 2
    endloop
  endfacet
  facet normal 0.0654566 -0.997855 0
    outer loop
      vertex 49.05 24.85 2
      vertex 49.4677 24.8774 6
      vertex 49.05 24.85 6
    endloop
  endfacet
  facet normal 0.0654566 -0.997855 0
    outer loop
      vertex 49.4677 24.8774 6
      vertex 49.05 24.85 2
      vertex 49.4677 24.8774 2
    endloop
  endfacet
  facet normal -0.946901 -0.321526 0
    outer loop
      vertex 46.0936 26.8254 2
      vertex 45.959 27.2218 6
      vertex 45.959 27.2218 2
    endloop
  endfacet
  facet normal -0.946901 -0.321526 0
    outer loop
      vertex 45.959 27.2218 6
      vertex 46.0936 26.8254 2
      vertex 46.0936 26.8254 6
    endloop
  endfacet
  facet normal 0.997855 -0.0654566 0
    outer loop
      vertex 52.2226 27.6323 6
      vertex 52.25 28.05 2
      vertex 52.25 28.05 6
    endloop
  endfacet
  facet normal 0.997855 -0.0654566 0
    outer loop
      vertex 52.25 28.05 2
      vertex 52.2226 27.6323 6
      vertex 52.2226 27.6323 2
    endloop
  endfacet
  facet normal 0.997859 0.0654031 0
    outer loop
      vertex 0 -3.4 6
      vertex -0.0273762 -2.98232 2
      vertex -0.0273762 -2.98232 6
    endloop
  endfacet
  facet normal 0.997859 0.0654031 0
    outer loop
      vertex -0.0273762 -2.98232 2
      vertex 0 -3.4 6
      vertex 0 -3.4 2
    endloop
  endfacet
  facet normal -0.997858 0.0654122 0
    outer loop
      vertex -6.4 -3.4 2
      vertex -6.37262 -2.98232 6
      vertex -6.37262 -2.98232 2
    endloop
  endfacet
  facet normal -0.997858 0.0654122 0
    outer loop
      vertex -6.37262 -2.98232 6
      vertex -6.4 -3.4 2
      vertex -6.4 -3.4 6
    endloop
  endfacet
  facet normal -0.0654027 0.997859 0
    outer loop
      vertex -3.2 -0.2 2
      vertex -3.61768 -0.227376 6
      vertex -3.2 -0.2 6
    endloop
  endfacet
  facet normal -0.0654027 0.997859 0
    outer loop
      vertex -3.61768 -0.227376 6
      vertex -3.2 -0.2 2
      vertex -3.61768 -0.227376 2
    endloop
  endfacet
  facet normal 0.659352 0.751834 -0
    outer loop
      vertex -0.937258 -1.13726 2
      vertex -1.25196 -0.861269 6
      vertex -0.937258 -1.13726 6
    endloop
  endfacet
  facet normal 0.659352 0.751834 0
    outer loop
      vertex -1.25196 -0.861269 6
      vertex -0.937258 -1.13726 2
      vertex -1.25196 -0.861269 2
    endloop
  endfacet
  facet normal -0.659355 0.751832 0
    outer loop
      vertex -5.14804 -0.861269 2
      vertex -5.46274 -1.13726 6
      vertex -5.14804 -0.861269 6
    endloop
  endfacet
  facet normal -0.659355 0.751832 0
    outer loop
      vertex -5.46274 -1.13726 6
      vertex -5.14804 -0.861269 2
      vertex -5.46274 -1.13726 2
    endloop
  endfacet
  facet normal -0.442291 0.896872 0
    outer loop
      vertex -4.42459 -0.443585 2
      vertex -4.8 -0.628718 6
      vertex -4.42459 -0.443585 6
    endloop
  endfacet
  facet normal -0.442291 0.896872 0
    outer loop
      vertex -4.8 -0.628718 6
      vertex -4.42459 -0.443585 2
      vertex -4.8 -0.628718 2
    endloop
  endfacet
  facet normal 0.896871 0.442293 0
    outer loop
      vertex -0.243585 -2.17541 6
      vertex -0.428719 -1.8 2
      vertex -0.428719 -1.8 6
    endloop
  endfacet
  facet normal 0.896871 0.442293 0
    outer loop
      vertex -0.428719 -1.8 2
      vertex -0.243585 -2.17541 6
      vertex -0.243585 -2.17541 2
    endloop
  endfacet
  facet normal 0.980786 0.195086 0
    outer loop
      vertex -0.0273762 -2.98232 6
      vertex -0.109036 -2.57178 2
      vertex -0.109036 -2.57178 6
    endloop
  endfacet
  facet normal 0.980786 0.195086 0
    outer loop
      vertex -0.109036 -2.57178 2
      vertex -0.0273762 -2.98232 6
      vertex -0.0273762 -2.98232 2
    endloop
  endfacet
  facet normal 0.321436 0.946931 -0
    outer loop
      vertex -1.97541 -0.443585 2
      vertex -2.37178 -0.309037 6
      vertex -1.97541 -0.443585 6
    endloop
  endfacet
  facet normal 0.321436 0.946931 0
    outer loop
      vertex -2.37178 -0.309037 6
      vertex -1.97541 -0.443585 2
      vertex -2.37178 -0.309037 2
    endloop
  endfacet
  facet normal 0.195089 0.980786 -0
    outer loop
      vertex -2.37178 -0.309037 2
      vertex -2.78232 -0.227376 6
      vertex -2.37178 -0.309037 6
    endloop
  endfacet
  facet normal 0.195089 0.980786 0
    outer loop
      vertex -2.78232 -0.227376 6
      vertex -2.37178 -0.309037 2
      vertex -2.78232 -0.227376 2
    endloop
  endfacet
  facet normal 0.555567 0.831472 -0
    outer loop
      vertex -1.25196 -0.861269 2
      vertex -1.6 -0.628718 6
      vertex -1.25196 -0.861269 6
    endloop
  endfacet
  facet normal 0.555567 0.831472 0
    outer loop
      vertex -1.6 -0.628718 6
      vertex -1.25196 -0.861269 2
      vertex -1.6 -0.628718 2
    endloop
  endfacet
  facet normal -0.896874 0.442285 0
    outer loop
      vertex -6.15641 -2.17541 2
      vertex -5.97128 -1.8 6
      vertex -5.97128 -1.8 2
    endloop
  endfacet
  facet normal -0.896874 0.442285 0
    outer loop
      vertex -5.97128 -1.8 6
      vertex -6.15641 -2.17541 2
      vertex -6.15641 -2.17541 6
    endloop
  endfacet
  facet normal -0.831473 0.555565 0
    outer loop
      vertex -5.97128 -1.8 2
      vertex -5.73873 -1.45196 6
      vertex -5.73873 -1.45196 2
    endloop
  endfacet
  facet normal -0.831473 0.555565 0
    outer loop
      vertex -5.73873 -1.45196 6
      vertex -5.97128 -1.8 2
      vertex -5.97128 -1.8 6
    endloop
  endfacet
  facet normal -0.980786 0.195087 0
    outer loop
      vertex -6.37262 -2.98232 2
      vertex -6.29096 -2.57178 6
      vertex -6.29096 -2.57178 2
    endloop
  endfacet
  facet normal -0.980786 0.195087 0
    outer loop
      vertex -6.29096 -2.57178 6
      vertex -6.37262 -2.98232 2
      vertex -6.37262 -2.98232 6
    endloop
  endfacet
  facet normal -0.555567 0.831472 0
    outer loop
      vertex -4.8 -0.628718 2
      vertex -5.14804 -0.861269 6
      vertex -4.8 -0.628718 6
    endloop
  endfacet
  facet normal -0.555567 0.831472 0
    outer loop
      vertex -5.14804 -0.861269 6
      vertex -4.8 -0.628718 2
      vertex -5.14804 -0.861269 2
    endloop
  endfacet
  facet normal -0.195089 0.980786 0
    outer loop
      vertex -3.61768 -0.227376 2
      vertex -4.02822 -0.309037 6
      vertex -3.61768 -0.227376 6
    endloop
  endfacet
  facet normal -0.195089 0.980786 0
    outer loop
      vertex -4.02822 -0.309037 6
      vertex -3.61768 -0.227376 2
      vertex -4.02822 -0.309037 2
    endloop
  endfacet
  facet normal -0.195087 -0.980786 0
    outer loop
      vertex -4.02822 -6.49096 2
      vertex -3.61768 -6.57262 6
      vertex -4.02822 -6.49096 6
    endloop
  endfacet
  facet normal -0.195087 -0.980786 -0
    outer loop
      vertex -3.61768 -6.57262 6
      vertex -4.02822 -6.49096 2
      vertex -3.61768 -6.57262 2
    endloop
  endfacet
  facet normal 0.195087 -0.980786 0
    outer loop
      vertex -2.78232 -6.57262 2
      vertex -2.37178 -6.49096 6
      vertex -2.78232 -6.57262 6
    endloop
  endfacet
  facet normal 0.195087 -0.980786 0
    outer loop
      vertex -2.37178 -6.49096 6
      vertex -2.78232 -6.57262 2
      vertex -2.37178 -6.49096 2
    endloop
  endfacet
  facet normal 0.94693 0.321438 0
    outer loop
      vertex -0.109036 -2.57178 6
      vertex -0.243585 -2.17541 2
      vertex -0.243585 -2.17541 6
    endloop
  endfacet
  facet normal 0.94693 0.321438 0
    outer loop
      vertex -0.243585 -2.17541 2
      vertex -0.109036 -2.57178 6
      vertex -0.109036 -2.57178 2
    endloop
  endfacet
  facet normal 0.751834 0.659352 0
    outer loop
      vertex -0.661269 -1.45196 6
      vertex -0.937258 -1.13726 2
      vertex -0.937258 -1.13726 6
    endloop
  endfacet
  facet normal 0.751834 0.659352 0
    outer loop
      vertex -0.937258 -1.13726 2
      vertex -0.661269 -1.45196 6
      vertex -0.661269 -1.45196 2
    endloop
  endfacet
  facet normal 0.831473 0.555565 0
    outer loop
      vertex -0.428719 -1.8 6
      vertex -0.661269 -1.45196 2
      vertex -0.661269 -1.45196 6
    endloop
  endfacet
  facet normal 0.831473 0.555565 0
    outer loop
      vertex -0.661269 -1.45196 2
      vertex -0.428719 -1.8 6
      vertex -0.428719 -1.8 2
    endloop
  endfacet
  facet normal 0.0654027 0.997859 -0
    outer loop
      vertex -2.78232 -0.227376 2
      vertex -3.2 -0.2 6
      vertex -2.78232 -0.227376 6
    endloop
  endfacet
  facet normal 0.0654027 0.997859 0
    outer loop
      vertex -3.2 -0.2 6
      vertex -2.78232 -0.227376 2
      vertex -3.2 -0.2 2
    endloop
  endfacet
  facet normal 0 0 1
    outer loop
      vertex -1.5 -3.4 6
      vertex 0 -3.4 6
      vertex -0.0273762 -2.98232 6
    endloop
  endfacet
  facet normal 0 0 1
    outer loop
      vertex -1.51454 -3.17811 6
      vertex -0.0273762 -2.98232 6
      vertex -0.109036 -2.57178 6
    endloop
  endfacet
  facet normal 0 0 1
    outer loop
      vertex 0 -3.4 6
      vertex -1.5 -3.4 6
      vertex -0.0273762 -3.81768 6
    endloop
  endfacet
  facet normal 0 0 1
    outer loop
      vertex -1.55793 -2.96001 6
      vertex -0.109036 -2.57178 6
      vertex -0.243585 -2.17541 6
    endloop
  endfacet
  facet normal -0 0 1
    outer loop
      vertex -1.51454 -3.62189 6
      vertex -0.0273762 -3.81768 6
      vertex -1.5 -3.4 6
    endloop
  endfacet
  facet normal 0 0 1
    outer loop
      vertex -1.6294 -2.74944 6
      vertex -0.243585 -2.17541 6
      vertex -0.428719 -1.8 6
    endloop
  endfacet
  facet normal 0 0 1
    outer loop
      vertex -0.0273762 -3.81768 6
      vertex -1.51454 -3.62189 6
      vertex -0.109036 -4.22822 6
    endloop
  endfacet
  facet normal 0 0 1
    outer loop
      vertex -1.72776 -2.55 6
      vertex -0.428719 -1.8 6
      vertex -0.661269 -1.45196 6
    endloop
  endfacet
  facet normal -0 0 1
    outer loop
      vertex -1.55793 -3.83999 6
      vertex -0.109036 -4.22822 6
      vertex -1.51454 -3.62189 6
    endloop
  endfacet
  facet normal 0 0 1
    outer loop
      vertex -1.8513 -2.3651 6
      vertex -0.661269 -1.45196 6
      vertex -0.937258 -1.13726 6
    endloop
  endfacet
  facet normal 0 0 1
    outer loop
      vertex -0.109036 -4.22822 6
      vertex -1.55793 -3.83999 6
      vertex -0.243585 -4.62459 6
    endloop
  endfacet
  facet normal 0 0 1
    outer loop
      vertex -1.99792 -2.19792 6
      vertex -0.937258 -1.13726 6
      vertex -1.25196 -0.861269 6
    endloop
  endfacet
  facet normal -0 0 1
    outer loop
      vertex -1.6294 -4.05056 6
      vertex -0.243585 -4.62459 6
      vertex -1.55793 -3.83999 6
    endloop
  endfacet
  facet normal 0 0 1
    outer loop
      vertex -0.243585 -4.62459 6
      vertex -1.6294 -4.05056 6
      vertex -0.428719 -5 6
    endloop
  endfacet
  facet normal 0 0 1
    outer loop
      vertex -0.0273762 -2.98232 6
      vertex -1.51454 -3.17811 6
      vertex -1.5 -3.4 6
    endloop
  endfacet
  facet normal 0 0 1
    outer loop
      vertex -0.109036 -2.57178 6
      vertex -1.55793 -2.96001 6
      vertex -1.51454 -3.17811 6
    endloop
  endfacet
  facet normal 0 0 1
    outer loop
      vertex -2.1651 -2.0513 6
      vertex -1.25196 -0.861269 6
      vertex -1.6 -0.628718 6
    endloop
  endfacet
  facet normal 0 0 1
    outer loop
      vertex -0.243585 -2.17541 6
      vertex -1.6294 -2.74944 6
      vertex -1.55793 -2.96001 6
    endloop
  endfacet
  facet normal 0 0 1
    outer loop
      vertex -0.428719 -1.8 6
      vertex -1.72776 -2.55 6
      vertex -1.6294 -2.74944 6
    endloop
  endfacet
  facet normal 0 0 1
    outer loop
      vertex -0.661269 -1.45196 6
      vertex -1.8513 -2.3651 6
      vertex -1.72776 -2.55 6
    endloop
  endfacet
  facet normal 0 0 1
    outer loop
      vertex -2.35 -1.92776 6
      vertex -1.6 -0.628718 6
      vertex -1.97541 -0.443585 6
    endloop
  endfacet
  facet normal 0 0 1
    outer loop
      vertex -0.937258 -1.13726 6
      vertex -1.99792 -2.19792 6
      vertex -1.8513 -2.3651 6
    endloop
  endfacet
  facet normal 0 0 1
    outer loop
      vertex -1.25196 -0.861269 6
      vertex -2.1651 -2.0513 6
      vertex -1.99792 -2.19792 6
    endloop
  endfacet
  facet normal 0 0 1
    outer loop
      vertex -1.6 -0.628718 6
      vertex -2.35 -1.92776 6
      vertex -2.1651 -2.0513 6
    endloop
  endfacet
  facet normal 0 0 1
    outer loop
      vertex -2.54944 -1.8294 6
      vertex -1.97541 -0.443585 6
      vertex -2.37178 -0.309037 6
    endloop
  endfacet
  facet normal 0 0 1
    outer loop
      vertex -1.97541 -0.443585 6
      vertex -2.54944 -1.8294 6
      vertex -2.35 -1.92776 6
    endloop
  endfacet
  facet normal 0 0 1
    outer loop
      vertex -2.37178 -0.309037 6
      vertex -2.76001 -1.75793 6
      vertex -2.54944 -1.8294 6
    endloop
  endfacet
  facet normal 0 0 1
    outer loop
      vertex -2.78232 -0.227376 6
      vertex -2.76001 -1.75793 6
      vertex -2.37178 -0.309037 6
    endloop
  endfacet
  facet normal 0 0 1
    outer loop
      vertex -2.78232 -0.227376 6
      vertex -2.9781 -1.71454 6
      vertex -2.76001 -1.75793 6
    endloop
  endfacet
  facet normal 0 0 1
    outer loop
      vertex -3.2 -0.2 6
      vertex -2.9781 -1.71454 6
      vertex -2.78232 -0.227376 6
    endloop
  endfacet
  facet normal 0 0 1
    outer loop
      vertex -3.2 -0.2 6
      vertex -3.2 -1.7 6
      vertex -2.9781 -1.71454 6
    endloop
  endfacet
  facet normal 0 0 1
    outer loop
      vertex -3.2 -0.2 6
      vertex -3.42189 -1.71454 6
      vertex -3.2 -1.7 6
    endloop
  endfacet
  facet normal -0 0 1
    outer loop
      vertex -3.61768 -0.227376 6
      vertex -3.42189 -1.71454 6
      vertex -3.2 -0.2 6
    endloop
  endfacet
  facet normal 0 0 1
    outer loop
      vertex -3.61768 -0.227376 6
      vertex -3.63999 -1.75793 6
      vertex -3.42189 -1.71454 6
    endloop
  endfacet
  facet normal -0 0 1
    outer loop
      vertex -4.02822 -0.309037 6
      vertex -3.63999 -1.75793 6
      vertex -3.61768 -0.227376 6
    endloop
  endfacet
  facet normal 0 0 1
    outer loop
      vertex -3.63999 -1.75793 6
      vertex -4.02822 -0.309037 6
      vertex -3.85056 -1.8294 6
    endloop
  endfacet
  facet normal -0 0 1
    outer loop
      vertex -4.42459 -0.443585 6
      vertex -3.85056 -1.8294 6
      vertex -4.02822 -0.309037 6
    endloop
  endfacet
  facet normal 0 0 1
    outer loop
      vertex -3.85056 -1.8294 6
      vertex -4.42459 -0.443585 6
      vertex -4.05 -1.92776 6
    endloop
  endfacet
  facet normal -0 0 1
    outer loop
      vertex -4.8 -0.628718 6
      vertex -4.05 -1.92776 6
      vertex -4.42459 -0.443585 6
    endloop
  endfacet
  facet normal 0 0 1
    outer loop
      vertex -4.05 -1.92776 6
      vertex -4.8 -0.628718 6
      vertex -4.23489 -2.0513 6
    endloop
  endfacet
  facet normal -0 0 1
    outer loop
      vertex -5.14804 -0.861269 6
      vertex -4.23489 -2.0513 6
      vertex -4.8 -0.628718 6
    endloop
  endfacet
  facet normal 0 0 1
    outer loop
      vertex -4.23489 -2.0513 6
      vertex -5.14804 -0.861269 6
      vertex -4.40208 -2.19792 6
    endloop
  endfacet
  facet normal -0 0 1
    outer loop
      vertex -5.46274 -1.13726 6
      vertex -4.40208 -2.19792 6
      vertex -5.14804 -0.861269 6
    endloop
  endfacet
  facet normal 0 0 1
    outer loop
      vertex -4.40208 -2.19792 6
      vertex -5.46274 -1.13726 6
      vertex -4.5487 -2.3651 6
    endloop
  endfacet
  facet normal -0 0 1
    outer loop
      vertex -5.73873 -1.45196 6
      vertex -4.5487 -2.3651 6
      vertex -5.46274 -1.13726 6
    endloop
  endfacet
  facet normal 0 0 1
    outer loop
      vertex -4.5487 -2.3651 6
      vertex -5.73873 -1.45196 6
      vertex -4.67224 -2.55 6
    endloop
  endfacet
  facet normal -0 0 1
    outer loop
      vertex -5.97128 -1.8 6
      vertex -4.67224 -2.55 6
      vertex -5.73873 -1.45196 6
    endloop
  endfacet
  facet normal 0 0 1
    outer loop
      vertex -4.67224 -2.55 6
      vertex -5.97128 -1.8 6
      vertex -4.77059 -2.74944 6
    endloop
  endfacet
  facet normal -0 0 1
    outer loop
      vertex -1.72776 -4.25 6
      vertex -0.428719 -5 6
      vertex -1.6294 -4.05056 6
    endloop
  endfacet
  facet normal 0 0 1
    outer loop
      vertex -0.428719 -5 6
      vertex -1.72776 -4.25 6
      vertex -0.661269 -5.34804 6
    endloop
  endfacet
  facet normal -0 0 1
    outer loop
      vertex -1.8513 -4.43489 6
      vertex -0.661269 -5.34804 6
      vertex -1.72776 -4.25 6
    endloop
  endfacet
  facet normal 0 0 1
    outer loop
      vertex -0.661269 -5.34804 6
      vertex -1.8513 -4.43489 6
      vertex -0.937258 -5.66274 6
    endloop
  endfacet
  facet normal -0 0 1
    outer loop
      vertex -1.99792 -4.60208 6
      vertex -0.937258 -5.66274 6
      vertex -1.8513 -4.43489 6
    endloop
  endfacet
  facet normal 0 0 1
    outer loop
      vertex -0.937258 -5.66274 6
      vertex -1.99792 -4.60208 6
      vertex -1.25196 -5.93873 6
    endloop
  endfacet
  facet normal -0 0 1
    outer loop
      vertex -2.1651 -4.7487 6
      vertex -1.25196 -5.93873 6
      vertex -1.99792 -4.60208 6
    endloop
  endfacet
  facet normal 0 0 1
    outer loop
      vertex -1.25196 -5.93873 6
      vertex -2.1651 -4.7487 6
      vertex -1.6 -6.17128 6
    endloop
  endfacet
  facet normal -0 0 1
    outer loop
      vertex -2.35 -4.87224 6
      vertex -1.6 -6.17128 6
      vertex -2.1651 -4.7487 6
    endloop
  endfacet
  facet normal 0 0 1
    outer loop
      vertex -1.6 -6.17128 6
      vertex -2.35 -4.87224 6
      vertex -1.97541 -6.35641 6
    endloop
  endfacet
  facet normal -0 0 1
    outer loop
      vertex -2.54944 -4.97059 6
      vertex -1.97541 -6.35641 6
      vertex -2.35 -4.87224 6
    endloop
  endfacet
  facet normal 0 0 1
    outer loop
      vertex -1.97541 -6.35641 6
      vertex -2.54944 -4.97059 6
      vertex -2.37178 -6.49096 6
    endloop
  endfacet
  facet normal -0 0 1
    outer loop
      vertex -2.76001 -5.04207 6
      vertex -2.37178 -6.49096 6
      vertex -2.54944 -4.97059 6
    endloop
  endfacet
  facet normal 0 0 1
    outer loop
      vertex -2.76001 -5.04207 6
      vertex -2.78232 -6.57262 6
      vertex -2.37178 -6.49096 6
    endloop
  endfacet
  facet normal -0 0 1
    outer loop
      vertex -2.9781 -5.08546 6
      vertex -2.78232 -6.57262 6
      vertex -2.76001 -5.04207 6
    endloop
  endfacet
  facet normal -0 0 1
    outer loop
      vertex -3.2 -5.1 6
      vertex -2.78232 -6.57262 6
      vertex -2.9781 -5.08546 6
    endloop
  endfacet
  facet normal 0 0 1
    outer loop
      vertex -3.2 -5.1 6
      vertex -3.2 -6.6 6
      vertex -2.78232 -6.57262 6
    endloop
  endfacet
  facet normal 0 0 1
    outer loop
      vertex -3.42189 -5.08546 6
      vertex -3.2 -6.6 6
      vertex -3.2 -5.1 6
    endloop
  endfacet
  facet normal 0 0 1
    outer loop
      vertex -3.42189 -5.08546 6
      vertex -3.61768 -6.57262 6
      vertex -3.2 -6.6 6
    endloop
  endfacet
  facet normal 0 0 1
    outer loop
      vertex -3.63999 -5.04207 6
      vertex -3.61768 -6.57262 6
      vertex -3.42189 -5.08546 6
    endloop
  endfacet
  facet normal 0 0 1
    outer loop
      vertex -4.02822 -6.49096 6
      vertex -3.63999 -5.04207 6
      vertex -3.85056 -4.97059 6
    endloop
  endfacet
  facet normal 0 0 1
    outer loop
      vertex -3.63999 -5.04207 6
      vertex -4.02822 -6.49096 6
      vertex -3.61768 -6.57262 6
    endloop
  endfacet
  facet normal 0 0 1
    outer loop
      vertex -4.42459 -6.35641 6
      vertex -3.85056 -4.97059 6
      vertex -4.05 -4.87224 6
    endloop
  endfacet
  facet normal 0 0 1
    outer loop
      vertex -4.8 -6.17128 6
      vertex -4.05 -4.87224 6
      vertex -4.23489 -4.7487 6
    endloop
  endfacet
  facet normal 0 0 1
    outer loop
      vertex -5.14804 -5.93873 6
      vertex -4.23489 -4.7487 6
      vertex -4.40208 -4.60208 6
    endloop
  endfacet
  facet normal 0 0 1
    outer loop
      vertex -3.85056 -4.97059 6
      vertex -4.42459 -6.35641 6
      vertex -4.02822 -6.49096 6
    endloop
  endfacet
  facet normal 0 0 1
    outer loop
      vertex -5.46274 -5.66274 6
      vertex -4.40208 -4.60208 6
      vertex -4.5487 -4.43489 6
    endloop
  endfacet
  facet normal 0 0 1
    outer loop
      vertex -5.73873 -5.34804 6
      vertex -4.5487 -4.43489 6
      vertex -4.67224 -4.25 6
    endloop
  endfacet
  facet normal 0 0 1
    outer loop
      vertex -5.97128 -5 6
      vertex -4.67224 -4.25 6
      vertex -4.77059 -4.05056 6
    endloop
  endfacet
  facet normal 0 0 1
    outer loop
      vertex -4.05 -4.87224 6
      vertex -4.8 -6.17128 6
      vertex -4.42459 -6.35641 6
    endloop
  endfacet
  facet normal 0 0 1
    outer loop
      vertex -6.15641 -4.62459 6
      vertex -4.77059 -4.05056 6
      vertex -4.84207 -3.83999 6
    endloop
  endfacet
  facet normal 0 0 1
    outer loop
      vertex -6.29096 -4.22822 6
      vertex -4.84207 -3.83999 6
      vertex -4.88546 -3.62189 6
    endloop
  endfacet
  facet normal 0 0 1
    outer loop
      vertex -6.37262 -3.81768 6
      vertex -4.88546 -3.62189 6
      vertex -4.9 -3.4 6
    endloop
  endfacet
  facet normal -0 0 1
    outer loop
      vertex -6.15641 -2.17541 6
      vertex -4.77059 -2.74944 6
      vertex -5.97128 -1.8 6
    endloop
  endfacet
  facet normal 0 0 1
    outer loop
      vertex -4.23489 -4.7487 6
      vertex -5.14804 -5.93873 6
      vertex -4.8 -6.17128 6
    endloop
  endfacet
  facet normal 0 0 1
    outer loop
      vertex -4.77059 -2.74944 6
      vertex -6.15641 -2.17541 6
      vertex -4.84207 -2.96001 6
    endloop
  endfacet
  facet normal 0 0 1
    outer loop
      vertex -4.40208 -4.60208 6
      vertex -5.46274 -5.66274 6
      vertex -5.14804 -5.93873 6
    endloop
  endfacet
  facet normal -0 0 1
    outer loop
      vertex -6.29096 -2.57178 6
      vertex -4.84207 -2.96001 6
      vertex -6.15641 -2.17541 6
    endloop
  endfacet
  facet normal 0 0 1
    outer loop
      vertex -4.5487 -4.43489 6
      vertex -5.73873 -5.34804 6
      vertex -5.46274 -5.66274 6
    endloop
  endfacet
  facet normal 0 0 1
    outer loop
      vertex -4.84207 -2.96001 6
      vertex -6.29096 -2.57178 6
      vertex -4.88546 -3.17811 6
    endloop
  endfacet
  facet normal 0 0 1
    outer loop
      vertex -4.67224 -4.25 6
      vertex -5.97128 -5 6
      vertex -5.73873 -5.34804 6
    endloop
  endfacet
  facet normal -0 0 1
    outer loop
      vertex -6.37262 -2.98232 6
      vertex -4.88546 -3.17811 6
      vertex -6.29096 -2.57178 6
    endloop
  endfacet
  facet normal 0 0 1
    outer loop
      vertex -4.77059 -4.05056 6
      vertex -6.15641 -4.62459 6
      vertex -5.97128 -5 6
    endloop
  endfacet
  facet normal 0 0 1
    outer loop
      vertex -4.88546 -3.17811 6
      vertex -6.37262 -2.98232 6
      vertex -4.9 -3.4 6
    endloop
  endfacet
  facet normal 0 0 1
    outer loop
      vertex -4.84207 -3.83999 6
      vertex -6.29096 -4.22822 6
      vertex -6.15641 -4.62459 6
    endloop
  endfacet
  facet normal 0 0 1
    outer loop
      vertex -6.4 -3.4 6
      vertex -4.9 -3.4 6
      vertex -6.37262 -2.98232 6
    endloop
  endfacet
  facet normal 0 0 1
    outer loop
      vertex -4.88546 -3.62189 6
      vertex -6.37262 -3.81768 6
      vertex -6.29096 -4.22822 6
    endloop
  endfacet
  facet normal 0 0 1
    outer loop
      vertex -4.9 -3.4 6
      vertex -6.4 -3.4 6
      vertex -6.37262 -3.81768 6
    endloop
  endfacet
  facet normal -0.321436 0.946931 0
    outer loop
      vertex -4.02822 -0.309037 2
      vertex -4.42459 -0.443585 6
      vertex -4.02822 -0.309037 6
    endloop
  endfacet
  facet normal -0.321436 0.946931 0
    outer loop
      vertex -4.42459 -0.443585 6
      vertex -4.02822 -0.309037 2
      vertex -4.42459 -0.443585 2
    endloop
  endfacet
  facet normal 0.997859 -0.0654031 0
    outer loop
      vertex -0.0273762 -3.81768 6
      vertex 0 -3.4 2
      vertex 0 -3.4 6
    endloop
  endfacet
  facet normal 0.997859 -0.0654031 0
    outer loop
      vertex 0 -3.4 2
      vertex -0.0273762 -3.81768 6
      vertex -0.0273762 -3.81768 2
    endloop
  endfacet
  facet normal -0.0654122 -0.997858 0
    outer loop
      vertex -3.61768 -6.57262 2
      vertex -3.2 -6.6 6
      vertex -3.61768 -6.57262 6
    endloop
  endfacet
  facet normal -0.0654122 -0.997858 -0
    outer loop
      vertex -3.2 -6.6 6
      vertex -3.61768 -6.57262 2
      vertex -3.2 -6.6 2
    endloop
  endfacet
  facet normal -0.831473 -0.555565 0
    outer loop
      vertex -5.73873 -5.34804 2
      vertex -5.97128 -5 6
      vertex -5.97128 -5 2
    endloop
  endfacet
  facet normal -0.831473 -0.555565 0
    outer loop
      vertex -5.97128 -5 6
      vertex -5.73873 -5.34804 2
      vertex -5.73873 -5.34804 6
    endloop
  endfacet
  facet normal -0.896874 -0.442285 0
    outer loop
      vertex -5.97128 -5 2
      vertex -6.15641 -4.62459 6
      vertex -6.15641 -4.62459 2
    endloop
  endfacet
  facet normal -0.896874 -0.442285 0
    outer loop
      vertex -6.15641 -4.62459 6
      vertex -5.97128 -5 2
      vertex -5.97128 -5 6
    endloop
  endfacet
  facet normal -0.997858 -0.0654122 0
    outer loop
      vertex -6.37262 -3.81768 2
      vertex -6.4 -3.4 6
      vertex -6.4 -3.4 2
    endloop
  endfacet
  facet normal -0.997858 -0.0654122 0
    outer loop
      vertex -6.4 -3.4 6
      vertex -6.37262 -3.81768 2
      vertex -6.37262 -3.81768 6
    endloop
  endfacet
  facet normal -0.94693 -0.321441 0
    outer loop
      vertex -6.15641 -4.62459 2
      vertex -6.29096 -4.22822 6
      vertex -6.29096 -4.22822 2
    endloop
  endfacet
  facet normal -0.94693 -0.321441 0
    outer loop
      vertex -6.29096 -4.22822 6
      vertex -6.15641 -4.62459 2
      vertex -6.15641 -4.62459 6
    endloop
  endfacet
  facet normal 0.442285 -0.896874 0
    outer loop
      vertex -1.97541 -6.35641 2
      vertex -1.6 -6.17128 6
      vertex -1.97541 -6.35641 6
    endloop
  endfacet
  facet normal 0.442285 -0.896874 0
    outer loop
      vertex -1.6 -6.17128 6
      vertex -1.97541 -6.35641 2
      vertex -1.6 -6.17128 2
    endloop
  endfacet
  facet normal 0.321441 -0.94693 0
    outer loop
      vertex -2.37178 -6.49096 2
      vertex -1.97541 -6.35641 6
      vertex -2.37178 -6.49096 6
    endloop
  endfacet
  facet normal 0.321441 -0.94693 0
    outer loop
      vertex -1.97541 -6.35641 6
      vertex -2.37178 -6.49096 2
      vertex -1.97541 -6.35641 2
    endloop
  endfacet
  facet normal 0.442291 0.896872 -0
    outer loop
      vertex -1.6 -0.628718 2
      vertex -1.97541 -0.443585 6
      vertex -1.6 -0.628718 6
    endloop
  endfacet
  facet normal 0.442291 0.896872 0
    outer loop
      vertex -1.97541 -0.443585 6
      vertex -1.6 -0.628718 2
      vertex -1.97541 -0.443585 2
    endloop
  endfacet
  facet normal -0.751833 0.659353 0
    outer loop
      vertex -5.73873 -1.45196 2
      vertex -5.46274 -1.13726 6
      vertex -5.46274 -1.13726 2
    endloop
  endfacet
  facet normal -0.751833 0.659353 0
    outer loop
      vertex -5.46274 -1.13726 6
      vertex -5.73873 -1.45196 2
      vertex -5.73873 -1.45196 6
    endloop
  endfacet
  facet normal -0.94693 0.321441 0
    outer loop
      vertex -6.29096 -2.57178 2
      vertex -6.15641 -2.17541 6
      vertex -6.15641 -2.17541 2
    endloop
  endfacet
  facet normal -0.94693 0.321441 0
    outer loop
      vertex -6.15641 -2.17541 6
      vertex -6.29096 -2.57178 2
      vertex -6.29096 -2.57178 6
    endloop
  endfacet
  facet normal 0.980786 -0.195086 0
    outer loop
      vertex -0.109036 -4.22822 6
      vertex -0.0273762 -3.81768 2
      vertex -0.0273762 -3.81768 6
    endloop
  endfacet
  facet normal 0.980786 -0.195086 0
    outer loop
      vertex -0.0273762 -3.81768 2
      vertex -0.109036 -4.22822 6
      vertex -0.109036 -4.22822 2
    endloop
  endfacet
  facet normal 0.831473 -0.555565 0
    outer loop
      vertex -0.661269 -5.34804 6
      vertex -0.428719 -5 2
      vertex -0.428719 -5 6
    endloop
  endfacet
  facet normal 0.831473 -0.555565 0
    outer loop
      vertex -0.428719 -5 2
      vertex -0.661269 -5.34804 6
      vertex -0.661269 -5.34804 2
    endloop
  endfacet
  facet normal 0.555565 -0.831473 0
    outer loop
      vertex -1.6 -6.17128 2
      vertex -1.25196 -5.93873 6
      vertex -1.6 -6.17128 6
    endloop
  endfacet
  facet normal 0.555565 -0.831473 0
    outer loop
      vertex -1.25196 -5.93873 6
      vertex -1.6 -6.17128 2
      vertex -1.25196 -5.93873 2
    endloop
  endfacet
  facet normal 0.751834 -0.659352 0
    outer loop
      vertex -0.937258 -5.66274 6
      vertex -0.661269 -5.34804 2
      vertex -0.661269 -5.34804 6
    endloop
  endfacet
  facet normal 0.751834 -0.659352 0
    outer loop
      vertex -0.661269 -5.34804 2
      vertex -0.937258 -5.66274 6
      vertex -0.937258 -5.66274 2
    endloop
  endfacet
  facet normal 0.896871 -0.442293 0
    outer loop
      vertex -0.428719 -5 6
      vertex -0.243585 -4.62459 2
      vertex -0.243585 -4.62459 6
    endloop
  endfacet
  facet normal 0.896871 -0.442293 0
    outer loop
      vertex -0.243585 -4.62459 2
      vertex -0.428719 -5 6
      vertex -0.428719 -5 2
    endloop
  endfacet
  facet normal -0.321441 -0.94693 0
    outer loop
      vertex -4.42459 -6.35641 2
      vertex -4.02822 -6.49096 6
      vertex -4.42459 -6.35641 6
    endloop
  endfacet
  facet normal -0.321441 -0.94693 -0
    outer loop
      vertex -4.02822 -6.49096 6
      vertex -4.42459 -6.35641 2
      vertex -4.02822 -6.49096 2
    endloop
  endfacet
  facet normal -0.980786 -0.195087 0
    outer loop
      vertex -6.29096 -4.22822 2
      vertex -6.37262 -3.81768 6
      vertex -6.37262 -3.81768 2
    endloop
  endfacet
  facet normal -0.980786 -0.195087 0
    outer loop
      vertex -6.37262 -3.81768 6
      vertex -6.29096 -4.22822 2
      vertex -6.29096 -4.22822 6
    endloop
  endfacet
  facet normal 0.659351 -0.751835 0
    outer loop
      vertex -1.25196 -5.93873 2
      vertex -0.937258 -5.66274 6
      vertex -1.25196 -5.93873 6
    endloop
  endfacet
  facet normal 0.659351 -0.751835 0
    outer loop
      vertex -0.937258 -5.66274 6
      vertex -1.25196 -5.93873 2
      vertex -0.937258 -5.66274 2
    endloop
  endfacet
  facet normal 0.94693 -0.321438 0
    outer loop
      vertex -0.243585 -4.62459 6
      vertex -0.109036 -4.22822 2
      vertex -0.109036 -4.22822 6
    endloop
  endfacet
  facet normal 0.94693 -0.321438 0
    outer loop
      vertex -0.109036 -4.22822 2
      vertex -0.243585 -4.62459 6
      vertex -0.243585 -4.62459 2
    endloop
  endfacet
  facet normal 0.0654122 -0.997858 0
    outer loop
      vertex -3.2 -6.6 2
      vertex -2.78232 -6.57262 6
      vertex -3.2 -6.6 6
    endloop
  endfacet
  facet normal 0.0654122 -0.997858 0
    outer loop
      vertex -2.78232 -6.57262 6
      vertex -3.2 -6.6 2
      vertex -2.78232 -6.57262 2
    endloop
  endfacet
  facet normal -0.555565 -0.831473 0
    outer loop
      vertex -5.14804 -5.93873 2
      vertex -4.8 -6.17128 6
      vertex -5.14804 -5.93873 6
    endloop
  endfacet
  facet normal -0.555565 -0.831473 -0
    outer loop
      vertex -4.8 -6.17128 6
      vertex -5.14804 -5.93873 2
      vertex -4.8 -6.17128 2
    endloop
  endfacet
  facet normal -0.751833 -0.659353 0
    outer loop
      vertex -5.46274 -5.66274 2
      vertex -5.73873 -5.34804 6
      vertex -5.73873 -5.34804 2
    endloop
  endfacet
  facet normal -0.751833 -0.659353 0
    outer loop
      vertex -5.73873 -5.34804 6
      vertex -5.46274 -5.66274 2
      vertex -5.46274 -5.66274 6
    endloop
  endfacet
  facet normal -0.442285 -0.896874 0
    outer loop
      vertex -4.8 -6.17128 2
      vertex -4.42459 -6.35641 6
      vertex -4.8 -6.17128 6
    endloop
  endfacet
  facet normal -0.442285 -0.896874 -0
    outer loop
      vertex -4.42459 -6.35641 6
      vertex -4.8 -6.17128 2
      vertex -4.42459 -6.35641 2
    endloop
  endfacet
  facet normal -0.659353 -0.751833 0
    outer loop
      vertex -5.46274 -5.66274 2
      vertex -5.14804 -5.93873 6
      vertex -5.46274 -5.66274 6
    endloop
  endfacet
  facet normal -0.659353 -0.751833 -0
    outer loop
      vertex -5.14804 -5.93873 6
      vertex -5.46274 -5.66274 2
      vertex -5.14804 -5.93873 2
    endloop
  endfacet
  facet normal 0.997859 0.0654 0
    outer loop
      vertex 0 35.2 6
      vertex -0.0273762 35.6177 2
      vertex -0.0273762 35.6177 6
    endloop
  endfacet
  facet normal 0.997859 0.0654 0
    outer loop
      vertex -0.0273762 35.6177 2
      vertex 0 35.2 6
      vertex 0 35.2 2
    endloop
  endfacet
  facet normal -0.0654598 0.997855 0
    outer loop
      vertex -3.2 38.4 2
      vertex -3.61768 38.3726 6
      vertex -3.2 38.4 6
    endloop
  endfacet
  facet normal -0.0654598 0.997855 0
    outer loop
      vertex -3.61768 38.3726 6
      vertex -3.2 38.4 2
      vertex -3.61768 38.3726 2
    endloop
  endfacet
  facet normal 0.659364 0.751824 -0
    outer loop
      vertex -0.937258 37.4627 2
      vertex -1.25196 37.7387 6
      vertex -0.937258 37.4627 6
    endloop
  endfacet
  facet normal 0.659364 0.751824 0
    outer loop
      vertex -1.25196 37.7387 6
      vertex -0.937258 37.4627 2
      vertex -1.25196 37.7387 2
    endloop
  endfacet
  facet normal -0.751833 0.659353 0
    outer loop
      vertex -5.73873 37.148 2
      vertex -5.46274 37.4627 6
      vertex -5.46274 37.4627 2
    endloop
  endfacet
  facet normal -0.751833 0.659353 0
    outer loop
      vertex -5.46274 37.4627 6
      vertex -5.73873 37.148 2
      vertex -5.73873 37.148 6
    endloop
  endfacet
  facet normal -0.442228 0.896903 0
    outer loop
      vertex -4.42459 38.1564 2
      vertex -4.8 37.9713 6
      vertex -4.42459 38.1564 6
    endloop
  endfacet
  facet normal -0.442228 0.896903 0
    outer loop
      vertex -4.8 37.9713 6
      vertex -4.42459 38.1564 2
      vertex -4.8 37.9713 2
    endloop
  endfacet
  facet normal 0.896866 0.442303 0
    outer loop
      vertex -0.243585 36.4246 6
      vertex -0.428719 36.8 2
      vertex -0.428719 36.8 6
    endloop
  endfacet
  facet normal 0.896866 0.442303 0
    outer loop
      vertex -0.428719 36.8 2
      vertex -0.243585 36.4246 6
      vertex -0.243585 36.4246 2
    endloop
  endfacet
  facet normal 0.831443 0.55561 0
    outer loop
      vertex -0.428719 36.8 6
      vertex -0.661269 37.148 2
      vertex -0.661269 37.148 6
    endloop
  endfacet
  facet normal 0.831443 0.55561 0
    outer loop
      vertex -0.661269 37.148 2
      vertex -0.428719 36.8 6
      vertex -0.428719 36.8 2
    endloop
  endfacet
  facet normal 0.321548 0.946893 -0
    outer loop
      vertex -1.97541 38.1564 2
      vertex -2.37178 38.291 6
      vertex -1.97541 38.1564 6
    endloop
  endfacet
  facet normal 0.321548 0.946893 0
    outer loop
      vertex -2.37178 38.291 6
      vertex -1.97541 38.1564 2
      vertex -2.37178 38.291 2
    endloop
  endfacet
  facet normal 0.194949 0.980813 -0
    outer loop
      vertex -2.37178 38.291 2
      vertex -2.78232 38.3726 6
      vertex -2.37178 38.291 6
    endloop
  endfacet
  facet normal 0.194949 0.980813 0
    outer loop
      vertex -2.78232 38.3726 6
      vertex -2.37178 38.291 2
      vertex -2.78232 38.3726 2
    endloop
  endfacet
  facet normal 0.555648 0.831418 -0
    outer loop
      vertex -1.25196 37.7387 2
      vertex -1.6 37.9713 6
      vertex -1.25196 37.7387 6
    endloop
  endfacet
  facet normal 0.555648 0.831418 0
    outer loop
      vertex -1.6 37.9713 6
      vertex -1.25196 37.7387 2
      vertex -1.6 37.9713 2
    endloop
  endfacet
  facet normal -0.89687 0.442295 0
    outer loop
      vertex -6.15641 36.4246 2
      vertex -5.97128 36.8 6
      vertex -5.97128 36.8 2
    endloop
  endfacet
  facet normal -0.89687 0.442295 0
    outer loop
      vertex -5.97128 36.8 6
      vertex -6.15641 36.4246 2
      vertex -6.15641 36.4246 6
    endloop
  endfacet
  facet normal -0.831443 0.55561 0
    outer loop
      vertex -5.97128 36.8 2
      vertex -5.73873 37.148 6
      vertex -5.73873 37.148 2
    endloop
  endfacet
  facet normal -0.831443 0.55561 0
    outer loop
      vertex -5.73873 37.148 6
      vertex -5.97128 36.8 2
      vertex -5.97128 36.8 6
    endloop
  endfacet
  facet normal -0.980782 0.195105 0
    outer loop
      vertex -6.37262 35.6177 2
      vertex -6.29096 36.0282 6
      vertex -6.29096 36.0282 2
    endloop
  endfacet
  facet normal -0.980782 0.195105 0
    outer loop
      vertex -6.29096 36.0282 6
      vertex -6.37262 35.6177 2
      vertex -6.37262 35.6177 6
    endloop
  endfacet
  facet normal -0.555648 0.831418 0
    outer loop
      vertex -4.8 37.9713 2
      vertex -5.14804 37.7387 6
      vertex -4.8 37.9713 6
    endloop
  endfacet
  facet normal -0.555648 0.831418 0
    outer loop
      vertex -5.14804 37.7387 6
      vertex -4.8 37.9713 2
      vertex -5.14804 37.7387 2
    endloop
  endfacet
  facet normal -0.321548 0.946893 0
    outer loop
      vertex -4.02822 38.291 2
      vertex -4.42459 38.1564 6
      vertex -4.02822 38.291 6
    endloop
  endfacet
  facet normal -0.321548 0.946893 0
    outer loop
      vertex -4.42459 38.1564 6
      vertex -4.02822 38.291 2
      vertex -4.42459 38.1564 2
    endloop
  endfacet
  facet normal 0.980782 -0.195105 0
    outer loop
      vertex -0.109036 34.3718 6
      vertex -0.0273762 34.7823 2
      vertex -0.0273762 34.7823 6
    endloop
  endfacet
  facet normal 0.980782 -0.195105 0
    outer loop
      vertex -0.0273762 34.7823 2
      vertex -0.109036 34.3718 6
      vertex -0.109036 34.3718 2
    endloop
  endfacet
  facet normal -0.321548 -0.946893 0
    outer loop
      vertex -4.42459 32.2436 2
      vertex -4.02822 32.109 6
      vertex -4.42459 32.2436 6
    endloop
  endfacet
  facet normal -0.321548 -0.946893 -0
    outer loop
      vertex -4.02822 32.109 6
      vertex -4.42459 32.2436 2
      vertex -4.02822 32.109 2
    endloop
  endfacet
  facet normal -0.194949 -0.980813 0
    outer loop
      vertex -4.02822 32.109 2
      vertex -3.61768 32.0274 6
      vertex -4.02822 32.109 6
    endloop
  endfacet
  facet normal -0.194949 -0.980813 -0
    outer loop
      vertex -3.61768 32.0274 6
      vertex -4.02822 32.109 2
      vertex -3.61768 32.0274 2
    endloop
  endfacet
  facet normal -0.831443 -0.55561 0
    outer loop
      vertex -5.73873 33.252 2
      vertex -5.97128 33.6 6
      vertex -5.97128 33.6 2
    endloop
  endfacet
  facet normal -0.831443 -0.55561 0
    outer loop
      vertex -5.97128 33.6 6
      vertex -5.73873 33.252 2
      vertex -5.73873 33.252 6
    endloop
  endfacet
  facet normal -0.751833 -0.659353 0
    outer loop
      vertex -5.46274 32.9373 2
      vertex -5.73873 33.252 6
      vertex -5.73873 33.252 2
    endloop
  endfacet
  facet normal -0.751833 -0.659353 0
    outer loop
      vertex -5.73873 33.252 6
      vertex -5.46274 32.9373 2
      vertex -5.46274 32.9373 6
    endloop
  endfacet
  facet normal 0.946938 0.321417 0
    outer loop
      vertex -0.109036 36.0282 6
      vertex -0.243585 36.4246 2
      vertex -0.243585 36.4246 6
    endloop
  endfacet
  facet normal 0.946938 0.321417 0
    outer loop
      vertex -0.243585 36.4246 2
      vertex -0.109036 36.0282 6
      vertex -0.109036 36.0282 2
    endloop
  endfacet
  facet normal 0.980782 0.195105 0
    outer loop
      vertex -0.0273762 35.6177 6
      vertex -0.109036 36.0282 2
      vertex -0.109036 36.0282 6
    endloop
  endfacet
  facet normal 0.980782 0.195105 0
    outer loop
      vertex -0.109036 36.0282 2
      vertex -0.0273762 35.6177 6
      vertex -0.0273762 35.6177 2
    endloop
  endfacet
  facet normal 0.0654598 0.997855 -0
    outer loop
      vertex -2.78232 38.3726 2
      vertex -3.2 38.4 6
      vertex -2.78232 38.3726 6
    endloop
  endfacet
  facet normal 0.0654598 0.997855 0
    outer loop
      vertex -3.2 38.4 6
      vertex -2.78232 38.3726 2
      vertex -3.2 38.4 2
    endloop
  endfacet
  facet normal -0.946937 0.321419 0
    outer loop
      vertex -6.29096 36.0282 2
      vertex -6.15641 36.4246 6
      vertex -6.15641 36.4246 2
    endloop
  endfacet
  facet normal -0.946937 0.321419 0
    outer loop
      vertex -6.15641 36.4246 6
      vertex -6.29096 36.0282 2
      vertex -6.29096 36.0282 6
    endloop
  endfacet
  facet normal -0.997859 0.0654091 0
    outer loop
      vertex -6.4 35.2 2
      vertex -6.37262 35.6177 6
      vertex -6.37262 35.6177 2
    endloop
  endfacet
  facet normal -0.997859 0.0654091 0
    outer loop
      vertex -6.37262 35.6177 6
      vertex -6.4 35.2 2
      vertex -6.4 35.2 6
    endloop
  endfacet
  facet normal 0 0 1
    outer loop
      vertex -1.5 35.2 6
      vertex 0 35.2 6
      vertex -0.0273762 35.6177 6
    endloop
  endfacet
  facet normal 0 0 1
    outer loop
      vertex -1.51454 35.4219 6
      vertex -0.0273762 35.6177 6
      vertex -0.109036 36.0282 6
    endloop
  endfacet
  facet normal 0 0 1
    outer loop
      vertex 0 35.2 6
      vertex -1.5 35.2 6
      vertex -0.0273762 34.7823 6
    endloop
  endfacet
  facet normal 0 0 1
    outer loop
      vertex -1.55793 35.64 6
      vertex -0.109036 36.0282 6
      vertex -0.243585 36.4246 6
    endloop
  endfacet
  facet normal -0 0 1
    outer loop
      vertex -1.51454 34.9781 6
      vertex -0.0273762 34.7823 6
      vertex -1.5 35.2 6
    endloop
  endfacet
  facet normal 0 0 1
    outer loop
      vertex -1.6294 35.8506 6
      vertex -0.243585 36.4246 6
      vertex -0.428719 36.8 6
    endloop
  endfacet
  facet normal 0 0 1
    outer loop
      vertex -0.0273762 34.7823 6
      vertex -1.51454 34.9781 6
      vertex -0.109036 34.3718 6
    endloop
  endfacet
  facet normal 0 0 1
    outer loop
      vertex -1.72776 36.05 6
      vertex -0.428719 36.8 6
      vertex -0.661269 37.148 6
    endloop
  endfacet
  facet normal -0 0 1
    outer loop
      vertex -1.55793 34.76 6
      vertex -0.109036 34.3718 6
      vertex -1.51454 34.9781 6
    endloop
  endfacet
  facet normal 0 0 1
    outer loop
      vertex -1.8513 36.2349 6
      vertex -0.661269 37.148 6
      vertex -0.937258 37.4627 6
    endloop
  endfacet
  facet normal 0 0 1
    outer loop
      vertex -0.109036 34.3718 6
      vertex -1.55793 34.76 6
      vertex -0.243585 33.9754 6
    endloop
  endfacet
  facet normal 0 0 1
    outer loop
      vertex -1.99792 36.4021 6
      vertex -0.937258 37.4627 6
      vertex -1.25196 37.7387 6
    endloop
  endfacet
  facet normal -0 0 1
    outer loop
      vertex -1.6294 34.5494 6
      vertex -0.243585 33.9754 6
      vertex -1.55793 34.76 6
    endloop
  endfacet
  facet normal 0 0 1
    outer loop
      vertex -0.243585 33.9754 6
      vertex -1.6294 34.5494 6
      vertex -0.428719 33.6 6
    endloop
  endfacet
  facet normal 0 0 1
    outer loop
      vertex -0.0273762 35.6177 6
      vertex -1.51454 35.4219 6
      vertex -1.5 35.2 6
    endloop
  endfacet
  facet normal 0 0 1
    outer loop
      vertex -0.109036 36.0282 6
      vertex -1.55793 35.64 6
      vertex -1.51454 35.4219 6
    endloop
  endfacet
  facet normal 0 0 1
    outer loop
      vertex -2.1651 36.5487 6
      vertex -1.25196 37.7387 6
      vertex -1.6 37.9713 6
    endloop
  endfacet
  facet normal 0 0 1
    outer loop
      vertex -0.243585 36.4246 6
      vertex -1.6294 35.8506 6
      vertex -1.55793 35.64 6
    endloop
  endfacet
  facet normal 0 0 1
    outer loop
      vertex -0.428719 36.8 6
      vertex -1.72776 36.05 6
      vertex -1.6294 35.8506 6
    endloop
  endfacet
  facet normal 0 0 1
    outer loop
      vertex -0.661269 37.148 6
      vertex -1.8513 36.2349 6
      vertex -1.72776 36.05 6
    endloop
  endfacet
  facet normal 0 0 1
    outer loop
      vertex -2.35 36.6722 6
      vertex -1.6 37.9713 6
      vertex -1.97541 38.1564 6
    endloop
  endfacet
  facet normal 0 0 1
    outer loop
      vertex -0.937258 37.4627 6
      vertex -1.99792 36.4021 6
      vertex -1.8513 36.2349 6
    endloop
  endfacet
  facet normal 0 0 1
    outer loop
      vertex -1.25196 37.7387 6
      vertex -2.1651 36.5487 6
      vertex -1.99792 36.4021 6
    endloop
  endfacet
  facet normal 0 0 1
    outer loop
      vertex -1.6 37.9713 6
      vertex -2.35 36.6722 6
      vertex -2.1651 36.5487 6
    endloop
  endfacet
  facet normal 0 0 1
    outer loop
      vertex -2.54944 36.7706 6
      vertex -1.97541 38.1564 6
      vertex -2.37178 38.291 6
    endloop
  endfacet
  facet normal 0 0 1
    outer loop
      vertex -1.97541 38.1564 6
      vertex -2.54944 36.7706 6
      vertex -2.35 36.6722 6
    endloop
  endfacet
  facet normal 0 0 1
    outer loop
      vertex -2.37178 38.291 6
      vertex -2.76001 36.8421 6
      vertex -2.54944 36.7706 6
    endloop
  endfacet
  facet normal 0 0 1
    outer loop
      vertex -2.78232 38.3726 6
      vertex -2.76001 36.8421 6
      vertex -2.37178 38.291 6
    endloop
  endfacet
  facet normal 0 0 1
    outer loop
      vertex -2.78232 38.3726 6
      vertex -2.9781 36.8855 6
      vertex -2.76001 36.8421 6
    endloop
  endfacet
  facet normal 0 0 1
    outer loop
      vertex -3.2 38.4 6
      vertex -2.9781 36.8855 6
      vertex -2.78232 38.3726 6
    endloop
  endfacet
  facet normal 0 0 1
    outer loop
      vertex -3.2 38.4 6
      vertex -3.2 36.9 6
      vertex -2.9781 36.8855 6
    endloop
  endfacet
  facet normal 0 0 1
    outer loop
      vertex -3.2 38.4 6
      vertex -3.42189 36.8855 6
      vertex -3.2 36.9 6
    endloop
  endfacet
  facet normal -0 0 1
    outer loop
      vertex -3.61768 38.3726 6
      vertex -3.42189 36.8855 6
      vertex -3.2 38.4 6
    endloop
  endfacet
  facet normal 0 0 1
    outer loop
      vertex -3.61768 38.3726 6
      vertex -3.63999 36.8421 6
      vertex -3.42189 36.8855 6
    endloop
  endfacet
  facet normal -0 0 1
    outer loop
      vertex -4.02822 38.291 6
      vertex -3.63999 36.8421 6
      vertex -3.61768 38.3726 6
    endloop
  endfacet
  facet normal 0 0 1
    outer loop
      vertex -3.63999 36.8421 6
      vertex -4.02822 38.291 6
      vertex -3.85056 36.7706 6
    endloop
  endfacet
  facet normal -0 0 1
    outer loop
      vertex -4.42459 38.1564 6
      vertex -3.85056 36.7706 6
      vertex -4.02822 38.291 6
    endloop
  endfacet
  facet normal 0 0 1
    outer loop
      vertex -3.85056 36.7706 6
      vertex -4.42459 38.1564 6
      vertex -4.05 36.6722 6
    endloop
  endfacet
  facet normal -0 0 1
    outer loop
      vertex -4.8 37.9713 6
      vertex -4.05 36.6722 6
      vertex -4.42459 38.1564 6
    endloop
  endfacet
  facet normal 0 0 1
    outer loop
      vertex -4.05 36.6722 6
      vertex -4.8 37.9713 6
      vertex -4.23489 36.5487 6
    endloop
  endfacet
  facet normal -0 0 1
    outer loop
      vertex -5.14804 37.7387 6
      vertex -4.23489 36.5487 6
      vertex -4.8 37.9713 6
    endloop
  endfacet
  facet normal 0 0 1
    outer loop
      vertex -4.23489 36.5487 6
      vertex -5.14804 37.7387 6
      vertex -4.40208 36.4021 6
    endloop
  endfacet
  facet normal -0 0 1
    outer loop
      vertex -5.46274 37.4627 6
      vertex -4.40208 36.4021 6
      vertex -5.14804 37.7387 6
    endloop
  endfacet
  facet normal 0 0 1
    outer loop
      vertex -4.40208 36.4021 6
      vertex -5.46274 37.4627 6
      vertex -4.5487 36.2349 6
    endloop
  endfacet
  facet normal -0 0 1
    outer loop
      vertex -5.73873 37.148 6
      vertex -4.5487 36.2349 6
      vertex -5.46274 37.4627 6
    endloop
  endfacet
  facet normal 0 0 1
    outer loop
      vertex -4.5487 36.2349 6
      vertex -5.73873 37.148 6
      vertex -4.67224 36.05 6
    endloop
  endfacet
  facet normal -0 0 1
    outer loop
      vertex -5.97128 36.8 6
      vertex -4.67224 36.05 6
      vertex -5.73873 37.148 6
    endloop
  endfacet
  facet normal 0 0 1
    outer loop
      vertex -4.67224 36.05 6
      vertex -5.97128 36.8 6
      vertex -4.77059 35.8506 6
    endloop
  endfacet
  facet normal -0 0 1
    outer loop
      vertex -1.72776 34.35 6
      vertex -0.428719 33.6 6
      vertex -1.6294 34.5494 6
    endloop
  endfacet
  facet normal 0 0 1
    outer loop
      vertex -0.428719 33.6 6
      vertex -1.72776 34.35 6
      vertex -0.661269 33.252 6
    endloop
  endfacet
  facet normal -0 0 1
    outer loop
      vertex -1.8513 34.1651 6
      vertex -0.661269 33.252 6
      vertex -1.72776 34.35 6
    endloop
  endfacet
  facet normal 0 0 1
    outer loop
      vertex -0.661269 33.252 6
      vertex -1.8513 34.1651 6
      vertex -0.937258 32.9373 6
    endloop
  endfacet
  facet normal -0 0 1
    outer loop
      vertex -1.99792 33.9979 6
      vertex -0.937258 32.9373 6
      vertex -1.8513 34.1651 6
    endloop
  endfacet
  facet normal 0 0 1
    outer loop
      vertex -0.937258 32.9373 6
      vertex -1.99792 33.9979 6
      vertex -1.25196 32.6613 6
    endloop
  endfacet
  facet normal -0 0 1
    outer loop
      vertex -2.1651 33.8513 6
      vertex -1.25196 32.6613 6
      vertex -1.99792 33.9979 6
    endloop
  endfacet
  facet normal 0 0 1
    outer loop
      vertex -1.25196 32.6613 6
      vertex -2.1651 33.8513 6
      vertex -1.6 32.4287 6
    endloop
  endfacet
  facet normal -0 0 1
    outer loop
      vertex -2.35 33.7278 6
      vertex -1.6 32.4287 6
      vertex -2.1651 33.8513 6
    endloop
  endfacet
  facet normal 0 0 1
    outer loop
      vertex -1.6 32.4287 6
      vertex -2.35 33.7278 6
      vertex -1.97541 32.2436 6
    endloop
  endfacet
  facet normal -0 0 1
    outer loop
      vertex -2.54944 33.6294 6
      vertex -1.97541 32.2436 6
      vertex -2.35 33.7278 6
    endloop
  endfacet
  facet normal 0 0 1
    outer loop
      vertex -1.97541 32.2436 6
      vertex -2.54944 33.6294 6
      vertex -2.37178 32.109 6
    endloop
  endfacet
  facet normal -0 0 1
    outer loop
      vertex -2.76001 33.5579 6
      vertex -2.37178 32.109 6
      vertex -2.54944 33.6294 6
    endloop
  endfacet
  facet normal 0 0 1
    outer loop
      vertex -2.76001 33.5579 6
      vertex -2.78232 32.0274 6
      vertex -2.37178 32.109 6
    endloop
  endfacet
  facet normal -0 0 1
    outer loop
      vertex -2.9781 33.5145 6
      vertex -2.78232 32.0274 6
      vertex -2.76001 33.5579 6
    endloop
  endfacet
  facet normal -0 0 1
    outer loop
      vertex -3.2 33.5 6
      vertex -2.78232 32.0274 6
      vertex -2.9781 33.5145 6
    endloop
  endfacet
  facet normal 0 0 1
    outer loop
      vertex -3.2 33.5 6
      vertex -3.2 32 6
      vertex -2.78232 32.0274 6
    endloop
  endfacet
  facet normal 0 0 1
    outer loop
      vertex -3.42189 33.5145 6
      vertex -3.2 32 6
      vertex -3.2 33.5 6
    endloop
  endfacet
  facet normal 0 0 1
    outer loop
      vertex -3.42189 33.5145 6
      vertex -3.61768 32.0274 6
      vertex -3.2 32 6
    endloop
  endfacet
  facet normal 0 0 1
    outer loop
      vertex -3.63999 33.5579 6
      vertex -3.61768 32.0274 6
      vertex -3.42189 33.5145 6
    endloop
  endfacet
  facet normal 0 0 1
    outer loop
      vertex -4.02822 32.109 6
      vertex -3.63999 33.5579 6
      vertex -3.85056 33.6294 6
    endloop
  endfacet
  facet normal 0 0 1
    outer loop
      vertex -3.63999 33.5579 6
      vertex -4.02822 32.109 6
      vertex -3.61768 32.0274 6
    endloop
  endfacet
  facet normal 0 0 1
    outer loop
      vertex -4.42459 32.2436 6
      vertex -3.85056 33.6294 6
      vertex -4.05 33.7278 6
    endloop
  endfacet
  facet normal 0 0 1
    outer loop
      vertex -4.8 32.4287 6
      vertex -4.05 33.7278 6
      vertex -4.23489 33.8513 6
    endloop
  endfacet
  facet normal 0 0 1
    outer loop
      vertex -5.14804 32.6613 6
      vertex -4.23489 33.8513 6
      vertex -4.40208 33.9979 6
    endloop
  endfacet
  facet normal 0 0 1
    outer loop
      vertex -3.85056 33.6294 6
      vertex -4.42459 32.2436 6
      vertex -4.02822 32.109 6
    endloop
  endfacet
  facet normal 0 0 1
    outer loop
      vertex -5.46274 32.9373 6
      vertex -4.40208 33.9979 6
      vertex -4.5487 34.1651 6
    endloop
  endfacet
  facet normal 0 0 1
    outer loop
      vertex -5.73873 33.252 6
      vertex -4.5487 34.1651 6
      vertex -4.67224 34.35 6
    endloop
  endfacet
  facet normal 0 0 1
    outer loop
      vertex -5.97128 33.6 6
      vertex -4.67224 34.35 6
      vertex -4.77059 34.5494 6
    endloop
  endfacet
  facet normal 0 0 1
    outer loop
      vertex -4.05 33.7278 6
      vertex -4.8 32.4287 6
      vertex -4.42459 32.2436 6
    endloop
  endfacet
  facet normal 0 0 1
    outer loop
      vertex -6.15641 33.9754 6
      vertex -4.77059 34.5494 6
      vertex -4.84207 34.76 6
    endloop
  endfacet
  facet normal 0 0 1
    outer loop
      vertex -6.29096 34.3718 6
      vertex -4.84207 34.76 6
      vertex -4.88546 34.9781 6
    endloop
  endfacet
  facet normal 0 0 1
    outer loop
      vertex -6.37262 34.7823 6
      vertex -4.88546 34.9781 6
      vertex -4.9 35.2 6
    endloop
  endfacet
  facet normal -0 0 1
    outer loop
      vertex -6.15641 36.4246 6
      vertex -4.77059 35.8506 6
      vertex -5.97128 36.8 6
    endloop
  endfacet
  facet normal 0 0 1
    outer loop
      vertex -4.23489 33.8513 6
      vertex -5.14804 32.6613 6
      vertex -4.8 32.4287 6
    endloop
  endfacet
  facet normal 0 0 1
    outer loop
      vertex -4.77059 35.8506 6
      vertex -6.15641 36.4246 6
      vertex -4.84207 35.64 6
    endloop
  endfacet
  facet normal 0 0 1
    outer loop
      vertex -4.40208 33.9979 6
      vertex -5.46274 32.9373 6
      vertex -5.14804 32.6613 6
    endloop
  endfacet
  facet normal -0 0 1
    outer loop
      vertex -6.29096 36.0282 6
      vertex -4.84207 35.64 6
      vertex -6.15641 36.4246 6
    endloop
  endfacet
  facet normal 0 0 1
    outer loop
      vertex -4.5487 34.1651 6
      vertex -5.73873 33.252 6
      vertex -5.46274 32.9373 6
    endloop
  endfacet
  facet normal 0 0 1
    outer loop
      vertex -4.84207 35.64 6
      vertex -6.29096 36.0282 6
      vertex -4.88546 35.4219 6
    endloop
  endfacet
  facet normal 0 0 1
    outer loop
      vertex -4.67224 34.35 6
      vertex -5.97128 33.6 6
      vertex -5.73873 33.252 6
    endloop
  endfacet
  facet normal -0 0 1
    outer loop
      vertex -6.37262 35.6177 6
      vertex -4.88546 35.4219 6
      vertex -6.29096 36.0282 6
    endloop
  endfacet
  facet normal 0 0 1
    outer loop
      vertex -4.77059 34.5494 6
      vertex -6.15641 33.9754 6
      vertex -5.97128 33.6 6
    endloop
  endfacet
  facet normal 0 0 1
    outer loop
      vertex -4.88546 35.4219 6
      vertex -6.37262 35.6177 6
      vertex -4.9 35.2 6
    endloop
  endfacet
  facet normal 0 0 1
    outer loop
      vertex -4.84207 34.76 6
      vertex -6.29096 34.3718 6
      vertex -6.15641 33.9754 6
    endloop
  endfacet
  facet normal 0 0 1
    outer loop
      vertex -6.4 35.2 6
      vertex -4.9 35.2 6
      vertex -6.37262 35.6177 6
    endloop
  endfacet
  facet normal 0 0 1
    outer loop
      vertex -4.88546 34.9781 6
      vertex -6.37262 34.7823 6
      vertex -6.29096 34.3718 6
    endloop
  endfacet
  facet normal 0 0 1
    outer loop
      vertex -4.9 35.2 6
      vertex -6.4 35.2 6
      vertex -6.37262 34.7823 6
    endloop
  endfacet
  facet normal -0.194949 0.980813 0
    outer loop
      vertex -3.61768 38.3726 2
      vertex -4.02822 38.291 6
      vertex -3.61768 38.3726 6
    endloop
  endfacet
  facet normal -0.194949 0.980813 0
    outer loop
      vertex -4.02822 38.291 6
      vertex -3.61768 38.3726 2
      vertex -4.02822 38.291 2
    endloop
  endfacet
  facet normal 0.997859 -0.0654 0
    outer loop
      vertex -0.0273762 34.7823 6
      vertex 0 35.2 2
      vertex 0 35.2 6
    endloop
  endfacet
  facet normal 0.997859 -0.0654 0
    outer loop
      vertex 0 35.2 2
      vertex -0.0273762 34.7823 6
      vertex -0.0273762 34.7823 2
    endloop
  endfacet
  facet normal 0.194949 -0.980813 0
    outer loop
      vertex -2.78232 32.0274 2
      vertex -2.37178 32.109 6
      vertex -2.78232 32.0274 6
    endloop
  endfacet
  facet normal 0.194949 -0.980813 0
    outer loop
      vertex -2.37178 32.109 6
      vertex -2.78232 32.0274 2
      vertex -2.37178 32.109 2
    endloop
  endfacet
  facet normal 0.442228 -0.896903 0
    outer loop
      vertex -1.97541 32.2436 2
      vertex -1.6 32.4287 6
      vertex -1.97541 32.2436 6
    endloop
  endfacet
  facet normal 0.442228 -0.896903 0
    outer loop
      vertex -1.6 32.4287 6
      vertex -1.97541 32.2436 2
      vertex -1.6 32.4287 2
    endloop
  endfacet
  facet normal 0.555648 -0.831418 0
    outer loop
      vertex -1.6 32.4287 2
      vertex -1.25196 32.6613 6
      vertex -1.6 32.4287 6
    endloop
  endfacet
  facet normal 0.555648 -0.831418 0
    outer loop
      vertex -1.25196 32.6613 6
      vertex -1.6 32.4287 2
      vertex -1.25196 32.6613 2
    endloop
  endfacet
  facet normal 0.751834 -0.659352 0
    outer loop
      vertex -0.937258 32.9373 6
      vertex -0.661269 33.252 2
      vertex -0.661269 33.252 6
    endloop
  endfacet
  facet normal 0.751834 -0.659352 0
    outer loop
      vertex -0.661269 33.252 2
      vertex -0.937258 32.9373 6
      vertex -0.937258 32.9373 2
    endloop
  endfacet
  facet normal 0.946938 -0.321417 0
    outer loop
      vertex -0.243585 33.9754 6
      vertex -0.109036 34.3718 2
      vertex -0.109036 34.3718 6
    endloop
  endfacet
  facet normal 0.946938 -0.321417 0
    outer loop
      vertex -0.109036 34.3718 2
      vertex -0.243585 33.9754 6
      vertex -0.243585 33.9754 2
    endloop
  endfacet
  facet normal 0.831443 -0.55561 0
    outer loop
      vertex -0.661269 33.252 6
      vertex -0.428719 33.6 2
      vertex -0.428719 33.6 6
    endloop
  endfacet
  facet normal 0.831443 -0.55561 0
    outer loop
      vertex -0.428719 33.6 2
      vertex -0.661269 33.252 6
      vertex -0.661269 33.252 2
    endloop
  endfacet
  facet normal 0.896866 -0.442303 0
    outer loop
      vertex -0.428719 33.6 6
      vertex -0.243585 33.9754 2
      vertex -0.243585 33.9754 6
    endloop
  endfacet
  facet normal 0.896866 -0.442303 0
    outer loop
      vertex -0.243585 33.9754 2
      vertex -0.428719 33.6 6
      vertex -0.428719 33.6 2
    endloop
  endfacet
  facet normal -0.555648 -0.831418 0
    outer loop
      vertex -5.14804 32.6613 2
      vertex -4.8 32.4287 6
      vertex -5.14804 32.6613 6
    endloop
  endfacet
  facet normal -0.555648 -0.831418 -0
    outer loop
      vertex -4.8 32.4287 6
      vertex -5.14804 32.6613 2
      vertex -4.8 32.4287 2
    endloop
  endfacet
  facet normal -0.442228 -0.896903 0
    outer loop
      vertex -4.8 32.4287 2
      vertex -4.42459 32.2436 6
      vertex -4.8 32.4287 6
    endloop
  endfacet
  facet normal -0.442228 -0.896903 -0
    outer loop
      vertex -4.42459 32.2436 6
      vertex -4.8 32.4287 2
      vertex -4.42459 32.2436 2
    endloop
  endfacet
  facet normal -0.0654598 -0.997855 0
    outer loop
      vertex -3.61768 32.0274 2
      vertex -3.2 32 6
      vertex -3.61768 32.0274 6
    endloop
  endfacet
  facet normal -0.0654598 -0.997855 -0
    outer loop
      vertex -3.2 32 6
      vertex -3.61768 32.0274 2
      vertex -3.2 32 2
    endloop
  endfacet
  facet normal -0.659367 -0.751821 0
    outer loop
      vertex -5.46274 32.9373 2
      vertex -5.14804 32.6613 6
      vertex -5.46274 32.9373 6
    endloop
  endfacet
  facet normal -0.659367 -0.751821 -0
    outer loop
      vertex -5.14804 32.6613 6
      vertex -5.46274 32.9373 2
      vertex -5.14804 32.6613 2
    endloop
  endfacet
  facet normal -0.89687 -0.442295 0
    outer loop
      vertex -5.97128 33.6 2
      vertex -6.15641 33.9754 6
      vertex -6.15641 33.9754 2
    endloop
  endfacet
  facet normal -0.89687 -0.442295 0
    outer loop
      vertex -6.15641 33.9754 6
      vertex -5.97128 33.6 2
      vertex -5.97128 33.6 6
    endloop
  endfacet
  facet normal -0.980782 -0.195105 0
    outer loop
      vertex -6.29096 34.3718 2
      vertex -6.37262 34.7823 6
      vertex -6.37262 34.7823 2
    endloop
  endfacet
  facet normal -0.980782 -0.195105 0
    outer loop
      vertex -6.37262 34.7823 6
      vertex -6.29096 34.3718 2
      vertex -6.29096 34.3718 6
    endloop
  endfacet
  facet normal 0.751834 0.659352 0
    outer loop
      vertex -0.661269 37.148 6
      vertex -0.937258 37.4627 2
      vertex -0.937258 37.4627 6
    endloop
  endfacet
  facet normal 0.751834 0.659352 0
    outer loop
      vertex -0.937258 37.4627 2
      vertex -0.661269 37.148 6
      vertex -0.661269 37.148 2
    endloop
  endfacet
  facet normal 0.442228 0.896903 -0
    outer loop
      vertex -1.6 37.9713 2
      vertex -1.97541 38.1564 6
      vertex -1.6 37.9713 6
    endloop
  endfacet
  facet normal 0.442228 0.896903 0
    outer loop
      vertex -1.97541 38.1564 6
      vertex -1.6 37.9713 2
      vertex -1.97541 38.1564 2
    endloop
  endfacet
  facet normal -0.997859 -0.0654091 0
    outer loop
      vertex -6.37262 34.7823 2
      vertex -6.4 35.2 6
      vertex -6.4 35.2 2
    endloop
  endfacet
  facet normal -0.997859 -0.0654091 0
    outer loop
      vertex -6.4 35.2 6
      vertex -6.37262 34.7823 2
      vertex -6.37262 34.7823 6
    endloop
  endfacet
  facet normal -0.659367 0.751821 0
    outer loop
      vertex -5.14804 37.7387 2
      vertex -5.46274 37.4627 6
      vertex -5.14804 37.7387 6
    endloop
  endfacet
  facet normal -0.659367 0.751821 0
    outer loop
      vertex -5.46274 37.4627 6
      vertex -5.14804 37.7387 2
      vertex -5.46274 37.4627 2
    endloop
  endfacet
  facet normal 0.321548 -0.946893 0
    outer loop
      vertex -2.37178 32.109 2
      vertex -1.97541 32.2436 6
      vertex -2.37178 32.109 6
    endloop
  endfacet
  facet normal 0.321548 -0.946893 0
    outer loop
      vertex -1.97541 32.2436 6
      vertex -2.37178 32.109 2
      vertex -1.97541 32.2436 2
    endloop
  endfacet
  facet normal 0.659364 -0.751824 0
    outer loop
      vertex -1.25196 32.6613 2
      vertex -0.937258 32.9373 6
      vertex -1.25196 32.6613 6
    endloop
  endfacet
  facet normal 0.659364 -0.751824 0
    outer loop
      vertex -0.937258 32.9373 6
      vertex -1.25196 32.6613 2
      vertex -0.937258 32.9373 2
    endloop
  endfacet
  facet normal 0.0654598 -0.997855 0
    outer loop
      vertex -3.2 32 2
      vertex -2.78232 32.0274 6
      vertex -3.2 32 6
    endloop
  endfacet
  facet normal 0.0654598 -0.997855 0
    outer loop
      vertex -2.78232 32.0274 6
      vertex -3.2 32 2
      vertex -2.78232 32.0274 2
    endloop
  endfacet
  facet normal -0.946937 -0.321419 0
    outer loop
      vertex -6.15641 33.9754 2
      vertex -6.29096 34.3718 6
      vertex -6.29096 34.3718 2
    endloop
  endfacet
  facet normal -0.946937 -0.321419 0
    outer loop
      vertex -6.29096 34.3718 6
      vertex -6.15641 33.9754 2
      vertex -6.15641 33.9754 6
    endloop
  endfacet
  facet normal 0.831473 0.555565 0
    outer loop
      vertex 5.77128 4.6 6
      vertex 5.53873 4.94804 2
      vertex 5.53873 4.94804 6
    endloop
  endfacet
  facet normal 0.831473 0.555565 0
    outer loop
      vertex 5.53873 4.94804 2
      vertex 5.77128 4.6 6
      vertex 5.77128 4.6 2
    endloop
  endfacet
  facet normal 0.321441 0.94693 -0
    outer loop
      vertex 4.22459 5.95641 2
      vertex 3.82822 6.09096 6
      vertex 4.22459 5.95641 6
    endloop
  endfacet
  facet normal 0.321441 0.94693 0
    outer loop
      vertex 3.82822 6.09096 6
      vertex 4.22459 5.95641 2
      vertex 3.82822 6.09096 2
    endloop
  endfacet
  facet normal -0.442285 0.896874 0
    outer loop
      vertex 1.77541 5.95641 2
      vertex 1.4 5.77128 6
      vertex 1.77541 5.95641 6
    endloop
  endfacet
  facet normal -0.442285 0.896874 0
    outer loop
      vertex 1.4 5.77128 6
      vertex 1.77541 5.95641 2
      vertex 1.4 5.77128 2
    endloop
  endfacet
  facet normal -0.946932 0.321435 0
    outer loop
      vertex -0.0909624 3.82822 2
      vertex 0.0435848 4.22459 6
      vertex 0.0435848 4.22459 2
    endloop
  endfacet
  facet normal -0.946932 0.321435 0
    outer loop
      vertex 0.0435848 4.22459 6
      vertex -0.0909624 3.82822 2
      vertex -0.0909624 3.82822 6
    endloop
  endfacet
  facet normal 0.980786 -0.195087 0
    outer loop
      vertex 6.09096 2.17178 6
      vertex 6.17262 2.58232 2
      vertex 6.17262 2.58232 6
    endloop
  endfacet
  facet normal 0.980786 -0.195087 0
    outer loop
      vertex 6.17262 2.58232 2
      vertex 6.09096 2.17178 6
      vertex 6.09096 2.17178 2
    endloop
  endfacet
  facet normal 0.980786 0.195087 0
    outer loop
      vertex 6.17262 3.41768 6
      vertex 6.09096 3.82822 2
      vertex 6.09096 3.82822 6
    endloop
  endfacet
  facet normal 0.980786 0.195087 0
    outer loop
      vertex 6.09096 3.82822 2
      vertex 6.17262 3.41768 6
      vertex 6.17262 3.41768 2
    endloop
  endfacet
  facet normal -0.0654122 0.997858 0
    outer loop
      vertex 3 6.2 2
      vertex 2.58232 6.17262 6
      vertex 3 6.2 6
    endloop
  endfacet
  facet normal -0.0654122 0.997858 0
    outer loop
      vertex 2.58232 6.17262 6
      vertex 3 6.2 2
      vertex 2.58232 6.17262 2
    endloop
  endfacet
  facet normal 0.555565 0.831473 -0
    outer loop
      vertex 4.94804 5.53873 2
      vertex 4.6 5.77128 6
      vertex 4.94804 5.53873 6
    endloop
  endfacet
  facet normal 0.555565 0.831473 0
    outer loop
      vertex 4.6 5.77128 6
      vertex 4.94804 5.53873 2
      vertex 4.6 5.77128 2
    endloop
  endfacet
  facet normal -0.997859 -0.065405 0
    outer loop
      vertex -0.172623 2.58232 2
      vertex -0.2 3 6
      vertex -0.2 3 2
    endloop
  endfacet
  facet normal -0.997859 -0.065405 0
    outer loop
      vertex -0.2 3 6
      vertex -0.172623 2.58232 2
      vertex -0.172623 2.58232 6
    endloop
  endfacet
  facet normal -0.831473 0.555565 0
    outer loop
      vertex 0.228718 4.6 2
      vertex 0.461268 4.94804 6
      vertex 0.461268 4.94804 2
    endloop
  endfacet
  facet normal -0.831473 0.555565 0
    outer loop
      vertex 0.461268 4.94804 6
      vertex 0.228718 4.6 2
      vertex 0.228718 4.6 6
    endloop
  endfacet
  facet normal -0.555565 0.831473 0
    outer loop
      vertex 1.4 5.77128 2
      vertex 1.05196 5.53873 6
      vertex 1.4 5.77128 6
    endloop
  endfacet
  facet normal -0.555565 0.831473 0
    outer loop
      vertex 1.05196 5.53873 6
      vertex 1.4 5.77128 2
      vertex 1.05196 5.53873 2
    endloop
  endfacet
  facet normal -0.195087 0.980786 0
    outer loop
      vertex 2.58232 6.17262 2
      vertex 2.17178 6.09096 6
      vertex 2.58232 6.17262 6
    endloop
  endfacet
  facet normal -0.195087 0.980786 0
    outer loop
      vertex 2.17178 6.09096 6
      vertex 2.58232 6.17262 2
      vertex 2.17178 6.09096 2
    endloop
  endfacet
  facet normal 0.997858 0.0654122 0
    outer loop
      vertex 6.2 3 6
      vertex 6.17262 3.41768 2
      vertex 6.17262 3.41768 6
    endloop
  endfacet
  facet normal 0.997858 0.0654122 0
    outer loop
      vertex 6.17262 3.41768 2
      vertex 6.2 3 6
      vertex 6.2 3 2
    endloop
  endfacet
  facet normal 0.94693 -0.321441 0
    outer loop
      vertex 5.95641 1.77541 6
      vertex 6.09096 2.17178 2
      vertex 6.09096 2.17178 6
    endloop
  endfacet
  facet normal 0.94693 -0.321441 0
    outer loop
      vertex 6.09096 2.17178 2
      vertex 5.95641 1.77541 6
      vertex 5.95641 1.77541 2
    endloop
  endfacet
  facet normal -0.555565 -0.831473 0
    outer loop
      vertex 1.05196 0.461268 2
      vertex 1.4 0.228718 6
      vertex 1.05196 0.461268 6
    endloop
  endfacet
  facet normal -0.555565 -0.831473 -0
    outer loop
      vertex 1.4 0.228718 6
      vertex 1.05196 0.461268 2
      vertex 1.4 0.228718 2
    endloop
  endfacet
  facet normal -0.831473 -0.555565 0
    outer loop
      vertex 0.461268 1.05196 2
      vertex 0.228718 1.4 6
      vertex 0.228718 1.4 2
    endloop
  endfacet
  facet normal -0.831473 -0.555565 0
    outer loop
      vertex 0.228718 1.4 6
      vertex 0.461268 1.05196 2
      vertex 0.461268 1.05196 6
    endloop
  endfacet
  facet normal 0.555565 -0.831473 0
    outer loop
      vertex 4.6 0.228718 2
      vertex 4.94804 0.461268 6
      vertex 4.6 0.228718 6
    endloop
  endfacet
  facet normal 0.555565 -0.831473 0
    outer loop
      vertex 4.94804 0.461268 6
      vertex 4.6 0.228718 2
      vertex 4.94804 0.461268 2
    endloop
  endfacet
  facet normal 0.659353 0.751833 -0
    outer loop
      vertex 5.26274 5.26274 2
      vertex 4.94804 5.53873 6
      vertex 5.26274 5.26274 6
    endloop
  endfacet
  facet normal 0.659353 0.751833 0
    outer loop
      vertex 4.94804 5.53873 6
      vertex 5.26274 5.26274 2
      vertex 4.94804 5.53873 2
    endloop
  endfacet
  facet normal 0.195087 0.980786 -0
    outer loop
      vertex 3.82822 6.09096 2
      vertex 3.41768 6.17262 6
      vertex 3.82822 6.09096 6
    endloop
  endfacet
  facet normal 0.195087 0.980786 0
    outer loop
      vertex 3.41768 6.17262 6
      vertex 3.82822 6.09096 2
      vertex 3.41768 6.17262 2
    endloop
  endfacet
  facet normal 0.0654122 0.997858 -0
    outer loop
      vertex 3.41768 6.17262 2
      vertex 3 6.2 6
      vertex 3.41768 6.17262 6
    endloop
  endfacet
  facet normal 0.0654122 0.997858 0
    outer loop
      vertex 3 6.2 6
      vertex 3.41768 6.17262 2
      vertex 3 6.2 2
    endloop
  endfacet
  facet normal 0.442285 0.896874 -0
    outer loop
      vertex 4.6 5.77128 2
      vertex 4.22459 5.95641 6
      vertex 4.6 5.77128 6
    endloop
  endfacet
  facet normal 0.442285 0.896874 0
    outer loop
      vertex 4.22459 5.95641 6
      vertex 4.6 5.77128 2
      vertex 4.22459 5.95641 2
    endloop
  endfacet
  facet normal -0.980786 0.195088 0
    outer loop
      vertex -0.172623 3.41768 2
      vertex -0.0909624 3.82822 6
      vertex -0.0909624 3.82822 2
    endloop
  endfacet
  facet normal -0.980786 0.195088 0
    outer loop
      vertex -0.0909624 3.82822 6
      vertex -0.172623 3.41768 2
      vertex -0.172623 3.41768 6
    endloop
  endfacet
  facet normal -0.997859 0.065405 0
    outer loop
      vertex -0.2 3 2
      vertex -0.172623 3.41768 6
      vertex -0.172623 3.41768 2
    endloop
  endfacet
  facet normal -0.997859 0.065405 0
    outer loop
      vertex -0.172623 3.41768 6
      vertex -0.2 3 2
      vertex -0.2 3 6
    endloop
  endfacet
  facet normal -0.896871 0.442292 0
    outer loop
      vertex 0.0435848 4.22459 2
      vertex 0.228718 4.6 6
      vertex 0.228718 4.6 2
    endloop
  endfacet
  facet normal -0.896871 0.442292 0
    outer loop
      vertex 0.228718 4.6 6
      vertex 0.0435848 4.22459 2
      vertex 0.0435848 4.22459 6
    endloop
  endfacet
  facet normal -0.321441 0.94693 0
    outer loop
      vertex 2.17178 6.09096 2
      vertex 1.77541 5.95641 6
      vertex 2.17178 6.09096 6
    endloop
  endfacet
  facet normal -0.321441 0.94693 0
    outer loop
      vertex 1.77541 5.95641 6
      vertex 2.17178 6.09096 2
      vertex 1.77541 5.95641 2
    endloop
  endfacet
  facet normal -0.659351 0.751835 0
    outer loop
      vertex 1.05196 5.53873 2
      vertex 0.737258 5.26274 6
      vertex 1.05196 5.53873 6
    endloop
  endfacet
  facet normal -0.659351 0.751835 0
    outer loop
      vertex 0.737258 5.26274 6
      vertex 1.05196 5.53873 2
      vertex 0.737258 5.26274 2
    endloop
  endfacet
  facet normal -0.751833 0.659353 0
    outer loop
      vertex 0.461268 4.94804 2
      vertex 0.737258 5.26274 6
      vertex 0.737258 5.26274 2
    endloop
  endfacet
  facet normal -0.751833 0.659353 0
    outer loop
      vertex 0.737258 5.26274 6
      vertex 0.461268 4.94804 2
      vertex 0.461268 4.94804 6
    endloop
  endfacet
  facet normal 0.997858 -0.0654122 0
    outer loop
      vertex 6.17262 2.58232 6
      vertex 6.2 3 2
      vertex 6.2 3 6
    endloop
  endfacet
  facet normal 0.997858 -0.0654122 0
    outer loop
      vertex 6.2 3 2
      vertex 6.17262 2.58232 6
      vertex 6.17262 2.58232 2
    endloop
  endfacet
  facet normal 0.831473 -0.555565 0
    outer loop
      vertex 5.53873 1.05196 6
      vertex 5.77128 1.4 2
      vertex 5.77128 1.4 6
    endloop
  endfacet
  facet normal 0.831473 -0.555565 0
    outer loop
      vertex 5.77128 1.4 2
      vertex 5.53873 1.05196 6
      vertex 5.53873 1.05196 2
    endloop
  endfacet
  facet normal -0.751835 -0.659351 0
    outer loop
      vertex 0.737258 0.737258 2
      vertex 0.461268 1.05196 6
      vertex 0.461268 1.05196 2
    endloop
  endfacet
  facet normal -0.751835 -0.659351 0
    outer loop
      vertex 0.461268 1.05196 6
      vertex 0.737258 0.737258 2
      vertex 0.737258 0.737258 6
    endloop
  endfacet
  facet normal 0.195088 -0.980786 0
    outer loop
      vertex 3.41768 -0.172623 2
      vertex 3.82822 -0.0909624 6
      vertex 3.41768 -0.172623 6
    endloop
  endfacet
  facet normal 0.195088 -0.980786 0
    outer loop
      vertex 3.82822 -0.0909624 6
      vertex 3.41768 -0.172623 2
      vertex 3.82822 -0.0909624 2
    endloop
  endfacet
  facet normal 0.659353 -0.751833 0
    outer loop
      vertex 4.94804 0.461268 2
      vertex 5.26274 0.737258 6
      vertex 4.94804 0.461268 6
    endloop
  endfacet
  facet normal 0.659353 -0.751833 0
    outer loop
      vertex 5.26274 0.737258 6
      vertex 4.94804 0.461268 2
      vertex 5.26274 0.737258 2
    endloop
  endfacet
  facet normal 0.896874 0.442285 0
    outer loop
      vertex 5.95641 4.22459 6
      vertex 5.77128 4.6 2
      vertex 5.77128 4.6 6
    endloop
  endfacet
  facet normal 0.896874 0.442285 0
    outer loop
      vertex 5.77128 4.6 2
      vertex 5.95641 4.22459 6
      vertex 5.95641 4.22459 2
    endloop
  endfacet
  facet normal 0.94693 0.321441 0
    outer loop
      vertex 6.09096 3.82822 6
      vertex 5.95641 4.22459 2
      vertex 5.95641 4.22459 6
    endloop
  endfacet
  facet normal 0.94693 0.321441 0
    outer loop
      vertex 5.95641 4.22459 2
      vertex 6.09096 3.82822 6
      vertex 6.09096 3.82822 2
    endloop
  endfacet
  facet normal 0.751833 0.659353 0
    outer loop
      vertex 5.53873 4.94804 6
      vertex 5.26274 5.26274 2
      vertex 5.26274 5.26274 6
    endloop
  endfacet
  facet normal 0.751833 0.659353 0
    outer loop
      vertex 5.26274 5.26274 2
      vertex 5.53873 4.94804 6
      vertex 5.53873 4.94804 2
    endloop
  endfacet
  facet normal 0 0 1
    outer loop
      vertex 6.17262 3.41768 6
      vertex 6.17262 2.58232 6
      vertex 6.2 3 6
    endloop
  endfacet
  facet normal 0 0 1
    outer loop
      vertex 6.09096 3.82822 6
      vertex 6.17262 2.58232 6
      vertex 6.17262 3.41768 6
    endloop
  endfacet
  facet normal 0 0 1
    outer loop
      vertex 6.09096 3.82822 6
      vertex 6.09096 2.17178 6
      vertex 6.17262 2.58232 6
    endloop
  endfacet
  facet normal 0 0 1
    outer loop
      vertex 5.95641 4.22459 6
      vertex 6.09096 2.17178 6
      vertex 6.09096 3.82822 6
    endloop
  endfacet
  facet normal 0 0 1
    outer loop
      vertex 5.95641 4.22459 6
      vertex 5.95641 1.77541 6
      vertex 6.09096 2.17178 6
    endloop
  endfacet
  facet normal 0 0 1
    outer loop
      vertex 5.77128 4.6 6
      vertex 5.95641 1.77541 6
      vertex 5.95641 4.22459 6
    endloop
  endfacet
  facet normal 0 0 1
    outer loop
      vertex 5.77128 4.6 6
      vertex 5.77128 1.4 6
      vertex 5.95641 1.77541 6
    endloop
  endfacet
  facet normal 0 0 1
    outer loop
      vertex 5.53873 4.94804 6
      vertex 5.77128 1.4 6
      vertex 5.77128 4.6 6
    endloop
  endfacet
  facet normal 0 0 1
    outer loop
      vertex 5.53873 4.94804 6
      vertex 5.53873 1.05196 6
      vertex 5.77128 1.4 6
    endloop
  endfacet
  facet normal 0 0 1
    outer loop
      vertex 5.26274 5.26274 6
      vertex 5.53873 1.05196 6
      vertex 5.53873 4.94804 6
    endloop
  endfacet
  facet normal 0 0 1
    outer loop
      vertex 5.26274 5.26274 6
      vertex 5.26274 0.737258 6
      vertex 5.53873 1.05196 6
    endloop
  endfacet
  facet normal 0 0 1
    outer loop
      vertex 4.94804 5.53873 6
      vertex 5.26274 0.737258 6
      vertex 5.26274 5.26274 6
    endloop
  endfacet
  facet normal 0 0 1
    outer loop
      vertex 4.94804 5.53873 6
      vertex 4.94804 0.461268 6
      vertex 5.26274 0.737258 6
    endloop
  endfacet
  facet normal 0 0 1
    outer loop
      vertex 4.6 5.77128 6
      vertex 4.94804 0.461268 6
      vertex 4.94804 5.53873 6
    endloop
  endfacet
  facet normal 0 0 1
    outer loop
      vertex 4.6 5.77128 6
      vertex 4.6 0.228718 6
      vertex 4.94804 0.461268 6
    endloop
  endfacet
  facet normal 0 0 1
    outer loop
      vertex 4.22459 5.95641 6
      vertex 4.6 0.228718 6
      vertex 4.6 5.77128 6
    endloop
  endfacet
  facet normal 0 0 1
    outer loop
      vertex 4.22459 5.95641 6
      vertex 4.22459 0.0435848 6
      vertex 4.6 0.228718 6
    endloop
  endfacet
  facet normal 0 0 1
    outer loop
      vertex 3.82822 6.09096 6
      vertex 4.22459 0.0435848 6
      vertex 4.22459 5.95641 6
    endloop
  endfacet
  facet normal 0 0 1
    outer loop
      vertex 3.82822 6.09096 6
      vertex 3.82822 -0.0909624 6
      vertex 4.22459 0.0435848 6
    endloop
  endfacet
  facet normal 0 0 1
    outer loop
      vertex 3.41768 6.17262 6
      vertex 3.82822 -0.0909624 6
      vertex 3.82822 6.09096 6
    endloop
  endfacet
  facet normal 0 0 1
    outer loop
      vertex 3.41768 6.17262 6
      vertex 3.41768 -0.172623 6
      vertex 3.82822 -0.0909624 6
    endloop
  endfacet
  facet normal 0 0 1
    outer loop
      vertex 3 6.2 6
      vertex 3.41768 -0.172623 6
      vertex 3.41768 6.17262 6
    endloop
  endfacet
  facet normal 0 0 1
    outer loop
      vertex 3 6.2 6
      vertex 3 -0.2 6
      vertex 3.41768 -0.172623 6
    endloop
  endfacet
  facet normal -0 0 1
    outer loop
      vertex 2.58232 6.17262 6
      vertex 3 -0.2 6
      vertex 3 6.2 6
    endloop
  endfacet
  facet normal 0 0 1
    outer loop
      vertex 2.58232 6.17262 6
      vertex 2.58232 -0.172623 6
      vertex 3 -0.2 6
    endloop
  endfacet
  facet normal -0 0 1
    outer loop
      vertex 2.17178 6.09096 6
      vertex 2.58232 -0.172623 6
      vertex 2.58232 6.17262 6
    endloop
  endfacet
  facet normal 0 0 1
    outer loop
      vertex 2.17178 6.09096 6
      vertex 2.17178 -0.0909624 6
      vertex 2.58232 -0.172623 6
    endloop
  endfacet
  facet normal -0 0 1
    outer loop
      vertex 1.77541 5.95641 6
      vertex 2.17178 -0.0909624 6
      vertex 2.17178 6.09096 6
    endloop
  endfacet
  facet normal 0 0 1
    outer loop
      vertex 1.77541 5.95641 6
      vertex 1.77541 0.0435848 6
      vertex 2.17178 -0.0909624 6
    endloop
  endfacet
  facet normal -0 0 1
    outer loop
      vertex 1.4 5.77128 6
      vertex 1.77541 0.0435848 6
      vertex 1.77541 5.95641 6
    endloop
  endfacet
  facet normal 0 0 1
    outer loop
      vertex 1.4 5.77128 6
      vertex 1.4 0.228718 6
      vertex 1.77541 0.0435848 6
    endloop
  endfacet
  facet normal -0 0 1
    outer loop
      vertex 1.05196 5.53873 6
      vertex 1.4 0.228718 6
      vertex 1.4 5.77128 6
    endloop
  endfacet
  facet normal 0 0 1
    outer loop
      vertex 1.05196 5.53873 6
      vertex 1.05196 0.461268 6
      vertex 1.4 0.228718 6
    endloop
  endfacet
  facet normal -0 0 1
    outer loop
      vertex 0.737258 5.26274 6
      vertex 1.05196 0.461268 6
      vertex 1.05196 5.53873 6
    endloop
  endfacet
  facet normal 0 0 1
    outer loop
      vertex 0.737258 5.26274 6
      vertex 0.737258 0.737258 6
      vertex 1.05196 0.461268 6
    endloop
  endfacet
  facet normal -0 0 1
    outer loop
      vertex 0.461268 4.94804 6
      vertex 0.737258 0.737258 6
      vertex 0.737258 5.26274 6
    endloop
  endfacet
  facet normal 0 0 1
    outer loop
      vertex 0.461268 4.94804 6
      vertex 0.461268 1.05196 6
      vertex 0.737258 0.737258 6
    endloop
  endfacet
  facet normal -0 0 1
    outer loop
      vertex 0.228718 4.6 6
      vertex 0.461268 1.05196 6
      vertex 0.461268 4.94804 6
    endloop
  endfacet
  facet normal 0 0 1
    outer loop
      vertex 0.228718 4.6 6
      vertex 0.228718 1.4 6
      vertex 0.461268 1.05196 6
    endloop
  endfacet
  facet normal -0 0 1
    outer loop
      vertex 0.0435848 4.22459 6
      vertex 0.228718 1.4 6
      vertex 0.228718 4.6 6
    endloop
  endfacet
  facet normal 0 0 1
    outer loop
      vertex 0.0435848 4.22459 6
      vertex 0.0435848 1.77541 6
      vertex 0.228718 1.4 6
    endloop
  endfacet
  facet normal -0 0 1
    outer loop
      vertex -0.0909624 3.82822 6
      vertex 0.0435848 1.77541 6
      vertex 0.0435848 4.22459 6
    endloop
  endfacet
  facet normal 0 0 1
    outer loop
      vertex -0.0909624 3.82822 6
      vertex -0.0909624 2.17178 6
      vertex 0.0435848 1.77541 6
    endloop
  endfacet
  facet normal -0 0 1
    outer loop
      vertex -0.172623 3.41768 6
      vertex -0.0909624 2.17178 6
      vertex -0.0909624 3.82822 6
    endloop
  endfacet
  facet normal 0 0 1
    outer loop
      vertex -0.172623 3.41768 6
      vertex -0.172623 2.58232 6
      vertex -0.0909624 2.17178 6
    endloop
  endfacet
  facet normal 0 -0 1
    outer loop
      vertex -0.172623 2.58232 6
      vertex -0.172623 3.41768 6
      vertex -0.2 3 6
    endloop
  endfacet
  facet normal 0.896874 -0.442285 0
    outer loop
      vertex 5.77128 1.4 6
      vertex 5.95641 1.77541 2
      vertex 5.95641 1.77541 6
    endloop
  endfacet
  facet normal 0.896874 -0.442285 0
    outer loop
      vertex 5.95641 1.77541 2
      vertex 5.77128 1.4 6
      vertex 5.77128 1.4 2
    endloop
  endfacet
  facet normal 0.065405 -0.997859 0
    outer loop
      vertex 3 -0.2 2
      vertex 3.41768 -0.172623 6
      vertex 3 -0.2 6
    endloop
  endfacet
  facet normal 0.065405 -0.997859 0
    outer loop
      vertex 3.41768 -0.172623 6
      vertex 3 -0.2 2
      vertex 3.41768 -0.172623 2
    endloop
  endfacet
  facet normal -0.980786 -0.195088 0
    outer loop
      vertex -0.0909624 2.17178 2
      vertex -0.172623 2.58232 6
      vertex -0.172623 2.58232 2
    endloop
  endfacet
  facet normal -0.980786 -0.195088 0
    outer loop
      vertex -0.172623 2.58232 6
      vertex -0.0909624 2.17178 2
      vertex -0.0909624 2.17178 6
    endloop
  endfacet
  facet normal -0.896871 -0.442292 0
    outer loop
      vertex 0.228718 1.4 2
      vertex 0.0435848 1.77541 6
      vertex 0.0435848 1.77541 2
    endloop
  endfacet
  facet normal -0.896871 -0.442292 0
    outer loop
      vertex 0.0435848 1.77541 6
      vertex 0.228718 1.4 2
      vertex 0.228718 1.4 6
    endloop
  endfacet
  facet normal -0.659351 -0.751835 0
    outer loop
      vertex 0.737258 0.737258 2
      vertex 1.05196 0.461268 6
      vertex 0.737258 0.737258 6
    endloop
  endfacet
  facet normal -0.659351 -0.751835 -0
    outer loop
      vertex 1.05196 0.461268 6
      vertex 0.737258 0.737258 2
      vertex 1.05196 0.461268 2
    endloop
  endfacet
  facet normal 0.442292 -0.896871 0
    outer loop
      vertex 4.22459 0.0435848 2
      vertex 4.6 0.228718 6
      vertex 4.22459 0.0435848 6
    endloop
  endfacet
  facet normal 0.442292 -0.896871 0
    outer loop
      vertex 4.6 0.228718 6
      vertex 4.22459 0.0435848 2
      vertex 4.6 0.228718 2
    endloop
  endfacet
  facet normal 0.321435 -0.946932 0
    outer loop
      vertex 3.82822 -0.0909624 2
      vertex 4.22459 0.0435848 6
      vertex 3.82822 -0.0909624 6
    endloop
  endfacet
  facet normal 0.321435 -0.946932 0
    outer loop
      vertex 4.22459 0.0435848 6
      vertex 3.82822 -0.0909624 2
      vertex 4.22459 0.0435848 2
    endloop
  endfacet
  facet normal -0.321435 -0.946932 0
    outer loop
      vertex 1.77541 0.0435848 2
      vertex 2.17178 -0.0909624 6
      vertex 1.77541 0.0435848 6
    endloop
  endfacet
  facet normal -0.321435 -0.946932 -0
    outer loop
      vertex 2.17178 -0.0909624 6
      vertex 1.77541 0.0435848 2
      vertex 2.17178 -0.0909624 2
    endloop
  endfacet
  facet normal -0.195088 -0.980786 0
    outer loop
      vertex 2.17178 -0.0909624 2
      vertex 2.58232 -0.172623 6
      vertex 2.17178 -0.0909624 6
    endloop
  endfacet
  facet normal -0.195088 -0.980786 -0
    outer loop
      vertex 2.58232 -0.172623 6
      vertex 2.17178 -0.0909624 2
      vertex 2.58232 -0.172623 2
    endloop
  endfacet
  facet normal -0.946932 -0.321435 0
    outer loop
      vertex 0.0435848 1.77541 2
      vertex -0.0909624 2.17178 6
      vertex -0.0909624 2.17178 2
    endloop
  endfacet
  facet normal -0.946932 -0.321435 0
    outer loop
      vertex -0.0909624 2.17178 6
      vertex 0.0435848 1.77541 2
      vertex 0.0435848 1.77541 6
    endloop
  endfacet
  facet normal 0.751835 -0.659351 0
    outer loop
      vertex 5.26274 0.737258 6
      vertex 5.53873 1.05196 2
      vertex 5.53873 1.05196 6
    endloop
  endfacet
  facet normal 0.751835 -0.659351 0
    outer loop
      vertex 5.53873 1.05196 2
      vertex 5.26274 0.737258 6
      vertex 5.26274 0.737258 2
    endloop
  endfacet
  facet normal -0.442292 -0.896871 0
    outer loop
      vertex 1.4 0.228718 2
      vertex 1.77541 0.0435848 6
      vertex 1.4 0.228718 6
    endloop
  endfacet
  facet normal -0.442292 -0.896871 -0
    outer loop
      vertex 1.77541 0.0435848 6
      vertex 1.4 0.228718 2
      vertex 1.77541 0.0435848 2
    endloop
  endfacet
  facet normal -0.065405 -0.997859 0
    outer loop
      vertex 2.58232 -0.172623 2
      vertex 3 -0.2 6
      vertex 2.58232 -0.172623 6
    endloop
  endfacet
  facet normal -0.065405 -0.997859 -0
    outer loop
      vertex 3 -0.2 6
      vertex 2.58232 -0.172623 2
      vertex 3 -0.2 2
    endloop
  endfacet
  facet normal 0.831443 0.55561 0
    outer loop
      vertex 5.77128 32.6 6
      vertex 5.53873 32.948 2
      vertex 5.53873 32.948 6
    endloop
  endfacet
  facet normal 0.831443 0.55561 0
    outer loop
      vertex 5.53873 32.948 2
      vertex 5.77128 32.6 6
      vertex 5.77128 32.6 2
    endloop
  endfacet
  facet normal 0.321548 0.946893 -0
    outer loop
      vertex 4.22459 33.9564 2
      vertex 3.82822 34.091 6
      vertex 4.22459 33.9564 6
    endloop
  endfacet
  facet normal 0.321548 0.946893 0
    outer loop
      vertex 3.82822 34.091 6
      vertex 4.22459 33.9564 2
      vertex 3.82822 34.091 2
    endloop
  endfacet
  facet normal -0.442228 0.896903 0
    outer loop
      vertex 1.77541 33.9564 2
      vertex 1.4 33.7713 6
      vertex 1.77541 33.9564 6
    endloop
  endfacet
  facet normal -0.442228 0.896903 0
    outer loop
      vertex 1.4 33.7713 6
      vertex 1.77541 33.9564 2
      vertex 1.4 33.7713 2
    endloop
  endfacet
  facet normal -0.946939 0.321413 0
    outer loop
      vertex -0.0909624 31.8282 2
      vertex 0.0435848 32.2246 6
      vertex 0.0435848 32.2246 2
    endloop
  endfacet
  facet normal -0.946939 0.321413 0
    outer loop
      vertex 0.0435848 32.2246 6
      vertex -0.0909624 31.8282 2
      vertex -0.0909624 31.8282 6
    endloop
  endfacet
  facet normal 0.980782 -0.195105 0
    outer loop
      vertex 6.09096 30.1718 6
      vertex 6.17262 30.5823 2
      vertex 6.17262 30.5823 6
    endloop
  endfacet
  facet normal 0.980782 -0.195105 0
    outer loop
      vertex 6.17262 30.5823 2
      vertex 6.09096 30.1718 6
      vertex 6.09096 30.1718 2
    endloop
  endfacet
  facet normal 0.980782 0.195105 0
    outer loop
      vertex 6.17262 31.4177 6
      vertex 6.09096 31.8282 2
      vertex 6.09096 31.8282 6
    endloop
  endfacet
  facet normal 0.980782 0.195105 0
    outer loop
      vertex 6.09096 31.8282 2
      vertex 6.17262 31.4177 6
      vertex 6.17262 31.4177 2
    endloop
  endfacet
  facet normal -0.0654598 0.997855 0
    outer loop
      vertex 3 34.2 2
      vertex 2.58232 34.1726 6
      vertex 3 34.2 6
    endloop
  endfacet
  facet normal -0.0654598 0.997855 0
    outer loop
      vertex 2.58232 34.1726 6
      vertex 3 34.2 2
      vertex 2.58232 34.1726 2
    endloop
  endfacet
  facet normal 0.555648 0.831418 -0
    outer loop
      vertex 4.94804 33.5387 2
      vertex 4.6 33.7713 6
      vertex 4.94804 33.5387 6
    endloop
  endfacet
  facet normal 0.555648 0.831418 0
    outer loop
      vertex 4.6 33.7713 6
      vertex 4.94804 33.5387 2
      vertex 4.6 33.7713 2
    endloop
  endfacet
  facet normal -0.997859 -0.0654019 0
    outer loop
      vertex -0.172623 30.5823 2
      vertex -0.2 31 6
      vertex -0.2 31 2
    endloop
  endfacet
  facet normal -0.997859 -0.0654019 0
    outer loop
      vertex -0.2 31 6
      vertex -0.172623 30.5823 2
      vertex -0.172623 30.5823 6
    endloop
  endfacet
  facet normal -0.831443 0.55561 0
    outer loop
      vertex 0.228718 32.6 2
      vertex 0.461268 32.948 6
      vertex 0.461268 32.948 2
    endloop
  endfacet
  facet normal -0.831443 0.55561 0
    outer loop
      vertex 0.461268 32.948 6
      vertex 0.228718 32.6 2
      vertex 0.228718 32.6 6
    endloop
  endfacet
  facet normal -0.555648 0.831418 0
    outer loop
      vertex 1.4 33.7713 2
      vertex 1.05196 33.5387 6
      vertex 1.4 33.7713 6
    endloop
  endfacet
  facet normal -0.555648 0.831418 0
    outer loop
      vertex 1.05196 33.5387 6
      vertex 1.4 33.7713 2
      vertex 1.05196 33.5387 2
    endloop
  endfacet
  facet normal -0.194949 0.980813 0
    outer loop
      vertex 2.58232 34.1726 2
      vertex 2.17178 34.091 6
      vertex 2.58232 34.1726 6
    endloop
  endfacet
  facet normal -0.194949 0.980813 0
    outer loop
      vertex 2.17178 34.091 6
      vertex 2.58232 34.1726 2
      vertex 2.17178 34.091 2
    endloop
  endfacet
  facet normal 0.997859 0.0654091 0
    outer loop
      vertex 6.2 31 6
      vertex 6.17262 31.4177 2
      vertex 6.17262 31.4177 6
    endloop
  endfacet
  facet normal 0.997859 0.0654091 0
    outer loop
      vertex 6.17262 31.4177 2
      vertex 6.2 31 6
      vertex 6.2 31 2
    endloop
  endfacet
  facet normal 0.946937 -0.321419 0
    outer loop
      vertex 5.95641 29.7754 6
      vertex 6.09096 30.1718 2
      vertex 6.09096 30.1718 6
    endloop
  endfacet
  facet normal 0.946937 -0.321419 0
    outer loop
      vertex 6.09096 30.1718 2
      vertex 5.95641 29.7754 6
      vertex 5.95641 29.7754 2
    endloop
  endfacet
  facet normal -0.555648 -0.831418 0
    outer loop
      vertex 1.05196 28.4613 2
      vertex 1.4 28.2287 6
      vertex 1.05196 28.4613 6
    endloop
  endfacet
  facet normal -0.555648 -0.831418 -0
    outer loop
      vertex 1.4 28.2287 6
      vertex 1.05196 28.4613 2
      vertex 1.4 28.2287 2
    endloop
  endfacet
  facet normal -0.831443 -0.55561 0
    outer loop
      vertex 0.461268 29.052 2
      vertex 0.228718 29.4 6
      vertex 0.228718 29.4 2
    endloop
  endfacet
  facet normal -0.831443 -0.55561 0
    outer loop
      vertex 0.228718 29.4 6
      vertex 0.461268 29.052 2
      vertex 0.461268 29.052 6
    endloop
  endfacet
  facet normal 0.555648 -0.831418 0
    outer loop
      vertex 4.6 28.2287 2
      vertex 4.94804 28.4613 6
      vertex 4.6 28.2287 6
    endloop
  endfacet
  facet normal 0.555648 -0.831418 0
    outer loop
      vertex 4.94804 28.4613 6
      vertex 4.6 28.2287 2
      vertex 4.94804 28.4613 2
    endloop
  endfacet
  facet normal 0.659367 0.751821 -0
    outer loop
      vertex 5.26274 33.2627 2
      vertex 4.94804 33.5387 6
      vertex 5.26274 33.2627 6
    endloop
  endfacet
  facet normal 0.659367 0.751821 0
    outer loop
      vertex 4.94804 33.5387 6
      vertex 5.26274 33.2627 2
      vertex 4.94804 33.5387 2
    endloop
  endfacet
  facet normal 0.194949 0.980813 -0
    outer loop
      vertex 3.82822 34.091 2
      vertex 3.41768 34.1726 6
      vertex 3.82822 34.091 6
    endloop
  endfacet
  facet normal 0.194949 0.980813 0
    outer loop
      vertex 3.41768 34.1726 6
      vertex 3.82822 34.091 2
      vertex 3.41768 34.1726 2
    endloop
  endfacet
  facet normal 0.0654598 0.997855 -0
    outer loop
      vertex 3.41768 34.1726 2
      vertex 3 34.2 6
      vertex 3.41768 34.1726 6
    endloop
  endfacet
  facet normal 0.0654598 0.997855 0
    outer loop
      vertex 3 34.2 6
      vertex 3.41768 34.1726 2
      vertex 3 34.2 2
    endloop
  endfacet
  facet normal 0.442228 0.896903 -0
    outer loop
      vertex 4.6 33.7713 2
      vertex 4.22459 33.9564 6
      vertex 4.6 33.7713 6
    endloop
  endfacet
  facet normal 0.442228 0.896903 0
    outer loop
      vertex 4.22459 33.9564 6
      vertex 4.6 33.7713 2
      vertex 4.22459 33.9564 2
    endloop
  endfacet
  facet normal -0.980782 0.195107 0
    outer loop
      vertex -0.172623 31.4177 2
      vertex -0.0909624 31.8282 6
      vertex -0.0909624 31.8282 2
    endloop
  endfacet
  facet normal -0.980782 0.195107 0
    outer loop
      vertex -0.0909624 31.8282 6
      vertex -0.172623 31.4177 2
      vertex -0.172623 31.4177 6
    endloop
  endfacet
  facet normal -0.997859 0.0654019 0
    outer loop
      vertex -0.2 31 2
      vertex -0.172623 31.4177 6
      vertex -0.172623 31.4177 2
    endloop
  endfacet
  facet normal -0.997859 0.0654019 0
    outer loop
      vertex -0.172623 31.4177 6
      vertex -0.2 31 2
      vertex -0.2 31 6
    endloop
  endfacet
  facet normal -0.896867 0.442301 0
    outer loop
      vertex 0.0435848 32.2246 2
      vertex 0.228718 32.6 6
      vertex 0.228718 32.6 2
    endloop
  endfacet
  facet normal -0.896867 0.442301 0
    outer loop
      vertex 0.228718 32.6 6
      vertex 0.0435848 32.2246 2
      vertex 0.0435848 32.2246 6
    endloop
  endfacet
  facet normal -0.321548 0.946893 0
    outer loop
      vertex 2.17178 34.091 2
      vertex 1.77541 33.9564 6
      vertex 2.17178 34.091 6
    endloop
  endfacet
  facet normal -0.321548 0.946893 0
    outer loop
      vertex 1.77541 33.9564 6
      vertex 2.17178 34.091 2
      vertex 1.77541 33.9564 2
    endloop
  endfacet
  facet normal -0.659364 0.751824 0
    outer loop
      vertex 1.05196 33.5387 2
      vertex 0.737258 33.2627 6
      vertex 1.05196 33.5387 6
    endloop
  endfacet
  facet normal -0.659364 0.751824 0
    outer loop
      vertex 0.737258 33.2627 6
      vertex 1.05196 33.5387 2
      vertex 0.737258 33.2627 2
    endloop
  endfacet
  facet normal -0.751833 0.659353 0
    outer loop
      vertex 0.461268 32.948 2
      vertex 0.737258 33.2627 6
      vertex 0.737258 33.2627 2
    endloop
  endfacet
  facet normal -0.751833 0.659353 0
    outer loop
      vertex 0.737258 33.2627 6
      vertex 0.461268 32.948 2
      vertex 0.461268 32.948 6
    endloop
  endfacet
  facet normal 0.997859 -0.0654091 0
    outer loop
      vertex 6.17262 30.5823 6
      vertex 6.2 31 2
      vertex 6.2 31 6
    endloop
  endfacet
  facet normal 0.997859 -0.0654091 0
    outer loop
      vertex 6.2 31 2
      vertex 6.17262 30.5823 6
      vertex 6.17262 30.5823 2
    endloop
  endfacet
  facet normal 0.831443 -0.55561 0
    outer loop
      vertex 5.53873 29.052 6
      vertex 5.77128 29.4 2
      vertex 5.77128 29.4 6
    endloop
  endfacet
  facet normal 0.831443 -0.55561 0
    outer loop
      vertex 5.77128 29.4 2
      vertex 5.53873 29.052 6
      vertex 5.53873 29.052 2
    endloop
  endfacet
  facet normal -0.751833 -0.659353 0
    outer loop
      vertex 0.737258 28.7373 2
      vertex 0.461268 29.052 6
      vertex 0.461268 29.052 2
    endloop
  endfacet
  facet normal -0.751833 -0.659353 0
    outer loop
      vertex 0.461268 29.052 6
      vertex 0.737258 28.7373 2
      vertex 0.737258 28.7373 6
    endloop
  endfacet
  facet normal 0.194949 -0.980813 0
    outer loop
      vertex 3.41768 27.8274 2
      vertex 3.82822 27.909 6
      vertex 3.41768 27.8274 6
    endloop
  endfacet
  facet normal 0.194949 -0.980813 0
    outer loop
      vertex 3.82822 27.909 6
      vertex 3.41768 27.8274 2
      vertex 3.82822 27.909 2
    endloop
  endfacet
  facet normal 0.659367 -0.751821 0
    outer loop
      vertex 4.94804 28.4613 2
      vertex 5.26274 28.7373 6
      vertex 4.94804 28.4613 6
    endloop
  endfacet
  facet normal 0.659367 -0.751821 0
    outer loop
      vertex 5.26274 28.7373 6
      vertex 4.94804 28.4613 2
      vertex 5.26274 28.7373 2
    endloop
  endfacet
  facet normal 0.89687 0.442295 0
    outer loop
      vertex 5.95641 32.2246 6
      vertex 5.77128 32.6 2
      vertex 5.77128 32.6 6
    endloop
  endfacet
  facet normal 0.89687 0.442295 0
    outer loop
      vertex 5.77128 32.6 2
      vertex 5.95641 32.2246 6
      vertex 5.95641 32.2246 2
    endloop
  endfacet
  facet normal 0.946937 0.321419 0
    outer loop
      vertex 6.09096 31.8282 6
      vertex 5.95641 32.2246 2
      vertex 5.95641 32.2246 6
    endloop
  endfacet
  facet normal 0.946937 0.321419 0
    outer loop
      vertex 5.95641 32.2246 2
      vertex 6.09096 31.8282 6
      vertex 6.09096 31.8282 2
    endloop
  endfacet
  facet normal 0.751833 0.659353 0
    outer loop
      vertex 5.53873 32.948 6
      vertex 5.26274 33.2627 2
      vertex 5.26274 33.2627 6
    endloop
  endfacet
  facet normal 0.751833 0.659353 0
    outer loop
      vertex 5.26274 33.2627 2
      vertex 5.53873 32.948 6
      vertex 5.53873 32.948 2
    endloop
  endfacet
  facet normal 0 0 1
    outer loop
      vertex 6.17262 31.4177 6
      vertex 6.17262 30.5823 6
      vertex 6.2 31 6
    endloop
  endfacet
  facet normal 0 0 1
    outer loop
      vertex 6.09096 31.8282 6
      vertex 6.17262 30.5823 6
      vertex 6.17262 31.4177 6
    endloop
  endfacet
  facet normal 0 0 1
    outer loop
      vertex 6.09096 31.8282 6
      vertex 6.09096 30.1718 6
      vertex 6.17262 30.5823 6
    endloop
  endfacet
  facet normal 0 0 1
    outer loop
      vertex 5.95641 32.2246 6
      vertex 6.09096 30.1718 6
      vertex 6.09096 31.8282 6
    endloop
  endfacet
  facet normal 0 0 1
    outer loop
      vertex 5.95641 32.2246 6
      vertex 5.95641 29.7754 6
      vertex 6.09096 30.1718 6
    endloop
  endfacet
  facet normal 0 0 1
    outer loop
      vertex 5.77128 32.6 6
      vertex 5.95641 29.7754 6
      vertex 5.95641 32.2246 6
    endloop
  endfacet
  facet normal 0 0 1
    outer loop
      vertex 5.77128 32.6 6
      vertex 5.77128 29.4 6
      vertex 5.95641 29.7754 6
    endloop
  endfacet
  facet normal 0 0 1
    outer loop
      vertex 5.53873 32.948 6
      vertex 5.77128 29.4 6
      vertex 5.77128 32.6 6
    endloop
  endfacet
  facet normal 0 0 1
    outer loop
      vertex 5.53873 32.948 6
      vertex 5.53873 29.052 6
      vertex 5.77128 29.4 6
    endloop
  endfacet
  facet normal 0 0 1
    outer loop
      vertex 5.26274 33.2627 6
      vertex 5.53873 29.052 6
      vertex 5.53873 32.948 6
    endloop
  endfacet
  facet normal 0 0 1
    outer loop
      vertex 5.26274 33.2627 6
      vertex 5.26274 28.7373 6
      vertex 5.53873 29.052 6
    endloop
  endfacet
  facet normal 0 0 1
    outer loop
      vertex 4.94804 33.5387 6
      vertex 5.26274 28.7373 6
      vertex 5.26274 33.2627 6
    endloop
  endfacet
  facet normal 0 0 1
    outer loop
      vertex 4.94804 33.5387 6
      vertex 4.94804 28.4613 6
      vertex 5.26274 28.7373 6
    endloop
  endfacet
  facet normal 0 0 1
    outer loop
      vertex 4.6 33.7713 6
      vertex 4.94804 28.4613 6
      vertex 4.94804 33.5387 6
    endloop
  endfacet
  facet normal 0 0 1
    outer loop
      vertex 4.6 33.7713 6
      vertex 4.6 28.2287 6
      vertex 4.94804 28.4613 6
    endloop
  endfacet
  facet normal 0 0 1
    outer loop
      vertex 4.22459 33.9564 6
      vertex 4.6 28.2287 6
      vertex 4.6 33.7713 6
    endloop
  endfacet
  facet normal 0 0 1
    outer loop
      vertex 4.22459 33.9564 6
      vertex 4.22459 28.0436 6
      vertex 4.6 28.2287 6
    endloop
  endfacet
  facet normal 0 0 1
    outer loop
      vertex 3.82822 34.091 6
      vertex 4.22459 28.0436 6
      vertex 4.22459 33.9564 6
    endloop
  endfacet
  facet normal 0 0 1
    outer loop
      vertex 3.82822 34.091 6
      vertex 3.82822 27.909 6
      vertex 4.22459 28.0436 6
    endloop
  endfacet
  facet normal 0 0 1
    outer loop
      vertex 3.41768 34.1726 6
      vertex 3.82822 27.909 6
      vertex 3.82822 34.091 6
    endloop
  endfacet
  facet normal 0 0 1
    outer loop
      vertex 3.41768 34.1726 6
      vertex 3.41768 27.8274 6
      vertex 3.82822 27.909 6
    endloop
  endfacet
  facet normal 0 0 1
    outer loop
      vertex 3 34.2 6
      vertex 3.41768 27.8274 6
      vertex 3.41768 34.1726 6
    endloop
  endfacet
  facet normal 0 0 1
    outer loop
      vertex 3 34.2 6
      vertex 3 27.8 6
      vertex 3.41768 27.8274 6
    endloop
  endfacet
  facet normal -0 0 1
    outer loop
      vertex 2.58232 34.1726 6
      vertex 3 27.8 6
      vertex 3 34.2 6
    endloop
  endfacet
  facet normal 0 0 1
    outer loop
      vertex 2.58232 34.1726 6
      vertex 2.58232 27.8274 6
      vertex 3 27.8 6
    endloop
  endfacet
  facet normal -0 0 1
    outer loop
      vertex 2.17178 34.091 6
      vertex 2.58232 27.8274 6
      vertex 2.58232 34.1726 6
    endloop
  endfacet
  facet normal 0 0 1
    outer loop
      vertex 2.17178 34.091 6
      vertex 2.17178 27.909 6
      vertex 2.58232 27.8274 6
    endloop
  endfacet
  facet normal -0 0 1
    outer loop
      vertex 1.77541 33.9564 6
      vertex 2.17178 27.909 6
      vertex 2.17178 34.091 6
    endloop
  endfacet
  facet normal 0 0 1
    outer loop
      vertex 1.77541 33.9564 6
      vertex 1.77541 28.0436 6
      vertex 2.17178 27.909 6
    endloop
  endfacet
  facet normal -0 0 1
    outer loop
      vertex 1.4 33.7713 6
      vertex 1.77541 28.0436 6
      vertex 1.77541 33.9564 6
    endloop
  endfacet
  facet normal 0 0 1
    outer loop
      vertex 1.4 33.7713 6
      vertex 1.4 28.2287 6
      vertex 1.77541 28.0436 6
    endloop
  endfacet
  facet normal -0 0 1
    outer loop
      vertex 1.05196 33.5387 6
      vertex 1.4 28.2287 6
      vertex 1.4 33.7713 6
    endloop
  endfacet
  facet normal 0 0 1
    outer loop
      vertex 1.05196 33.5387 6
      vertex 1.05196 28.4613 6
      vertex 1.4 28.2287 6
    endloop
  endfacet
  facet normal -0 0 1
    outer loop
      vertex 0.737258 33.2627 6
      vertex 1.05196 28.4613 6
      vertex 1.05196 33.5387 6
    endloop
  endfacet
  facet normal 0 0 1
    outer loop
      vertex 0.737258 33.2627 6
      vertex 0.737258 28.7373 6
      vertex 1.05196 28.4613 6
    endloop
  endfacet
  facet normal -0 0 1
    outer loop
      vertex 0.461268 32.948 6
      vertex 0.737258 28.7373 6
      vertex 0.737258 33.2627 6
    endloop
  endfacet
  facet normal 0 0 1
    outer loop
      vertex 0.461268 32.948 6
      vertex 0.461268 29.052 6
      vertex 0.737258 28.7373 6
    endloop
  endfacet
  facet normal -0 0 1
    outer loop
      vertex 0.228718 32.6 6
      vertex 0.461268 29.052 6
      vertex 0.461268 32.948 6
    endloop
  endfacet
  facet normal 0 0 1
    outer loop
      vertex 0.228718 32.6 6
      vertex 0.228718 29.4 6
      vertex 0.461268 29.052 6
    endloop
  endfacet
  facet normal -0 0 1
    outer loop
      vertex 0.0435848 32.2246 6
      vertex 0.228718 29.4 6
      vertex 0.228718 32.6 6
    endloop
  endfacet
  facet normal 0 0 1
    outer loop
      vertex 0.0435848 32.2246 6
      vertex 0.0435848 29.7754 6
      vertex 0.228718 29.4 6
    endloop
  endfacet
  facet normal -0 0 1
    outer loop
      vertex -0.0909624 31.8282 6
      vertex 0.0435848 29.7754 6
      vertex 0.0435848 32.2246 6
    endloop
  endfacet
  facet normal 0 0 1
    outer loop
      vertex -0.0909624 31.8282 6
      vertex -0.0909624 30.1718 6
      vertex 0.0435848 29.7754 6
    endloop
  endfacet
  facet normal -0 0 1
    outer loop
      vertex -0.172623 31.4177 6
      vertex -0.0909624 30.1718 6
      vertex -0.0909624 31.8282 6
    endloop
  endfacet
  facet normal 0 0 1
    outer loop
      vertex -0.172623 31.4177 6
      vertex -0.172623 30.5823 6
      vertex -0.0909624 30.1718 6
    endloop
  endfacet
  facet normal 0 -0 1
    outer loop
      vertex -0.172623 30.5823 6
      vertex -0.172623 31.4177 6
      vertex -0.2 31 6
    endloop
  endfacet
  facet normal 0.89687 -0.442295 0
    outer loop
      vertex 5.77128 29.4 6
      vertex 5.95641 29.7754 2
      vertex 5.95641 29.7754 6
    endloop
  endfacet
  facet normal 0.89687 -0.442295 0
    outer loop
      vertex 5.95641 29.7754 2
      vertex 5.77128 29.4 6
      vertex 5.77128 29.4 2
    endloop
  endfacet
  facet normal 0.0654598 -0.997855 0
    outer loop
      vertex 3 27.8 2
      vertex 3.41768 27.8274 6
      vertex 3 27.8 6
    endloop
  endfacet
  facet normal 0.0654598 -0.997855 0
    outer loop
      vertex 3.41768 27.8274 6
      vertex 3 27.8 2
      vertex 3.41768 27.8274 2
    endloop
  endfacet
  facet normal -0.980782 -0.195107 0
    outer loop
      vertex -0.0909624 30.1718 2
      vertex -0.172623 30.5823 6
      vertex -0.172623 30.5823 2
    endloop
  endfacet
  facet normal -0.980782 -0.195107 0
    outer loop
      vertex -0.172623 30.5823 6
      vertex -0.0909624 30.1718 2
      vertex -0.0909624 30.1718 6
    endloop
  endfacet
  facet normal -0.896867 -0.442301 0
    outer loop
      vertex 0.228718 29.4 2
      vertex 0.0435848 29.7754 6
      vertex 0.0435848 29.7754 2
    endloop
  endfacet
  facet normal -0.896867 -0.442301 0
    outer loop
      vertex 0.0435848 29.7754 6
      vertex 0.228718 29.4 2
      vertex 0.228718 29.4 6
    endloop
  endfacet
  facet normal -0.659364 -0.751824 0
    outer loop
      vertex 0.737258 28.7373 2
      vertex 1.05196 28.4613 6
      vertex 0.737258 28.7373 6
    endloop
  endfacet
  facet normal -0.659364 -0.751824 -0
    outer loop
      vertex 1.05196 28.4613 6
      vertex 0.737258 28.7373 2
      vertex 1.05196 28.4613 2
    endloop
  endfacet
  facet normal 0.442228 -0.896903 0
    outer loop
      vertex 4.22459 28.0436 2
      vertex 4.6 28.2287 6
      vertex 4.22459 28.0436 6
    endloop
  endfacet
  facet normal 0.442228 -0.896903 0
    outer loop
      vertex 4.6 28.2287 6
      vertex 4.22459 28.0436 2
      vertex 4.6 28.2287 2
    endloop
  endfacet
  facet normal 0.321548 -0.946893 0
    outer loop
      vertex 3.82822 27.909 2
      vertex 4.22459 28.0436 6
      vertex 3.82822 27.909 6
    endloop
  endfacet
  facet normal 0.321548 -0.946893 0
    outer loop
      vertex 4.22459 28.0436 6
      vertex 3.82822 27.909 2
      vertex 4.22459 28.0436 2
    endloop
  endfacet
  facet normal -0.194949 -0.980813 0
    outer loop
      vertex 2.17178 27.909 2
      vertex 2.58232 27.8274 6
      vertex 2.17178 27.909 6
    endloop
  endfacet
  facet normal -0.194949 -0.980813 -0
    outer loop
      vertex 2.58232 27.8274 6
      vertex 2.17178 27.909 2
      vertex 2.58232 27.8274 2
    endloop
  endfacet
  facet normal -0.442228 -0.896903 0
    outer loop
      vertex 1.4 28.2287 2
      vertex 1.77541 28.0436 6
      vertex 1.4 28.2287 6
    endloop
  endfacet
  facet normal -0.442228 -0.896903 -0
    outer loop
      vertex 1.77541 28.0436 6
      vertex 1.4 28.2287 2
      vertex 1.77541 28.0436 2
    endloop
  endfacet
  facet normal -0.946939 -0.321413 0
    outer loop
      vertex 0.0435848 29.7754 2
      vertex -0.0909624 30.1718 6
      vertex -0.0909624 30.1718 2
    endloop
  endfacet
  facet normal -0.946939 -0.321413 0
    outer loop
      vertex -0.0909624 30.1718 6
      vertex 0.0435848 29.7754 2
      vertex 0.0435848 29.7754 6
    endloop
  endfacet
  facet normal 0.751833 -0.659353 0
    outer loop
      vertex 5.26274 28.7373 6
      vertex 5.53873 29.052 2
      vertex 5.53873 29.052 6
    endloop
  endfacet
  facet normal 0.751833 -0.659353 0
    outer loop
      vertex 5.53873 29.052 2
      vertex 5.26274 28.7373 6
      vertex 5.26274 28.7373 2
    endloop
  endfacet
  facet normal -0.0654598 -0.997855 0
    outer loop
      vertex 2.58232 27.8274 2
      vertex 3 27.8 6
      vertex 2.58232 27.8274 6
    endloop
  endfacet
  facet normal -0.0654598 -0.997855 -0
    outer loop
      vertex 3 27.8 6
      vertex 2.58232 27.8274 2
      vertex 3 27.8 2
    endloop
  endfacet
  facet normal -0.321548 -0.946893 0
    outer loop
      vertex 1.77541 28.0436 2
      vertex 2.17178 27.909 6
      vertex 1.77541 28.0436 6
    endloop
  endfacet
  facet normal -0.321548 -0.946893 -0
    outer loop
      vertex 2.17178 27.909 6
      vertex 1.77541 28.0436 2
      vertex 2.17178 27.909 2
    endloop
  endfacet
  facet normal 0.831418 0.555648 0
    outer loop
      vertex 80.7713 4.6 6
      vertex 80.5387 4.94804 2
      vertex 80.5387 4.94804 6
    endloop
  endfacet
  facet normal 0.831418 0.555648 0
    outer loop
      vertex 80.5387 4.94804 2
      vertex 80.7713 4.6 6
      vertex 80.7713 4.6 2
    endloop
  endfacet
  facet normal 0.321419 0.946937 -0
    outer loop
      vertex 79.2246 5.95641 2
      vertex 78.8282 6.09096 6
      vertex 79.2246 5.95641 6
    endloop
  endfacet
  facet normal 0.321419 0.946937 0
    outer loop
      vertex 78.8282 6.09096 6
      vertex 79.2246 5.95641 2
      vertex 78.8282 6.09096 2
    endloop
  endfacet
  facet normal -0.442295 0.89687 0
    outer loop
      vertex 76.7754 5.95641 2
      vertex 76.4 5.77128 6
      vertex 76.7754 5.95641 6
    endloop
  endfacet
  facet normal -0.442295 0.89687 0
    outer loop
      vertex 76.4 5.77128 6
      vertex 76.7754 5.95641 2
      vertex 76.4 5.77128 2
    endloop
  endfacet
  facet normal -0.946893 0.321548 0
    outer loop
      vertex 74.909 3.82822 2
      vertex 75.0436 4.22459 6
      vertex 75.0436 4.22459 2
    endloop
  endfacet
  facet normal -0.946893 0.321548 0
    outer loop
      vertex 75.0436 4.22459 6
      vertex 74.909 3.82822 2
      vertex 74.909 3.82822 6
    endloop
  endfacet
  facet normal 0.980813 -0.194949 0
    outer loop
      vertex 81.091 2.17178 6
      vertex 81.1726 2.58232 2
      vertex 81.1726 2.58232 6
    endloop
  endfacet
  facet normal 0.980813 -0.194949 0
    outer loop
      vertex 81.1726 2.58232 2
      vertex 81.091 2.17178 6
      vertex 81.091 2.17178 2
    endloop
  endfacet
  facet normal 0.980813 0.194949 0
    outer loop
      vertex 81.1726 3.41768 6
      vertex 81.091 3.82822 2
      vertex 81.091 3.82822 6
    endloop
  endfacet
  facet normal 0.980813 0.194949 0
    outer loop
      vertex 81.091 3.82822 2
      vertex 81.1726 3.41768 6
      vertex 81.1726 3.41768 2
    endloop
  endfacet
  facet normal -0.0654091 0.997859 0
    outer loop
      vertex 78 6.2 2
      vertex 77.5823 6.17262 6
      vertex 78 6.2 6
    endloop
  endfacet
  facet normal -0.0654091 0.997859 0
    outer loop
      vertex 77.5823 6.17262 6
      vertex 78 6.2 2
      vertex 77.5823 6.17262 2
    endloop
  endfacet
  facet normal 0.55561 0.831443 -0
    outer loop
      vertex 79.948 5.53873 2
      vertex 79.6 5.77128 6
      vertex 79.948 5.53873 6
    endloop
  endfacet
  facet normal 0.55561 0.831443 0
    outer loop
      vertex 79.6 5.77128 6
      vertex 79.948 5.53873 2
      vertex 79.6 5.77128 2
    endloop
  endfacet
  facet normal -0.997855 -0.0654598 0
    outer loop
      vertex 74.8274 2.58232 2
      vertex 74.8 3 6
      vertex 74.8 3 2
    endloop
  endfacet
  facet normal -0.997855 -0.0654598 0
    outer loop
      vertex 74.8 3 6
      vertex 74.8274 2.58232 2
      vertex 74.8274 2.58232 6
    endloop
  endfacet
  facet normal -0.831418 0.555648 0
    outer loop
      vertex 75.2287 4.6 2
      vertex 75.4613 4.94804 6
      vertex 75.4613 4.94804 2
    endloop
  endfacet
  facet normal -0.831418 0.555648 0
    outer loop
      vertex 75.4613 4.94804 6
      vertex 75.2287 4.6 2
      vertex 75.2287 4.6 6
    endloop
  endfacet
  facet normal -0.55561 0.831443 0
    outer loop
      vertex 76.4 5.77128 2
      vertex 76.052 5.53873 6
      vertex 76.4 5.77128 6
    endloop
  endfacet
  facet normal -0.55561 0.831443 0
    outer loop
      vertex 76.052 5.53873 6
      vertex 76.4 5.77128 2
      vertex 76.052 5.53873 2
    endloop
  endfacet
  facet normal -0.195105 0.980782 0
    outer loop
      vertex 77.5823 6.17262 2
      vertex 77.1718 6.09096 6
      vertex 77.5823 6.17262 6
    endloop
  endfacet
  facet normal -0.195105 0.980782 0
    outer loop
      vertex 77.1718 6.09096 6
      vertex 77.5823 6.17262 2
      vertex 77.1718 6.09096 2
    endloop
  endfacet
  facet normal 0.997855 0.0654598 0
    outer loop
      vertex 81.2 3 6
      vertex 81.1726 3.41768 2
      vertex 81.1726 3.41768 6
    endloop
  endfacet
  facet normal 0.997855 0.0654598 0
    outer loop
      vertex 81.1726 3.41768 2
      vertex 81.2 3 6
      vertex 81.2 3 2
    endloop
  endfacet
  facet normal 0.946893 -0.321548 0
    outer loop
      vertex 80.9564 1.77541 6
      vertex 81.091 2.17178 2
      vertex 81.091 2.17178 6
    endloop
  endfacet
  facet normal 0.946893 -0.321548 0
    outer loop
      vertex 81.091 2.17178 2
      vertex 80.9564 1.77541 6
      vertex 80.9564 1.77541 2
    endloop
  endfacet
  facet normal -0.55561 -0.831443 0
    outer loop
      vertex 76.052 0.461268 2
      vertex 76.4 0.228718 6
      vertex 76.052 0.461268 6
    endloop
  endfacet
  facet normal -0.55561 -0.831443 -0
    outer loop
      vertex 76.4 0.228718 6
      vertex 76.052 0.461268 2
      vertex 76.4 0.228718 2
    endloop
  endfacet
  facet normal -0.831418 -0.555648 0
    outer loop
      vertex 75.4613 1.05196 2
      vertex 75.2287 1.4 6
      vertex 75.2287 1.4 2
    endloop
  endfacet
  facet normal -0.831418 -0.555648 0
    outer loop
      vertex 75.2287 1.4 6
      vertex 75.4613 1.05196 2
      vertex 75.4613 1.05196 6
    endloop
  endfacet
  facet normal 0.55561 -0.831443 0
    outer loop
      vertex 79.6 0.228718 2
      vertex 79.948 0.461268 6
      vertex 79.6 0.228718 6
    endloop
  endfacet
  facet normal 0.55561 -0.831443 0
    outer loop
      vertex 79.948 0.461268 6
      vertex 79.6 0.228718 2
      vertex 79.948 0.461268 2
    endloop
  endfacet
  facet normal 0.659353 0.751833 -0
    outer loop
      vertex 80.2627 5.26274 2
      vertex 79.948 5.53873 6
      vertex 80.2627 5.26274 6
    endloop
  endfacet
  facet normal 0.659353 0.751833 0
    outer loop
      vertex 79.948 5.53873 6
      vertex 80.2627 5.26274 2
      vertex 79.948 5.53873 2
    endloop
  endfacet
  facet normal 0.751821 0.659367 0
    outer loop
      vertex 80.5387 4.94804 6
      vertex 80.2627 5.26274 2
      vertex 80.2627 5.26274 6
    endloop
  endfacet
  facet normal 0.751821 0.659367 0
    outer loop
      vertex 80.2627 5.26274 2
      vertex 80.5387 4.94804 6
      vertex 80.5387 4.94804 2
    endloop
  endfacet
  facet normal 0.195105 0.980782 -0
    outer loop
      vertex 78.8282 6.09096 2
      vertex 78.4177 6.17262 6
      vertex 78.8282 6.09096 6
    endloop
  endfacet
  facet normal 0.195105 0.980782 0
    outer loop
      vertex 78.4177 6.17262 6
      vertex 78.8282 6.09096 2
      vertex 78.4177 6.17262 2
    endloop
  endfacet
  facet normal 0.0654091 0.997859 -0
    outer loop
      vertex 78.4177 6.17262 2
      vertex 78 6.2 6
      vertex 78.4177 6.17262 6
    endloop
  endfacet
  facet normal 0.0654091 0.997859 0
    outer loop
      vertex 78 6.2 6
      vertex 78.4177 6.17262 2
      vertex 78 6.2 2
    endloop
  endfacet
  facet normal 0.442295 0.89687 -0
    outer loop
      vertex 79.6 5.77128 2
      vertex 79.2246 5.95641 6
      vertex 79.6 5.77128 6
    endloop
  endfacet
  facet normal 0.442295 0.89687 0
    outer loop
      vertex 79.2246 5.95641 6
      vertex 79.6 5.77128 2
      vertex 79.2246 5.95641 2
    endloop
  endfacet
  facet normal -0.980813 0.194949 0
    outer loop
      vertex 74.8274 3.41768 2
      vertex 74.909 3.82822 6
      vertex 74.909 3.82822 2
    endloop
  endfacet
  facet normal -0.980813 0.194949 0
    outer loop
      vertex 74.909 3.82822 6
      vertex 74.8274 3.41768 2
      vertex 74.8274 3.41768 6
    endloop
  endfacet
  facet normal -0.997855 0.0654598 0
    outer loop
      vertex 74.8 3 2
      vertex 74.8274 3.41768 6
      vertex 74.8274 3.41768 2
    endloop
  endfacet
  facet normal -0.997855 0.0654598 0
    outer loop
      vertex 74.8274 3.41768 6
      vertex 74.8 3 2
      vertex 74.8 3 6
    endloop
  endfacet
  facet normal -0.896903 0.442228 0
    outer loop
      vertex 75.0436 4.22459 2
      vertex 75.2287 4.6 6
      vertex 75.2287 4.6 2
    endloop
  endfacet
  facet normal -0.896903 0.442228 0
    outer loop
      vertex 75.2287 4.6 6
      vertex 75.0436 4.22459 2
      vertex 75.0436 4.22459 6
    endloop
  endfacet
  facet normal -0.321419 0.946937 0
    outer loop
      vertex 77.1718 6.09096 2
      vertex 76.7754 5.95641 6
      vertex 77.1718 6.09096 6
    endloop
  endfacet
  facet normal -0.321419 0.946937 0
    outer loop
      vertex 76.7754 5.95641 6
      vertex 77.1718 6.09096 2
      vertex 76.7754 5.95641 2
    endloop
  endfacet
  facet normal -0.659353 0.751833 0
    outer loop
      vertex 76.052 5.53873 2
      vertex 75.7373 5.26274 6
      vertex 76.052 5.53873 6
    endloop
  endfacet
  facet normal -0.659353 0.751833 0
    outer loop
      vertex 75.7373 5.26274 6
      vertex 76.052 5.53873 2
      vertex 75.7373 5.26274 2
    endloop
  endfacet
  facet normal -0.751821 0.659367 0
    outer loop
      vertex 75.4613 4.94804 2
      vertex 75.7373 5.26274 6
      vertex 75.7373 5.26274 2
    endloop
  endfacet
  facet normal -0.751821 0.659367 0
    outer loop
      vertex 75.7373 5.26274 6
      vertex 75.4613 4.94804 2
      vertex 75.4613 4.94804 6
    endloop
  endfacet
  facet normal 0.997855 -0.0654598 0
    outer loop
      vertex 81.1726 2.58232 6
      vertex 81.2 3 2
      vertex 81.2 3 6
    endloop
  endfacet
  facet normal 0.997855 -0.0654598 0
    outer loop
      vertex 81.2 3 2
      vertex 81.1726 2.58232 6
      vertex 81.1726 2.58232 2
    endloop
  endfacet
  facet normal 0.831418 -0.555648 0
    outer loop
      vertex 80.5387 1.05196 6
      vertex 80.7713 1.4 2
      vertex 80.7713 1.4 6
    endloop
  endfacet
  facet normal 0.831418 -0.555648 0
    outer loop
      vertex 80.7713 1.4 2
      vertex 80.5387 1.05196 6
      vertex 80.5387 1.05196 2
    endloop
  endfacet
  facet normal -0.980813 -0.194949 0
    outer loop
      vertex 74.909 2.17178 2
      vertex 74.8274 2.58232 6
      vertex 74.8274 2.58232 2
    endloop
  endfacet
  facet normal -0.980813 -0.194949 0
    outer loop
      vertex 74.8274 2.58232 6
      vertex 74.909 2.17178 2
      vertex 74.909 2.17178 6
    endloop
  endfacet
  facet normal -0.751824 -0.659364 0
    outer loop
      vertex 75.7373 0.737258 2
      vertex 75.4613 1.05196 6
      vertex 75.4613 1.05196 2
    endloop
  endfacet
  facet normal -0.751824 -0.659364 0
    outer loop
      vertex 75.4613 1.05196 6
      vertex 75.7373 0.737258 2
      vertex 75.7373 0.737258 6
    endloop
  endfacet
  facet normal 0.195107 -0.980782 0
    outer loop
      vertex 78.4177 -0.172623 2
      vertex 78.8282 -0.0909624 6
      vertex 78.4177 -0.172623 6
    endloop
  endfacet
  facet normal 0.195107 -0.980782 0
    outer loop
      vertex 78.8282 -0.0909624 6
      vertex 78.4177 -0.172623 2
      vertex 78.8282 -0.0909624 2
    endloop
  endfacet
  facet normal 0.659353 -0.751833 0
    outer loop
      vertex 79.948 0.461268 2
      vertex 80.2627 0.737258 6
      vertex 79.948 0.461268 6
    endloop
  endfacet
  facet normal 0.659353 -0.751833 0
    outer loop
      vertex 80.2627 0.737258 6
      vertex 79.948 0.461268 2
      vertex 80.2627 0.737258 2
    endloop
  endfacet
  facet normal 0.896903 0.442228 0
    outer loop
      vertex 80.9564 4.22459 6
      vertex 80.7713 4.6 2
      vertex 80.7713 4.6 6
    endloop
  endfacet
  facet normal 0.896903 0.442228 0
    outer loop
      vertex 80.7713 4.6 2
      vertex 80.9564 4.22459 6
      vertex 80.9564 4.22459 2
    endloop
  endfacet
  facet normal 0.946893 0.321548 0
    outer loop
      vertex 81.091 3.82822 6
      vertex 80.9564 4.22459 2
      vertex 80.9564 4.22459 6
    endloop
  endfacet
  facet normal 0.946893 0.321548 0
    outer loop
      vertex 80.9564 4.22459 2
      vertex 81.091 3.82822 6
      vertex 81.091 3.82822 2
    endloop
  endfacet
  facet normal 0 0 1
    outer loop
      vertex 81.1726 3.41768 6
      vertex 81.1726 2.58232 6
      vertex 81.2 3 6
    endloop
  endfacet
  facet normal 0 0 1
    outer loop
      vertex 81.091 3.82822 6
      vertex 81.1726 2.58232 6
      vertex 81.1726 3.41768 6
    endloop
  endfacet
  facet normal 0 0 1
    outer loop
      vertex 81.091 3.82822 6
      vertex 81.091 2.17178 6
      vertex 81.1726 2.58232 6
    endloop
  endfacet
  facet normal 0 0 1
    outer loop
      vertex 80.9564 4.22459 6
      vertex 81.091 2.17178 6
      vertex 81.091 3.82822 6
    endloop
  endfacet
  facet normal 0 0 1
    outer loop
      vertex 80.9564 4.22459 6
      vertex 80.9564 1.77541 6
      vertex 81.091 2.17178 6
    endloop
  endfacet
  facet normal 0 0 1
    outer loop
      vertex 80.7713 4.6 6
      vertex 80.9564 1.77541 6
      vertex 80.9564 4.22459 6
    endloop
  endfacet
  facet normal 0 0 1
    outer loop
      vertex 80.7713 4.6 6
      vertex 80.7713 1.4 6
      vertex 80.9564 1.77541 6
    endloop
  endfacet
  facet normal 0 0 1
    outer loop
      vertex 80.5387 4.94804 6
      vertex 80.7713 1.4 6
      vertex 80.7713 4.6 6
    endloop
  endfacet
  facet normal 0 0 1
    outer loop
      vertex 80.5387 4.94804 6
      vertex 80.5387 1.05196 6
      vertex 80.7713 1.4 6
    endloop
  endfacet
  facet normal 0 0 1
    outer loop
      vertex 80.2627 5.26274 6
      vertex 80.5387 1.05196 6
      vertex 80.5387 4.94804 6
    endloop
  endfacet
  facet normal 0 0 1
    outer loop
      vertex 80.2627 5.26274 6
      vertex 80.2627 0.737258 6
      vertex 80.5387 1.05196 6
    endloop
  endfacet
  facet normal 0 0 1
    outer loop
      vertex 79.948 5.53873 6
      vertex 80.2627 0.737258 6
      vertex 80.2627 5.26274 6
    endloop
  endfacet
  facet normal 0 0 1
    outer loop
      vertex 79.948 5.53873 6
      vertex 79.948 0.461268 6
      vertex 80.2627 0.737258 6
    endloop
  endfacet
  facet normal 0 0 1
    outer loop
      vertex 79.6 5.77128 6
      vertex 79.948 0.461268 6
      vertex 79.948 5.53873 6
    endloop
  endfacet
  facet normal 0 0 1
    outer loop
      vertex 79.6 5.77128 6
      vertex 79.6 0.228718 6
      vertex 79.948 0.461268 6
    endloop
  endfacet
  facet normal 0 0 1
    outer loop
      vertex 79.2246 5.95641 6
      vertex 79.6 0.228718 6
      vertex 79.6 5.77128 6
    endloop
  endfacet
  facet normal 0 0 1
    outer loop
      vertex 79.2246 5.95641 6
      vertex 79.2246 0.0435848 6
      vertex 79.6 0.228718 6
    endloop
  endfacet
  facet normal 0 0 1
    outer loop
      vertex 78.8282 6.09096 6
      vertex 79.2246 0.0435848 6
      vertex 79.2246 5.95641 6
    endloop
  endfacet
  facet normal 0 0 1
    outer loop
      vertex 78.8282 6.09096 6
      vertex 78.8282 -0.0909624 6
      vertex 79.2246 0.0435848 6
    endloop
  endfacet
  facet normal 0 0 1
    outer loop
      vertex 78.4177 6.17262 6
      vertex 78.8282 -0.0909624 6
      vertex 78.8282 6.09096 6
    endloop
  endfacet
  facet normal 0 0 1
    outer loop
      vertex 78.4177 6.17262 6
      vertex 78.4177 -0.172623 6
      vertex 78.8282 -0.0909624 6
    endloop
  endfacet
  facet normal 0 0 1
    outer loop
      vertex 78 6.2 6
      vertex 78.4177 -0.172623 6
      vertex 78.4177 6.17262 6
    endloop
  endfacet
  facet normal 0 0 1
    outer loop
      vertex 78 6.2 6
      vertex 78 -0.2 6
      vertex 78.4177 -0.172623 6
    endloop
  endfacet
  facet normal -0 0 1
    outer loop
      vertex 77.5823 6.17262 6
      vertex 78 -0.2 6
      vertex 78 6.2 6
    endloop
  endfacet
  facet normal 0 0 1
    outer loop
      vertex 77.5823 6.17262 6
      vertex 77.5823 -0.172623 6
      vertex 78 -0.2 6
    endloop
  endfacet
  facet normal -0 0 1
    outer loop
      vertex 77.1718 6.09096 6
      vertex 77.5823 -0.172623 6
      vertex 77.5823 6.17262 6
    endloop
  endfacet
  facet normal 0 0 1
    outer loop
      vertex 77.1718 6.09096 6
      vertex 77.1718 -0.0909624 6
      vertex 77.5823 -0.172623 6
    endloop
  endfacet
  facet normal -0 0 1
    outer loop
      vertex 76.7754 5.95641 6
      vertex 77.1718 -0.0909624 6
      vertex 77.1718 6.09096 6
    endloop
  endfacet
  facet normal 0 0 1
    outer loop
      vertex 76.7754 5.95641 6
      vertex 76.7754 0.0435848 6
      vertex 77.1718 -0.0909624 6
    endloop
  endfacet
  facet normal -0 0 1
    outer loop
      vertex 76.4 5.77128 6
      vertex 76.7754 0.0435848 6
      vertex 76.7754 5.95641 6
    endloop
  endfacet
  facet normal 0 0 1
    outer loop
      vertex 76.4 5.77128 6
      vertex 76.4 0.228718 6
      vertex 76.7754 0.0435848 6
    endloop
  endfacet
  facet normal -0 0 1
    outer loop
      vertex 76.052 5.53873 6
      vertex 76.4 0.228718 6
      vertex 76.4 5.77128 6
    endloop
  endfacet
  facet normal 0 0 1
    outer loop
      vertex 76.052 5.53873 6
      vertex 76.052 0.461268 6
      vertex 76.4 0.228718 6
    endloop
  endfacet
  facet normal -0 0 1
    outer loop
      vertex 75.7373 5.26274 6
      vertex 76.052 0.461268 6
      vertex 76.052 5.53873 6
    endloop
  endfacet
  facet normal 0 0 1
    outer loop
      vertex 75.7373 5.26274 6
      vertex 75.7373 0.737258 6
      vertex 76.052 0.461268 6
    endloop
  endfacet
  facet normal -0 0 1
    outer loop
      vertex 75.4613 4.94804 6
      vertex 75.7373 0.737258 6
      vertex 75.7373 5.26274 6
    endloop
  endfacet
  facet normal 0 0 1
    outer loop
      vertex 75.4613 4.94804 6
      vertex 75.4613 1.05196 6
      vertex 75.7373 0.737258 6
    endloop
  endfacet
  facet normal -0 0 1
    outer loop
      vertex 75.2287 4.6 6
      vertex 75.4613 1.05196 6
      vertex 75.4613 4.94804 6
    endloop
  endfacet
  facet normal 0 0 1
    outer loop
      vertex 75.2287 4.6 6
      vertex 75.2287 1.4 6
      vertex 75.4613 1.05196 6
    endloop
  endfacet
  facet normal -0 0 1
    outer loop
      vertex 75.0436 4.22459 6
      vertex 75.2287 1.4 6
      vertex 75.2287 4.6 6
    endloop
  endfacet
  facet normal 0 0 1
    outer loop
      vertex 75.0436 4.22459 6
      vertex 75.0436 1.77541 6
      vertex 75.2287 1.4 6
    endloop
  endfacet
  facet normal -0 0 1
    outer loop
      vertex 74.909 3.82822 6
      vertex 75.0436 1.77541 6
      vertex 75.0436 4.22459 6
    endloop
  endfacet
  facet normal 0 0 1
    outer loop
      vertex 74.909 3.82822 6
      vertex 74.909 2.17178 6
      vertex 75.0436 1.77541 6
    endloop
  endfacet
  facet normal -0 0 1
    outer loop
      vertex 74.8274 3.41768 6
      vertex 74.909 2.17178 6
      vertex 74.909 3.82822 6
    endloop
  endfacet
  facet normal 0 0 1
    outer loop
      vertex 74.8274 3.41768 6
      vertex 74.8274 2.58232 6
      vertex 74.909 2.17178 6
    endloop
  endfacet
  facet normal 0 -0 1
    outer loop
      vertex 74.8274 2.58232 6
      vertex 74.8274 3.41768 6
      vertex 74.8 3 6
    endloop
  endfacet
  facet normal 0.896903 -0.442228 0
    outer loop
      vertex 80.7713 1.4 6
      vertex 80.9564 1.77541 2
      vertex 80.9564 1.77541 6
    endloop
  endfacet
  facet normal 0.896903 -0.442228 0
    outer loop
      vertex 80.9564 1.77541 2
      vertex 80.7713 1.4 6
      vertex 80.7713 1.4 2
    endloop
  endfacet
  facet normal 0.0654019 -0.997859 0
    outer loop
      vertex 78 -0.2 2
      vertex 78.4177 -0.172623 6
      vertex 78 -0.2 6
    endloop
  endfacet
  facet normal 0.0654019 -0.997859 0
    outer loop
      vertex 78.4177 -0.172623 6
      vertex 78 -0.2 2
      vertex 78.4177 -0.172623 2
    endloop
  endfacet
  facet normal -0.896903 -0.442228 0
    outer loop
      vertex 75.2287 1.4 2
      vertex 75.0436 1.77541 6
      vertex 75.0436 1.77541 2
    endloop
  endfacet
  facet normal -0.896903 -0.442228 0
    outer loop
      vertex 75.0436 1.77541 6
      vertex 75.2287 1.4 2
      vertex 75.2287 1.4 6
    endloop
  endfacet
  facet normal -0.946893 -0.321548 0
    outer loop
      vertex 75.0436 1.77541 2
      vertex 74.909 2.17178 6
      vertex 74.909 2.17178 2
    endloop
  endfacet
  facet normal -0.946893 -0.321548 0
    outer loop
      vertex 74.909 2.17178 6
      vertex 75.0436 1.77541 2
      vertex 75.0436 1.77541 6
    endloop
  endfacet
  facet normal -0.659353 -0.751833 0
    outer loop
      vertex 75.7373 0.737258 2
      vertex 76.052 0.461268 6
      vertex 75.7373 0.737258 6
    endloop
  endfacet
  facet normal -0.659353 -0.751833 -0
    outer loop
      vertex 76.052 0.461268 6
      vertex 75.7373 0.737258 2
      vertex 76.052 0.461268 2
    endloop
  endfacet
  facet normal 0.442301 -0.896867 0
    outer loop
      vertex 79.2246 0.0435848 2
      vertex 79.6 0.228718 6
      vertex 79.2246 0.0435848 6
    endloop
  endfacet
  facet normal 0.442301 -0.896867 0
    outer loop
      vertex 79.6 0.228718 6
      vertex 79.2246 0.0435848 2
      vertex 79.6 0.228718 2
    endloop
  endfacet
  facet normal 0.321413 -0.946939 0
    outer loop
      vertex 78.8282 -0.0909624 2
      vertex 79.2246 0.0435848 6
      vertex 78.8282 -0.0909624 6
    endloop
  endfacet
  facet normal 0.321413 -0.946939 0
    outer loop
      vertex 79.2246 0.0435848 6
      vertex 78.8282 -0.0909624 2
      vertex 79.2246 0.0435848 2
    endloop
  endfacet
  facet normal -0.321413 -0.946939 0
    outer loop
      vertex 76.7754 0.0435848 2
      vertex 77.1718 -0.0909624 6
      vertex 76.7754 0.0435848 6
    endloop
  endfacet
  facet normal -0.321413 -0.946939 -0
    outer loop
      vertex 77.1718 -0.0909624 6
      vertex 76.7754 0.0435848 2
      vertex 77.1718 -0.0909624 2
    endloop
  endfacet
  facet normal -0.195107 -0.980782 0
    outer loop
      vertex 77.1718 -0.0909624 2
      vertex 77.5823 -0.172623 6
      vertex 77.1718 -0.0909624 6
    endloop
  endfacet
  facet normal -0.195107 -0.980782 -0
    outer loop
      vertex 77.5823 -0.172623 6
      vertex 77.1718 -0.0909624 2
      vertex 77.5823 -0.172623 2
    endloop
  endfacet
  facet normal 0.751824 -0.659364 0
    outer loop
      vertex 80.2627 0.737258 6
      vertex 80.5387 1.05196 2
      vertex 80.5387 1.05196 6
    endloop
  endfacet
  facet normal 0.751824 -0.659364 0
    outer loop
      vertex 80.5387 1.05196 2
      vertex 80.2627 0.737258 6
      vertex 80.2627 0.737258 2
    endloop
  endfacet
  facet normal -0.442301 -0.896867 0
    outer loop
      vertex 76.4 0.228718 2
      vertex 76.7754 0.0435848 6
      vertex 76.4 0.228718 6
    endloop
  endfacet
  facet normal -0.442301 -0.896867 -0
    outer loop
      vertex 76.7754 0.0435848 6
      vertex 76.4 0.228718 2
      vertex 76.7754 0.0435848 2
    endloop
  endfacet
  facet normal -0.0654019 -0.997859 0
    outer loop
      vertex 77.5823 -0.172623 2
      vertex 78 -0.2 6
      vertex 77.5823 -0.172623 6
    endloop
  endfacet
  facet normal -0.0654019 -0.997859 -0
    outer loop
      vertex 78 -0.2 6
      vertex 77.5823 -0.172623 2
      vertex 78 -0.2 2
    endloop
  endfacet
  facet normal 0.997855 0.0654566 0
    outer loop
      vertex 81.2 31 6
      vertex 81.1726 31.4177 2
      vertex 81.1726 31.4177 6
    endloop
  endfacet
  facet normal 0.997855 0.0654566 0
    outer loop
      vertex 81.1726 31.4177 2
      vertex 81.2 31 6
      vertex 81.2 31 2
    endloop
  endfacet
  facet normal -0.0654566 0.997855 0
    outer loop
      vertex 78 34.2 2
      vertex 77.5823 34.1726 6
      vertex 78 34.2 6
    endloop
  endfacet
  facet normal -0.0654566 0.997855 0
    outer loop
      vertex 77.5823 34.1726 6
      vertex 78 34.2 2
      vertex 77.5823 34.1726 2
    endloop
  endfacet
  facet normal 0.659367 0.751821 -0
    outer loop
      vertex 80.2627 33.2627 2
      vertex 79.948 33.5387 6
      vertex 80.2627 33.2627 6
    endloop
  endfacet
  facet normal 0.659367 0.751821 0
    outer loop
      vertex 79.948 33.5387 6
      vertex 80.2627 33.2627 2
      vertex 79.948 33.5387 2
    endloop
  endfacet
  facet normal -0.751821 0.659367 0
    outer loop
      vertex 75.4613 32.948 2
      vertex 75.7373 33.2627 6
      vertex 75.7373 33.2627 2
    endloop
  endfacet
  facet normal -0.751821 0.659367 0
    outer loop
      vertex 75.7373 33.2627 6
      vertex 75.4613 32.948 2
      vertex 75.4613 32.948 6
    endloop
  endfacet
  facet normal -0.442237 0.896898 0
    outer loop
      vertex 76.7754 33.9564 2
      vertex 76.4 33.7713 6
      vertex 76.7754 33.9564 6
    endloop
  endfacet
  facet normal -0.442237 0.896898 0
    outer loop
      vertex 76.4 33.7713 6
      vertex 76.7754 33.9564 2
      vertex 76.4 33.7713 2
    endloop
  endfacet
  facet normal 0.896898 0.442237 0
    outer loop
      vertex 80.9564 32.2246 6
      vertex 80.7713 32.6 2
      vertex 80.7713 32.6 6
    endloop
  endfacet
  facet normal 0.896898 0.442237 0
    outer loop
      vertex 80.7713 32.6 2
      vertex 80.9564 32.2246 6
      vertex 80.9564 32.2246 2
    endloop
  endfacet
  facet normal 0.98081 0.194967 0
    outer loop
      vertex 81.1726 31.4177 6
      vertex 81.091 31.8282 2
      vertex 81.091 31.8282 6
    endloop
  endfacet
  facet normal 0.98081 0.194967 0
    outer loop
      vertex 81.091 31.8282 2
      vertex 81.1726 31.4177 6
      vertex 81.1726 31.4177 2
    endloop
  endfacet
  facet normal 0.831388 0.555692 0
    outer loop
      vertex 80.7713 32.6 6
      vertex 80.5387 32.948 2
      vertex 80.5387 32.948 6
    endloop
  endfacet
  facet normal 0.831388 0.555692 0
    outer loop
      vertex 80.5387 32.948 2
      vertex 80.7713 32.6 6
      vertex 80.7713 32.6 2
    endloop
  endfacet
  facet normal 0.321526 0.946901 -0
    outer loop
      vertex 79.2246 33.9564 2
      vertex 78.8282 34.091 6
      vertex 79.2246 33.9564 6
    endloop
  endfacet
  facet normal 0.321526 0.946901 0
    outer loop
      vertex 78.8282 34.091 6
      vertex 79.2246 33.9564 2
      vertex 78.8282 34.091 2
    endloop
  endfacet
  facet normal 0.555692 0.831388 -0
    outer loop
      vertex 79.948 33.5387 2
      vertex 79.6 33.7713 6
      vertex 79.948 33.5387 6
    endloop
  endfacet
  facet normal 0.555692 0.831388 0
    outer loop
      vertex 79.6 33.7713 6
      vertex 79.948 33.5387 2
      vertex 79.6 33.7713 2
    endloop
  endfacet
  facet normal -0.896898 0.442237 0
    outer loop
      vertex 75.0436 32.2246 2
      vertex 75.2287 32.6 6
      vertex 75.2287 32.6 2
    endloop
  endfacet
  facet normal -0.896898 0.442237 0
    outer loop
      vertex 75.2287 32.6 6
      vertex 75.0436 32.2246 2
      vertex 75.0436 32.2246 6
    endloop
  endfacet
  facet normal -0.831388 0.555692 0
    outer loop
      vertex 75.2287 32.6 2
      vertex 75.4613 32.948 6
      vertex 75.4613 32.948 2
    endloop
  endfacet
  facet normal -0.831388 0.555692 0
    outer loop
      vertex 75.4613 32.948 6
      vertex 75.2287 32.6 2
      vertex 75.2287 32.6 6
    endloop
  endfacet
  facet normal -0.997855 0.0654566 0
    outer loop
      vertex 74.8 31 2
      vertex 74.8274 31.4177 6
      vertex 74.8274 31.4177 2
    endloop
  endfacet
  facet normal -0.997855 0.0654566 0
    outer loop
      vertex 74.8274 31.4177 6
      vertex 74.8 31 2
      vertex 74.8 31 6
    endloop
  endfacet
  facet normal -0.555692 0.831388 0
    outer loop
      vertex 76.4 33.7713 2
      vertex 76.052 33.5387 6
      vertex 76.4 33.7713 6
    endloop
  endfacet
  facet normal -0.555692 0.831388 0
    outer loop
      vertex 76.052 33.5387 6
      vertex 76.4 33.7713 2
      vertex 76.052 33.5387 2
    endloop
  endfacet
  facet normal -0.194967 0.98081 0
    outer loop
      vertex 77.5823 34.1726 2
      vertex 77.1718 34.091 6
      vertex 77.5823 34.1726 6
    endloop
  endfacet
  facet normal -0.194967 0.98081 0
    outer loop
      vertex 77.1718 34.091 6
      vertex 77.5823 34.1726 2
      vertex 77.1718 34.091 2
    endloop
  endfacet
  facet normal 0.831388 -0.555692 0
    outer loop
      vertex 80.5387 29.052 6
      vertex 80.7713 29.4 2
      vertex 80.7713 29.4 6
    endloop
  endfacet
  facet normal 0.831388 -0.555692 0
    outer loop
      vertex 80.7713 29.4 2
      vertex 80.5387 29.052 6
      vertex 80.5387 29.052 2
    endloop
  endfacet
  facet normal 0.997855 -0.0654566 0
    outer loop
      vertex 81.1726 30.5823 6
      vertex 81.2 31 2
      vertex 81.2 31 6
    endloop
  endfacet
  facet normal 0.997855 -0.0654566 0
    outer loop
      vertex 81.2 31 2
      vertex 81.1726 30.5823 6
      vertex 81.1726 30.5823 2
    endloop
  endfacet
  facet normal 0.194967 -0.98081 0
    outer loop
      vertex 78.4177 27.8274 2
      vertex 78.8282 27.909 6
      vertex 78.4177 27.8274 6
    endloop
  endfacet
  facet normal 0.194967 -0.98081 0
    outer loop
      vertex 78.8282 27.909 6
      vertex 78.4177 27.8274 2
      vertex 78.8282 27.909 2
    endloop
  endfacet
  facet normal 0.946901 0.321526 0
    outer loop
      vertex 81.091 31.8282 6
      vertex 80.9564 32.2246 2
      vertex 80.9564 32.2246 6
    endloop
  endfacet
  facet normal 0.946901 0.321526 0
    outer loop
      vertex 80.9564 32.2246 2
      vertex 81.091 31.8282 6
      vertex 81.091 31.8282 2
    endloop
  endfacet
  facet normal 0.751821 0.659367 0
    outer loop
      vertex 80.5387 32.948 6
      vertex 80.2627 33.2627 2
      vertex 80.2627 33.2627 6
    endloop
  endfacet
  facet normal 0.751821 0.659367 0
    outer loop
      vertex 80.2627 33.2627 2
      vertex 80.5387 32.948 6
      vertex 80.5387 32.948 2
    endloop
  endfacet
  facet normal 0.194967 0.98081 -0
    outer loop
      vertex 78.8282 34.091 2
      vertex 78.4177 34.1726 6
      vertex 78.8282 34.091 6
    endloop
  endfacet
  facet normal 0.194967 0.98081 0
    outer loop
      vertex 78.4177 34.1726 6
      vertex 78.8282 34.091 2
      vertex 78.4177 34.1726 2
    endloop
  endfacet
  facet normal 0.0654566 0.997855 -0
    outer loop
      vertex 78.4177 34.1726 2
      vertex 78 34.2 6
      vertex 78.4177 34.1726 6
    endloop
  endfacet
  facet normal 0.0654566 0.997855 0
    outer loop
      vertex 78 34.2 6
      vertex 78.4177 34.1726 2
      vertex 78 34.2 2
    endloop
  endfacet
  facet normal 0.442237 0.896898 -0
    outer loop
      vertex 79.6 33.7713 2
      vertex 79.2246 33.9564 6
      vertex 79.6 33.7713 6
    endloop
  endfacet
  facet normal 0.442237 0.896898 0
    outer loop
      vertex 79.2246 33.9564 6
      vertex 79.6 33.7713 2
      vertex 79.2246 33.9564 2
    endloop
  endfacet
  facet normal -0.946901 0.321526 0
    outer loop
      vertex 74.909 31.8282 2
      vertex 75.0436 32.2246 6
      vertex 75.0436 32.2246 2
    endloop
  endfacet
  facet normal -0.946901 0.321526 0
    outer loop
      vertex 75.0436 32.2246 6
      vertex 74.909 31.8282 2
      vertex 74.909 31.8282 6
    endloop
  endfacet
  facet normal -0.997855 -0.0654566 0
    outer loop
      vertex 74.8274 30.5823 2
      vertex 74.8 31 6
      vertex 74.8 31 2
    endloop
  endfacet
  facet normal -0.997855 -0.0654566 0
    outer loop
      vertex 74.8 31 6
      vertex 74.8274 30.5823 2
      vertex 74.8274 30.5823 6
    endloop
  endfacet
  facet normal -0.98081 0.194967 0
    outer loop
      vertex 74.8274 31.4177 2
      vertex 74.909 31.8282 6
      vertex 74.909 31.8282 2
    endloop
  endfacet
  facet normal -0.98081 0.194967 0
    outer loop
      vertex 74.909 31.8282 6
      vertex 74.8274 31.4177 2
      vertex 74.8274 31.4177 6
    endloop
  endfacet
  facet normal -0.321526 0.946901 0
    outer loop
      vertex 77.1718 34.091 2
      vertex 76.7754 33.9564 6
      vertex 77.1718 34.091 6
    endloop
  endfacet
  facet normal -0.321526 0.946901 0
    outer loop
      vertex 76.7754 33.9564 6
      vertex 77.1718 34.091 2
      vertex 76.7754 33.9564 2
    endloop
  endfacet
  facet normal 0.555692 -0.831388 0
    outer loop
      vertex 79.6 28.2287 2
      vertex 79.948 28.4613 6
      vertex 79.6 28.2287 6
    endloop
  endfacet
  facet normal 0.555692 -0.831388 0
    outer loop
      vertex 79.948 28.4613 6
      vertex 79.6 28.2287 2
      vertex 79.948 28.4613 2
    endloop
  endfacet
  facet normal 0.98081 -0.194967 0
    outer loop
      vertex 81.091 30.1718 6
      vertex 81.1726 30.5823 2
      vertex 81.1726 30.5823 6
    endloop
  endfacet
  facet normal 0.98081 -0.194967 0
    outer loop
      vertex 81.1726 30.5823 2
      vertex 81.091 30.1718 6
      vertex 81.091 30.1718 2
    endloop
  endfacet
  facet normal -0.751821 -0.659367 0
    outer loop
      vertex 75.7373 28.7373 2
      vertex 75.4613 29.052 6
      vertex 75.4613 29.052 2
    endloop
  endfacet
  facet normal -0.751821 -0.659367 0
    outer loop
      vertex 75.4613 29.052 6
      vertex 75.7373 28.7373 2
      vertex 75.7373 28.7373 6
    endloop
  endfacet
  facet normal -0.831388 -0.555692 0
    outer loop
      vertex 75.4613 29.052 2
      vertex 75.2287 29.4 6
      vertex 75.2287 29.4 2
    endloop
  endfacet
  facet normal -0.831388 -0.555692 0
    outer loop
      vertex 75.2287 29.4 6
      vertex 75.4613 29.052 2
      vertex 75.4613 29.052 6
    endloop
  endfacet
  facet normal -0.98081 -0.194967 0
    outer loop
      vertex 74.909 30.1718 2
      vertex 74.8274 30.5823 6
      vertex 74.8274 30.5823 2
    endloop
  endfacet
  facet normal -0.98081 -0.194967 0
    outer loop
      vertex 74.8274 30.5823 6
      vertex 74.909 30.1718 2
      vertex 74.909 30.1718 6
    endloop
  endfacet
  facet normal -0.896898 -0.442237 0
    outer loop
      vertex 75.2287 29.4 2
      vertex 75.0436 29.7754 6
      vertex 75.0436 29.7754 2
    endloop
  endfacet
  facet normal -0.896898 -0.442237 0
    outer loop
      vertex 75.0436 29.7754 6
      vertex 75.2287 29.4 2
      vertex 75.2287 29.4 6
    endloop
  endfacet
  facet normal 0.442237 -0.896898 0
    outer loop
      vertex 79.2246 28.0436 2
      vertex 79.6 28.2287 6
      vertex 79.2246 28.0436 6
    endloop
  endfacet
  facet normal 0.442237 -0.896898 0
    outer loop
      vertex 79.6 28.2287 6
      vertex 79.2246 28.0436 2
      vertex 79.6 28.2287 2
    endloop
  endfacet
  facet normal 0.321526 -0.946901 0
    outer loop
      vertex 78.8282 27.909 2
      vertex 79.2246 28.0436 6
      vertex 78.8282 27.909 6
    endloop
  endfacet
  facet normal 0.321526 -0.946901 0
    outer loop
      vertex 79.2246 28.0436 6
      vertex 78.8282 27.909 2
      vertex 79.2246 28.0436 2
    endloop
  endfacet
  facet normal 0 0 1
    outer loop
      vertex 81.1726 31.4177 6
      vertex 81.1726 30.5823 6
      vertex 81.2 31 6
    endloop
  endfacet
  facet normal 0 0 1
    outer loop
      vertex 81.091 31.8282 6
      vertex 81.1726 30.5823 6
      vertex 81.1726 31.4177 6
    endloop
  endfacet
  facet normal 0 0 1
    outer loop
      vertex 81.091 31.8282 6
      vertex 81.091 30.1718 6
      vertex 81.1726 30.5823 6
    endloop
  endfacet
  facet normal 0 0 1
    outer loop
      vertex 80.9564 32.2246 6
      vertex 81.091 30.1718 6
      vertex 81.091 31.8282 6
    endloop
  endfacet
  facet normal 0 0 1
    outer loop
      vertex 80.9564 32.2246 6
      vertex 80.9564 29.7754 6
      vertex 81.091 30.1718 6
    endloop
  endfacet
  facet normal 0 0 1
    outer loop
      vertex 80.7713 32.6 6
      vertex 80.9564 29.7754 6
      vertex 80.9564 32.2246 6
    endloop
  endfacet
  facet normal 0 0 1
    outer loop
      vertex 80.7713 32.6 6
      vertex 80.7713 29.4 6
      vertex 80.9564 29.7754 6
    endloop
  endfacet
  facet normal 0 0 1
    outer loop
      vertex 80.5387 32.948 6
      vertex 80.7713 29.4 6
      vertex 80.7713 32.6 6
    endloop
  endfacet
  facet normal 0 0 1
    outer loop
      vertex 80.5387 32.948 6
      vertex 80.5387 29.052 6
      vertex 80.7713 29.4 6
    endloop
  endfacet
  facet normal 0 0 1
    outer loop
      vertex 80.2627 33.2627 6
      vertex 80.5387 29.052 6
      vertex 80.5387 32.948 6
    endloop
  endfacet
  facet normal 0 0 1
    outer loop
      vertex 80.2627 33.2627 6
      vertex 80.2627 28.7373 6
      vertex 80.5387 29.052 6
    endloop
  endfacet
  facet normal 0 0 1
    outer loop
      vertex 79.948 33.5387 6
      vertex 80.2627 28.7373 6
      vertex 80.2627 33.2627 6
    endloop
  endfacet
  facet normal 0 0 1
    outer loop
      vertex 79.948 33.5387 6
      vertex 79.948 28.4613 6
      vertex 80.2627 28.7373 6
    endloop
  endfacet
  facet normal 0 0 1
    outer loop
      vertex 79.6 33.7713 6
      vertex 79.948 28.4613 6
      vertex 79.948 33.5387 6
    endloop
  endfacet
  facet normal 0 0 1
    outer loop
      vertex 79.6 33.7713 6
      vertex 79.6 28.2287 6
      vertex 79.948 28.4613 6
    endloop
  endfacet
  facet normal 0 0 1
    outer loop
      vertex 79.2246 33.9564 6
      vertex 79.6 28.2287 6
      vertex 79.6 33.7713 6
    endloop
  endfacet
  facet normal 0 0 1
    outer loop
      vertex 79.2246 33.9564 6
      vertex 79.2246 28.0436 6
      vertex 79.6 28.2287 6
    endloop
  endfacet
  facet normal 0 0 1
    outer loop
      vertex 78.8282 34.091 6
      vertex 79.2246 28.0436 6
      vertex 79.2246 33.9564 6
    endloop
  endfacet
  facet normal 0 0 1
    outer loop
      vertex 78.8282 34.091 6
      vertex 78.8282 27.909 6
      vertex 79.2246 28.0436 6
    endloop
  endfacet
  facet normal 0 0 1
    outer loop
      vertex 78.4177 34.1726 6
      vertex 78.8282 27.909 6
      vertex 78.8282 34.091 6
    endloop
  endfacet
  facet normal 0 0 1
    outer loop
      vertex 78.4177 34.1726 6
      vertex 78.4177 27.8274 6
      vertex 78.8282 27.909 6
    endloop
  endfacet
  facet normal 0 0 1
    outer loop
      vertex 78 34.2 6
      vertex 78.4177 27.8274 6
      vertex 78.4177 34.1726 6
    endloop
  endfacet
  facet normal 0 0 1
    outer loop
      vertex 78 34.2 6
      vertex 78 27.8 6
      vertex 78.4177 27.8274 6
    endloop
  endfacet
  facet normal -0 0 1
    outer loop
      vertex 77.5823 34.1726 6
      vertex 78 27.8 6
      vertex 78 34.2 6
    endloop
  endfacet
  facet normal 0 0 1
    outer loop
      vertex 77.5823 34.1726 6
      vertex 77.5823 27.8274 6
      vertex 78 27.8 6
    endloop
  endfacet
  facet normal -0 0 1
    outer loop
      vertex 77.1718 34.091 6
      vertex 77.5823 27.8274 6
      vertex 77.5823 34.1726 6
    endloop
  endfacet
  facet normal 0 0 1
    outer loop
      vertex 77.1718 34.091 6
      vertex 77.1718 27.909 6
      vertex 77.5823 27.8274 6
    endloop
  endfacet
  facet normal -0 0 1
    outer loop
      vertex 76.7754 33.9564 6
      vertex 77.1718 27.909 6
      vertex 77.1718 34.091 6
    endloop
  endfacet
  facet normal 0 0 1
    outer loop
      vertex 76.7754 33.9564 6
      vertex 76.7754 28.0436 6
      vertex 77.1718 27.909 6
    endloop
  endfacet
  facet normal -0 0 1
    outer loop
      vertex 76.4 33.7713 6
      vertex 76.7754 28.0436 6
      vertex 76.7754 33.9564 6
    endloop
  endfacet
  facet normal 0 0 1
    outer loop
      vertex 76.4 33.7713 6
      vertex 76.4 28.2287 6
      vertex 76.7754 28.0436 6
    endloop
  endfacet
  facet normal -0 0 1
    outer loop
      vertex 76.052 33.5387 6
      vertex 76.4 28.2287 6
      vertex 76.4 33.7713 6
    endloop
  endfacet
  facet normal 0 0 1
    outer loop
      vertex 76.052 33.5387 6
      vertex 76.052 28.4613 6
      vertex 76.4 28.2287 6
    endloop
  endfacet
  facet normal -0 0 1
    outer loop
      vertex 75.7373 33.2627 6
      vertex 76.052 28.4613 6
      vertex 76.052 33.5387 6
    endloop
  endfacet
  facet normal 0 0 1
    outer loop
      vertex 75.7373 33.2627 6
      vertex 75.7373 28.7373 6
      vertex 76.052 28.4613 6
    endloop
  endfacet
  facet normal -0 0 1
    outer loop
      vertex 75.4613 32.948 6
      vertex 75.7373 28.7373 6
      vertex 75.7373 33.2627 6
    endloop
  endfacet
  facet normal 0 0 1
    outer loop
      vertex 75.4613 32.948 6
      vertex 75.4613 29.052 6
      vertex 75.7373 28.7373 6
    endloop
  endfacet
  facet normal -0 0 1
    outer loop
      vertex 75.2287 32.6 6
      vertex 75.4613 29.052 6
      vertex 75.4613 32.948 6
    endloop
  endfacet
  facet normal 0 0 1
    outer loop
      vertex 75.2287 32.6 6
      vertex 75.2287 29.4 6
      vertex 75.4613 29.052 6
    endloop
  endfacet
  facet normal -0 0 1
    outer loop
      vertex 75.0436 32.2246 6
      vertex 75.2287 29.4 6
      vertex 75.2287 32.6 6
    endloop
  endfacet
  facet normal 0 0 1
    outer loop
      vertex 75.0436 32.2246 6
      vertex 75.0436 29.7754 6
      vertex 75.2287 29.4 6
    endloop
  endfacet
  facet normal -0 0 1
    outer loop
      vertex 74.909 31.8282 6
      vertex 75.0436 29.7754 6
      vertex 75.0436 32.2246 6
    endloop
  endfacet
  facet normal 0 0 1
    outer loop
      vertex 74.909 31.8282 6
      vertex 74.909 30.1718 6
      vertex 75.0436 29.7754 6
    endloop
  endfacet
  facet normal -0 0 1
    outer loop
      vertex 74.8274 31.4177 6
      vertex 74.909 30.1718 6
      vertex 74.909 31.8282 6
    endloop
  endfacet
  facet normal 0 0 1
    outer loop
      vertex 74.8274 31.4177 6
      vertex 74.8274 30.5823 6
      vertex 74.909 30.1718 6
    endloop
  endfacet
  facet normal 0 -0 1
    outer loop
      vertex 74.8274 30.5823 6
      vertex 74.8274 31.4177 6
      vertex 74.8 31 6
    endloop
  endfacet
  facet normal -0.659367 0.751821 0
    outer loop
      vertex 76.052 33.5387 2
      vertex 75.7373 33.2627 6
      vertex 76.052 33.5387 6
    endloop
  endfacet
  facet normal -0.659367 0.751821 0
    outer loop
      vertex 75.7373 33.2627 6
      vertex 76.052 33.5387 2
      vertex 75.7373 33.2627 2
    endloop
  endfacet
  facet normal 0.946901 -0.321526 0
    outer loop
      vertex 80.9564 29.7754 6
      vertex 81.091 30.1718 2
      vertex 81.091 30.1718 6
    endloop
  endfacet
  facet normal 0.946901 -0.321526 0
    outer loop
      vertex 81.091 30.1718 2
      vertex 80.9564 29.7754 6
      vertex 80.9564 29.7754 2
    endloop
  endfacet
  facet normal 0.896898 -0.442237 0
    outer loop
      vertex 80.7713 29.4 6
      vertex 80.9564 29.7754 2
      vertex 80.9564 29.7754 6
    endloop
  endfacet
  facet normal 0.896898 -0.442237 0
    outer loop
      vertex 80.9564 29.7754 2
      vertex 80.7713 29.4 6
      vertex 80.7713 29.4 2
    endloop
  endfacet
  facet normal 0.0654566 -0.997855 0
    outer loop
      vertex 78 27.8 2
      vertex 78.4177 27.8274 6
      vertex 78 27.8 6
    endloop
  endfacet
  facet normal 0.0654566 -0.997855 0
    outer loop
      vertex 78.4177 27.8274 6
      vertex 78 27.8 2
      vertex 78.4177 27.8274 2
    endloop
  endfacet
  facet normal -0.555692 -0.831388 0
    outer loop
      vertex 76.052 28.4613 2
      vertex 76.4 28.2287 6
      vertex 76.052 28.4613 6
    endloop
  endfacet
  facet normal -0.555692 -0.831388 -0
    outer loop
      vertex 76.4 28.2287 6
      vertex 76.052 28.4613 2
      vertex 76.4 28.2287 2
    endloop
  endfacet
  facet normal -0.946901 -0.321526 0
    outer loop
      vertex 75.0436 29.7754 2
      vertex 74.909 30.1718 6
      vertex 74.909 30.1718 2
    endloop
  endfacet
  facet normal -0.946901 -0.321526 0
    outer loop
      vertex 74.909 30.1718 6
      vertex 75.0436 29.7754 2
      vertex 75.0436 29.7754 6
    endloop
  endfacet
  facet normal 0.659367 -0.751821 0
    outer loop
      vertex 79.948 28.4613 2
      vertex 80.2627 28.7373 6
      vertex 79.948 28.4613 6
    endloop
  endfacet
  facet normal 0.659367 -0.751821 0
    outer loop
      vertex 80.2627 28.7373 6
      vertex 79.948 28.4613 2
      vertex 80.2627 28.7373 2
    endloop
  endfacet
  facet normal 0.751821 -0.659367 0
    outer loop
      vertex 80.2627 28.7373 6
      vertex 80.5387 29.052 2
      vertex 80.5387 29.052 6
    endloop
  endfacet
  facet normal 0.751821 -0.659367 0
    outer loop
      vertex 80.5387 29.052 2
      vertex 80.2627 28.7373 6
      vertex 80.2627 28.7373 2
    endloop
  endfacet
  facet normal -0.194967 -0.98081 0
    outer loop
      vertex 77.1718 27.909 2
      vertex 77.5823 27.8274 6
      vertex 77.1718 27.909 6
    endloop
  endfacet
  facet normal -0.194967 -0.98081 -0
    outer loop
      vertex 77.5823 27.8274 6
      vertex 77.1718 27.909 2
      vertex 77.5823 27.8274 2
    endloop
  endfacet
  facet normal -0.442237 -0.896898 0
    outer loop
      vertex 76.4 28.2287 2
      vertex 76.7754 28.0436 6
      vertex 76.4 28.2287 6
    endloop
  endfacet
  facet normal -0.442237 -0.896898 -0
    outer loop
      vertex 76.7754 28.0436 6
      vertex 76.4 28.2287 2
      vertex 76.7754 28.0436 2
    endloop
  endfacet
  facet normal -0.659367 -0.751821 0
    outer loop
      vertex 75.7373 28.7373 2
      vertex 76.052 28.4613 6
      vertex 75.7373 28.7373 6
    endloop
  endfacet
  facet normal -0.659367 -0.751821 -0
    outer loop
      vertex 76.052 28.4613 6
      vertex 75.7373 28.7373 2
      vertex 76.052 28.4613 2
    endloop
  endfacet
  facet normal -0.0654566 -0.997855 0
    outer loop
      vertex 77.5823 27.8274 2
      vertex 78 27.8 6
      vertex 77.5823 27.8274 6
    endloop
  endfacet
  facet normal -0.0654566 -0.997855 -0
    outer loop
      vertex 78 27.8 6
      vertex 77.5823 27.8274 2
      vertex 78 27.8 2
    endloop
  endfacet
  facet normal -0.321526 -0.946901 0
    outer loop
      vertex 76.7754 28.0436 2
      vertex 77.1718 27.909 6
      vertex 76.7754 28.0436 6
    endloop
  endfacet
  facet normal -0.321526 -0.946901 -0
    outer loop
      vertex 77.1718 27.909 6
      vertex 76.7754 28.0436 2
      vertex 77.1718 27.909 2
    endloop
  endfacet
  facet normal -0.997872 -0.0652057 0
    outer loop
      vertex 50.75 16.05 1.9
      vertex 50.7355 16.2719 6
      vertex 50.7355 16.2719 1.9
    endloop
  endfacet
  facet normal -0.997872 -0.0652057 0
    outer loop
      vertex 50.7355 16.2719 6
      vertex 50.75 16.05 1.9
      vertex 50.75 16.05 6
    endloop
  endfacet
  facet normal 0.997872 0.0652057 0
    outer loop
      vertex 47.3645 15.8281 6
      vertex 47.35 16.05 1.9
      vertex 47.35 16.05 6
    endloop
  endfacet
  facet normal 0.997872 0.0652057 0
    outer loop
      vertex 47.35 16.05 1.9
      vertex 47.3645 15.8281 6
      vertex 47.3645 15.8281 1.9
    endloop
  endfacet
  facet normal 0.0652057 -0.997872 0
    outer loop
      vertex 48.8281 17.7355 1.9
      vertex 49.05 17.75 6
      vertex 48.8281 17.7355 6
    endloop
  endfacet
  facet normal 0.0652057 -0.997872 0
    outer loop
      vertex 49.05 17.75 6
      vertex 48.8281 17.7355 1.9
      vertex 49.05 17.75 1.9
    endloop
  endfacet
  facet normal -0.0652057 0.997872 0
    outer loop
      vertex 49.2719 14.3645 1.9
      vertex 49.05 14.35 6
      vertex 49.2719 14.3645 6
    endloop
  endfacet
  facet normal -0.0652057 0.997872 0
    outer loop
      vertex 49.05 14.35 6
      vertex 49.2719 14.3645 1.9
      vertex 49.05 14.35 1.9
    endloop
  endfacet
  facet normal -0.659268 -0.751908 0
    outer loop
      vertex 50.0849 17.3987 1.9
      vertex 50.2521 17.2521 6
      vertex 50.0849 17.3987 6
    endloop
  endfacet
  facet normal -0.659268 -0.751908 -0
    outer loop
      vertex 50.2521 17.2521 6
      vertex 50.0849 17.3987 1.9
      vertex 50.2521 17.2521 1.9
    endloop
  endfacet
  facet normal 0.751908 -0.659268 0
    outer loop
      vertex 47.7013 17.0849 6
      vertex 47.8479 17.2521 1.9
      vertex 47.8479 17.2521 6
    endloop
  endfacet
  facet normal 0.751908 -0.659268 0
    outer loop
      vertex 47.8479 17.2521 1.9
      vertex 47.7013 17.0849 6
      vertex 47.7013 17.0849 1.9
    endloop
  endfacet
  facet normal 0.44253 -0.896754 0
    outer loop
      vertex 48.2 17.5222 1.9
      vertex 48.3994 17.6206 6
      vertex 48.2 17.5222 6
    endloop
  endfacet
  facet normal 0.44253 -0.896754 0
    outer loop
      vertex 48.3994 17.6206 6
      vertex 48.2 17.5222 1.9
      vertex 48.3994 17.6206 1.9
    endloop
  endfacet
  facet normal 0.946915 0.321484 0
    outer loop
      vertex 47.4794 15.3994 6
      vertex 47.4079 15.61 1.9
      vertex 47.4079 15.61 6
    endloop
  endfacet
  facet normal 0.946915 0.321484 0
    outer loop
      vertex 47.4079 15.61 1.9
      vertex 47.4794 15.3994 6
      vertex 47.4794 15.3994 1.9
    endloop
  endfacet
  facet normal -0.896754 -0.44253 0
    outer loop
      vertex 50.6206 16.7006 1.9
      vertex 50.5222 16.9 6
      vertex 50.5222 16.9 1.9
    endloop
  endfacet
  facet normal -0.896754 -0.44253 0
    outer loop
      vertex 50.5222 16.9 6
      vertex 50.6206 16.7006 1.9
      vertex 50.6206 16.7006 6
    endloop
  endfacet
  facet normal -0.98077 -0.195165 0
    outer loop
      vertex 50.7355 16.2719 1.9
      vertex 50.6921 16.49 6
      vertex 50.6921 16.49 1.9
    endloop
  endfacet
  facet normal -0.98077 -0.195165 0
    outer loop
      vertex 50.6921 16.49 6
      vertex 50.7355 16.2719 1.9
      vertex 50.7355 16.2719 6
    endloop
  endfacet
  facet normal -0.321484 -0.946915 0
    outer loop
      vertex 49.49 17.6921 1.9
      vertex 49.7006 17.6206 6
      vertex 49.49 17.6921 6
    endloop
  endfacet
  facet normal -0.321484 -0.946915 -0
    outer loop
      vertex 49.7006 17.6206 6
      vertex 49.49 17.6921 1.9
      vertex 49.7006 17.6206 1.9
    endloop
  endfacet
  facet normal -0.44253 -0.896754 0
    outer loop
      vertex 49.7006 17.6206 1.9
      vertex 49.9 17.5222 6
      vertex 49.7006 17.6206 6
    endloop
  endfacet
  facet normal -0.44253 -0.896754 -0
    outer loop
      vertex 49.9 17.5222 6
      vertex 49.7006 17.6206 1.9
      vertex 49.9 17.5222 1.9
    endloop
  endfacet
  facet normal 0.896754 -0.44253 0
    outer loop
      vertex 47.4794 16.7006 6
      vertex 47.5778 16.9 1.9
      vertex 47.5778 16.9 6
    endloop
  endfacet
  facet normal 0.896754 -0.44253 0
    outer loop
      vertex 47.5778 16.9 1.9
      vertex 47.4794 16.7006 6
      vertex 47.4794 16.7006 1.9
    endloop
  endfacet
  facet normal 0.831566 -0.555426 0
    outer loop
      vertex 47.5778 16.9 6
      vertex 47.7013 17.0849 1.9
      vertex 47.7013 17.0849 6
    endloop
  endfacet
  facet normal 0.831566 -0.555426 0
    outer loop
      vertex 47.7013 17.0849 1.9
      vertex 47.5778 16.9 6
      vertex 47.5778 16.9 1.9
    endloop
  endfacet
  facet normal 0.98077 -0.195165 0
    outer loop
      vertex 47.3645 16.2719 6
      vertex 47.4079 16.49 1.9
      vertex 47.4079 16.49 6
    endloop
  endfacet
  facet normal 0.98077 -0.195165 0
    outer loop
      vertex 47.4079 16.49 1.9
      vertex 47.3645 16.2719 6
      vertex 47.3645 16.2719 1.9
    endloop
  endfacet
  facet normal 0.659268 -0.751908 0
    outer loop
      vertex 47.8479 17.2521 1.9
      vertex 48.0151 17.3987 6
      vertex 47.8479 17.2521 6
    endloop
  endfacet
  facet normal 0.659268 -0.751908 0
    outer loop
      vertex 48.0151 17.3987 6
      vertex 47.8479 17.2521 1.9
      vertex 48.0151 17.3987 1.9
    endloop
  endfacet
  facet normal 0.195165 -0.98077 0
    outer loop
      vertex 48.61 17.6921 1.9
      vertex 48.8281 17.7355 6
      vertex 48.61 17.6921 6
    endloop
  endfacet
  facet normal 0.195165 -0.98077 0
    outer loop
      vertex 48.8281 17.7355 6
      vertex 48.61 17.6921 1.9
      vertex 48.8281 17.7355 1.9
    endloop
  endfacet
  facet normal -0.321484 0.946915 0
    outer loop
      vertex 49.7006 14.4794 1.9
      vertex 49.49 14.4079 6
      vertex 49.7006 14.4794 6
    endloop
  endfacet
  facet normal -0.321484 0.946915 0
    outer loop
      vertex 49.49 14.4079 6
      vertex 49.7006 14.4794 1.9
      vertex 49.49 14.4079 1.9
    endloop
  endfacet
  facet normal -0.195165 0.98077 0
    outer loop
      vertex 49.49 14.4079 1.9
      vertex 49.2719 14.3645 6
      vertex 49.49 14.4079 6
    endloop
  endfacet
  facet normal -0.195165 0.98077 0
    outer loop
      vertex 49.2719 14.3645 6
      vertex 49.49 14.4079 1.9
      vertex 49.2719 14.3645 1.9
    endloop
  endfacet
  facet normal 0.555426 0.831566 -0
    outer loop
      vertex 48.2 14.5778 1.9
      vertex 48.0151 14.7013 6
      vertex 48.2 14.5778 6
    endloop
  endfacet
  facet normal 0.555426 0.831566 0
    outer loop
      vertex 48.0151 14.7013 6
      vertex 48.2 14.5778 1.9
      vertex 48.0151 14.7013 1.9
    endloop
  endfacet
  facet normal 0.195165 0.98077 -0
    outer loop
      vertex 48.8281 14.3645 1.9
      vertex 48.61 14.4079 6
      vertex 48.8281 14.3645 6
    endloop
  endfacet
  facet normal 0.195165 0.98077 0
    outer loop
      vertex 48.61 14.4079 6
      vertex 48.8281 14.3645 1.9
      vertex 48.61 14.4079 1.9
    endloop
  endfacet
  facet normal 0.659268 0.751908 -0
    outer loop
      vertex 48.0151 14.7013 1.9
      vertex 47.8479 14.8479 6
      vertex 48.0151 14.7013 6
    endloop
  endfacet
  facet normal 0.659268 0.751908 0
    outer loop
      vertex 47.8479 14.8479 6
      vertex 48.0151 14.7013 1.9
      vertex 47.8479 14.8479 1.9
    endloop
  endfacet
  facet normal 0.98077 0.195165 0
    outer loop
      vertex 47.4079 15.61 6
      vertex 47.3645 15.8281 1.9
      vertex 47.3645 15.8281 6
    endloop
  endfacet
  facet normal 0.98077 0.195165 0
    outer loop
      vertex 47.3645 15.8281 1.9
      vertex 47.4079 15.61 6
      vertex 47.4079 15.61 1.9
    endloop
  endfacet
  facet normal -0.946915 -0.321484 0
    outer loop
      vertex 50.6921 16.49 1.9
      vertex 50.6206 16.7006 6
      vertex 50.6206 16.7006 1.9
    endloop
  endfacet
  facet normal -0.946915 -0.321484 0
    outer loop
      vertex 50.6206 16.7006 6
      vertex 50.6921 16.49 1.9
      vertex 50.6921 16.49 6
    endloop
  endfacet
  facet normal -0.751908 -0.659268 0
    outer loop
      vertex 50.3987 17.0849 1.9
      vertex 50.2521 17.2521 6
      vertex 50.2521 17.2521 1.9
    endloop
  endfacet
  facet normal -0.751908 -0.659268 0
    outer loop
      vertex 50.2521 17.2521 6
      vertex 50.3987 17.0849 1.9
      vertex 50.3987 17.0849 6
    endloop
  endfacet
  facet normal -0.831566 -0.555426 0
    outer loop
      vertex 50.5222 16.9 1.9
      vertex 50.3987 17.0849 6
      vertex 50.3987 17.0849 1.9
    endloop
  endfacet
  facet normal -0.831566 -0.555426 0
    outer loop
      vertex 50.3987 17.0849 6
      vertex 50.5222 16.9 1.9
      vertex 50.5222 16.9 6
    endloop
  endfacet
  facet normal -0.0652057 -0.997872 0
    outer loop
      vertex 49.05 17.75 1.9
      vertex 49.2719 17.7355 6
      vertex 49.05 17.75 6
    endloop
  endfacet
  facet normal -0.0652057 -0.997872 -0
    outer loop
      vertex 49.2719 17.7355 6
      vertex 49.05 17.75 1.9
      vertex 49.2719 17.7355 1.9
    endloop
  endfacet
  facet normal -0.555426 -0.831566 0
    outer loop
      vertex 49.9 17.5222 1.9
      vertex 50.0849 17.3987 6
      vertex 49.9 17.5222 6
    endloop
  endfacet
  facet normal -0.555426 -0.831566 -0
    outer loop
      vertex 50.0849 17.3987 6
      vertex 49.9 17.5222 1.9
      vertex 50.0849 17.3987 1.9
    endloop
  endfacet
  facet normal 0.946915 -0.321484 0
    outer loop
      vertex 47.4079 16.49 6
      vertex 47.4794 16.7006 1.9
      vertex 47.4794 16.7006 6
    endloop
  endfacet
  facet normal 0.946915 -0.321484 0
    outer loop
      vertex 47.4794 16.7006 1.9
      vertex 47.4079 16.49 6
      vertex 47.4079 16.49 1.9
    endloop
  endfacet
  facet normal 0.997872 -0.0652057 0
    outer loop
      vertex 47.35 16.05 6
      vertex 47.3645 16.2719 1.9
      vertex 47.3645 16.2719 6
    endloop
  endfacet
  facet normal 0.997872 -0.0652057 0
    outer loop
      vertex 47.3645 16.2719 1.9
      vertex 47.35 16.05 6
      vertex 47.35 16.05 1.9
    endloop
  endfacet
  facet normal -0.997872 0.0652057 0
    outer loop
      vertex 50.7355 15.8281 1.9
      vertex 50.75 16.05 6
      vertex 50.75 16.05 1.9
    endloop
  endfacet
  facet normal -0.997872 0.0652057 0
    outer loop
      vertex 50.75 16.05 6
      vertex 50.7355 15.8281 1.9
      vertex 50.7355 15.8281 6
    endloop
  endfacet
  facet normal -0.555426 0.831566 0
    outer loop
      vertex 50.0849 14.7013 1.9
      vertex 49.9 14.5778 6
      vertex 50.0849 14.7013 6
    endloop
  endfacet
  facet normal -0.555426 0.831566 0
    outer loop
      vertex 49.9 14.5778 6
      vertex 50.0849 14.7013 1.9
      vertex 49.9 14.5778 1.9
    endloop
  endfacet
  facet normal -0.751908 0.659268 0
    outer loop
      vertex 50.2521 14.8479 1.9
      vertex 50.3987 15.0151 6
      vertex 50.3987 15.0151 1.9
    endloop
  endfacet
  facet normal -0.751908 0.659268 0
    outer loop
      vertex 50.3987 15.0151 6
      vertex 50.2521 14.8479 1.9
      vertex 50.2521 14.8479 6
    endloop
  endfacet
  facet normal -0.659268 0.751908 0
    outer loop
      vertex 50.2521 14.8479 1.9
      vertex 50.0849 14.7013 6
      vertex 50.2521 14.8479 6
    endloop
  endfacet
  facet normal -0.659268 0.751908 0
    outer loop
      vertex 50.0849 14.7013 6
      vertex 50.2521 14.8479 1.9
      vertex 50.0849 14.7013 1.9
    endloop
  endfacet
  facet normal -0.946915 0.321484 0
    outer loop
      vertex 50.6206 15.3994 1.9
      vertex 50.6921 15.61 6
      vertex 50.6921 15.61 1.9
    endloop
  endfacet
  facet normal -0.946915 0.321484 0
    outer loop
      vertex 50.6921 15.61 6
      vertex 50.6206 15.3994 1.9
      vertex 50.6206 15.3994 6
    endloop
  endfacet
  facet normal -0.831566 0.555426 0
    outer loop
      vertex 50.3987 15.0151 1.9
      vertex 50.5222 15.2 6
      vertex 50.5222 15.2 1.9
    endloop
  endfacet
  facet normal -0.831566 0.555426 0
    outer loop
      vertex 50.5222 15.2 6
      vertex 50.3987 15.0151 1.9
      vertex 50.3987 15.0151 6
    endloop
  endfacet
  facet normal 0.44253 0.896754 -0
    outer loop
      vertex 48.3994 14.4794 1.9
      vertex 48.2 14.5778 6
      vertex 48.3994 14.4794 6
    endloop
  endfacet
  facet normal 0.44253 0.896754 0
    outer loop
      vertex 48.2 14.5778 6
      vertex 48.3994 14.4794 1.9
      vertex 48.2 14.5778 1.9
    endloop
  endfacet
  facet normal 0.321484 0.946915 -0
    outer loop
      vertex 48.61 14.4079 1.9
      vertex 48.3994 14.4794 6
      vertex 48.61 14.4079 6
    endloop
  endfacet
  facet normal 0.321484 0.946915 0
    outer loop
      vertex 48.3994 14.4794 6
      vertex 48.61 14.4079 1.9
      vertex 48.3994 14.4794 1.9
    endloop
  endfacet
  facet normal 0.0652057 0.997872 -0
    outer loop
      vertex 49.05 14.35 1.9
      vertex 48.8281 14.3645 6
      vertex 49.05 14.35 6
    endloop
  endfacet
  facet normal 0.0652057 0.997872 0
    outer loop
      vertex 48.8281 14.3645 6
      vertex 49.05 14.35 1.9
      vertex 48.8281 14.3645 1.9
    endloop
  endfacet
  facet normal 0.831566 0.555426 0
    outer loop
      vertex 47.7013 15.0151 6
      vertex 47.5778 15.2 1.9
      vertex 47.5778 15.2 6
    endloop
  endfacet
  facet normal 0.831566 0.555426 0
    outer loop
      vertex 47.5778 15.2 1.9
      vertex 47.7013 15.0151 6
      vertex 47.7013 15.0151 1.9
    endloop
  endfacet
  facet normal 0.896754 0.44253 0
    outer loop
      vertex 47.5778 15.2 6
      vertex 47.4794 15.3994 1.9
      vertex 47.4794 15.3994 6
    endloop
  endfacet
  facet normal 0.896754 0.44253 0
    outer loop
      vertex 47.4794 15.3994 1.9
      vertex 47.5778 15.2 6
      vertex 47.5778 15.2 1.9
    endloop
  endfacet
  facet normal -0.195165 -0.98077 0
    outer loop
      vertex 49.2719 17.7355 1.9
      vertex 49.49 17.6921 6
      vertex 49.2719 17.7355 6
    endloop
  endfacet
  facet normal -0.195165 -0.98077 -0
    outer loop
      vertex 49.49 17.6921 6
      vertex 49.2719 17.7355 1.9
      vertex 49.49 17.6921 1.9
    endloop
  endfacet
  facet normal 0.555426 -0.831566 0
    outer loop
      vertex 48.0151 17.3987 1.9
      vertex 48.2 17.5222 6
      vertex 48.0151 17.3987 6
    endloop
  endfacet
  facet normal 0.555426 -0.831566 0
    outer loop
      vertex 48.2 17.5222 6
      vertex 48.0151 17.3987 1.9
      vertex 48.2 17.5222 1.9
    endloop
  endfacet
  facet normal 0.321484 -0.946915 0
    outer loop
      vertex 48.3994 17.6206 1.9
      vertex 48.61 17.6921 6
      vertex 48.3994 17.6206 6
    endloop
  endfacet
  facet normal 0.321484 -0.946915 0
    outer loop
      vertex 48.61 17.6921 6
      vertex 48.3994 17.6206 1.9
      vertex 48.61 17.6921 1.9
    endloop
  endfacet
  facet normal -0.44253 0.896754 0
    outer loop
      vertex 49.9 14.5778 1.9
      vertex 49.7006 14.4794 6
      vertex 49.9 14.5778 6
    endloop
  endfacet
  facet normal -0.44253 0.896754 0
    outer loop
      vertex 49.7006 14.4794 6
      vertex 49.9 14.5778 1.9
      vertex 49.7006 14.4794 1.9
    endloop
  endfacet
  facet normal -0.98077 0.195165 0
    outer loop
      vertex 50.6921 15.61 1.9
      vertex 50.7355 15.8281 6
      vertex 50.7355 15.8281 1.9
    endloop
  endfacet
  facet normal -0.98077 0.195165 0
    outer loop
      vertex 50.7355 15.8281 6
      vertex 50.6921 15.61 1.9
      vertex 50.6921 15.61 6
    endloop
  endfacet
  facet normal -0.896754 0.44253 0
    outer loop
      vertex 50.5222 15.2 1.9
      vertex 50.6206 15.3994 6
      vertex 50.6206 15.3994 1.9
    endloop
  endfacet
  facet normal -0.896754 0.44253 0
    outer loop
      vertex 50.6206 15.3994 6
      vertex 50.5222 15.2 1.9
      vertex 50.5222 15.2 6
    endloop
  endfacet
  facet normal 0.751908 0.659268 0
    outer loop
      vertex 47.8479 14.8479 6
      vertex 47.7013 15.0151 1.9
      vertex 47.7013 15.0151 6
    endloop
  endfacet
  facet normal 0.751908 0.659268 0
    outer loop
      vertex 47.7013 15.0151 1.9
      vertex 47.8479 14.8479 6
      vertex 47.8479 14.8479 1.9
    endloop
  endfacet
  facet normal -0.997855 -0.0654566 0
    outer loop
      vertex 52.25 16.05 0
      vertex 52.2226 16.4677 1.9
      vertex 52.2226 16.4677 0
    endloop
  endfacet
  facet normal -0.997855 -0.0654566 0
    outer loop
      vertex 52.2226 16.4677 1.9
      vertex 52.25 16.05 0
      vertex 52.25 16.05 1.9
    endloop
  endfacet
  facet normal 0.0654566 -0.997855 0
    outer loop
      vertex 48.6323 19.2226 0
      vertex 49.05 19.25 1.9
      vertex 48.6323 19.2226 1.9
    endloop
  endfacet
  facet normal 0.0654566 -0.997855 0
    outer loop
      vertex 49.05 19.25 1.9
      vertex 48.6323 19.2226 0
      vertex 49.05 19.25 0
    endloop
  endfacet
  facet normal -0.659367 -0.751821 0
    outer loop
      vertex 50.998 18.5887 0
      vertex 51.3127 18.3127 1.9
      vertex 50.998 18.5887 1.9
    endloop
  endfacet
  facet normal -0.659367 -0.751821 -0
    outer loop
      vertex 51.3127 18.3127 1.9
      vertex 50.998 18.5887 0
      vertex 51.3127 18.3127 0
    endloop
  endfacet
  facet normal 0.751821 -0.659367 0
    outer loop
      vertex 46.5113 17.998 1.9
      vertex 46.7873 18.3127 0
      vertex 46.7873 18.3127 1.9
    endloop
  endfacet
  facet normal 0.751821 -0.659367 0
    outer loop
      vertex 46.7873 18.3127 0
      vertex 46.5113 17.998 1.9
      vertex 46.5113 17.998 0
    endloop
  endfacet
  facet normal 0.442237 -0.896898 0
    outer loop
      vertex 47.45 18.8213 0
      vertex 47.8254 19.0064 1.9
      vertex 47.45 18.8213 1.9
    endloop
  endfacet
  facet normal 0.442237 -0.896898 0
    outer loop
      vertex 47.8254 19.0064 1.9
      vertex 47.45 18.8213 0
      vertex 47.8254 19.0064 0
    endloop
  endfacet
  facet normal -0.896898 -0.442237 0
    outer loop
      vertex 52.0064 17.2746 0
      vertex 51.8213 17.65 1.9
      vertex 51.8213 17.65 0
    endloop
  endfacet
  facet normal -0.896898 -0.442237 0
    outer loop
      vertex 51.8213 17.65 1.9
      vertex 52.0064 17.2746 0
      vertex 52.0064 17.2746 1.9
    endloop
  endfacet
  facet normal -0.321526 -0.946901 0
    outer loop
      vertex 49.8782 19.141 0
      vertex 50.2746 19.0064 1.9
      vertex 49.8782 19.141 1.9
    endloop
  endfacet
  facet normal -0.321526 -0.946901 -0
    outer loop
      vertex 50.2746 19.0064 1.9
      vertex 49.8782 19.141 0
      vertex 50.2746 19.0064 0
    endloop
  endfacet
  facet normal -0.442237 -0.896898 0
    outer loop
      vertex 50.2746 19.0064 0
      vertex 50.65 18.8213 1.9
      vertex 50.2746 19.0064 1.9
    endloop
  endfacet
  facet normal -0.442237 -0.896898 -0
    outer loop
      vertex 50.65 18.8213 1.9
      vertex 50.2746 19.0064 0
      vertex 50.65 18.8213 0
    endloop
  endfacet
  facet normal 0.946901 -0.321526 0
    outer loop
      vertex 45.959 16.8782 1.9
      vertex 46.0936 17.2746 0
      vertex 46.0936 17.2746 1.9
    endloop
  endfacet
  facet normal 0.946901 -0.321526 0
    outer loop
      vertex 46.0936 17.2746 0
      vertex 45.959 16.8782 1.9
      vertex 45.959 16.8782 0
    endloop
  endfacet
  facet normal 0.831388 -0.555692 0
    outer loop
      vertex 46.2787 17.65 1.9
      vertex 46.5113 17.998 0
      vertex 46.5113 17.998 1.9
    endloop
  endfacet
  facet normal 0.831388 -0.555692 0
    outer loop
      vertex 46.5113 17.998 0
      vertex 46.2787 17.65 1.9
      vertex 46.2787 17.65 0
    endloop
  endfacet
  facet normal 0.98081 -0.194967 0
    outer loop
      vertex 45.8774 16.4677 1.9
      vertex 45.959 16.8782 0
      vertex 45.959 16.8782 1.9
    endloop
  endfacet
  facet normal 0.98081 -0.194967 0
    outer loop
      vertex 45.959 16.8782 0
      vertex 45.8774 16.4677 1.9
      vertex 45.8774 16.4677 0
    endloop
  endfacet
  facet normal 0.555692 -0.831388 0
    outer loop
      vertex 47.102 18.5887 0
      vertex 47.45 18.8213 1.9
      vertex 47.102 18.5887 1.9
    endloop
  endfacet
  facet normal 0.555692 -0.831388 0
    outer loop
      vertex 47.45 18.8213 1.9
      vertex 47.102 18.5887 0
      vertex 47.45 18.8213 0
    endloop
  endfacet
  facet normal 0.321526 -0.946901 0
    outer loop
      vertex 47.8254 19.0064 0
      vertex 48.2218 19.141 1.9
      vertex 47.8254 19.0064 1.9
    endloop
  endfacet
  facet normal 0.321526 -0.946901 0
    outer loop
      vertex 48.2218 19.141 1.9
      vertex 47.8254 19.0064 0
      vertex 48.2218 19.141 0
    endloop
  endfacet
  facet normal -0.555692 0.831388 0
    outer loop
      vertex 50.998 13.5113 0
      vertex 50.65 13.2787 1.9
      vertex 50.998 13.5113 1.9
    endloop
  endfacet
  facet normal -0.555692 0.831388 0
    outer loop
      vertex 50.65 13.2787 1.9
      vertex 50.998 13.5113 0
      vertex 50.65 13.2787 0
    endloop
  endfacet
  facet normal 0.321526 0.946901 -0
    outer loop
      vertex 48.2218 12.959 0
      vertex 47.8254 13.0936 1.9
      vertex 48.2218 12.959 1.9
    endloop
  endfacet
  facet normal 0.321526 0.946901 0
    outer loop
      vertex 47.8254 13.0936 1.9
      vertex 48.2218 12.959 0
      vertex 47.8254 13.0936 0
    endloop
  endfacet
  facet normal 0.555692 0.831388 -0
    outer loop
      vertex 47.45 13.2787 0
      vertex 47.102 13.5113 1.9
      vertex 47.45 13.2787 1.9
    endloop
  endfacet
  facet normal 0.555692 0.831388 0
    outer loop
      vertex 47.102 13.5113 1.9
      vertex 47.45 13.2787 0
      vertex 47.102 13.5113 0
    endloop
  endfacet
  facet normal 0.194967 0.98081 -0
    outer loop
      vertex 48.6323 12.8774 0
      vertex 48.2218 12.959 1.9
      vertex 48.6323 12.8774 1.9
    endloop
  endfacet
  facet normal 0.194967 0.98081 0
    outer loop
      vertex 48.2218 12.959 1.9
      vertex 48.6323 12.8774 0
      vertex 48.2218 12.959 0
    endloop
  endfacet
  facet normal 0.831388 0.555692 0
    outer loop
      vertex 46.5113 14.102 1.9
      vertex 46.2787 14.45 0
      vertex 46.2787 14.45 1.9
    endloop
  endfacet
  facet normal 0.831388 0.555692 0
    outer loop
      vertex 46.2787 14.45 0
      vertex 46.5113 14.102 1.9
      vertex 46.5113 14.102 0
    endloop
  endfacet
  facet normal -0.946901 -0.321526 0
    outer loop
      vertex 52.141 16.8782 0
      vertex 52.0064 17.2746 1.9
      vertex 52.0064 17.2746 0
    endloop
  endfacet
  facet normal -0.946901 -0.321526 0
    outer loop
      vertex 52.0064 17.2746 1.9
      vertex 52.141 16.8782 0
      vertex 52.141 16.8782 1.9
    endloop
  endfacet
  facet normal -0.98081 -0.194967 0
    outer loop
      vertex 52.2226 16.4677 0
      vertex 52.141 16.8782 1.9
      vertex 52.141 16.8782 0
    endloop
  endfacet
  facet normal -0.98081 -0.194967 0
    outer loop
      vertex 52.141 16.8782 1.9
      vertex 52.2226 16.4677 0
      vertex 52.2226 16.4677 1.9
    endloop
  endfacet
  facet normal -0.751821 -0.659367 0
    outer loop
      vertex 51.5887 17.998 0
      vertex 51.3127 18.3127 1.9
      vertex 51.3127 18.3127 0
    endloop
  endfacet
  facet normal -0.751821 -0.659367 0
    outer loop
      vertex 51.3127 18.3127 1.9
      vertex 51.5887 17.998 0
      vertex 51.5887 17.998 1.9
    endloop
  endfacet
  facet normal -0.831388 -0.555692 0
    outer loop
      vertex 51.8213 17.65 0
      vertex 51.5887 17.998 1.9
      vertex 51.5887 17.998 0
    endloop
  endfacet
  facet normal -0.831388 -0.555692 0
    outer loop
      vertex 51.5887 17.998 1.9
      vertex 51.8213 17.65 0
      vertex 51.8213 17.65 1.9
    endloop
  endfacet
  facet normal -0.194967 -0.98081 0
    outer loop
      vertex 49.4677 19.2226 0
      vertex 49.8782 19.141 1.9
      vertex 49.4677 19.2226 1.9
    endloop
  endfacet
  facet normal -0.194967 -0.98081 -0
    outer loop
      vertex 49.8782 19.141 1.9
      vertex 49.4677 19.2226 0
      vertex 49.8782 19.141 0
    endloop
  endfacet
  facet normal -0.0654566 -0.997855 0
    outer loop
      vertex 49.05 19.25 0
      vertex 49.4677 19.2226 1.9
      vertex 49.05 19.25 1.9
    endloop
  endfacet
  facet normal -0.0654566 -0.997855 -0
    outer loop
      vertex 49.4677 19.2226 1.9
      vertex 49.05 19.25 0
      vertex 49.4677 19.2226 0
    endloop
  endfacet
  facet normal -0.555692 -0.831388 0
    outer loop
      vertex 50.65 18.8213 0
      vertex 50.998 18.5887 1.9
      vertex 50.65 18.8213 1.9
    endloop
  endfacet
  facet normal -0.555692 -0.831388 -0
    outer loop
      vertex 50.998 18.5887 1.9
      vertex 50.65 18.8213 0
      vertex 50.998 18.5887 0
    endloop
  endfacet
  facet normal 0.896898 -0.442237 0
    outer loop
      vertex 46.0936 17.2746 1.9
      vertex 46.2787 17.65 0
      vertex 46.2787 17.65 1.9
    endloop
  endfacet
  facet normal 0.896898 -0.442237 0
    outer loop
      vertex 46.2787 17.65 0
      vertex 46.0936 17.2746 1.9
      vertex 46.0936 17.2746 0
    endloop
  endfacet
  facet normal 0.997855 -0.0654566 0
    outer loop
      vertex 45.85 16.05 1.9
      vertex 45.8774 16.4677 0
      vertex 45.8774 16.4677 1.9
    endloop
  endfacet
  facet normal 0.997855 -0.0654566 0
    outer loop
      vertex 45.8774 16.4677 0
      vertex 45.85 16.05 1.9
      vertex 45.85 16.05 0
    endloop
  endfacet
  facet normal 0 0 -1
    outer loop
      vertex 50.75 16.05 1.9
      vertex 52.25 16.05 1.9
      vertex 52.2226 15.6323 1.9
    endloop
  endfacet
  facet normal 0 0 -1
    outer loop
      vertex 50.7355 15.8281 1.9
      vertex 52.2226 15.6323 1.9
      vertex 52.141 15.2218 1.9
    endloop
  endfacet
  facet normal 0 0 -1
    outer loop
      vertex 52.25 16.05 1.9
      vertex 50.75 16.05 1.9
      vertex 52.2226 16.4677 1.9
    endloop
  endfacet
  facet normal 0 0 -1
    outer loop
      vertex 50.6921 15.61 1.9
      vertex 52.141 15.2218 1.9
      vertex 52.0064 14.8254 1.9
    endloop
  endfacet
  facet normal 0 0 -1
    outer loop
      vertex 50.7355 16.2719 1.9
      vertex 52.2226 16.4677 1.9
      vertex 50.75 16.05 1.9
    endloop
  endfacet
  facet normal 0 0 -1
    outer loop
      vertex 50.6206 15.3994 1.9
      vertex 52.0064 14.8254 1.9
      vertex 51.8213 14.45 1.9
    endloop
  endfacet
  facet normal -0 0 -1
    outer loop
      vertex 52.2226 16.4677 1.9
      vertex 50.7355 16.2719 1.9
      vertex 52.141 16.8782 1.9
    endloop
  endfacet
  facet normal 0 0 -1
    outer loop
      vertex 50.5222 15.2 1.9
      vertex 51.8213 14.45 1.9
      vertex 51.5887 14.102 1.9
    endloop
  endfacet
  facet normal 0 0 -1
    outer loop
      vertex 50.6921 16.49 1.9
      vertex 52.141 16.8782 1.9
      vertex 50.7355 16.2719 1.9
    endloop
  endfacet
  facet normal 0 0 -1
    outer loop
      vertex 50.3987 15.0151 1.9
      vertex 51.5887 14.102 1.9
      vertex 51.3127 13.7873 1.9
    endloop
  endfacet
  facet normal -0 0 -1
    outer loop
      vertex 52.141 16.8782 1.9
      vertex 50.6921 16.49 1.9
      vertex 52.0064 17.2746 1.9
    endloop
  endfacet
  facet normal 0 0 -1
    outer loop
      vertex 50.2521 14.8479 1.9
      vertex 51.3127 13.7873 1.9
      vertex 50.998 13.5113 1.9
    endloop
  endfacet
  facet normal 0 0 -1
    outer loop
      vertex 50.6206 16.7006 1.9
      vertex 52.0064 17.2746 1.9
      vertex 50.6921 16.49 1.9
    endloop
  endfacet
  facet normal -0 0 -1
    outer loop
      vertex 52.0064 17.2746 1.9
      vertex 50.6206 16.7006 1.9
      vertex 51.8213 17.65 1.9
    endloop
  endfacet
  facet normal 0 0 -1
    outer loop
      vertex 52.2226 15.6323 1.9
      vertex 50.7355 15.8281 1.9
      vertex 50.75 16.05 1.9
    endloop
  endfacet
  facet normal 0 0 -1
    outer loop
      vertex 52.141 15.2218 1.9
      vertex 50.6921 15.61 1.9
      vertex 50.7355 15.8281 1.9
    endloop
  endfacet
  facet normal 0 0 -1
    outer loop
      vertex 50.0849 14.7013 1.9
      vertex 50.998 13.5113 1.9
      vertex 50.65 13.2787 1.9
    endloop
  endfacet
  facet normal 0 0 -1
    outer loop
      vertex 52.0064 14.8254 1.9
      vertex 50.6206 15.3994 1.9
      vertex 50.6921 15.61 1.9
    endloop
  endfacet
  facet normal 0 0 -1
    outer loop
      vertex 51.8213 14.45 1.9
      vertex 50.5222 15.2 1.9
      vertex 50.6206 15.3994 1.9
    endloop
  endfacet
  facet normal 0 0 -1
    outer loop
      vertex 51.5887 14.102 1.9
      vertex 50.3987 15.0151 1.9
      vertex 50.5222 15.2 1.9
    endloop
  endfacet
  facet normal 0 0 -1
    outer loop
      vertex 49.9 14.5778 1.9
      vertex 50.65 13.2787 1.9
      vertex 50.2746 13.0936 1.9
    endloop
  endfacet
  facet normal 0 0 -1
    outer loop
      vertex 51.3127 13.7873 1.9
      vertex 50.2521 14.8479 1.9
      vertex 50.3987 15.0151 1.9
    endloop
  endfacet
  facet normal 0 0 -1
    outer loop
      vertex 50.998 13.5113 1.9
      vertex 50.0849 14.7013 1.9
      vertex 50.2521 14.8479 1.9
    endloop
  endfacet
  facet normal 0 0 -1
    outer loop
      vertex 50.65 13.2787 1.9
      vertex 49.9 14.5778 1.9
      vertex 50.0849 14.7013 1.9
    endloop
  endfacet
  facet normal 0 0 -1
    outer loop
      vertex 49.7006 14.4794 1.9
      vertex 50.2746 13.0936 1.9
      vertex 49.8782 12.959 1.9
    endloop
  endfacet
  facet normal 0 0 -1
    outer loop
      vertex 50.2746 13.0936 1.9
      vertex 49.7006 14.4794 1.9
      vertex 49.9 14.5778 1.9
    endloop
  endfacet
  facet normal 0 0 -1
    outer loop
      vertex 49.8782 12.959 1.9
      vertex 49.49 14.4079 1.9
      vertex 49.7006 14.4794 1.9
    endloop
  endfacet
  facet normal 0 0 -1
    outer loop
      vertex 49.4677 12.8774 1.9
      vertex 49.49 14.4079 1.9
      vertex 49.8782 12.959 1.9
    endloop
  endfacet
  facet normal 0 0 -1
    outer loop
      vertex 49.4677 12.8774 1.9
      vertex 49.2719 14.3645 1.9
      vertex 49.49 14.4079 1.9
    endloop
  endfacet
  facet normal 0 0 -1
    outer loop
      vertex 49.05 12.85 1.9
      vertex 49.2719 14.3645 1.9
      vertex 49.4677 12.8774 1.9
    endloop
  endfacet
  facet normal 0 0 -1
    outer loop
      vertex 49.05 12.85 1.9
      vertex 49.05 14.35 1.9
      vertex 49.2719 14.3645 1.9
    endloop
  endfacet
  facet normal 0 0 -1
    outer loop
      vertex 49.05 12.85 1.9
      vertex 48.8281 14.3645 1.9
      vertex 49.05 14.35 1.9
    endloop
  endfacet
  facet normal 0 0 -1
    outer loop
      vertex 48.6323 12.8774 1.9
      vertex 48.8281 14.3645 1.9
      vertex 49.05 12.85 1.9
    endloop
  endfacet
  facet normal 0 0 -1
    outer loop
      vertex 48.6323 12.8774 1.9
      vertex 48.61 14.4079 1.9
      vertex 48.8281 14.3645 1.9
    endloop
  endfacet
  facet normal 0 0 -1
    outer loop
      vertex 48.2218 12.959 1.9
      vertex 48.61 14.4079 1.9
      vertex 48.6323 12.8774 1.9
    endloop
  endfacet
  facet normal -0 0 -1
    outer loop
      vertex 48.61 14.4079 1.9
      vertex 48.2218 12.959 1.9
      vertex 48.3994 14.4794 1.9
    endloop
  endfacet
  facet normal 0 0 -1
    outer loop
      vertex 47.8254 13.0936 1.9
      vertex 48.3994 14.4794 1.9
      vertex 48.2218 12.959 1.9
    endloop
  endfacet
  facet normal -0 0 -1
    outer loop
      vertex 48.3994 14.4794 1.9
      vertex 47.8254 13.0936 1.9
      vertex 48.2 14.5778 1.9
    endloop
  endfacet
  facet normal 0 0 -1
    outer loop
      vertex 47.45 13.2787 1.9
      vertex 48.2 14.5778 1.9
      vertex 47.8254 13.0936 1.9
    endloop
  endfacet
  facet normal -0 0 -1
    outer loop
      vertex 48.2 14.5778 1.9
      vertex 47.45 13.2787 1.9
      vertex 48.0151 14.7013 1.9
    endloop
  endfacet
  facet normal 0 0 -1
    outer loop
      vertex 47.102 13.5113 1.9
      vertex 48.0151 14.7013 1.9
      vertex 47.45 13.2787 1.9
    endloop
  endfacet
  facet normal -0 0 -1
    outer loop
      vertex 48.0151 14.7013 1.9
      vertex 47.102 13.5113 1.9
      vertex 47.8479 14.8479 1.9
    endloop
  endfacet
  facet normal 0 0 -1
    outer loop
      vertex 46.7873 13.7873 1.9
      vertex 47.8479 14.8479 1.9
      vertex 47.102 13.5113 1.9
    endloop
  endfacet
  facet normal -0 0 -1
    outer loop
      vertex 47.8479 14.8479 1.9
      vertex 46.7873 13.7873 1.9
      vertex 47.7013 15.0151 1.9
    endloop
  endfacet
  facet normal 0 0 -1
    outer loop
      vertex 46.5113 14.102 1.9
      vertex 47.7013 15.0151 1.9
      vertex 46.7873 13.7873 1.9
    endloop
  endfacet
  facet normal -0 0 -1
    outer loop
      vertex 47.7013 15.0151 1.9
      vertex 46.5113 14.102 1.9
      vertex 47.5778 15.2 1.9
    endloop
  endfacet
  facet normal 0 0 -1
    outer loop
      vertex 46.2787 14.45 1.9
      vertex 47.5778 15.2 1.9
      vertex 46.5113 14.102 1.9
    endloop
  endfacet
  facet normal -0 0 -1
    outer loop
      vertex 47.5778 15.2 1.9
      vertex 46.2787 14.45 1.9
      vertex 47.4794 15.3994 1.9
    endloop
  endfacet
  facet normal 0 0 -1
    outer loop
      vertex 50.5222 16.9 1.9
      vertex 51.8213 17.65 1.9
      vertex 50.6206 16.7006 1.9
    endloop
  endfacet
  facet normal -0 0 -1
    outer loop
      vertex 51.8213 17.65 1.9
      vertex 50.5222 16.9 1.9
      vertex 51.5887 17.998 1.9
    endloop
  endfacet
  facet normal 0 0 -1
    outer loop
      vertex 50.3987 17.0849 1.9
      vertex 51.5887 17.998 1.9
      vertex 50.5222 16.9 1.9
    endloop
  endfacet
  facet normal -0 0 -1
    outer loop
      vertex 51.5887 17.998 1.9
      vertex 50.3987 17.0849 1.9
      vertex 51.3127 18.3127 1.9
    endloop
  endfacet
  facet normal 0 0 -1
    outer loop
      vertex 50.2521 17.2521 1.9
      vertex 51.3127 18.3127 1.9
      vertex 50.3987 17.0849 1.9
    endloop
  endfacet
  facet normal -0 0 -1
    outer loop
      vertex 51.3127 18.3127 1.9
      vertex 50.2521 17.2521 1.9
      vertex 50.998 18.5887 1.9
    endloop
  endfacet
  facet normal 0 0 -1
    outer loop
      vertex 50.0849 17.3987 1.9
      vertex 50.998 18.5887 1.9
      vertex 50.2521 17.2521 1.9
    endloop
  endfacet
  facet normal -0 0 -1
    outer loop
      vertex 50.998 18.5887 1.9
      vertex 50.0849 17.3987 1.9
      vertex 50.65 18.8213 1.9
    endloop
  endfacet
  facet normal 0 0 -1
    outer loop
      vertex 49.9 17.5222 1.9
      vertex 50.65 18.8213 1.9
      vertex 50.0849 17.3987 1.9
    endloop
  endfacet
  facet normal -0 0 -1
    outer loop
      vertex 50.65 18.8213 1.9
      vertex 49.9 17.5222 1.9
      vertex 50.2746 19.0064 1.9
    endloop
  endfacet
  facet normal 0 0 -1
    outer loop
      vertex 49.7006 17.6206 1.9
      vertex 50.2746 19.0064 1.9
      vertex 49.9 17.5222 1.9
    endloop
  endfacet
  facet normal -0 0 -1
    outer loop
      vertex 50.2746 19.0064 1.9
      vertex 49.7006 17.6206 1.9
      vertex 49.8782 19.141 1.9
    endloop
  endfacet
  facet normal 0 0 -1
    outer loop
      vertex 49.49 17.6921 1.9
      vertex 49.8782 19.141 1.9
      vertex 49.7006 17.6206 1.9
    endloop
  endfacet
  facet normal 0 0 -1
    outer loop
      vertex 49.49 17.6921 1.9
      vertex 49.4677 19.2226 1.9
      vertex 49.8782 19.141 1.9
    endloop
  endfacet
  facet normal 0 0 -1
    outer loop
      vertex 49.2719 17.7355 1.9
      vertex 49.4677 19.2226 1.9
      vertex 49.49 17.6921 1.9
    endloop
  endfacet
  facet normal 0 0 -1
    outer loop
      vertex 49.05 17.75 1.9
      vertex 49.4677 19.2226 1.9
      vertex 49.2719 17.7355 1.9
    endloop
  endfacet
  facet normal 0 0 -1
    outer loop
      vertex 49.05 17.75 1.9
      vertex 49.05 19.25 1.9
      vertex 49.4677 19.2226 1.9
    endloop
  endfacet
  facet normal 0 0 -1
    outer loop
      vertex 48.8281 17.7355 1.9
      vertex 49.05 19.25 1.9
      vertex 49.05 17.75 1.9
    endloop
  endfacet
  facet normal 0 0 -1
    outer loop
      vertex 48.8281 17.7355 1.9
      vertex 48.6323 19.2226 1.9
      vertex 49.05 19.25 1.9
    endloop
  endfacet
  facet normal 0 0 -1
    outer loop
      vertex 48.61 17.6921 1.9
      vertex 48.6323 19.2226 1.9
      vertex 48.8281 17.7355 1.9
    endloop
  endfacet
  facet normal 0 0 -1
    outer loop
      vertex 48.2218 19.141 1.9
      vertex 48.61 17.6921 1.9
      vertex 48.3994 17.6206 1.9
    endloop
  endfacet
  facet normal 0 0 -1
    outer loop
      vertex 48.61 17.6921 1.9
      vertex 48.2218 19.141 1.9
      vertex 48.6323 19.2226 1.9
    endloop
  endfacet
  facet normal 0 0 -1
    outer loop
      vertex 47.8254 19.0064 1.9
      vertex 48.3994 17.6206 1.9
      vertex 48.2 17.5222 1.9
    endloop
  endfacet
  facet normal 0 0 -1
    outer loop
      vertex 47.45 18.8213 1.9
      vertex 48.2 17.5222 1.9
      vertex 48.0151 17.3987 1.9
    endloop
  endfacet
  facet normal 0 0 -1
    outer loop
      vertex 47.102 18.5887 1.9
      vertex 48.0151 17.3987 1.9
      vertex 47.8479 17.2521 1.9
    endloop
  endfacet
  facet normal 0 0 -1
    outer loop
      vertex 48.3994 17.6206 1.9
      vertex 47.8254 19.0064 1.9
      vertex 48.2218 19.141 1.9
    endloop
  endfacet
  facet normal 0 0 -1
    outer loop
      vertex 46.7873 18.3127 1.9
      vertex 47.8479 17.2521 1.9
      vertex 47.7013 17.0849 1.9
    endloop
  endfacet
  facet normal 0 0 -1
    outer loop
      vertex 46.5113 17.998 1.9
      vertex 47.7013 17.0849 1.9
      vertex 47.5778 16.9 1.9
    endloop
  endfacet
  facet normal 0 0 -1
    outer loop
      vertex 46.2787 17.65 1.9
      vertex 47.5778 16.9 1.9
      vertex 47.4794 16.7006 1.9
    endloop
  endfacet
  facet normal 0 0 -1
    outer loop
      vertex 48.2 17.5222 1.9
      vertex 47.45 18.8213 1.9
      vertex 47.8254 19.0064 1.9
    endloop
  endfacet
  facet normal 0 0 -1
    outer loop
      vertex 46.0936 17.2746 1.9
      vertex 47.4794 16.7006 1.9
      vertex 47.4079 16.49 1.9
    endloop
  endfacet
  facet normal 0 0 -1
    outer loop
      vertex 45.959 16.8782 1.9
      vertex 47.4079 16.49 1.9
      vertex 47.3645 16.2719 1.9
    endloop
  endfacet
  facet normal 0 0 -1
    outer loop
      vertex 45.8774 16.4677 1.9
      vertex 47.3645 16.2719 1.9
      vertex 47.35 16.05 1.9
    endloop
  endfacet
  facet normal 0 0 -1
    outer loop
      vertex 46.0936 14.8254 1.9
      vertex 47.4794 15.3994 1.9
      vertex 46.2787 14.45 1.9
    endloop
  endfacet
  facet normal 0 0 -1
    outer loop
      vertex 48.0151 17.3987 1.9
      vertex 47.102 18.5887 1.9
      vertex 47.45 18.8213 1.9
    endloop
  endfacet
  facet normal -0 0 -1
    outer loop
      vertex 47.4794 15.3994 1.9
      vertex 46.0936 14.8254 1.9
      vertex 47.4079 15.61 1.9
    endloop
  endfacet
  facet normal 0 0 -1
    outer loop
      vertex 47.8479 17.2521 1.9
      vertex 46.7873 18.3127 1.9
      vertex 47.102 18.5887 1.9
    endloop
  endfacet
  facet normal 0 0 -1
    outer loop
      vertex 45.959 15.2218 1.9
      vertex 47.4079 15.61 1.9
      vertex 46.0936 14.8254 1.9
    endloop
  endfacet
  facet normal 0 0 -1
    outer loop
      vertex 47.7013 17.0849 1.9
      vertex 46.5113 17.998 1.9
      vertex 46.7873 18.3127 1.9
    endloop
  endfacet
  facet normal -0 0 -1
    outer loop
      vertex 47.4079 15.61 1.9
      vertex 45.959 15.2218 1.9
      vertex 47.3645 15.8281 1.9
    endloop
  endfacet
  facet normal 0 0 -1
    outer loop
      vertex 47.5778 16.9 1.9
      vertex 46.2787 17.65 1.9
      vertex 46.5113 17.998 1.9
    endloop
  endfacet
  facet normal 0 0 -1
    outer loop
      vertex 45.8774 15.6323 1.9
      vertex 47.3645 15.8281 1.9
      vertex 45.959 15.2218 1.9
    endloop
  endfacet
  facet normal 0 0 -1
    outer loop
      vertex 47.4794 16.7006 1.9
      vertex 46.0936 17.2746 1.9
      vertex 46.2787 17.65 1.9
    endloop
  endfacet
  facet normal -0 0 -1
    outer loop
      vertex 47.3645 15.8281 1.9
      vertex 45.8774 15.6323 1.9
      vertex 47.35 16.05 1.9
    endloop
  endfacet
  facet normal 0 0 -1
    outer loop
      vertex 47.4079 16.49 1.9
      vertex 45.959 16.8782 1.9
      vertex 46.0936 17.2746 1.9
    endloop
  endfacet
  facet normal 0 0 -1
    outer loop
      vertex 45.85 16.05 1.9
      vertex 47.35 16.05 1.9
      vertex 45.8774 15.6323 1.9
    endloop
  endfacet
  facet normal 0 0 -1
    outer loop
      vertex 47.3645 16.2719 1.9
      vertex 45.8774 16.4677 1.9
      vertex 45.959 16.8782 1.9
    endloop
  endfacet
  facet normal 0 0 -1
    outer loop
      vertex 47.35 16.05 1.9
      vertex 45.85 16.05 1.9
      vertex 45.8774 16.4677 1.9
    endloop
  endfacet
  facet normal 0.659367 -0.751821 0
    outer loop
      vertex 46.7873 18.3127 0
      vertex 47.102 18.5887 1.9
      vertex 46.7873 18.3127 1.9
    endloop
  endfacet
  facet normal 0.659367 -0.751821 0
    outer loop
      vertex 47.102 18.5887 1.9
      vertex 46.7873 18.3127 0
      vertex 47.102 18.5887 0
    endloop
  endfacet
  facet normal 0.194967 -0.98081 0
    outer loop
      vertex 48.2218 19.141 0
      vertex 48.6323 19.2226 1.9
      vertex 48.2218 19.141 1.9
    endloop
  endfacet
  facet normal 0.194967 -0.98081 0
    outer loop
      vertex 48.6323 19.2226 1.9
      vertex 48.2218 19.141 0
      vertex 48.6323 19.2226 0
    endloop
  endfacet
  facet normal -0.997855 0.0654566 0
    outer loop
      vertex 52.2226 15.6323 0
      vertex 52.25 16.05 1.9
      vertex 52.25 16.05 0
    endloop
  endfacet
  facet normal -0.997855 0.0654566 0
    outer loop
      vertex 52.25 16.05 1.9
      vertex 52.2226 15.6323 0
      vertex 52.2226 15.6323 1.9
    endloop
  endfacet
  facet normal -0.194967 0.98081 0
    outer loop
      vertex 49.8782 12.959 0
      vertex 49.4677 12.8774 1.9
      vertex 49.8782 12.959 1.9
    endloop
  endfacet
  facet normal -0.194967 0.98081 0
    outer loop
      vertex 49.4677 12.8774 1.9
      vertex 49.8782 12.959 0
      vertex 49.4677 12.8774 0
    endloop
  endfacet
  facet normal -0.442237 0.896898 0
    outer loop
      vertex 50.65 13.2787 0
      vertex 50.2746 13.0936 1.9
      vertex 50.65 13.2787 1.9
    endloop
  endfacet
  facet normal -0.442237 0.896898 0
    outer loop
      vertex 50.2746 13.0936 1.9
      vertex 50.65 13.2787 0
      vertex 50.2746 13.0936 0
    endloop
  endfacet
  facet normal -0.659367 0.751821 0
    outer loop
      vertex 51.3127 13.7873 0
      vertex 50.998 13.5113 1.9
      vertex 51.3127 13.7873 1.9
    endloop
  endfacet
  facet normal -0.659367 0.751821 0
    outer loop
      vertex 50.998 13.5113 1.9
      vertex 51.3127 13.7873 0
      vertex 50.998 13.5113 0
    endloop
  endfacet
  facet normal -0.946901 0.321526 0
    outer loop
      vertex 52.0064 14.8254 0
      vertex 52.141 15.2218 1.9
      vertex 52.141 15.2218 0
    endloop
  endfacet
  facet normal -0.946901 0.321526 0
    outer loop
      vertex 52.141 15.2218 1.9
      vertex 52.0064 14.8254 0
      vertex 52.0064 14.8254 1.9
    endloop
  endfacet
  facet normal -0.831388 0.555692 0
    outer loop
      vertex 51.5887 14.102 0
      vertex 51.8213 14.45 1.9
      vertex 51.8213 14.45 0
    endloop
  endfacet
  facet normal -0.831388 0.555692 0
    outer loop
      vertex 51.8213 14.45 1.9
      vertex 51.5887 14.102 0
      vertex 51.5887 14.102 1.9
    endloop
  endfacet
  facet normal 0.442237 0.896898 -0
    outer loop
      vertex 47.8254 13.0936 0
      vertex 47.45 13.2787 1.9
      vertex 47.8254 13.0936 1.9
    endloop
  endfacet
  facet normal 0.442237 0.896898 0
    outer loop
      vertex 47.45 13.2787 1.9
      vertex 47.8254 13.0936 0
      vertex 47.45 13.2787 0
    endloop
  endfacet
  facet normal 0.0654566 0.997855 -0
    outer loop
      vertex 49.05 12.85 0
      vertex 48.6323 12.8774 1.9
      vertex 49.05 12.85 1.9
    endloop
  endfacet
  facet normal 0.0654566 0.997855 0
    outer loop
      vertex 48.6323 12.8774 1.9
      vertex 49.05 12.85 0
      vertex 48.6323 12.8774 0
    endloop
  endfacet
  facet normal 0.751821 0.659367 0
    outer loop
      vertex 46.7873 13.7873 1.9
      vertex 46.5113 14.102 0
      vertex 46.5113 14.102 1.9
    endloop
  endfacet
  facet normal 0.751821 0.659367 0
    outer loop
      vertex 46.5113 14.102 0
      vertex 46.7873 13.7873 1.9
      vertex 46.7873 13.7873 0
    endloop
  endfacet
  facet normal 0.896898 0.442237 0
    outer loop
      vertex 46.2787 14.45 1.9
      vertex 46.0936 14.8254 0
      vertex 46.0936 14.8254 1.9
    endloop
  endfacet
  facet normal 0.896898 0.442237 0
    outer loop
      vertex 46.0936 14.8254 0
      vertex 46.2787 14.45 1.9
      vertex 46.2787 14.45 0
    endloop
  endfacet
  facet normal 0.98081 0.194967 0
    outer loop
      vertex 45.959 15.2218 1.9
      vertex 45.8774 15.6323 0
      vertex 45.8774 15.6323 1.9
    endloop
  endfacet
  facet normal 0.98081 0.194967 0
    outer loop
      vertex 45.8774 15.6323 0
      vertex 45.959 15.2218 1.9
      vertex 45.959 15.2218 0
    endloop
  endfacet
  facet normal 0.997855 0.0654566 0
    outer loop
      vertex 45.8774 15.6323 1.9
      vertex 45.85 16.05 0
      vertex 45.85 16.05 1.9
    endloop
  endfacet
  facet normal 0.997855 0.0654566 0
    outer loop
      vertex 45.85 16.05 0
      vertex 45.8774 15.6323 1.9
      vertex 45.8774 15.6323 0
    endloop
  endfacet
  facet normal -0.321526 0.946901 0
    outer loop
      vertex 50.2746 13.0936 0
      vertex 49.8782 12.959 1.9
      vertex 50.2746 13.0936 1.9
    endloop
  endfacet
  facet normal -0.321526 0.946901 0
    outer loop
      vertex 49.8782 12.959 1.9
      vertex 50.2746 13.0936 0
      vertex 49.8782 12.959 0
    endloop
  endfacet
  facet normal -0.751821 0.659367 0
    outer loop
      vertex 51.3127 13.7873 0
      vertex 51.5887 14.102 1.9
      vertex 51.5887 14.102 0
    endloop
  endfacet
  facet normal -0.751821 0.659367 0
    outer loop
      vertex 51.5887 14.102 1.9
      vertex 51.3127 13.7873 0
      vertex 51.3127 13.7873 1.9
    endloop
  endfacet
  facet normal -0.98081 0.194967 0
    outer loop
      vertex 52.141 15.2218 0
      vertex 52.2226 15.6323 1.9
      vertex 52.2226 15.6323 0
    endloop
  endfacet
  facet normal -0.98081 0.194967 0
    outer loop
      vertex 52.2226 15.6323 1.9
      vertex 52.141 15.2218 0
      vertex 52.141 15.2218 1.9
    endloop
  endfacet
  facet normal -0.896898 0.442237 0
    outer loop
      vertex 51.8213 14.45 0
      vertex 52.0064 14.8254 1.9
      vertex 52.0064 14.8254 0
    endloop
  endfacet
  facet normal -0.896898 0.442237 0
    outer loop
      vertex 52.0064 14.8254 1.9
      vertex 51.8213 14.45 0
      vertex 51.8213 14.45 1.9
    endloop
  endfacet
  facet normal -0.0654566 0.997855 0
    outer loop
      vertex 49.4677 12.8774 0
      vertex 49.05 12.85 1.9
      vertex 49.4677 12.8774 1.9
    endloop
  endfacet
  facet normal -0.0654566 0.997855 0
    outer loop
      vertex 49.05 12.85 1.9
      vertex 49.4677 12.8774 0
      vertex 49.05 12.85 0
    endloop
  endfacet
  facet normal 0.659367 0.751821 -0
    outer loop
      vertex 47.102 13.5113 0
      vertex 46.7873 13.7873 1.9
      vertex 47.102 13.5113 1.9
    endloop
  endfacet
  facet normal 0.659367 0.751821 0
    outer loop
      vertex 46.7873 13.7873 1.9
      vertex 47.102 13.5113 0
      vertex 46.7873 13.7873 0
    endloop
  endfacet
  facet normal 0.946901 0.321526 0
    outer loop
      vertex 46.0936 14.8254 1.9
      vertex 45.959 15.2218 0
      vertex 45.959 15.2218 1.9
    endloop
  endfacet
  facet normal 0.946901 0.321526 0
    outer loop
      vertex 45.959 15.2218 0
      vertex 46.0936 14.8254 1.9
      vertex 46.0936 14.8254 0
    endloop
  endfacet
  facet normal -0.997872 -0.0652057 0
    outer loop
      vertex 50.75 28.05 1.9
      vertex 50.7355 28.2719 6
      vertex 50.7355 28.2719 1.9
    endloop
  endfacet
  facet normal -0.997872 -0.0652057 0
    outer loop
      vertex 50.7355 28.2719 6
      vertex 50.75 28.05 1.9
      vertex 50.75 28.05 6
    endloop
  endfacet
  facet normal 0.0652057 -0.997872 0
    outer loop
      vertex 48.8281 29.7355 1.9
      vertex 49.05 29.75 6
      vertex 48.8281 29.7355 6
    endloop
  endfacet
  facet normal 0.0652057 -0.997872 0
    outer loop
      vertex 49.05 29.75 6
      vertex 48.8281 29.7355 1.9
      vertex 49.05 29.75 1.9
    endloop
  endfacet
  facet normal -0.659268 -0.751908 0
    outer loop
      vertex 50.0849 29.3987 1.9
      vertex 50.2521 29.2521 6
      vertex 50.0849 29.3987 6
    endloop
  endfacet
  facet normal -0.659268 -0.751908 -0
    outer loop
      vertex 50.2521 29.2521 6
      vertex 50.0849 29.3987 1.9
      vertex 50.2521 29.2521 1.9
    endloop
  endfacet
  facet normal 0.751908 -0.659268 0
    outer loop
      vertex 47.7013 29.0849 6
      vertex 47.8479 29.2521 1.9
      vertex 47.8479 29.2521 6
    endloop
  endfacet
  facet normal 0.751908 -0.659268 0
    outer loop
      vertex 47.8479 29.2521 1.9
      vertex 47.7013 29.0849 6
      vertex 47.7013 29.0849 1.9
    endloop
  endfacet
  facet normal 0.44253 -0.896754 0
    outer loop
      vertex 48.2 29.5222 1.9
      vertex 48.3994 29.6206 6
      vertex 48.2 29.5222 6
    endloop
  endfacet
  facet normal 0.44253 -0.896754 0
    outer loop
      vertex 48.3994 29.6206 6
      vertex 48.2 29.5222 1.9
      vertex 48.3994 29.6206 1.9
    endloop
  endfacet
  facet normal -0.896754 -0.44253 0
    outer loop
      vertex 50.6206 28.7006 1.9
      vertex 50.5222 28.9 6
      vertex 50.5222 28.9 1.9
    endloop
  endfacet
  facet normal -0.896754 -0.44253 0
    outer loop
      vertex 50.5222 28.9 6
      vertex 50.6206 28.7006 1.9
      vertex 50.6206 28.7006 6
    endloop
  endfacet
  facet normal -0.98077 -0.195165 0
    outer loop
      vertex 50.7355 28.2719 1.9
      vertex 50.6921 28.49 6
      vertex 50.6921 28.49 1.9
    endloop
  endfacet
  facet normal -0.98077 -0.195165 0
    outer loop
      vertex 50.6921 28.49 6
      vertex 50.7355 28.2719 1.9
      vertex 50.7355 28.2719 6
    endloop
  endfacet
  facet normal -0.321484 -0.946915 0
    outer loop
      vertex 49.49 29.6921 1.9
      vertex 49.7006 29.6206 6
      vertex 49.49 29.6921 6
    endloop
  endfacet
  facet normal -0.321484 -0.946915 -0
    outer loop
      vertex 49.7006 29.6206 6
      vertex 49.49 29.6921 1.9
      vertex 49.7006 29.6206 1.9
    endloop
  endfacet
  facet normal -0.44253 -0.896754 0
    outer loop
      vertex 49.7006 29.6206 1.9
      vertex 49.9 29.5222 6
      vertex 49.7006 29.6206 6
    endloop
  endfacet
  facet normal -0.44253 -0.896754 -0
    outer loop
      vertex 49.9 29.5222 6
      vertex 49.7006 29.6206 1.9
      vertex 49.9 29.5222 1.9
    endloop
  endfacet
  facet normal 0.946915 -0.321484 0
    outer loop
      vertex 47.4079 28.49 6
      vertex 47.4794 28.7006 1.9
      vertex 47.4794 28.7006 6
    endloop
  endfacet
  facet normal 0.946915 -0.321484 0
    outer loop
      vertex 47.4794 28.7006 1.9
      vertex 47.4079 28.49 6
      vertex 47.4079 28.49 1.9
    endloop
  endfacet
  facet normal 0.831566 -0.555426 0
    outer loop
      vertex 47.5778 28.9 6
      vertex 47.7013 29.0849 1.9
      vertex 47.7013 29.0849 6
    endloop
  endfacet
  facet normal 0.831566 -0.555426 0
    outer loop
      vertex 47.7013 29.0849 1.9
      vertex 47.5778 28.9 6
      vertex 47.5778 28.9 1.9
    endloop
  endfacet
  facet normal 0.98077 -0.195165 0
    outer loop
      vertex 47.3645 28.2719 6
      vertex 47.4079 28.49 1.9
      vertex 47.4079 28.49 6
    endloop
  endfacet
  facet normal 0.98077 -0.195165 0
    outer loop
      vertex 47.4079 28.49 1.9
      vertex 47.3645 28.2719 6
      vertex 47.3645 28.2719 1.9
    endloop
  endfacet
  facet normal 0.195165 -0.98077 0
    outer loop
      vertex 48.61 29.6921 1.9
      vertex 48.8281 29.7355 6
      vertex 48.61 29.6921 6
    endloop
  endfacet
  facet normal 0.195165 -0.98077 0
    outer loop
      vertex 48.8281 29.7355 6
      vertex 48.61 29.6921 1.9
      vertex 48.8281 29.7355 1.9
    endloop
  endfacet
  facet normal -0.195165 0.98077 0
    outer loop
      vertex 49.49 26.4079 1.9
      vertex 49.2719 26.3645 6
      vertex 49.49 26.4079 6
    endloop
  endfacet
  facet normal -0.195165 0.98077 0
    outer loop
      vertex 49.2719 26.3645 6
      vertex 49.49 26.4079 1.9
      vertex 49.2719 26.3645 1.9
    endloop
  endfacet
  facet normal 0.321484 0.946915 -0
    outer loop
      vertex 48.61 26.4079 1.9
      vertex 48.3994 26.4794 6
      vertex 48.61 26.4079 6
    endloop
  endfacet
  facet normal 0.321484 0.946915 0
    outer loop
      vertex 48.3994 26.4794 6
      vertex 48.61 26.4079 1.9
      vertex 48.3994 26.4794 1.9
    endloop
  endfacet
  facet normal 0.555426 0.831566 -0
    outer loop
      vertex 48.2 26.5778 1.9
      vertex 48.0151 26.7013 6
      vertex 48.2 26.5778 6
    endloop
  endfacet
  facet normal 0.555426 0.831566 0
    outer loop
      vertex 48.0151 26.7013 6
      vertex 48.2 26.5778 1.9
      vertex 48.0151 26.7013 1.9
    endloop
  endfacet
  facet normal 0.195165 0.98077 -0
    outer loop
      vertex 48.8281 26.3645 1.9
      vertex 48.61 26.4079 6
      vertex 48.8281 26.3645 6
    endloop
  endfacet
  facet normal 0.195165 0.98077 0
    outer loop
      vertex 48.61 26.4079 6
      vertex 48.8281 26.3645 1.9
      vertex 48.61 26.4079 1.9
    endloop
  endfacet
  facet normal 0.98077 0.195165 0
    outer loop
      vertex 47.4079 27.61 6
      vertex 47.3645 27.8281 1.9
      vertex 47.3645 27.8281 6
    endloop
  endfacet
  facet normal 0.98077 0.195165 0
    outer loop
      vertex 47.3645 27.8281 1.9
      vertex 47.4079 27.61 6
      vertex 47.4079 27.61 1.9
    endloop
  endfacet
  facet normal -0.946915 -0.321484 0
    outer loop
      vertex 50.6921 28.49 1.9
      vertex 50.6206 28.7006 6
      vertex 50.6206 28.7006 1.9
    endloop
  endfacet
  facet normal -0.946915 -0.321484 0
    outer loop
      vertex 50.6206 28.7006 6
      vertex 50.6921 28.49 1.9
      vertex 50.6921 28.49 6
    endloop
  endfacet
  facet normal -0.751908 -0.659268 0
    outer loop
      vertex 50.3987 29.0849 1.9
      vertex 50.2521 29.2521 6
      vertex 50.2521 29.2521 1.9
    endloop
  endfacet
  facet normal -0.751908 -0.659268 0
    outer loop
      vertex 50.2521 29.2521 6
      vertex 50.3987 29.0849 1.9
      vertex 50.3987 29.0849 6
    endloop
  endfacet
  facet normal -0.831566 -0.555426 0
    outer loop
      vertex 50.5222 28.9 1.9
      vertex 50.3987 29.0849 6
      vertex 50.3987 29.0849 1.9
    endloop
  endfacet
  facet normal -0.831566 -0.555426 0
    outer loop
      vertex 50.3987 29.0849 6
      vertex 50.5222 28.9 1.9
      vertex 50.5222 28.9 6
    endloop
  endfacet
  facet normal -0.195165 -0.98077 0
    outer loop
      vertex 49.2719 29.7355 1.9
      vertex 49.49 29.6921 6
      vertex 49.2719 29.7355 6
    endloop
  endfacet
  facet normal -0.195165 -0.98077 -0
    outer loop
      vertex 49.49 29.6921 6
      vertex 49.2719 29.7355 1.9
      vertex 49.49 29.6921 1.9
    endloop
  endfacet
  facet normal -0.0652057 -0.997872 0
    outer loop
      vertex 49.05 29.75 1.9
      vertex 49.2719 29.7355 6
      vertex 49.05 29.75 6
    endloop
  endfacet
  facet normal -0.0652057 -0.997872 -0
    outer loop
      vertex 49.2719 29.7355 6
      vertex 49.05 29.75 1.9
      vertex 49.2719 29.7355 1.9
    endloop
  endfacet
  facet normal -0.555426 -0.831566 0
    outer loop
      vertex 49.9 29.5222 1.9
      vertex 50.0849 29.3987 6
      vertex 49.9 29.5222 6
    endloop
  endfacet
  facet normal -0.555426 -0.831566 -0
    outer loop
      vertex 50.0849 29.3987 6
      vertex 49.9 29.5222 1.9
      vertex 50.0849 29.3987 1.9
    endloop
  endfacet
  facet normal 0.896754 -0.44253 0
    outer loop
      vertex 47.4794 28.7006 6
      vertex 47.5778 28.9 1.9
      vertex 47.5778 28.9 6
    endloop
  endfacet
  facet normal 0.896754 -0.44253 0
    outer loop
      vertex 47.5778 28.9 1.9
      vertex 47.4794 28.7006 6
      vertex 47.4794 28.7006 1.9
    endloop
  endfacet
  facet normal 0.997872 -0.0652057 0
    outer loop
      vertex 47.35 28.05 6
      vertex 47.3645 28.2719 1.9
      vertex 47.3645 28.2719 6
    endloop
  endfacet
  facet normal 0.997872 -0.0652057 0
    outer loop
      vertex 47.3645 28.2719 1.9
      vertex 47.35 28.05 6
      vertex 47.35 28.05 1.9
    endloop
  endfacet
  facet normal 0.555426 -0.831566 0
    outer loop
      vertex 48.0151 29.3987 1.9
      vertex 48.2 29.5222 6
      vertex 48.0151 29.3987 6
    endloop
  endfacet
  facet normal 0.555426 -0.831566 0
    outer loop
      vertex 48.2 29.5222 6
      vertex 48.0151 29.3987 1.9
      vertex 48.2 29.5222 1.9
    endloop
  endfacet
  facet normal 0.659268 -0.751908 0
    outer loop
      vertex 47.8479 29.2521 1.9
      vertex 48.0151 29.3987 6
      vertex 47.8479 29.2521 6
    endloop
  endfacet
  facet normal 0.659268 -0.751908 0
    outer loop
      vertex 48.0151 29.3987 6
      vertex 47.8479 29.2521 1.9
      vertex 48.0151 29.3987 1.9
    endloop
  endfacet
  facet normal 0.321484 -0.946915 0
    outer loop
      vertex 48.3994 29.6206 1.9
      vertex 48.61 29.6921 6
      vertex 48.3994 29.6206 6
    endloop
  endfacet
  facet normal 0.321484 -0.946915 0
    outer loop
      vertex 48.61 29.6921 6
      vertex 48.3994 29.6206 1.9
      vertex 48.61 29.6921 1.9
    endloop
  endfacet
  facet normal -0.321484 0.946915 0
    outer loop
      vertex 49.7006 26.4794 1.9
      vertex 49.49 26.4079 6
      vertex 49.7006 26.4794 6
    endloop
  endfacet
  facet normal -0.321484 0.946915 0
    outer loop
      vertex 49.49 26.4079 6
      vertex 49.7006 26.4794 1.9
      vertex 49.49 26.4079 1.9
    endloop
  endfacet
  facet normal -0.751908 0.659268 0
    outer loop
      vertex 50.2521 26.8479 1.9
      vertex 50.3987 27.0151 6
      vertex 50.3987 27.0151 1.9
    endloop
  endfacet
  facet normal -0.751908 0.659268 0
    outer loop
      vertex 50.3987 27.0151 6
      vertex 50.2521 26.8479 1.9
      vertex 50.2521 26.8479 6
    endloop
  endfacet
  facet normal -0.555426 0.831566 0
    outer loop
      vertex 50.0849 26.7013 1.9
      vertex 49.9 26.5778 6
      vertex 50.0849 26.7013 6
    endloop
  endfacet
  facet normal -0.555426 0.831566 0
    outer loop
      vertex 49.9 26.5778 6
      vertex 50.0849 26.7013 1.9
      vertex 49.9 26.5778 1.9
    endloop
  endfacet
  facet normal -0.946915 0.321484 0
    outer loop
      vertex 50.6206 27.3994 1.9
      vertex 50.6921 27.61 6
      vertex 50.6921 27.61 1.9
    endloop
  endfacet
  facet normal -0.946915 0.321484 0
    outer loop
      vertex 50.6921 27.61 6
      vertex 50.6206 27.3994 1.9
      vertex 50.6206 27.3994 6
    endloop
  endfacet
  facet normal -0.831566 0.555426 0
    outer loop
      vertex 50.3987 27.0151 1.9
      vertex 50.5222 27.2 6
      vertex 50.5222 27.2 1.9
    endloop
  endfacet
  facet normal -0.831566 0.555426 0
    outer loop
      vertex 50.5222 27.2 6
      vertex 50.3987 27.0151 1.9
      vertex 50.3987 27.0151 6
    endloop
  endfacet
  facet normal 0.44253 0.896754 -0
    outer loop
      vertex 48.3994 26.4794 1.9
      vertex 48.2 26.5778 6
      vertex 48.3994 26.4794 6
    endloop
  endfacet
  facet normal 0.44253 0.896754 0
    outer loop
      vertex 48.2 26.5778 6
      vertex 48.3994 26.4794 1.9
      vertex 48.2 26.5778 1.9
    endloop
  endfacet
  facet normal 0.0652057 0.997872 -0
    outer loop
      vertex 49.05 26.35 1.9
      vertex 48.8281 26.3645 6
      vertex 49.05 26.35 6
    endloop
  endfacet
  facet normal 0.0652057 0.997872 0
    outer loop
      vertex 48.8281 26.3645 6
      vertex 49.05 26.35 1.9
      vertex 48.8281 26.3645 1.9
    endloop
  endfacet
  facet normal 0.831566 0.555426 0
    outer loop
      vertex 47.7013 27.0151 6
      vertex 47.5778 27.2 1.9
      vertex 47.5778 27.2 6
    endloop
  endfacet
  facet normal 0.831566 0.555426 0
    outer loop
      vertex 47.5778 27.2 1.9
      vertex 47.7013 27.0151 6
      vertex 47.7013 27.0151 1.9
    endloop
  endfacet
  facet normal 0.659268 0.751908 -0
    outer loop
      vertex 48.0151 26.7013 1.9
      vertex 47.8479 26.8479 6
      vertex 48.0151 26.7013 6
    endloop
  endfacet
  facet normal 0.659268 0.751908 0
    outer loop
      vertex 47.8479 26.8479 6
      vertex 48.0151 26.7013 1.9
      vertex 47.8479 26.8479 1.9
    endloop
  endfacet
  facet normal 0.946915 0.321484 0
    outer loop
      vertex 47.4794 27.3994 6
      vertex 47.4079 27.61 1.9
      vertex 47.4079 27.61 6
    endloop
  endfacet
  facet normal 0.946915 0.321484 0
    outer loop
      vertex 47.4079 27.61 1.9
      vertex 47.4794 27.3994 6
      vertex 47.4794 27.3994 1.9
    endloop
  endfacet
  facet normal 0.997872 0.0652057 0
    outer loop
      vertex 47.3645 27.8281 6
      vertex 47.35 28.05 1.9
      vertex 47.35 28.05 6
    endloop
  endfacet
  facet normal 0.997872 0.0652057 0
    outer loop
      vertex 47.35 28.05 1.9
      vertex 47.3645 27.8281 6
      vertex 47.3645 27.8281 1.9
    endloop
  endfacet
  facet normal -0.44253 0.896754 0
    outer loop
      vertex 49.9 26.5778 1.9
      vertex 49.7006 26.4794 6
      vertex 49.9 26.5778 6
    endloop
  endfacet
  facet normal -0.44253 0.896754 0
    outer loop
      vertex 49.7006 26.4794 6
      vertex 49.9 26.5778 1.9
      vertex 49.7006 26.4794 1.9
    endloop
  endfacet
  facet normal -0.659268 0.751908 0
    outer loop
      vertex 50.2521 26.8479 1.9
      vertex 50.0849 26.7013 6
      vertex 50.2521 26.8479 6
    endloop
  endfacet
  facet normal -0.659268 0.751908 0
    outer loop
      vertex 50.0849 26.7013 6
      vertex 50.2521 26.8479 1.9
      vertex 50.0849 26.7013 1.9
    endloop
  endfacet
  facet normal -0.98077 0.195165 0
    outer loop
      vertex 50.6921 27.61 1.9
      vertex 50.7355 27.8281 6
      vertex 50.7355 27.8281 1.9
    endloop
  endfacet
  facet normal -0.98077 0.195165 0
    outer loop
      vertex 50.7355 27.8281 6
      vertex 50.6921 27.61 1.9
      vertex 50.6921 27.61 6
    endloop
  endfacet
  facet normal -0.896754 0.44253 0
    outer loop
      vertex 50.5222 27.2 1.9
      vertex 50.6206 27.3994 6
      vertex 50.6206 27.3994 1.9
    endloop
  endfacet
  facet normal -0.896754 0.44253 0
    outer loop
      vertex 50.6206 27.3994 6
      vertex 50.5222 27.2 1.9
      vertex 50.5222 27.2 6
    endloop
  endfacet
  facet normal -0.0652057 0.997872 0
    outer loop
      vertex 49.2719 26.3645 1.9
      vertex 49.05 26.35 6
      vertex 49.2719 26.3645 6
    endloop
  endfacet
  facet normal -0.0652057 0.997872 0
    outer loop
      vertex 49.05 26.35 6
      vertex 49.2719 26.3645 1.9
      vertex 49.05 26.35 1.9
    endloop
  endfacet
  facet normal 0.751908 0.659268 0
    outer loop
      vertex 47.8479 26.8479 6
      vertex 47.7013 27.0151 1.9
      vertex 47.7013 27.0151 6
    endloop
  endfacet
  facet normal 0.751908 0.659268 0
    outer loop
      vertex 47.7013 27.0151 1.9
      vertex 47.8479 26.8479 6
      vertex 47.8479 26.8479 1.9
    endloop
  endfacet
  facet normal 0.896754 0.44253 0
    outer loop
      vertex 47.5778 27.2 6
      vertex 47.4794 27.3994 1.9
      vertex 47.4794 27.3994 6
    endloop
  endfacet
  facet normal 0.896754 0.44253 0
    outer loop
      vertex 47.4794 27.3994 1.9
      vertex 47.5778 27.2 6
      vertex 47.5778 27.2 1.9
    endloop
  endfacet
  facet normal -0.997872 0.0652057 0
    outer loop
      vertex 50.7355 27.8281 1.9
      vertex 50.75 28.05 6
      vertex 50.75 28.05 1.9
    endloop
  endfacet
  facet normal -0.997872 0.0652057 0
    outer loop
      vertex 50.75 28.05 6
      vertex 50.7355 27.8281 1.9
      vertex 50.7355 27.8281 6
    endloop
  endfacet
  facet normal -0.555692 -0.831388 0
    outer loop
      vertex 50.65 30.8213 0
      vertex 50.998 30.5887 1.9
      vertex 50.65 30.8213 1.9
    endloop
  endfacet
  facet normal -0.555692 -0.831388 -0
    outer loop
      vertex 50.998 30.5887 1.9
      vertex 50.65 30.8213 0
      vertex 50.998 30.5887 0
    endloop
  endfacet
  facet normal 0.98081 -0.194967 0
    outer loop
      vertex 45.8774 28.4677 1.9
      vertex 45.959 28.8782 0
      vertex 45.959 28.8782 1.9
    endloop
  endfacet
  facet normal 0.98081 -0.194967 0
    outer loop
      vertex 45.959 28.8782 0
      vertex 45.8774 28.4677 1.9
      vertex 45.8774 28.4677 0
    endloop
  endfacet
  facet normal -0.98081 0.194967 0
    outer loop
      vertex 52.141 27.2218 0
      vertex 52.2226 27.6323 1.9
      vertex 52.2226 27.6323 0
    endloop
  endfacet
  facet normal -0.98081 0.194967 0
    outer loop
      vertex 52.2226 27.6323 1.9
      vertex 52.141 27.2218 0
      vertex 52.141 27.2218 1.9
    endloop
  endfacet
  facet normal 0.194967 0.98081 -0
    outer loop
      vertex 48.6323 24.8774 0
      vertex 48.2218 24.959 1.9
      vertex 48.6323 24.8774 1.9
    endloop
  endfacet
  facet normal 0.194967 0.98081 0
    outer loop
      vertex 48.2218 24.959 1.9
      vertex 48.6323 24.8774 0
      vertex 48.2218 24.959 0
    endloop
  endfacet
  facet normal 0.442237 -0.896898 0
    outer loop
      vertex 47.45 30.8213 0
      vertex 47.8254 31.0064 1.9
      vertex 47.45 30.8213 1.9
    endloop
  endfacet
  facet normal 0.442237 -0.896898 0
    outer loop
      vertex 47.8254 31.0064 1.9
      vertex 47.45 30.8213 0
      vertex 47.8254 31.0064 0
    endloop
  endfacet
  facet normal 0.946901 -0.321526 0
    outer loop
      vertex 45.959 28.8782 1.9
      vertex 46.0936 29.2746 0
      vertex 46.0936 29.2746 1.9
    endloop
  endfacet
  facet normal 0.946901 -0.321526 0
    outer loop
      vertex 46.0936 29.2746 0
      vertex 45.959 28.8782 1.9
      vertex 45.959 28.8782 0
    endloop
  endfacet
  facet normal 0.321526 0.946901 -0
    outer loop
      vertex 48.2218 24.959 0
      vertex 47.8254 25.0936 1.9
      vertex 48.2218 24.959 1.9
    endloop
  endfacet
  facet normal 0.321526 0.946901 0
    outer loop
      vertex 47.8254 25.0936 1.9
      vertex 48.2218 24.959 0
      vertex 47.8254 25.0936 0
    endloop
  endfacet
  facet normal -0.896898 -0.442237 0
    outer loop
      vertex 52.0064 29.2746 0
      vertex 51.8213 29.65 1.9
      vertex 51.8213 29.65 0
    endloop
  endfacet
  facet normal -0.896898 -0.442237 0
    outer loop
      vertex 51.8213 29.65 1.9
      vertex 52.0064 29.2746 0
      vertex 52.0064 29.2746 1.9
    endloop
  endfacet
  facet normal -0.831388 -0.555692 0
    outer loop
      vertex 51.8213 29.65 0
      vertex 51.5887 29.998 1.9
      vertex 51.5887 29.998 0
    endloop
  endfacet
  facet normal -0.831388 -0.555692 0
    outer loop
      vertex 51.5887 29.998 1.9
      vertex 51.8213 29.65 0
      vertex 51.8213 29.65 1.9
    endloop
  endfacet
  facet normal -0.659367 -0.751821 0
    outer loop
      vertex 50.998 30.5887 0
      vertex 51.3127 30.3127 1.9
      vertex 50.998 30.5887 1.9
    endloop
  endfacet
  facet normal -0.659367 -0.751821 -0
    outer loop
      vertex 51.3127 30.3127 1.9
      vertex 50.998 30.5887 0
      vertex 51.3127 30.3127 0
    endloop
  endfacet
  facet normal -0.321526 -0.946901 0
    outer loop
      vertex 49.8782 31.141 0
      vertex 50.2746 31.0064 1.9
      vertex 49.8782 31.141 1.9
    endloop
  endfacet
  facet normal -0.321526 -0.946901 -0
    outer loop
      vertex 50.2746 31.0064 1.9
      vertex 49.8782 31.141 0
      vertex 50.2746 31.0064 0
    endloop
  endfacet
  facet normal 0.0654566 -0.997855 0
    outer loop
      vertex 48.6323 31.2226 0
      vertex 49.05 31.25 1.9
      vertex 48.6323 31.2226 1.9
    endloop
  endfacet
  facet normal 0.0654566 -0.997855 0
    outer loop
      vertex 49.05 31.25 1.9
      vertex 48.6323 31.2226 0
      vertex 49.05 31.25 0
    endloop
  endfacet
  facet normal 0.997855 -0.0654566 0
    outer loop
      vertex 45.85 28.05 1.9
      vertex 45.8774 28.4677 0
      vertex 45.8774 28.4677 1.9
    endloop
  endfacet
  facet normal 0.997855 -0.0654566 0
    outer loop
      vertex 45.8774 28.4677 0
      vertex 45.85 28.05 1.9
      vertex 45.85 28.05 0
    endloop
  endfacet
  facet normal 0.831388 -0.555692 0
    outer loop
      vertex 46.2787 29.65 1.9
      vertex 46.5113 29.998 0
      vertex 46.5113 29.998 1.9
    endloop
  endfacet
  facet normal 0.831388 -0.555692 0
    outer loop
      vertex 46.5113 29.998 0
      vertex 46.2787 29.65 1.9
      vertex 46.2787 29.65 0
    endloop
  endfacet
  facet normal 0.555692 -0.831388 0
    outer loop
      vertex 47.102 30.5887 0
      vertex 47.45 30.8213 1.9
      vertex 47.102 30.5887 1.9
    endloop
  endfacet
  facet normal 0.555692 -0.831388 0
    outer loop
      vertex 47.45 30.8213 1.9
      vertex 47.102 30.5887 0
      vertex 47.45 30.8213 0
    endloop
  endfacet
  facet normal 0.321526 -0.946901 0
    outer loop
      vertex 47.8254 31.0064 0
      vertex 48.2218 31.141 1.9
      vertex 47.8254 31.0064 1.9
    endloop
  endfacet
  facet normal 0.321526 -0.946901 0
    outer loop
      vertex 48.2218 31.141 1.9
      vertex 47.8254 31.0064 0
      vertex 48.2218 31.141 0
    endloop
  endfacet
  facet normal -0.997855 -0.0654566 0
    outer loop
      vertex 52.25 28.05 0
      vertex 52.2226 28.4677 1.9
      vertex 52.2226 28.4677 0
    endloop
  endfacet
  facet normal -0.997855 -0.0654566 0
    outer loop
      vertex 52.2226 28.4677 1.9
      vertex 52.25 28.05 0
      vertex 52.25 28.05 1.9
    endloop
  endfacet
  facet normal -0.946901 0.321526 0
    outer loop
      vertex 52.0064 26.8254 0
      vertex 52.141 27.2218 1.9
      vertex 52.141 27.2218 0
    endloop
  endfacet
  facet normal -0.946901 0.321526 0
    outer loop
      vertex 52.141 27.2218 1.9
      vertex 52.0064 26.8254 0
      vertex 52.0064 26.8254 1.9
    endloop
  endfacet
  facet normal -0.442237 0.896898 0
    outer loop
      vertex 50.65 25.2787 0
      vertex 50.2746 25.0936 1.9
      vertex 50.65 25.2787 1.9
    endloop
  endfacet
  facet normal -0.442237 0.896898 0
    outer loop
      vertex 50.2746 25.0936 1.9
      vertex 50.65 25.2787 0
      vertex 50.2746 25.0936 0
    endloop
  endfacet
  facet normal -0.555692 0.831388 0
    outer loop
      vertex 50.998 25.5113 0
      vertex 50.65 25.2787 1.9
      vertex 50.998 25.5113 1.9
    endloop
  endfacet
  facet normal -0.555692 0.831388 0
    outer loop
      vertex 50.65 25.2787 1.9
      vertex 50.998 25.5113 0
      vertex 50.65 25.2787 0
    endloop
  endfacet
  facet normal 0.0654566 0.997855 -0
    outer loop
      vertex 49.05 24.85 0
      vertex 48.6323 24.8774 1.9
      vertex 49.05 24.85 1.9
    endloop
  endfacet
  facet normal 0.0654566 0.997855 0
    outer loop
      vertex 48.6323 24.8774 1.9
      vertex 49.05 24.85 0
      vertex 48.6323 24.8774 0
    endloop
  endfacet
  facet normal 0.555692 0.831388 -0
    outer loop
      vertex 47.45 25.2787 0
      vertex 47.102 25.5113 1.9
      vertex 47.45 25.2787 1.9
    endloop
  endfacet
  facet normal 0.555692 0.831388 0
    outer loop
      vertex 47.102 25.5113 1.9
      vertex 47.45 25.2787 0
      vertex 47.102 25.5113 0
    endloop
  endfacet
  facet normal 0.831388 0.555692 0
    outer loop
      vertex 46.5113 26.102 1.9
      vertex 46.2787 26.45 0
      vertex 46.2787 26.45 1.9
    endloop
  endfacet
  facet normal 0.831388 0.555692 0
    outer loop
      vertex 46.2787 26.45 0
      vertex 46.5113 26.102 1.9
      vertex 46.5113 26.102 0
    endloop
  endfacet
  facet normal -0.98081 -0.194967 0
    outer loop
      vertex 52.2226 28.4677 0
      vertex 52.141 28.8782 1.9
      vertex 52.141 28.8782 0
    endloop
  endfacet
  facet normal -0.98081 -0.194967 0
    outer loop
      vertex 52.141 28.8782 1.9
      vertex 52.2226 28.4677 0
      vertex 52.2226 28.4677 1.9
    endloop
  endfacet
  facet normal -0.946901 -0.321526 0
    outer loop
      vertex 52.141 28.8782 0
      vertex 52.0064 29.2746 1.9
      vertex 52.0064 29.2746 0
    endloop
  endfacet
  facet normal -0.946901 -0.321526 0
    outer loop
      vertex 52.0064 29.2746 1.9
      vertex 52.141 28.8782 0
      vertex 52.141 28.8782 1.9
    endloop
  endfacet
  facet normal -0.751821 -0.659367 0
    outer loop
      vertex 51.5887 29.998 0
      vertex 51.3127 30.3127 1.9
      vertex 51.3127 30.3127 0
    endloop
  endfacet
  facet normal -0.751821 -0.659367 0
    outer loop
      vertex 51.3127 30.3127 1.9
      vertex 51.5887 29.998 0
      vertex 51.5887 29.998 1.9
    endloop
  endfacet
  facet normal -0.442237 -0.896898 0
    outer loop
      vertex 50.2746 31.0064 0
      vertex 50.65 30.8213 1.9
      vertex 50.2746 31.0064 1.9
    endloop
  endfacet
  facet normal -0.442237 -0.896898 -0
    outer loop
      vertex 50.65 30.8213 1.9
      vertex 50.2746 31.0064 0
      vertex 50.65 30.8213 0
    endloop
  endfacet
  facet normal -0.194967 -0.98081 0
    outer loop
      vertex 49.4677 31.2226 0
      vertex 49.8782 31.141 1.9
      vertex 49.4677 31.2226 1.9
    endloop
  endfacet
  facet normal -0.194967 -0.98081 -0
    outer loop
      vertex 49.8782 31.141 1.9
      vertex 49.4677 31.2226 0
      vertex 49.8782 31.141 0
    endloop
  endfacet
  facet normal -0.0654566 -0.997855 0
    outer loop
      vertex 49.05 31.25 0
      vertex 49.4677 31.2226 1.9
      vertex 49.05 31.25 1.9
    endloop
  endfacet
  facet normal -0.0654566 -0.997855 -0
    outer loop
      vertex 49.4677 31.2226 1.9
      vertex 49.05 31.25 0
      vertex 49.4677 31.2226 0
    endloop
  endfacet
  facet normal 0 0 -1
    outer loop
      vertex 50.75 28.05 1.9
      vertex 52.25 28.05 1.9
      vertex 52.2226 27.6323 1.9
    endloop
  endfacet
  facet normal 0 0 -1
    outer loop
      vertex 50.7355 27.8281 1.9
      vertex 52.2226 27.6323 1.9
      vertex 52.141 27.2218 1.9
    endloop
  endfacet
  facet normal 0 0 -1
    outer loop
      vertex 52.25 28.05 1.9
      vertex 50.75 28.05 1.9
      vertex 52.2226 28.4677 1.9
    endloop
  endfacet
  facet normal 0 0 -1
    outer loop
      vertex 50.6921 27.61 1.9
      vertex 52.141 27.2218 1.9
      vertex 52.0064 26.8254 1.9
    endloop
  endfacet
  facet normal 0 0 -1
    outer loop
      vertex 50.7355 28.2719 1.9
      vertex 52.2226 28.4677 1.9
      vertex 50.75 28.05 1.9
    endloop
  endfacet
  facet normal 0 0 -1
    outer loop
      vertex 50.6206 27.3994 1.9
      vertex 52.0064 26.8254 1.9
      vertex 51.8213 26.45 1.9
    endloop
  endfacet
  facet normal -0 0 -1
    outer loop
      vertex 52.2226 28.4677 1.9
      vertex 50.7355 28.2719 1.9
      vertex 52.141 28.8782 1.9
    endloop
  endfacet
  facet normal 0 0 -1
    outer loop
      vertex 50.5222 27.2 1.9
      vertex 51.8213 26.45 1.9
      vertex 51.5887 26.102 1.9
    endloop
  endfacet
  facet normal 0 0 -1
    outer loop
      vertex 50.6921 28.49 1.9
      vertex 52.141 28.8782 1.9
      vertex 50.7355 28.2719 1.9
    endloop
  endfacet
  facet normal 0 0 -1
    outer loop
      vertex 50.3987 27.0151 1.9
      vertex 51.5887 26.102 1.9
      vertex 51.3127 25.7873 1.9
    endloop
  endfacet
  facet normal -0 0 -1
    outer loop
      vertex 52.141 28.8782 1.9
      vertex 50.6921 28.49 1.9
      vertex 52.0064 29.2746 1.9
    endloop
  endfacet
  facet normal 0 0 -1
    outer loop
      vertex 50.2521 26.8479 1.9
      vertex 51.3127 25.7873 1.9
      vertex 50.998 25.5113 1.9
    endloop
  endfacet
  facet normal 0 0 -1
    outer loop
      vertex 50.6206 28.7006 1.9
      vertex 52.0064 29.2746 1.9
      vertex 50.6921 28.49 1.9
    endloop
  endfacet
  facet normal -0 0 -1
    outer loop
      vertex 52.0064 29.2746 1.9
      vertex 50.6206 28.7006 1.9
      vertex 51.8213 29.65 1.9
    endloop
  endfacet
  facet normal 0 0 -1
    outer loop
      vertex 52.2226 27.6323 1.9
      vertex 50.7355 27.8281 1.9
      vertex 50.75 28.05 1.9
    endloop
  endfacet
  facet normal 0 0 -1
    outer loop
      vertex 52.141 27.2218 1.9
      vertex 50.6921 27.61 1.9
      vertex 50.7355 27.8281 1.9
    endloop
  endfacet
  facet normal 0 0 -1
    outer loop
      vertex 50.0849 26.7013 1.9
      vertex 50.998 25.5113 1.9
      vertex 50.65 25.2787 1.9
    endloop
  endfacet
  facet normal 0 0 -1
    outer loop
      vertex 52.0064 26.8254 1.9
      vertex 50.6206 27.3994 1.9
      vertex 50.6921 27.61 1.9
    endloop
  endfacet
  facet normal 0 0 -1
    outer loop
      vertex 51.8213 26.45 1.9
      vertex 50.5222 27.2 1.9
      vertex 50.6206 27.3994 1.9
    endloop
  endfacet
  facet normal 0 0 -1
    outer loop
      vertex 51.5887 26.102 1.9
      vertex 50.3987 27.0151 1.9
      vertex 50.5222 27.2 1.9
    endloop
  endfacet
  facet normal 0 0 -1
    outer loop
      vertex 49.9 26.5778 1.9
      vertex 50.65 25.2787 1.9
      vertex 50.2746 25.0936 1.9
    endloop
  endfacet
  facet normal 0 0 -1
    outer loop
      vertex 51.3127 25.7873 1.9
      vertex 50.2521 26.8479 1.9
      vertex 50.3987 27.0151 1.9
    endloop
  endfacet
  facet normal 0 0 -1
    outer loop
      vertex 50.998 25.5113 1.9
      vertex 50.0849 26.7013 1.9
      vertex 50.2521 26.8479 1.9
    endloop
  endfacet
  facet normal 0 0 -1
    outer loop
      vertex 50.65 25.2787 1.9
      vertex 49.9 26.5778 1.9
      vertex 50.0849 26.7013 1.9
    endloop
  endfacet
  facet normal 0 0 -1
    outer loop
      vertex 49.7006 26.4794 1.9
      vertex 50.2746 25.0936 1.9
      vertex 49.8782 24.959 1.9
    endloop
  endfacet
  facet normal 0 0 -1
    outer loop
      vertex 50.2746 25.0936 1.9
      vertex 49.7006 26.4794 1.9
      vertex 49.9 26.5778 1.9
    endloop
  endfacet
  facet normal 0 0 -1
    outer loop
      vertex 49.8782 24.959 1.9
      vertex 49.49 26.4079 1.9
      vertex 49.7006 26.4794 1.9
    endloop
  endfacet
  facet normal 0 0 -1
    outer loop
      vertex 49.4677 24.8774 1.9
      vertex 49.49 26.4079 1.9
      vertex 49.8782 24.959 1.9
    endloop
  endfacet
  facet normal 0 0 -1
    outer loop
      vertex 49.4677 24.8774 1.9
      vertex 49.2719 26.3645 1.9
      vertex 49.49 26.4079 1.9
    endloop
  endfacet
  facet normal 0 0 -1
    outer loop
      vertex 49.05 24.85 1.9
      vertex 49.2719 26.3645 1.9
      vertex 49.4677 24.8774 1.9
    endloop
  endfacet
  facet normal 0 0 -1
    outer loop
      vertex 49.05 24.85 1.9
      vertex 49.05 26.35 1.9
      vertex 49.2719 26.3645 1.9
    endloop
  endfacet
  facet normal 0 0 -1
    outer loop
      vertex 49.05 24.85 1.9
      vertex 48.8281 26.3645 1.9
      vertex 49.05 26.35 1.9
    endloop
  endfacet
  facet normal 0 0 -1
    outer loop
      vertex 48.6323 24.8774 1.9
      vertex 48.8281 26.3645 1.9
      vertex 49.05 24.85 1.9
    endloop
  endfacet
  facet normal 0 0 -1
    outer loop
      vertex 48.6323 24.8774 1.9
      vertex 48.61 26.4079 1.9
      vertex 48.8281 26.3645 1.9
    endloop
  endfacet
  facet normal 0 0 -1
    outer loop
      vertex 48.2218 24.959 1.9
      vertex 48.61 26.4079 1.9
      vertex 48.6323 24.8774 1.9
    endloop
  endfacet
  facet normal -0 0 -1
    outer loop
      vertex 48.61 26.4079 1.9
      vertex 48.2218 24.959 1.9
      vertex 48.3994 26.4794 1.9
    endloop
  endfacet
  facet normal 0 0 -1
    outer loop
      vertex 47.8254 25.0936 1.9
      vertex 48.3994 26.4794 1.9
      vertex 48.2218 24.959 1.9
    endloop
  endfacet
  facet normal -0 0 -1
    outer loop
      vertex 48.3994 26.4794 1.9
      vertex 47.8254 25.0936 1.9
      vertex 48.2 26.5778 1.9
    endloop
  endfacet
  facet normal 0 0 -1
    outer loop
      vertex 47.45 25.2787 1.9
      vertex 48.2 26.5778 1.9
      vertex 47.8254 25.0936 1.9
    endloop
  endfacet
  facet normal -0 0 -1
    outer loop
      vertex 48.2 26.5778 1.9
      vertex 47.45 25.2787 1.9
      vertex 48.0151 26.7013 1.9
    endloop
  endfacet
  facet normal 0 0 -1
    outer loop
      vertex 47.102 25.5113 1.9
      vertex 48.0151 26.7013 1.9
      vertex 47.45 25.2787 1.9
    endloop
  endfacet
  facet normal -0 0 -1
    outer loop
      vertex 48.0151 26.7013 1.9
      vertex 47.102 25.5113 1.9
      vertex 47.8479 26.8479 1.9
    endloop
  endfacet
  facet normal 0 0 -1
    outer loop
      vertex 46.7873 25.7873 1.9
      vertex 47.8479 26.8479 1.9
      vertex 47.102 25.5113 1.9
    endloop
  endfacet
  facet normal -0 0 -1
    outer loop
      vertex 47.8479 26.8479 1.9
      vertex 46.7873 25.7873 1.9
      vertex 47.7013 27.0151 1.9
    endloop
  endfacet
  facet normal 0 0 -1
    outer loop
      vertex 46.5113 26.102 1.9
      vertex 47.7013 27.0151 1.9
      vertex 46.7873 25.7873 1.9
    endloop
  endfacet
  facet normal -0 0 -1
    outer loop
      vertex 47.7013 27.0151 1.9
      vertex 46.5113 26.102 1.9
      vertex 47.5778 27.2 1.9
    endloop
  endfacet
  facet normal 0 0 -1
    outer loop
      vertex 46.2787 26.45 1.9
      vertex 47.5778 27.2 1.9
      vertex 46.5113 26.102 1.9
    endloop
  endfacet
  facet normal -0 0 -1
    outer loop
      vertex 47.5778 27.2 1.9
      vertex 46.2787 26.45 1.9
      vertex 47.4794 27.3994 1.9
    endloop
  endfacet
  facet normal 0 0 -1
    outer loop
      vertex 50.5222 28.9 1.9
      vertex 51.8213 29.65 1.9
      vertex 50.6206 28.7006 1.9
    endloop
  endfacet
  facet normal -0 0 -1
    outer loop
      vertex 51.8213 29.65 1.9
      vertex 50.5222 28.9 1.9
      vertex 51.5887 29.998 1.9
    endloop
  endfacet
  facet normal 0 0 -1
    outer loop
      vertex 50.3987 29.0849 1.9
      vertex 51.5887 29.998 1.9
      vertex 50.5222 28.9 1.9
    endloop
  endfacet
  facet normal -0 0 -1
    outer loop
      vertex 51.5887 29.998 1.9
      vertex 50.3987 29.0849 1.9
      vertex 51.3127 30.3127 1.9
    endloop
  endfacet
  facet normal 0 0 -1
    outer loop
      vertex 50.2521 29.2521 1.9
      vertex 51.3127 30.3127 1.9
      vertex 50.3987 29.0849 1.9
    endloop
  endfacet
  facet normal -0 0 -1
    outer loop
      vertex 51.3127 30.3127 1.9
      vertex 50.2521 29.2521 1.9
      vertex 50.998 30.5887 1.9
    endloop
  endfacet
  facet normal 0 0 -1
    outer loop
      vertex 50.0849 29.3987 1.9
      vertex 50.998 30.5887 1.9
      vertex 50.2521 29.2521 1.9
    endloop
  endfacet
  facet normal -0 0 -1
    outer loop
      vertex 50.998 30.5887 1.9
      vertex 50.0849 29.3987 1.9
      vertex 50.65 30.8213 1.9
    endloop
  endfacet
  facet normal 0 0 -1
    outer loop
      vertex 49.9 29.5222 1.9
      vertex 50.65 30.8213 1.9
      vertex 50.0849 29.3987 1.9
    endloop
  endfacet
  facet normal -0 0 -1
    outer loop
      vertex 50.65 30.8213 1.9
      vertex 49.9 29.5222 1.9
      vertex 50.2746 31.0064 1.9
    endloop
  endfacet
  facet normal 0 0 -1
    outer loop
      vertex 49.7006 29.6206 1.9
      vertex 50.2746 31.0064 1.9
      vertex 49.9 29.5222 1.9
    endloop
  endfacet
  facet normal -0 0 -1
    outer loop
      vertex 50.2746 31.0064 1.9
      vertex 49.7006 29.6206 1.9
      vertex 49.8782 31.141 1.9
    endloop
  endfacet
  facet normal 0 0 -1
    outer loop
      vertex 49.49 29.6921 1.9
      vertex 49.8782 31.141 1.9
      vertex 49.7006 29.6206 1.9
    endloop
  endfacet
  facet normal 0 0 -1
    outer loop
      vertex 49.49 29.6921 1.9
      vertex 49.4677 31.2226 1.9
      vertex 49.8782 31.141 1.9
    endloop
  endfacet
  facet normal 0 0 -1
    outer loop
      vertex 49.2719 29.7355 1.9
      vertex 49.4677 31.2226 1.9
      vertex 49.49 29.6921 1.9
    endloop
  endfacet
  facet normal 0 0 -1
    outer loop
      vertex 49.05 29.75 1.9
      vertex 49.4677 31.2226 1.9
      vertex 49.2719 29.7355 1.9
    endloop
  endfacet
  facet normal 0 0 -1
    outer loop
      vertex 49.05 29.75 1.9
      vertex 49.05 31.25 1.9
      vertex 49.4677 31.2226 1.9
    endloop
  endfacet
  facet normal 0 0 -1
    outer loop
      vertex 48.8281 29.7355 1.9
      vertex 49.05 31.25 1.9
      vertex 49.05 29.75 1.9
    endloop
  endfacet
  facet normal 0 0 -1
    outer loop
      vertex 48.8281 29.7355 1.9
      vertex 48.6323 31.2226 1.9
      vertex 49.05 31.25 1.9
    endloop
  endfacet
  facet normal 0 0 -1
    outer loop
      vertex 48.61 29.6921 1.9
      vertex 48.6323 31.2226 1.9
      vertex 48.8281 29.7355 1.9
    endloop
  endfacet
  facet normal 0 0 -1
    outer loop
      vertex 48.2218 31.141 1.9
      vertex 48.61 29.6921 1.9
      vertex 48.3994 29.6206 1.9
    endloop
  endfacet
  facet normal 0 0 -1
    outer loop
      vertex 48.61 29.6921 1.9
      vertex 48.2218 31.141 1.9
      vertex 48.6323 31.2226 1.9
    endloop
  endfacet
  facet normal 0 0 -1
    outer loop
      vertex 47.8254 31.0064 1.9
      vertex 48.3994 29.6206 1.9
      vertex 48.2 29.5222 1.9
    endloop
  endfacet
  facet normal 0 0 -1
    outer loop
      vertex 47.45 30.8213 1.9
      vertex 48.2 29.5222 1.9
      vertex 48.0151 29.3987 1.9
    endloop
  endfacet
  facet normal 0 0 -1
    outer loop
      vertex 47.102 30.5887 1.9
      vertex 48.0151 29.3987 1.9
      vertex 47.8479 29.2521 1.9
    endloop
  endfacet
  facet normal 0 0 -1
    outer loop
      vertex 48.3994 29.6206 1.9
      vertex 47.8254 31.0064 1.9
      vertex 48.2218 31.141 1.9
    endloop
  endfacet
  facet normal 0 0 -1
    outer loop
      vertex 46.7873 30.3127 1.9
      vertex 47.8479 29.2521 1.9
      vertex 47.7013 29.0849 1.9
    endloop
  endfacet
  facet normal 0 0 -1
    outer loop
      vertex 46.5113 29.998 1.9
      vertex 47.7013 29.0849 1.9
      vertex 47.5778 28.9 1.9
    endloop
  endfacet
  facet normal 0 0 -1
    outer loop
      vertex 46.2787 29.65 1.9
      vertex 47.5778 28.9 1.9
      vertex 47.4794 28.7006 1.9
    endloop
  endfacet
  facet normal 0 0 -1
    outer loop
      vertex 48.2 29.5222 1.9
      vertex 47.45 30.8213 1.9
      vertex 47.8254 31.0064 1.9
    endloop
  endfacet
  facet normal 0 0 -1
    outer loop
      vertex 46.0936 29.2746 1.9
      vertex 47.4794 28.7006 1.9
      vertex 47.4079 28.49 1.9
    endloop
  endfacet
  facet normal 0 0 -1
    outer loop
      vertex 45.959 28.8782 1.9
      vertex 47.4079 28.49 1.9
      vertex 47.3645 28.2719 1.9
    endloop
  endfacet
  facet normal 0 0 -1
    outer loop
      vertex 45.8774 28.4677 1.9
      vertex 47.3645 28.2719 1.9
      vertex 47.35 28.05 1.9
    endloop
  endfacet
  facet normal 0 0 -1
    outer loop
      vertex 46.0936 26.8254 1.9
      vertex 47.4794 27.3994 1.9
      vertex 46.2787 26.45 1.9
    endloop
  endfacet
  facet normal 0 0 -1
    outer loop
      vertex 48.0151 29.3987 1.9
      vertex 47.102 30.5887 1.9
      vertex 47.45 30.8213 1.9
    endloop
  endfacet
  facet normal -0 0 -1
    outer loop
      vertex 47.4794 27.3994 1.9
      vertex 46.0936 26.8254 1.9
      vertex 47.4079 27.61 1.9
    endloop
  endfacet
  facet normal 0 0 -1
    outer loop
      vertex 47.8479 29.2521 1.9
      vertex 46.7873 30.3127 1.9
      vertex 47.102 30.5887 1.9
    endloop
  endfacet
  facet normal 0 0 -1
    outer loop
      vertex 45.959 27.2218 1.9
      vertex 47.4079 27.61 1.9
      vertex 46.0936 26.8254 1.9
    endloop
  endfacet
  facet normal 0 0 -1
    outer loop
      vertex 47.7013 29.0849 1.9
      vertex 46.5113 29.998 1.9
      vertex 46.7873 30.3127 1.9
    endloop
  endfacet
  facet normal -0 0 -1
    outer loop
      vertex 47.4079 27.61 1.9
      vertex 45.959 27.2218 1.9
      vertex 47.3645 27.8281 1.9
    endloop
  endfacet
  facet normal 0 0 -1
    outer loop
      vertex 47.5778 28.9 1.9
      vertex 46.2787 29.65 1.9
      vertex 46.5113 29.998 1.9
    endloop
  endfacet
  facet normal 0 0 -1
    outer loop
      vertex 45.8774 27.6323 1.9
      vertex 47.3645 27.8281 1.9
      vertex 45.959 27.2218 1.9
    endloop
  endfacet
  facet normal 0 0 -1
    outer loop
      vertex 47.4794 28.7006 1.9
      vertex 46.0936 29.2746 1.9
      vertex 46.2787 29.65 1.9
    endloop
  endfacet
  facet normal -0 0 -1
    outer loop
      vertex 47.3645 27.8281 1.9
      vertex 45.8774 27.6323 1.9
      vertex 47.35 28.05 1.9
    endloop
  endfacet
  facet normal 0 0 -1
    outer loop
      vertex 47.4079 28.49 1.9
      vertex 45.959 28.8782 1.9
      vertex 46.0936 29.2746 1.9
    endloop
  endfacet
  facet normal 0 0 -1
    outer loop
      vertex 45.85 28.05 1.9
      vertex 47.35 28.05 1.9
      vertex 45.8774 27.6323 1.9
    endloop
  endfacet
  facet normal 0 0 -1
    outer loop
      vertex 47.3645 28.2719 1.9
      vertex 45.8774 28.4677 1.9
      vertex 45.959 28.8782 1.9
    endloop
  endfacet
  facet normal 0 0 -1
    outer loop
      vertex 47.35 28.05 1.9
      vertex 45.85 28.05 1.9
      vertex 45.8774 28.4677 1.9
    endloop
  endfacet
  facet normal 0.896898 -0.442237 0
    outer loop
      vertex 46.0936 29.2746 1.9
      vertex 46.2787 29.65 0
      vertex 46.2787 29.65 1.9
    endloop
  endfacet
  facet normal 0.896898 -0.442237 0
    outer loop
      vertex 46.2787 29.65 0
      vertex 46.0936 29.2746 1.9
      vertex 46.0936 29.2746 0
    endloop
  endfacet
  facet normal 0.194967 -0.98081 0
    outer loop
      vertex 48.2218 31.141 0
      vertex 48.6323 31.2226 1.9
      vertex 48.2218 31.141 1.9
    endloop
  endfacet
  facet normal 0.194967 -0.98081 0
    outer loop
      vertex 48.6323 31.2226 1.9
      vertex 48.2218 31.141 0
      vertex 48.6323 31.2226 0
    endloop
  endfacet
  facet normal 0.659367 -0.751821 0
    outer loop
      vertex 46.7873 30.3127 0
      vertex 47.102 30.5887 1.9
      vertex 46.7873 30.3127 1.9
    endloop
  endfacet
  facet normal 0.659367 -0.751821 0
    outer loop
      vertex 47.102 30.5887 1.9
      vertex 46.7873 30.3127 0
      vertex 47.102 30.5887 0
    endloop
  endfacet
  facet normal 0.751821 -0.659367 0
    outer loop
      vertex 46.5113 29.998 1.9
      vertex 46.7873 30.3127 0
      vertex 46.7873 30.3127 1.9
    endloop
  endfacet
  facet normal 0.751821 -0.659367 0
    outer loop
      vertex 46.7873 30.3127 0
      vertex 46.5113 29.998 1.9
      vertex 46.5113 29.998 0
    endloop
  endfacet
  facet normal -0.997855 0.0654566 0
    outer loop
      vertex 52.2226 27.6323 0
      vertex 52.25 28.05 1.9
      vertex 52.25 28.05 0
    endloop
  endfacet
  facet normal -0.997855 0.0654566 0
    outer loop
      vertex 52.25 28.05 1.9
      vertex 52.2226 27.6323 0
      vertex 52.2226 27.6323 1.9
    endloop
  endfacet
  facet normal -0.194967 0.98081 0
    outer loop
      vertex 49.8782 24.959 0
      vertex 49.4677 24.8774 1.9
      vertex 49.8782 24.959 1.9
    endloop
  endfacet
  facet normal -0.194967 0.98081 0
    outer loop
      vertex 49.4677 24.8774 1.9
      vertex 49.8782 24.959 0
      vertex 49.4677 24.8774 0
    endloop
  endfacet
  facet normal -0.751821 0.659367 0
    outer loop
      vertex 51.3127 25.7873 0
      vertex 51.5887 26.102 1.9
      vertex 51.5887 26.102 0
    endloop
  endfacet
  facet normal -0.751821 0.659367 0
    outer loop
      vertex 51.5887 26.102 1.9
      vertex 51.3127 25.7873 0
      vertex 51.3127 25.7873 1.9
    endloop
  endfacet
  facet normal -0.659367 0.751821 0
    outer loop
      vertex 51.3127 25.7873 0
      vertex 50.998 25.5113 1.9
      vertex 51.3127 25.7873 1.9
    endloop
  endfacet
  facet normal -0.659367 0.751821 0
    outer loop
      vertex 50.998 25.5113 1.9
      vertex 51.3127 25.7873 0
      vertex 50.998 25.5113 0
    endloop
  endfacet
  facet normal -0.0654566 0.997855 0
    outer loop
      vertex 49.4677 24.8774 0
      vertex 49.05 24.85 1.9
      vertex 49.4677 24.8774 1.9
    endloop
  endfacet
  facet normal -0.0654566 0.997855 0
    outer loop
      vertex 49.05 24.85 1.9
      vertex 49.4677 24.8774 0
      vertex 49.05 24.85 0
    endloop
  endfacet
  facet normal 0.442237 0.896898 -0
    outer loop
      vertex 47.8254 25.0936 0
      vertex 47.45 25.2787 1.9
      vertex 47.8254 25.0936 1.9
    endloop
  endfacet
  facet normal 0.442237 0.896898 0
    outer loop
      vertex 47.45 25.2787 1.9
      vertex 47.8254 25.0936 0
      vertex 47.45 25.2787 0
    endloop
  endfacet
  facet normal 0.896898 0.442237 0
    outer loop
      vertex 46.2787 26.45 1.9
      vertex 46.0936 26.8254 0
      vertex 46.0936 26.8254 1.9
    endloop
  endfacet
  facet normal 0.896898 0.442237 0
    outer loop
      vertex 46.0936 26.8254 0
      vertex 46.2787 26.45 1.9
      vertex 46.2787 26.45 0
    endloop
  endfacet
  facet normal 0.98081 0.194967 0
    outer loop
      vertex 45.959 27.2218 1.9
      vertex 45.8774 27.6323 0
      vertex 45.8774 27.6323 1.9
    endloop
  endfacet
  facet normal 0.98081 0.194967 0
    outer loop
      vertex 45.8774 27.6323 0
      vertex 45.959 27.2218 1.9
      vertex 45.959 27.2218 0
    endloop
  endfacet
  facet normal 0.751821 0.659367 0
    outer loop
      vertex 46.7873 25.7873 1.9
      vertex 46.5113 26.102 0
      vertex 46.5113 26.102 1.9
    endloop
  endfacet
  facet normal 0.751821 0.659367 0
    outer loop
      vertex 46.5113 26.102 0
      vertex 46.7873 25.7873 1.9
      vertex 46.7873 25.7873 0
    endloop
  endfacet
  facet normal 0.659367 0.751821 -0
    outer loop
      vertex 47.102 25.5113 0
      vertex 46.7873 25.7873 1.9
      vertex 47.102 25.5113 1.9
    endloop
  endfacet
  facet normal 0.659367 0.751821 0
    outer loop
      vertex 46.7873 25.7873 1.9
      vertex 47.102 25.5113 0
      vertex 46.7873 25.7873 0
    endloop
  endfacet
  facet normal 0.997855 0.0654566 0
    outer loop
      vertex 45.8774 27.6323 1.9
      vertex 45.85 28.05 0
      vertex 45.85 28.05 1.9
    endloop
  endfacet
  facet normal 0.997855 0.0654566 0
    outer loop
      vertex 45.85 28.05 0
      vertex 45.8774 27.6323 1.9
      vertex 45.8774 27.6323 0
    endloop
  endfacet
  facet normal -0.896898 0.442237 0
    outer loop
      vertex 51.8213 26.45 0
      vertex 52.0064 26.8254 1.9
      vertex 52.0064 26.8254 0
    endloop
  endfacet
  facet normal -0.896898 0.442237 0
    outer loop
      vertex 52.0064 26.8254 1.9
      vertex 51.8213 26.45 0
      vertex 51.8213 26.45 1.9
    endloop
  endfacet
  facet normal -0.831388 0.555692 0
    outer loop
      vertex 51.5887 26.102 0
      vertex 51.8213 26.45 1.9
      vertex 51.8213 26.45 0
    endloop
  endfacet
  facet normal -0.831388 0.555692 0
    outer loop
      vertex 51.8213 26.45 1.9
      vertex 51.5887 26.102 0
      vertex 51.5887 26.102 1.9
    endloop
  endfacet
  facet normal -0.321526 0.946901 0
    outer loop
      vertex 50.2746 25.0936 0
      vertex 49.8782 24.959 1.9
      vertex 50.2746 25.0936 1.9
    endloop
  endfacet
  facet normal -0.321526 0.946901 0
    outer loop
      vertex 49.8782 24.959 1.9
      vertex 50.2746 25.0936 0
      vertex 49.8782 24.959 0
    endloop
  endfacet
  facet normal 0.946901 0.321526 0
    outer loop
      vertex 46.0936 26.8254 1.9
      vertex 45.959 27.2218 0
      vertex 45.959 27.2218 1.9
    endloop
  endfacet
  facet normal 0.946901 0.321526 0
    outer loop
      vertex 45.959 27.2218 0
      vertex 46.0936 26.8254 1.9
      vertex 46.0936 26.8254 0
    endloop
  endfacet
  facet normal -0.555551 -0.831483 0
    outer loop
      vertex -2.35 -1.92776 1.9
      vertex -2.1651 -2.0513 6
      vertex -2.35 -1.92776 6
    endloop
  endfacet
  facet normal -0.555551 -0.831483 -0
    outer loop
      vertex -2.1651 -2.0513 6
      vertex -2.35 -1.92776 1.9
      vertex -2.1651 -2.0513 1.9
    endloop
  endfacet
  facet normal -0.980779 0.195122 0
    outer loop
      vertex -1.55793 -3.83999 1.9
      vertex -1.51454 -3.62189 6
      vertex -1.51454 -3.62189 1.9
    endloop
  endfacet
  facet normal -0.980779 0.195122 0
    outer loop
      vertex -1.51454 -3.62189 6
      vertex -1.55793 -3.83999 1.9
      vertex -1.55793 -3.83999 6
    endloop
  endfacet
  facet normal 0.195122 0.980779 -0
    outer loop
      vertex -3.42189 -5.08546 1.9
      vertex -3.63999 -5.04207 6
      vertex -3.42189 -5.08546 6
    endloop
  endfacet
  facet normal 0.195122 0.980779 0
    outer loop
      vertex -3.63999 -5.04207 6
      vertex -3.42189 -5.08546 1.9
      vertex -3.63999 -5.04207 1.9
    endloop
  endfacet
  facet normal 0.442314 -0.89686 0
    outer loop
      vertex -4.05 -1.92776 1.9
      vertex -3.85056 -1.8294 6
      vertex -4.05 -1.92776 6
    endloop
  endfacet
  facet normal 0.442314 -0.89686 0
    outer loop
      vertex -3.85056 -1.8294 6
      vertex -4.05 -1.92776 1.9
      vertex -3.85056 -1.8294 1.9
    endloop
  endfacet
  facet normal 0.946929 -0.321444 0
    outer loop
      vertex -4.84207 -2.96001 6
      vertex -4.77059 -2.74944 1.9
      vertex -4.77059 -2.74944 6
    endloop
  endfacet
  facet normal 0.946929 -0.321444 0
    outer loop
      vertex -4.77059 -2.74944 1.9
      vertex -4.84207 -2.96001 6
      vertex -4.84207 -2.96001 1.9
    endloop
  endfacet
  facet normal -0.751844 0.659342 0
    outer loop
      vertex -1.99792 -4.60208 1.9
      vertex -1.8513 -4.43489 6
      vertex -1.8513 -4.43489 1.9
    endloop
  endfacet
  facet normal -0.751844 0.659342 0
    outer loop
      vertex -1.8513 -4.43489 6
      vertex -1.99792 -4.60208 1.9
      vertex -1.99792 -4.60208 6
    endloop
  endfacet
  facet normal 0.321444 0.946929 -0
    outer loop
      vertex -3.63999 -5.04207 1.9
      vertex -3.85056 -4.97059 6
      vertex -3.63999 -5.04207 6
    endloop
  endfacet
  facet normal 0.321444 0.946929 0
    outer loop
      vertex -3.85056 -4.97059 6
      vertex -3.63999 -5.04207 1.9
      vertex -3.85056 -4.97059 1.9
    endloop
  endfacet
  facet normal -0.89686 -0.442314 0
    outer loop
      vertex -1.6294 -2.74944 1.9
      vertex -1.72776 -2.55 6
      vertex -1.72776 -2.55 1.9
    endloop
  endfacet
  facet normal -0.89686 -0.442314 0
    outer loop
      vertex -1.72776 -2.55 6
      vertex -1.6294 -2.74944 1.9
      vertex -1.6294 -2.74944 6
    endloop
  endfacet
  facet normal -0.980779 -0.195122 0
    outer loop
      vertex -1.51454 -3.17811 1.9
      vertex -1.55793 -2.96001 6
      vertex -1.55793 -2.96001 1.9
    endloop
  endfacet
  facet normal -0.980779 -0.195122 0
    outer loop
      vertex -1.55793 -2.96001 6
      vertex -1.51454 -3.17811 1.9
      vertex -1.51454 -3.17811 6
    endloop
  endfacet
  facet normal -0.831483 -0.555551 0
    outer loop
      vertex -1.72776 -2.55 1.9
      vertex -1.8513 -2.3651 6
      vertex -1.8513 -2.3651 1.9
    endloop
  endfacet
  facet normal -0.831483 -0.555551 0
    outer loop
      vertex -1.8513 -2.3651 6
      vertex -1.72776 -2.55 1.9
      vertex -1.72776 -2.55 6
    endloop
  endfacet
  facet normal -0.659364 -0.751824 0
    outer loop
      vertex -2.1651 -2.0513 1.9
      vertex -1.99792 -2.19792 6
      vertex -2.1651 -2.0513 6
    endloop
  endfacet
  facet normal -0.659364 -0.751824 -0
    outer loop
      vertex -1.99792 -2.19792 6
      vertex -2.1651 -2.0513 1.9
      vertex -1.99792 -2.19792 1.9
    endloop
  endfacet
  facet normal -0.321404 -0.946942 0
    outer loop
      vertex -2.76001 -1.75793 1.9
      vertex -2.54944 -1.8294 6
      vertex -2.76001 -1.75793 6
    endloop
  endfacet
  facet normal -0.321404 -0.946942 -0
    outer loop
      vertex -2.54944 -1.8294 6
      vertex -2.76001 -1.75793 1.9
      vertex -2.54944 -1.8294 1.9
    endloop
  endfacet
  facet normal -0.0653848 -0.99786 0
    outer loop
      vertex -3.2 -1.7 1.9
      vertex -2.9781 -1.71454 6
      vertex -3.2 -1.7 6
    endloop
  endfacet
  facet normal -0.0653848 -0.99786 -0
    outer loop
      vertex -2.9781 -1.71454 6
      vertex -3.2 -1.7 1.9
      vertex -2.9781 -1.71454 1.9
    endloop
  endfacet
  facet normal 0.99786 -0.0653877 0
    outer loop
      vertex -4.9 -3.4 6
      vertex -4.88546 -3.17811 1.9
      vertex -4.88546 -3.17811 6
    endloop
  endfacet
  facet normal 0.99786 -0.0653877 0
    outer loop
      vertex -4.88546 -3.17811 1.9
      vertex -4.9 -3.4 6
      vertex -4.9 -3.4 1.9
    endloop
  endfacet
  facet normal 0.831483 -0.555551 0
    outer loop
      vertex -4.67224 -2.55 6
      vertex -4.5487 -2.3651 1.9
      vertex -4.5487 -2.3651 6
    endloop
  endfacet
  facet normal 0.831483 -0.555551 0
    outer loop
      vertex -4.5487 -2.3651 1.9
      vertex -4.67224 -2.55 6
      vertex -4.67224 -2.55 1.9
    endloop
  endfacet
  facet normal 0.321404 -0.946942 0
    outer loop
      vertex -3.85056 -1.8294 1.9
      vertex -3.63999 -1.75793 6
      vertex -3.85056 -1.8294 6
    endloop
  endfacet
  facet normal 0.321404 -0.946942 0
    outer loop
      vertex -3.63999 -1.75793 6
      vertex -3.85056 -1.8294 1.9
      vertex -3.63999 -1.75793 1.9
    endloop
  endfacet
  facet normal 0.751824 -0.659364 0
    outer loop
      vertex -4.5487 -2.3651 6
      vertex -4.40208 -2.19792 1.9
      vertex -4.40208 -2.19792 6
    endloop
  endfacet
  facet normal 0.751824 -0.659364 0
    outer loop
      vertex -4.40208 -2.19792 1.9
      vertex -4.5487 -2.3651 6
      vertex -4.5487 -2.3651 1.9
    endloop
  endfacet
  facet normal -0.99786 -0.0653877 0
    outer loop
      vertex -1.5 -3.4 1.9
      vertex -1.51454 -3.17811 6
      vertex -1.51454 -3.17811 1.9
    endloop
  endfacet
  facet normal -0.99786 -0.0653877 0
    outer loop
      vertex -1.51454 -3.17811 6
      vertex -1.5 -3.4 1.9
      vertex -1.5 -3.4 6
    endloop
  endfacet
  facet normal -0.19513 0.980777 0
    outer loop
      vertex -2.76001 -5.04207 1.9
      vertex -2.9781 -5.08546 6
      vertex -2.76001 -5.04207 6
    endloop
  endfacet
  facet normal -0.19513 0.980777 0
    outer loop
      vertex -2.9781 -5.08546 6
      vertex -2.76001 -5.04207 1.9
      vertex -2.9781 -5.08546 1.9
    endloop
  endfacet
  facet normal -0.946942 0.321404 0
    outer loop
      vertex -1.6294 -4.05056 1.9
      vertex -1.55793 -3.83999 6
      vertex -1.55793 -3.83999 1.9
    endloop
  endfacet
  facet normal -0.946942 0.321404 0
    outer loop
      vertex -1.55793 -3.83999 6
      vertex -1.6294 -4.05056 1.9
      vertex -1.6294 -4.05056 6
    endloop
  endfacet
  facet normal 0.0653877 0.99786 -0
    outer loop
      vertex -3.2 -5.1 1.9
      vertex -3.42189 -5.08546 6
      vertex -3.2 -5.1 6
    endloop
  endfacet
  facet normal 0.0653877 0.99786 0
    outer loop
      vertex -3.42189 -5.08546 6
      vertex -3.2 -5.1 1.9
      vertex -3.42189 -5.08546 1.9
    endloop
  endfacet
  facet normal 0.555572 0.831469 -0
    outer loop
      vertex -4.05 -4.87224 1.9
      vertex -4.23489 -4.7487 6
      vertex -4.05 -4.87224 6
    endloop
  endfacet
  facet normal 0.555572 0.831469 0
    outer loop
      vertex -4.23489 -4.7487 6
      vertex -4.05 -4.87224 1.9
      vertex -4.23489 -4.7487 1.9
    endloop
  endfacet
  facet normal 0.980779 0.195122 0
    outer loop
      vertex -4.84207 -3.83999 6
      vertex -4.88546 -3.62189 1.9
      vertex -4.88546 -3.62189 6
    endloop
  endfacet
  facet normal 0.980779 0.195122 0
    outer loop
      vertex -4.88546 -3.62189 1.9
      vertex -4.84207 -3.83999 6
      vertex -4.84207 -3.83999 1.9
    endloop
  endfacet
  facet normal 0.659342 0.751844 -0
    outer loop
      vertex -4.23489 -4.7487 1.9
      vertex -4.40208 -4.60208 6
      vertex -4.23489 -4.7487 6
    endloop
  endfacet
  facet normal 0.659342 0.751844 0
    outer loop
      vertex -4.40208 -4.60208 6
      vertex -4.23489 -4.7487 1.9
      vertex -4.40208 -4.60208 1.9
    endloop
  endfacet
  facet normal -0.946942 -0.321404 0
    outer loop
      vertex -1.55793 -2.96001 1.9
      vertex -1.6294 -2.74944 6
      vertex -1.6294 -2.74944 1.9
    endloop
  endfacet
  facet normal -0.946942 -0.321404 0
    outer loop
      vertex -1.6294 -2.74944 6
      vertex -1.55793 -2.96001 1.9
      vertex -1.55793 -2.96001 6
    endloop
  endfacet
  facet normal -0.751824 -0.659364 0
    outer loop
      vertex -1.8513 -2.3651 1.9
      vertex -1.99792 -2.19792 6
      vertex -1.99792 -2.19792 1.9
    endloop
  endfacet
  facet normal -0.751824 -0.659364 0
    outer loop
      vertex -1.99792 -2.19792 6
      vertex -1.8513 -2.3651 1.9
      vertex -1.8513 -2.3651 6
    endloop
  endfacet
  facet normal -0.442314 -0.89686 0
    outer loop
      vertex -2.54944 -1.8294 1.9
      vertex -2.35 -1.92776 6
      vertex -2.54944 -1.8294 6
    endloop
  endfacet
  facet normal -0.442314 -0.89686 -0
    outer loop
      vertex -2.35 -1.92776 6
      vertex -2.54944 -1.8294 1.9
      vertex -2.35 -1.92776 1.9
    endloop
  endfacet
  facet normal 0.0653877 -0.99786 0
    outer loop
      vertex -3.42189 -1.71454 1.9
      vertex -3.2 -1.7 6
      vertex -3.42189 -1.71454 6
    endloop
  endfacet
  facet normal 0.0653877 -0.99786 0
    outer loop
      vertex -3.2 -1.7 6
      vertex -3.42189 -1.71454 1.9
      vertex -3.2 -1.7 1.9
    endloop
  endfacet
  facet normal -0.19513 -0.980777 0
    outer loop
      vertex -2.9781 -1.71454 1.9
      vertex -2.76001 -1.75793 6
      vertex -2.9781 -1.71454 6
    endloop
  endfacet
  facet normal -0.19513 -0.980777 -0
    outer loop
      vertex -2.76001 -1.75793 6
      vertex -2.9781 -1.71454 1.9
      vertex -2.76001 -1.75793 1.9
    endloop
  endfacet
  facet normal 0.99786 0.0653877 0
    outer loop
      vertex -4.88546 -3.62189 6
      vertex -4.9 -3.4 1.9
      vertex -4.9 -3.4 6
    endloop
  endfacet
  facet normal 0.99786 0.0653877 0
    outer loop
      vertex -4.9 -3.4 1.9
      vertex -4.88546 -3.62189 6
      vertex -4.88546 -3.62189 1.9
    endloop
  endfacet
  facet normal 0.980779 -0.195122 0
    outer loop
      vertex -4.88546 -3.17811 6
      vertex -4.84207 -2.96001 1.9
      vertex -4.84207 -2.96001 6
    endloop
  endfacet
  facet normal 0.980779 -0.195122 0
    outer loop
      vertex -4.84207 -2.96001 1.9
      vertex -4.88546 -3.17811 6
      vertex -4.88546 -3.17811 1.9
    endloop
  endfacet
  facet normal 0.896878 -0.442278 0
    outer loop
      vertex -4.77059 -2.74944 6
      vertex -4.67224 -2.55 1.9
      vertex -4.67224 -2.55 6
    endloop
  endfacet
  facet normal 0.896878 -0.442278 0
    outer loop
      vertex -4.67224 -2.55 1.9
      vertex -4.77059 -2.74944 6
      vertex -4.77059 -2.74944 1.9
    endloop
  endfacet
  facet normal 0.195122 -0.980779 0
    outer loop
      vertex -3.63999 -1.75793 1.9
      vertex -3.42189 -1.71454 6
      vertex -3.63999 -1.75793 6
    endloop
  endfacet
  facet normal 0.195122 -0.980779 0
    outer loop
      vertex -3.42189 -1.71454 6
      vertex -3.63999 -1.75793 1.9
      vertex -3.42189 -1.71454 1.9
    endloop
  endfacet
  facet normal 0.659342 -0.751844 0
    outer loop
      vertex -4.40208 -2.19792 1.9
      vertex -4.23489 -2.0513 6
      vertex -4.40208 -2.19792 6
    endloop
  endfacet
  facet normal 0.659342 -0.751844 0
    outer loop
      vertex -4.23489 -2.0513 6
      vertex -4.40208 -2.19792 1.9
      vertex -4.23489 -2.0513 1.9
    endloop
  endfacet
  facet normal 0.555572 -0.831469 0
    outer loop
      vertex -4.23489 -2.0513 1.9
      vertex -4.05 -1.92776 6
      vertex -4.23489 -2.0513 6
    endloop
  endfacet
  facet normal 0.555572 -0.831469 0
    outer loop
      vertex -4.05 -1.92776 6
      vertex -4.23489 -2.0513 1.9
      vertex -4.05 -1.92776 1.9
    endloop
  endfacet
  facet normal -0.99786 0.0653877 0
    outer loop
      vertex -1.51454 -3.62189 1.9
      vertex -1.5 -3.4 6
      vertex -1.5 -3.4 1.9
    endloop
  endfacet
  facet normal -0.99786 0.0653877 0
    outer loop
      vertex -1.5 -3.4 6
      vertex -1.51454 -3.62189 1.9
      vertex -1.51454 -3.62189 6
    endloop
  endfacet
  facet normal -0.831469 0.555572 0
    outer loop
      vertex -1.8513 -4.43489 1.9
      vertex -1.72776 -4.25 6
      vertex -1.72776 -4.25 1.9
    endloop
  endfacet
  facet normal -0.831469 0.555572 0
    outer loop
      vertex -1.72776 -4.25 6
      vertex -1.8513 -4.43489 1.9
      vertex -1.8513 -4.43489 6
    endloop
  endfacet
  facet normal -0.89686 0.442314 0
    outer loop
      vertex -1.72776 -4.25 1.9
      vertex -1.6294 -4.05056 6
      vertex -1.6294 -4.05056 1.9
    endloop
  endfacet
  facet normal -0.89686 0.442314 0
    outer loop
      vertex -1.6294 -4.05056 6
      vertex -1.72776 -4.25 1.9
      vertex -1.72776 -4.25 6
    endloop
  endfacet
  facet normal -0.321444 0.946929 0
    outer loop
      vertex -2.54944 -4.97059 1.9
      vertex -2.76001 -5.04207 6
      vertex -2.54944 -4.97059 6
    endloop
  endfacet
  facet normal -0.321444 0.946929 0
    outer loop
      vertex -2.76001 -5.04207 6
      vertex -2.54944 -4.97059 1.9
      vertex -2.76001 -5.04207 1.9
    endloop
  endfacet
  facet normal -0.555551 0.831483 0
    outer loop
      vertex -2.1651 -4.7487 1.9
      vertex -2.35 -4.87224 6
      vertex -2.1651 -4.7487 6
    endloop
  endfacet
  facet normal -0.555551 0.831483 0
    outer loop
      vertex -2.35 -4.87224 6
      vertex -2.1651 -4.7487 1.9
      vertex -2.35 -4.87224 1.9
    endloop
  endfacet
  facet normal -0.0653848 0.99786 0
    outer loop
      vertex -2.9781 -5.08546 1.9
      vertex -3.2 -5.1 6
      vertex -2.9781 -5.08546 6
    endloop
  endfacet
  facet normal -0.0653848 0.99786 0
    outer loop
      vertex -3.2 -5.1 6
      vertex -2.9781 -5.08546 1.9
      vertex -3.2 -5.1 1.9
    endloop
  endfacet
  facet normal 0.442278 0.896878 -0
    outer loop
      vertex -3.85056 -4.97059 1.9
      vertex -4.05 -4.87224 6
      vertex -3.85056 -4.97059 6
    endloop
  endfacet
  facet normal 0.442278 0.896878 0
    outer loop
      vertex -4.05 -4.87224 6
      vertex -3.85056 -4.97059 1.9
      vertex -4.05 -4.87224 1.9
    endloop
  endfacet
  facet normal 0.946929 0.321444 0
    outer loop
      vertex -4.77059 -4.05056 6
      vertex -4.84207 -3.83999 1.9
      vertex -4.84207 -3.83999 6
    endloop
  endfacet
  facet normal 0.946929 0.321444 0
    outer loop
      vertex -4.84207 -3.83999 1.9
      vertex -4.77059 -4.05056 6
      vertex -4.77059 -4.05056 1.9
    endloop
  endfacet
  facet normal 0.831469 0.555572 0
    outer loop
      vertex -4.5487 -4.43489 6
      vertex -4.67224 -4.25 1.9
      vertex -4.67224 -4.25 6
    endloop
  endfacet
  facet normal 0.831469 0.555572 0
    outer loop
      vertex -4.67224 -4.25 1.9
      vertex -4.5487 -4.43489 6
      vertex -4.5487 -4.43489 1.9
    endloop
  endfacet
  facet normal -0.442278 0.896878 0
    outer loop
      vertex -2.35 -4.87224 1.9
      vertex -2.54944 -4.97059 6
      vertex -2.35 -4.87224 6
    endloop
  endfacet
  facet normal -0.442278 0.896878 0
    outer loop
      vertex -2.54944 -4.97059 6
      vertex -2.35 -4.87224 1.9
      vertex -2.54944 -4.97059 1.9
    endloop
  endfacet
  facet normal -0.659364 0.751824 0
    outer loop
      vertex -1.99792 -4.60208 1.9
      vertex -2.1651 -4.7487 6
      vertex -1.99792 -4.60208 6
    endloop
  endfacet
  facet normal -0.659364 0.751824 0
    outer loop
      vertex -2.1651 -4.7487 6
      vertex -1.99792 -4.60208 1.9
      vertex -2.1651 -4.7487 1.9
    endloop
  endfacet
  facet normal 0.896878 0.442278 0
    outer loop
      vertex -4.67224 -4.25 6
      vertex -4.77059 -4.05056 1.9
      vertex -4.77059 -4.05056 6
    endloop
  endfacet
  facet normal 0.896878 0.442278 0
    outer loop
      vertex -4.77059 -4.05056 1.9
      vertex -4.67224 -4.25 6
      vertex -4.67224 -4.25 1.9
    endloop
  endfacet
  facet normal 0.751844 0.659342 0
    outer loop
      vertex -4.40208 -4.60208 6
      vertex -4.5487 -4.43489 1.9
      vertex -4.5487 -4.43489 6
    endloop
  endfacet
  facet normal 0.751844 0.659342 0
    outer loop
      vertex -4.5487 -4.43489 1.9
      vertex -4.40208 -4.60208 6
      vertex -4.40208 -4.60208 1.9
    endloop
  endfacet
  facet normal -0.831473 -0.555565 0
    outer loop
      vertex -0.428719 -1.8 0
      vertex -0.661269 -1.45196 1.9
      vertex -0.661269 -1.45196 0
    endloop
  endfacet
  facet normal -0.831473 -0.555565 0
    outer loop
      vertex -0.661269 -1.45196 1.9
      vertex -0.428719 -1.8 0
      vertex -0.428719 -1.8 1.9
    endloop
  endfacet
  facet normal -0.321436 -0.946931 0
    outer loop
      vertex -2.37178 -0.309037 0
      vertex -1.97541 -0.443585 1.9
      vertex -2.37178 -0.309037 1.9
    endloop
  endfacet
  facet normal -0.321436 -0.946931 -0
    outer loop
      vertex -1.97541 -0.443585 1.9
      vertex -2.37178 -0.309037 0
      vertex -1.97541 -0.443585 0
    endloop
  endfacet
  facet normal 0.442291 -0.896872 0
    outer loop
      vertex -4.8 -0.628718 0
      vertex -4.42459 -0.443585 1.9
      vertex -4.8 -0.628718 1.9
    endloop
  endfacet
  facet normal 0.442291 -0.896872 0
    outer loop
      vertex -4.42459 -0.443585 1.9
      vertex -4.8 -0.628718 0
      vertex -4.42459 -0.443585 0
    endloop
  endfacet
  facet normal 0.896874 -0.442285 0
    outer loop
      vertex -6.15641 -2.17541 1.9
      vertex -5.97128 -1.8 0
      vertex -5.97128 -1.8 1.9
    endloop
  endfacet
  facet normal 0.896874 -0.442285 0
    outer loop
      vertex -5.97128 -1.8 0
      vertex -6.15641 -2.17541 1.9
      vertex -6.15641 -2.17541 0
    endloop
  endfacet
  facet normal -0.980786 -0.195086 0
    outer loop
      vertex -0.0273762 -2.98232 0
      vertex -0.109036 -2.57178 1.9
      vertex -0.109036 -2.57178 0
    endloop
  endfacet
  facet normal -0.980786 -0.195086 0
    outer loop
      vertex -0.109036 -2.57178 1.9
      vertex -0.0273762 -2.98232 0
      vertex -0.0273762 -2.98232 1.9
    endloop
  endfacet
  facet normal -0.659352 -0.751834 0
    outer loop
      vertex -1.25196 -0.861269 0
      vertex -0.937258 -1.13726 1.9
      vertex -1.25196 -0.861269 1.9
    endloop
  endfacet
  facet normal -0.659352 -0.751834 -0
    outer loop
      vertex -0.937258 -1.13726 1.9
      vertex -1.25196 -0.861269 0
      vertex -0.937258 -1.13726 0
    endloop
  endfacet
  facet normal -0.0654027 -0.997859 0
    outer loop
      vertex -3.2 -0.2 0
      vertex -2.78232 -0.227376 1.9
      vertex -3.2 -0.2 1.9
    endloop
  endfacet
  facet normal -0.0654027 -0.997859 -0
    outer loop
      vertex -2.78232 -0.227376 1.9
      vertex -3.2 -0.2 0
      vertex -2.78232 -0.227376 0
    endloop
  endfacet
  facet normal -0.555567 -0.831472 0
    outer loop
      vertex -1.6 -0.628718 0
      vertex -1.25196 -0.861269 1.9
      vertex -1.6 -0.628718 1.9
    endloop
  endfacet
  facet normal -0.555567 -0.831472 -0
    outer loop
      vertex -1.25196 -0.861269 1.9
      vertex -1.6 -0.628718 0
      vertex -1.25196 -0.861269 0
    endloop
  endfacet
  facet normal 0.997858 -0.0654122 0
    outer loop
      vertex -6.4 -3.4 1.9
      vertex -6.37262 -2.98232 0
      vertex -6.37262 -2.98232 1.9
    endloop
  endfacet
  facet normal 0.997858 -0.0654122 0
    outer loop
      vertex -6.37262 -2.98232 0
      vertex -6.4 -3.4 1.9
      vertex -6.4 -3.4 0
    endloop
  endfacet
  facet normal 0.751833 -0.659353 0
    outer loop
      vertex -5.73873 -1.45196 1.9
      vertex -5.46274 -1.13726 0
      vertex -5.46274 -1.13726 1.9
    endloop
  endfacet
  facet normal 0.751833 -0.659353 0
    outer loop
      vertex -5.46274 -1.13726 0
      vertex -5.73873 -1.45196 1.9
      vertex -5.73873 -1.45196 0
    endloop
  endfacet
  facet normal 0.555567 -0.831472 0
    outer loop
      vertex -5.14804 -0.861269 0
      vertex -4.8 -0.628718 1.9
      vertex -5.14804 -0.861269 1.9
    endloop
  endfacet
  facet normal 0.555567 -0.831472 0
    outer loop
      vertex -4.8 -0.628718 1.9
      vertex -5.14804 -0.861269 0
      vertex -4.8 -0.628718 0
    endloop
  endfacet
  facet normal 0.321436 -0.946931 0
    outer loop
      vertex -4.42459 -0.443585 0
      vertex -4.02822 -0.309037 1.9
      vertex -4.42459 -0.443585 1.9
    endloop
  endfacet
  facet normal 0.321436 -0.946931 0
    outer loop
      vertex -4.02822 -0.309037 1.9
      vertex -4.42459 -0.443585 0
      vertex -4.02822 -0.309037 0
    endloop
  endfacet
  facet normal 0.659355 -0.751832 0
    outer loop
      vertex -5.46274 -1.13726 0
      vertex -5.14804 -0.861269 1.9
      vertex -5.46274 -1.13726 1.9
    endloop
  endfacet
  facet normal 0.659355 -0.751832 0
    outer loop
      vertex -5.14804 -0.861269 1.9
      vertex -5.46274 -1.13726 0
      vertex -5.14804 -0.861269 0
    endloop
  endfacet
  facet normal -0.555565 0.831473 0
    outer loop
      vertex -1.25196 -5.93873 0
      vertex -1.6 -6.17128 1.9
      vertex -1.25196 -5.93873 1.9
    endloop
  endfacet
  facet normal -0.555565 0.831473 0
    outer loop
      vertex -1.6 -6.17128 1.9
      vertex -1.25196 -5.93873 0
      vertex -1.6 -6.17128 0
    endloop
  endfacet
  facet normal 0.659353 0.751833 -0
    outer loop
      vertex -5.14804 -5.93873 0
      vertex -5.46274 -5.66274 1.9
      vertex -5.14804 -5.93873 1.9
    endloop
  endfacet
  facet normal 0.659353 0.751833 0
    outer loop
      vertex -5.46274 -5.66274 1.9
      vertex -5.14804 -5.93873 0
      vertex -5.46274 -5.66274 0
    endloop
  endfacet
  facet normal 0.896874 0.442285 0
    outer loop
      vertex -5.97128 -5 1.9
      vertex -6.15641 -4.62459 0
      vertex -6.15641 -4.62459 1.9
    endloop
  endfacet
  facet normal 0.896874 0.442285 0
    outer loop
      vertex -6.15641 -4.62459 0
      vertex -5.97128 -5 1.9
      vertex -5.97128 -5 0
    endloop
  endfacet
  facet normal -0.751834 -0.659352 0
    outer loop
      vertex -0.661269 -1.45196 0
      vertex -0.937258 -1.13726 1.9
      vertex -0.937258 -1.13726 0
    endloop
  endfacet
  facet normal -0.751834 -0.659352 0
    outer loop
      vertex -0.937258 -1.13726 1.9
      vertex -0.661269 -1.45196 0
      vertex -0.661269 -1.45196 1.9
    endloop
  endfacet
  facet normal 0.0654027 -0.997859 0
    outer loop
      vertex -3.61768 -0.227376 0
      vertex -3.2 -0.2 1.9
      vertex -3.61768 -0.227376 1.9
    endloop
  endfacet
  facet normal 0.0654027 -0.997859 0
    outer loop
      vertex -3.2 -0.2 1.9
      vertex -3.61768 -0.227376 0
      vertex -3.2 -0.2 0
    endloop
  endfacet
  facet normal -0.195089 -0.980786 0
    outer loop
      vertex -2.78232 -0.227376 0
      vertex -2.37178 -0.309037 1.9
      vertex -2.78232 -0.227376 1.9
    endloop
  endfacet
  facet normal -0.195089 -0.980786 -0
    outer loop
      vertex -2.37178 -0.309037 1.9
      vertex -2.78232 -0.227376 0
      vertex -2.37178 -0.309037 0
    endloop
  endfacet
  facet normal -0.442291 -0.896872 0
    outer loop
      vertex -1.97541 -0.443585 0
      vertex -1.6 -0.628718 1.9
      vertex -1.97541 -0.443585 1.9
    endloop
  endfacet
  facet normal -0.442291 -0.896872 -0
    outer loop
      vertex -1.6 -0.628718 1.9
      vertex -1.97541 -0.443585 0
      vertex -1.6 -0.628718 0
    endloop
  endfacet
  facet normal 0 0 -1
    outer loop
      vertex -1.5 -3.4 1.9
      vertex 0 -3.4 1.9
      vertex -0.0273762 -3.81768 1.9
    endloop
  endfacet
  facet normal 0 0 -1
    outer loop
      vertex -1.51454 -3.62189 1.9
      vertex -0.0273762 -3.81768 1.9
      vertex -0.109036 -4.22822 1.9
    endloop
  endfacet
  facet normal 0 0 -1
    outer loop
      vertex 0 -3.4 1.9
      vertex -1.5 -3.4 1.9
      vertex -0.0273762 -2.98232 1.9
    endloop
  endfacet
  facet normal 0 0 -1
    outer loop
      vertex -1.55793 -3.83999 1.9
      vertex -0.109036 -4.22822 1.9
      vertex -0.243585 -4.62459 1.9
    endloop
  endfacet
  facet normal 0 0 -1
    outer loop
      vertex -1.51454 -3.17811 1.9
      vertex -0.0273762 -2.98232 1.9
      vertex -1.5 -3.4 1.9
    endloop
  endfacet
  facet normal 0 0 -1
    outer loop
      vertex -1.6294 -4.05056 1.9
      vertex -0.243585 -4.62459 1.9
      vertex -0.428719 -5 1.9
    endloop
  endfacet
  facet normal -0 0 -1
    outer loop
      vertex -0.0273762 -2.98232 1.9
      vertex -1.51454 -3.17811 1.9
      vertex -0.109036 -2.57178 1.9
    endloop
  endfacet
  facet normal 0 0 -1
    outer loop
      vertex -1.72776 -4.25 1.9
      vertex -0.428719 -5 1.9
      vertex -0.661269 -5.34804 1.9
    endloop
  endfacet
  facet normal 0 0 -1
    outer loop
      vertex -1.55793 -2.96001 1.9
      vertex -0.109036 -2.57178 1.9
      vertex -1.51454 -3.17811 1.9
    endloop
  endfacet
  facet normal 0 0 -1
    outer loop
      vertex -1.8513 -4.43489 1.9
      vertex -0.661269 -5.34804 1.9
      vertex -0.937258 -5.66274 1.9
    endloop
  endfacet
  facet normal -0 0 -1
    outer loop
      vertex -0.109036 -2.57178 1.9
      vertex -1.55793 -2.96001 1.9
      vertex -0.243585 -2.17541 1.9
    endloop
  endfacet
  facet normal 0 0 -1
    outer loop
      vertex -1.99792 -4.60208 1.9
      vertex -0.937258 -5.66274 1.9
      vertex -1.25196 -5.93873 1.9
    endloop
  endfacet
  facet normal 0 0 -1
    outer loop
      vertex -1.6294 -2.74944 1.9
      vertex -0.243585 -2.17541 1.9
      vertex -1.55793 -2.96001 1.9
    endloop
  endfacet
  facet normal -0 0 -1
    outer loop
      vertex -0.243585 -2.17541 1.9
      vertex -1.6294 -2.74944 1.9
      vertex -0.428719 -1.8 1.9
    endloop
  endfacet
  facet normal 0 0 -1
    outer loop
      vertex -0.0273762 -3.81768 1.9
      vertex -1.51454 -3.62189 1.9
      vertex -1.5 -3.4 1.9
    endloop
  endfacet
  facet normal 0 0 -1
    outer loop
      vertex -0.109036 -4.22822 1.9
      vertex -1.55793 -3.83999 1.9
      vertex -1.51454 -3.62189 1.9
    endloop
  endfacet
  facet normal 0 0 -1
    outer loop
      vertex -2.1651 -4.7487 1.9
      vertex -1.25196 -5.93873 1.9
      vertex -1.6 -6.17128 1.9
    endloop
  endfacet
  facet normal 0 0 -1
    outer loop
      vertex -0.243585 -4.62459 1.9
      vertex -1.6294 -4.05056 1.9
      vertex -1.55793 -3.83999 1.9
    endloop
  endfacet
  facet normal 0 0 -1
    outer loop
      vertex -0.428719 -5 1.9
      vertex -1.72776 -4.25 1.9
      vertex -1.6294 -4.05056 1.9
    endloop
  endfacet
  facet normal 0 0 -1
    outer loop
      vertex -0.661269 -5.34804 1.9
      vertex -1.8513 -4.43489 1.9
      vertex -1.72776 -4.25 1.9
    endloop
  endfacet
  facet normal 0 0 -1
    outer loop
      vertex -2.35 -4.87224 1.9
      vertex -1.6 -6.17128 1.9
      vertex -1.97541 -6.35641 1.9
    endloop
  endfacet
  facet normal 0 0 -1
    outer loop
      vertex -0.937258 -5.66274 1.9
      vertex -1.99792 -4.60208 1.9
      vertex -1.8513 -4.43489 1.9
    endloop
  endfacet
  facet normal 0 0 -1
    outer loop
      vertex -1.25196 -5.93873 1.9
      vertex -2.1651 -4.7487 1.9
      vertex -1.99792 -4.60208 1.9
    endloop
  endfacet
  facet normal 0 0 -1
    outer loop
      vertex -1.6 -6.17128 1.9
      vertex -2.35 -4.87224 1.9
      vertex -2.1651 -4.7487 1.9
    endloop
  endfacet
  facet normal 0 0 -1
    outer loop
      vertex -2.54944 -4.97059 1.9
      vertex -1.97541 -6.35641 1.9
      vertex -2.37178 -6.49096 1.9
    endloop
  endfacet
  facet normal 0 0 -1
    outer loop
      vertex -1.97541 -6.35641 1.9
      vertex -2.54944 -4.97059 1.9
      vertex -2.35 -4.87224 1.9
    endloop
  endfacet
  facet normal 0 0 -1
    outer loop
      vertex -2.37178 -6.49096 1.9
      vertex -2.76001 -5.04207 1.9
      vertex -2.54944 -4.97059 1.9
    endloop
  endfacet
  facet normal 0 0 -1
    outer loop
      vertex -2.78232 -6.57262 1.9
      vertex -2.76001 -5.04207 1.9
      vertex -2.37178 -6.49096 1.9
    endloop
  endfacet
  facet normal 0 0 -1
    outer loop
      vertex -2.78232 -6.57262 1.9
      vertex -2.9781 -5.08546 1.9
      vertex -2.76001 -5.04207 1.9
    endloop
  endfacet
  facet normal 0 0 -1
    outer loop
      vertex -3.2 -6.6 1.9
      vertex -2.9781 -5.08546 1.9
      vertex -2.78232 -6.57262 1.9
    endloop
  endfacet
  facet normal 0 0 -1
    outer loop
      vertex -3.2 -6.6 1.9
      vertex -3.2 -5.1 1.9
      vertex -2.9781 -5.08546 1.9
    endloop
  endfacet
  facet normal 0 0 -1
    outer loop
      vertex -3.2 -6.6 1.9
      vertex -3.42189 -5.08546 1.9
      vertex -3.2 -5.1 1.9
    endloop
  endfacet
  facet normal 0 0 -1
    outer loop
      vertex -3.61768 -6.57262 1.9
      vertex -3.42189 -5.08546 1.9
      vertex -3.2 -6.6 1.9
    endloop
  endfacet
  facet normal 0 0 -1
    outer loop
      vertex -3.61768 -6.57262 1.9
      vertex -3.63999 -5.04207 1.9
      vertex -3.42189 -5.08546 1.9
    endloop
  endfacet
  facet normal 0 0 -1
    outer loop
      vertex -4.02822 -6.49096 1.9
      vertex -3.63999 -5.04207 1.9
      vertex -3.61768 -6.57262 1.9
    endloop
  endfacet
  facet normal -0 0 -1
    outer loop
      vertex -3.63999 -5.04207 1.9
      vertex -4.02822 -6.49096 1.9
      vertex -3.85056 -4.97059 1.9
    endloop
  endfacet
  facet normal 0 0 -1
    outer loop
      vertex -4.42459 -6.35641 1.9
      vertex -3.85056 -4.97059 1.9
      vertex -4.02822 -6.49096 1.9
    endloop
  endfacet
  facet normal -0 0 -1
    outer loop
      vertex -3.85056 -4.97059 1.9
      vertex -4.42459 -6.35641 1.9
      vertex -4.05 -4.87224 1.9
    endloop
  endfacet
  facet normal 0 0 -1
    outer loop
      vertex -4.8 -6.17128 1.9
      vertex -4.05 -4.87224 1.9
      vertex -4.42459 -6.35641 1.9
    endloop
  endfacet
  facet normal -0 0 -1
    outer loop
      vertex -4.05 -4.87224 1.9
      vertex -4.8 -6.17128 1.9
      vertex -4.23489 -4.7487 1.9
    endloop
  endfacet
  facet normal 0 0 -1
    outer loop
      vertex -5.14804 -5.93873 1.9
      vertex -4.23489 -4.7487 1.9
      vertex -4.8 -6.17128 1.9
    endloop
  endfacet
  facet normal -0 0 -1
    outer loop
      vertex -4.23489 -4.7487 1.9
      vertex -5.14804 -5.93873 1.9
      vertex -4.40208 -4.60208 1.9
    endloop
  endfacet
  facet normal 0 0 -1
    outer loop
      vertex -5.46274 -5.66274 1.9
      vertex -4.40208 -4.60208 1.9
      vertex -5.14804 -5.93873 1.9
    endloop
  endfacet
  facet normal -0 0 -1
    outer loop
      vertex -4.40208 -4.60208 1.9
      vertex -5.46274 -5.66274 1.9
      vertex -4.5487 -4.43489 1.9
    endloop
  endfacet
  facet normal 0 0 -1
    outer loop
      vertex -5.73873 -5.34804 1.9
      vertex -4.5487 -4.43489 1.9
      vertex -5.46274 -5.66274 1.9
    endloop
  endfacet
  facet normal -0 0 -1
    outer loop
      vertex -4.5487 -4.43489 1.9
      vertex -5.73873 -5.34804 1.9
      vertex -4.67224 -4.25 1.9
    endloop
  endfacet
  facet normal 0 0 -1
    outer loop
      vertex -5.97128 -5 1.9
      vertex -4.67224 -4.25 1.9
      vertex -5.73873 -5.34804 1.9
    endloop
  endfacet
  facet normal -0 0 -1
    outer loop
      vertex -4.67224 -4.25 1.9
      vertex -5.97128 -5 1.9
      vertex -4.77059 -4.05056 1.9
    endloop
  endfacet
  facet normal 0 0 -1
    outer loop
      vertex -1.72776 -2.55 1.9
      vertex -0.428719 -1.8 1.9
      vertex -1.6294 -2.74944 1.9
    endloop
  endfacet
  facet normal -0 0 -1
    outer loop
      vertex -0.428719 -1.8 1.9
      vertex -1.72776 -2.55 1.9
      vertex -0.661269 -1.45196 1.9
    endloop
  endfacet
  facet normal 0 0 -1
    outer loop
      vertex -1.8513 -2.3651 1.9
      vertex -0.661269 -1.45196 1.9
      vertex -1.72776 -2.55 1.9
    endloop
  endfacet
  facet normal -0 0 -1
    outer loop
      vertex -0.661269 -1.45196 1.9
      vertex -1.8513 -2.3651 1.9
      vertex -0.937258 -1.13726 1.9
    endloop
  endfacet
  facet normal 0 0 -1
    outer loop
      vertex -1.99792 -2.19792 1.9
      vertex -0.937258 -1.13726 1.9
      vertex -1.8513 -2.3651 1.9
    endloop
  endfacet
  facet normal -0 0 -1
    outer loop
      vertex -0.937258 -1.13726 1.9
      vertex -1.99792 -2.19792 1.9
      vertex -1.25196 -0.861269 1.9
    endloop
  endfacet
  facet normal 0 0 -1
    outer loop
      vertex -2.1651 -2.0513 1.9
      vertex -1.25196 -0.861269 1.9
      vertex -1.99792 -2.19792 1.9
    endloop
  endfacet
  facet normal -0 0 -1
    outer loop
      vertex -1.25196 -0.861269 1.9
      vertex -2.1651 -2.0513 1.9
      vertex -1.6 -0.628718 1.9
    endloop
  endfacet
  facet normal 0 0 -1
    outer loop
      vertex -2.35 -1.92776 1.9
      vertex -1.6 -0.628718 1.9
      vertex -2.1651 -2.0513 1.9
    endloop
  endfacet
  facet normal -0 0 -1
    outer loop
      vertex -1.6 -0.628718 1.9
      vertex -2.35 -1.92776 1.9
      vertex -1.97541 -0.443585 1.9
    endloop
  endfacet
  facet normal 0 0 -1
    outer loop
      vertex -2.54944 -1.8294 1.9
      vertex -1.97541 -0.443585 1.9
      vertex -2.35 -1.92776 1.9
    endloop
  endfacet
  facet normal -0 0 -1
    outer loop
      vertex -1.97541 -0.443585 1.9
      vertex -2.54944 -1.8294 1.9
      vertex -2.37178 -0.309037 1.9
    endloop
  endfacet
  facet normal 0 0 -1
    outer loop
      vertex -2.76001 -1.75793 1.9
      vertex -2.37178 -0.309037 1.9
      vertex -2.54944 -1.8294 1.9
    endloop
  endfacet
  facet normal 0 0 -1
    outer loop
      vertex -2.76001 -1.75793 1.9
      vertex -2.78232 -0.227376 1.9
      vertex -2.37178 -0.309037 1.9
    endloop
  endfacet
  facet normal 0 0 -1
    outer loop
      vertex -2.9781 -1.71454 1.9
      vertex -2.78232 -0.227376 1.9
      vertex -2.76001 -1.75793 1.9
    endloop
  endfacet
  facet normal 0 0 -1
    outer loop
      vertex -3.2 -1.7 1.9
      vertex -2.78232 -0.227376 1.9
      vertex -2.9781 -1.71454 1.9
    endloop
  endfacet
  facet normal 0 0 -1
    outer loop
      vertex -3.2 -1.7 1.9
      vertex -3.2 -0.2 1.9
      vertex -2.78232 -0.227376 1.9
    endloop
  endfacet
  facet normal 0 0 -1
    outer loop
      vertex -3.42189 -1.71454 1.9
      vertex -3.2 -0.2 1.9
      vertex -3.2 -1.7 1.9
    endloop
  endfacet
  facet normal 0 0 -1
    outer loop
      vertex -3.42189 -1.71454 1.9
      vertex -3.61768 -0.227376 1.9
      vertex -3.2 -0.2 1.9
    endloop
  endfacet
  facet normal 0 0 -1
    outer loop
      vertex -3.63999 -1.75793 1.9
      vertex -3.61768 -0.227376 1.9
      vertex -3.42189 -1.71454 1.9
    endloop
  endfacet
  facet normal 0 0 -1
    outer loop
      vertex -4.02822 -0.309037 1.9
      vertex -3.63999 -1.75793 1.9
      vertex -3.85056 -1.8294 1.9
    endloop
  endfacet
  facet normal 0 0 -1
    outer loop
      vertex -3.63999 -1.75793 1.9
      vertex -4.02822 -0.309037 1.9
      vertex -3.61768 -0.227376 1.9
    endloop
  endfacet
  facet normal 0 0 -1
    outer loop
      vertex -4.42459 -0.443585 1.9
      vertex -3.85056 -1.8294 1.9
      vertex -4.05 -1.92776 1.9
    endloop
  endfacet
  facet normal 0 0 -1
    outer loop
      vertex -4.8 -0.628718 1.9
      vertex -4.05 -1.92776 1.9
      vertex -4.23489 -2.0513 1.9
    endloop
  endfacet
  facet normal 0 0 -1
    outer loop
      vertex -5.14804 -0.861269 1.9
      vertex -4.23489 -2.0513 1.9
      vertex -4.40208 -2.19792 1.9
    endloop
  endfacet
  facet normal 0 0 -1
    outer loop
      vertex -3.85056 -1.8294 1.9
      vertex -4.42459 -0.443585 1.9
      vertex -4.02822 -0.309037 1.9
    endloop
  endfacet
  facet normal 0 0 -1
    outer loop
      vertex -5.46274 -1.13726 1.9
      vertex -4.40208 -2.19792 1.9
      vertex -4.5487 -2.3651 1.9
    endloop
  endfacet
  facet normal 0 0 -1
    outer loop
      vertex -5.73873 -1.45196 1.9
      vertex -4.5487 -2.3651 1.9
      vertex -4.67224 -2.55 1.9
    endloop
  endfacet
  facet normal 0 0 -1
    outer loop
      vertex -5.97128 -1.8 1.9
      vertex -4.67224 -2.55 1.9
      vertex -4.77059 -2.74944 1.9
    endloop
  endfacet
  facet normal 0 0 -1
    outer loop
      vertex -4.05 -1.92776 1.9
      vertex -4.8 -0.628718 1.9
      vertex -4.42459 -0.443585 1.9
    endloop
  endfacet
  facet normal 0 0 -1
    outer loop
      vertex -6.15641 -2.17541 1.9
      vertex -4.77059 -2.74944 1.9
      vertex -4.84207 -2.96001 1.9
    endloop
  endfacet
  facet normal 0 0 -1
    outer loop
      vertex -6.29096 -2.57178 1.9
      vertex -4.84207 -2.96001 1.9
      vertex -4.88546 -3.17811 1.9
    endloop
  endfacet
  facet normal 0 0 -1
    outer loop
      vertex -6.37262 -2.98232 1.9
      vertex -4.88546 -3.17811 1.9
      vertex -4.9 -3.4 1.9
    endloop
  endfacet
  facet normal 0 0 -1
    outer loop
      vertex -6.15641 -4.62459 1.9
      vertex -4.77059 -4.05056 1.9
      vertex -5.97128 -5 1.9
    endloop
  endfacet
  facet normal 0 0 -1
    outer loop
      vertex -4.23489 -2.0513 1.9
      vertex -5.14804 -0.861269 1.9
      vertex -4.8 -0.628718 1.9
    endloop
  endfacet
  facet normal -0 0 -1
    outer loop
      vertex -4.77059 -4.05056 1.9
      vertex -6.15641 -4.62459 1.9
      vertex -4.84207 -3.83999 1.9
    endloop
  endfacet
  facet normal 0 0 -1
    outer loop
      vertex -4.40208 -2.19792 1.9
      vertex -5.46274 -1.13726 1.9
      vertex -5.14804 -0.861269 1.9
    endloop
  endfacet
  facet normal 0 0 -1
    outer loop
      vertex -6.29096 -4.22822 1.9
      vertex -4.84207 -3.83999 1.9
      vertex -6.15641 -4.62459 1.9
    endloop
  endfacet
  facet normal 0 0 -1
    outer loop
      vertex -4.5487 -2.3651 1.9
      vertex -5.73873 -1.45196 1.9
      vertex -5.46274 -1.13726 1.9
    endloop
  endfacet
  facet normal -0 0 -1
    outer loop
      vertex -4.84207 -3.83999 1.9
      vertex -6.29096 -4.22822 1.9
      vertex -4.88546 -3.62189 1.9
    endloop
  endfacet
  facet normal 0 0 -1
    outer loop
      vertex -4.67224 -2.55 1.9
      vertex -5.97128 -1.8 1.9
      vertex -5.73873 -1.45196 1.9
    endloop
  endfacet
  facet normal 0 0 -1
    outer loop
      vertex -6.37262 -3.81768 1.9
      vertex -4.88546 -3.62189 1.9
      vertex -6.29096 -4.22822 1.9
    endloop
  endfacet
  facet normal 0 0 -1
    outer loop
      vertex -4.77059 -2.74944 1.9
      vertex -6.15641 -2.17541 1.9
      vertex -5.97128 -1.8 1.9
    endloop
  endfacet
  facet normal -0 0 -1
    outer loop
      vertex -4.88546 -3.62189 1.9
      vertex -6.37262 -3.81768 1.9
      vertex -4.9 -3.4 1.9
    endloop
  endfacet
  facet normal 0 0 -1
    outer loop
      vertex -4.84207 -2.96001 1.9
      vertex -6.29096 -2.57178 1.9
      vertex -6.15641 -2.17541 1.9
    endloop
  endfacet
  facet normal 0 0 -1
    outer loop
      vertex -6.4 -3.4 1.9
      vertex -4.9 -3.4 1.9
      vertex -6.37262 -3.81768 1.9
    endloop
  endfacet
  facet normal 0 0 -1
    outer loop
      vertex -4.88546 -3.17811 1.9
      vertex -6.37262 -2.98232 1.9
      vertex -6.29096 -2.57178 1.9
    endloop
  endfacet
  facet normal 0 0 -1
    outer loop
      vertex -4.9 -3.4 1.9
      vertex -6.4 -3.4 1.9
      vertex -6.37262 -2.98232 1.9
    endloop
  endfacet
  facet normal 0.94693 -0.321441 0
    outer loop
      vertex -6.29096 -2.57178 1.9
      vertex -6.15641 -2.17541 0
      vertex -6.15641 -2.17541 1.9
    endloop
  endfacet
  facet normal 0.94693 -0.321441 0
    outer loop
      vertex -6.15641 -2.17541 0
      vertex -6.29096 -2.57178 1.9
      vertex -6.29096 -2.57178 0
    endloop
  endfacet
  facet normal 0.980786 -0.195087 0
    outer loop
      vertex -6.37262 -2.98232 1.9
      vertex -6.29096 -2.57178 0
      vertex -6.29096 -2.57178 1.9
    endloop
  endfacet
  facet normal 0.980786 -0.195087 0
    outer loop
      vertex -6.29096 -2.57178 0
      vertex -6.37262 -2.98232 1.9
      vertex -6.37262 -2.98232 0
    endloop
  endfacet
  facet normal 0.831473 -0.555565 0
    outer loop
      vertex -5.97128 -1.8 1.9
      vertex -5.73873 -1.45196 0
      vertex -5.73873 -1.45196 1.9
    endloop
  endfacet
  facet normal 0.831473 -0.555565 0
    outer loop
      vertex -5.73873 -1.45196 0
      vertex -5.97128 -1.8 1.9
      vertex -5.97128 -1.8 0
    endloop
  endfacet
  facet normal 0.195089 -0.980786 0
    outer loop
      vertex -4.02822 -0.309037 0
      vertex -3.61768 -0.227376 1.9
      vertex -4.02822 -0.309037 1.9
    endloop
  endfacet
  facet normal 0.195089 -0.980786 0
    outer loop
      vertex -3.61768 -0.227376 1.9
      vertex -4.02822 -0.309037 0
      vertex -3.61768 -0.227376 0
    endloop
  endfacet
  facet normal -0.997859 -0.0654031 0
    outer loop
      vertex 0 -3.4 0
      vertex -0.0273762 -2.98232 1.9
      vertex -0.0273762 -2.98232 0
    endloop
  endfacet
  facet normal -0.997859 -0.0654031 0
    outer loop
      vertex -0.0273762 -2.98232 1.9
      vertex 0 -3.4 0
      vertex 0 -3.4 1.9
    endloop
  endfacet
  facet normal -0.997859 0.0654031 0
    outer loop
      vertex -0.0273762 -3.81768 0
      vertex 0 -3.4 1.9
      vertex 0 -3.4 0
    endloop
  endfacet
  facet normal -0.997859 0.0654031 0
    outer loop
      vertex 0 -3.4 1.9
      vertex -0.0273762 -3.81768 0
      vertex -0.0273762 -3.81768 1.9
    endloop
  endfacet
  facet normal -0.980786 0.195086 0
    outer loop
      vertex -0.109036 -4.22822 0
      vertex -0.0273762 -3.81768 1.9
      vertex -0.0273762 -3.81768 0
    endloop
  endfacet
  facet normal -0.980786 0.195086 0
    outer loop
      vertex -0.0273762 -3.81768 1.9
      vertex -0.109036 -4.22822 0
      vertex -0.109036 -4.22822 1.9
    endloop
  endfacet
  facet normal -0.0654122 0.997858 0
    outer loop
      vertex -2.78232 -6.57262 0
      vertex -3.2 -6.6 1.9
      vertex -2.78232 -6.57262 1.9
    endloop
  endfacet
  facet normal -0.0654122 0.997858 0
    outer loop
      vertex -3.2 -6.6 1.9
      vertex -2.78232 -6.57262 0
      vertex -3.2 -6.6 0
    endloop
  endfacet
  facet normal 0.831473 0.555565 0
    outer loop
      vertex -5.73873 -5.34804 1.9
      vertex -5.97128 -5 0
      vertex -5.97128 -5 1.9
    endloop
  endfacet
  facet normal 0.831473 0.555565 0
    outer loop
      vertex -5.97128 -5 0
      vertex -5.73873 -5.34804 1.9
      vertex -5.73873 -5.34804 0
    endloop
  endfacet
  facet normal -0.195087 0.980786 0
    outer loop
      vertex -2.37178 -6.49096 0
      vertex -2.78232 -6.57262 1.9
      vertex -2.37178 -6.49096 1.9
    endloop
  endfacet
  facet normal -0.195087 0.980786 0
    outer loop
      vertex -2.78232 -6.57262 1.9
      vertex -2.37178 -6.49096 0
      vertex -2.78232 -6.57262 0
    endloop
  endfacet
  facet normal -0.442285 0.896874 0
    outer loop
      vertex -1.6 -6.17128 0
      vertex -1.97541 -6.35641 1.9
      vertex -1.6 -6.17128 1.9
    endloop
  endfacet
  facet normal -0.442285 0.896874 0
    outer loop
      vertex -1.97541 -6.35641 1.9
      vertex -1.6 -6.17128 0
      vertex -1.97541 -6.35641 0
    endloop
  endfacet
  facet normal -0.896871 -0.442293 0
    outer loop
      vertex -0.243585 -2.17541 0
      vertex -0.428719 -1.8 1.9
      vertex -0.428719 -1.8 0
    endloop
  endfacet
  facet normal -0.896871 -0.442293 0
    outer loop
      vertex -0.428719 -1.8 1.9
      vertex -0.243585 -2.17541 0
      vertex -0.243585 -2.17541 1.9
    endloop
  endfacet
  facet normal -0.94693 -0.321438 0
    outer loop
      vertex -0.109036 -2.57178 0
      vertex -0.243585 -2.17541 1.9
      vertex -0.243585 -2.17541 0
    endloop
  endfacet
  facet normal -0.94693 -0.321438 0
    outer loop
      vertex -0.243585 -2.17541 1.9
      vertex -0.109036 -2.57178 0
      vertex -0.109036 -2.57178 1.9
    endloop
  endfacet
  facet normal -0.751834 0.659352 0
    outer loop
      vertex -0.937258 -5.66274 0
      vertex -0.661269 -5.34804 1.9
      vertex -0.661269 -5.34804 0
    endloop
  endfacet
  facet normal -0.751834 0.659352 0
    outer loop
      vertex -0.661269 -5.34804 1.9
      vertex -0.937258 -5.66274 0
      vertex -0.937258 -5.66274 1.9
    endloop
  endfacet
  facet normal -0.831473 0.555565 0
    outer loop
      vertex -0.661269 -5.34804 0
      vertex -0.428719 -5 1.9
      vertex -0.428719 -5 0
    endloop
  endfacet
  facet normal -0.831473 0.555565 0
    outer loop
      vertex -0.428719 -5 1.9
      vertex -0.661269 -5.34804 0
      vertex -0.661269 -5.34804 1.9
    endloop
  endfacet
  facet normal -0.896871 0.442293 0
    outer loop
      vertex -0.428719 -5 0
      vertex -0.243585 -4.62459 1.9
      vertex -0.243585 -4.62459 0
    endloop
  endfacet
  facet normal -0.896871 0.442293 0
    outer loop
      vertex -0.243585 -4.62459 1.9
      vertex -0.428719 -5 0
      vertex -0.428719 -5 1.9
    endloop
  endfacet
  facet normal 0.555565 0.831473 -0
    outer loop
      vertex -4.8 -6.17128 0
      vertex -5.14804 -5.93873 1.9
      vertex -4.8 -6.17128 1.9
    endloop
  endfacet
  facet normal 0.555565 0.831473 0
    outer loop
      vertex -5.14804 -5.93873 1.9
      vertex -4.8 -6.17128 0
      vertex -5.14804 -5.93873 0
    endloop
  endfacet
  facet normal 0.321441 0.94693 -0
    outer loop
      vertex -4.02822 -6.49096 0
      vertex -4.42459 -6.35641 1.9
      vertex -4.02822 -6.49096 1.9
    endloop
  endfacet
  facet normal 0.321441 0.94693 0
    outer loop
      vertex -4.42459 -6.35641 1.9
      vertex -4.02822 -6.49096 0
      vertex -4.42459 -6.35641 0
    endloop
  endfacet
  facet normal 0.94693 0.321441 0
    outer loop
      vertex -6.15641 -4.62459 1.9
      vertex -6.29096 -4.22822 0
      vertex -6.29096 -4.22822 1.9
    endloop
  endfacet
  facet normal 0.94693 0.321441 0
    outer loop
      vertex -6.29096 -4.22822 0
      vertex -6.15641 -4.62459 1.9
      vertex -6.15641 -4.62459 0
    endloop
  endfacet
  facet normal 0.980786 0.195087 0
    outer loop
      vertex -6.29096 -4.22822 1.9
      vertex -6.37262 -3.81768 0
      vertex -6.37262 -3.81768 1.9
    endloop
  endfacet
  facet normal 0.980786 0.195087 0
    outer loop
      vertex -6.37262 -3.81768 0
      vertex -6.29096 -4.22822 1.9
      vertex -6.29096 -4.22822 0
    endloop
  endfacet
  facet normal 0.997858 0.0654122 0
    outer loop
      vertex -6.37262 -3.81768 1.9
      vertex -6.4 -3.4 0
      vertex -6.4 -3.4 1.9
    endloop
  endfacet
  facet normal 0.997858 0.0654122 0
    outer loop
      vertex -6.4 -3.4 0
      vertex -6.37262 -3.81768 1.9
      vertex -6.37262 -3.81768 0
    endloop
  endfacet
  facet normal 0.751833 0.659353 0
    outer loop
      vertex -5.46274 -5.66274 1.9
      vertex -5.73873 -5.34804 0
      vertex -5.73873 -5.34804 1.9
    endloop
  endfacet
  facet normal 0.751833 0.659353 0
    outer loop
      vertex -5.73873 -5.34804 0
      vertex -5.46274 -5.66274 1.9
      vertex -5.46274 -5.66274 0
    endloop
  endfacet
  facet normal -0.321441 0.94693 0
    outer loop
      vertex -1.97541 -6.35641 0
      vertex -2.37178 -6.49096 1.9
      vertex -1.97541 -6.35641 1.9
    endloop
  endfacet
  facet normal -0.321441 0.94693 0
    outer loop
      vertex -2.37178 -6.49096 1.9
      vertex -1.97541 -6.35641 0
      vertex -2.37178 -6.49096 0
    endloop
  endfacet
  facet normal -0.659351 0.751835 0
    outer loop
      vertex -0.937258 -5.66274 0
      vertex -1.25196 -5.93873 1.9
      vertex -0.937258 -5.66274 1.9
    endloop
  endfacet
  facet normal -0.659351 0.751835 0
    outer loop
      vertex -1.25196 -5.93873 1.9
      vertex -0.937258 -5.66274 0
      vertex -1.25196 -5.93873 0
    endloop
  endfacet
  facet normal -0.94693 0.321438 0
    outer loop
      vertex -0.243585 -4.62459 0
      vertex -0.109036 -4.22822 1.9
      vertex -0.109036 -4.22822 0
    endloop
  endfacet
  facet normal -0.94693 0.321438 0
    outer loop
      vertex -0.109036 -4.22822 1.9
      vertex -0.243585 -4.62459 0
      vertex -0.243585 -4.62459 1.9
    endloop
  endfacet
  facet normal 0.195087 0.980786 -0
    outer loop
      vertex -3.61768 -6.57262 0
      vertex -4.02822 -6.49096 1.9
      vertex -3.61768 -6.57262 1.9
    endloop
  endfacet
  facet normal 0.195087 0.980786 0
    outer loop
      vertex -4.02822 -6.49096 1.9
      vertex -3.61768 -6.57262 0
      vertex -4.02822 -6.49096 0
    endloop
  endfacet
  facet normal 0.442285 0.896874 -0
    outer loop
      vertex -4.42459 -6.35641 0
      vertex -4.8 -6.17128 1.9
      vertex -4.42459 -6.35641 1.9
    endloop
  endfacet
  facet normal 0.442285 0.896874 0
    outer loop
      vertex -4.8 -6.17128 1.9
      vertex -4.42459 -6.35641 0
      vertex -4.8 -6.17128 0
    endloop
  endfacet
  facet normal 0.0654122 0.997858 -0
    outer loop
      vertex -3.2 -6.6 0
      vertex -3.61768 -6.57262 1.9
      vertex -3.2 -6.6 1.9
    endloop
  endfacet
  facet normal 0.0654122 0.997858 0
    outer loop
      vertex -3.61768 -6.57262 1.9
      vertex -3.2 -6.6 0
      vertex -3.61768 -6.57262 0
    endloop
  endfacet
  facet normal -0.555426 -0.831566 0
    outer loop
      vertex -2.35 36.6722 1.9
      vertex -2.1651 36.5487 6
      vertex -2.35 36.6722 6
    endloop
  endfacet
  facet normal -0.555426 -0.831566 -0
    outer loop
      vertex -2.1651 36.5487 6
      vertex -2.35 36.6722 1.9
      vertex -2.1651 36.5487 1.9
    endloop
  endfacet
  facet normal 0.442459 -0.896789 0
    outer loop
      vertex -4.05 36.6722 1.9
      vertex -3.85056 36.7706 6
      vertex -4.05 36.6722 6
    endloop
  endfacet
  facet normal 0.442459 -0.896789 0
    outer loop
      vertex -3.85056 36.7706 6
      vertex -4.05 36.6722 1.9
      vertex -3.85056 36.7706 1.9
    endloop
  endfacet
  facet normal 0.946943 -0.321403 0
    outer loop
      vertex -4.84207 35.64 6
      vertex -4.77059 35.8506 1.9
      vertex -4.77059 35.8506 6
    endloop
  endfacet
  facet normal 0.946943 -0.321403 0
    outer loop
      vertex -4.77059 35.8506 1.9
      vertex -4.84207 35.64 6
      vertex -4.84207 35.64 1.9
    endloop
  endfacet
  facet normal -0.896825 -0.442386 0
    outer loop
      vertex -1.6294 35.8506 1.9
      vertex -1.72776 36.05 6
      vertex -1.72776 36.05 1.9
    endloop
  endfacet
  facet normal -0.896825 -0.442386 0
    outer loop
      vertex -1.72776 36.05 6
      vertex -1.6294 35.8506 1.9
      vertex -1.6294 35.8506 6
    endloop
  endfacet
  facet normal -0.980779 -0.195122 0
    outer loop
      vertex -1.51454 35.4219 1.9
      vertex -1.55793 35.64 6
      vertex -1.55793 35.64 1.9
    endloop
  endfacet
  facet normal -0.980779 -0.195122 0
    outer loop
      vertex -1.55793 35.64 6
      vertex -1.51454 35.4219 1.9
      vertex -1.51454 35.4219 6
    endloop
  endfacet
  facet normal -0.831483 -0.555551 0
    outer loop
      vertex -1.72776 36.05 1.9
      vertex -1.8513 36.2349 6
      vertex -1.8513 36.2349 1.9
    endloop
  endfacet
  facet normal -0.831483 -0.555551 0
    outer loop
      vertex -1.8513 36.2349 6
      vertex -1.72776 36.05 1.9
      vertex -1.72776 36.05 6
    endloop
  endfacet
  facet normal -0.659313 -0.751869 0
    outer loop
      vertex -2.1651 36.5487 1.9
      vertex -1.99792 36.4021 6
      vertex -2.1651 36.5487 6
    endloop
  endfacet
  facet normal -0.659313 -0.751869 -0
    outer loop
      vertex -1.99792 36.4021 6
      vertex -2.1651 36.5487 1.9
      vertex -1.99792 36.4021 1.9
    endloop
  endfacet
  facet normal -0.321525 -0.946901 0
    outer loop
      vertex -2.76001 36.8421 1.9
      vertex -2.54944 36.7706 6
      vertex -2.76001 36.8421 6
    endloop
  endfacet
  facet normal -0.321525 -0.946901 -0
    outer loop
      vertex -2.54944 36.7706 6
      vertex -2.76001 36.8421 1.9
      vertex -2.54944 36.7706 1.9
    endloop
  endfacet
  facet normal -0.0652057 -0.997872 0
    outer loop
      vertex -3.2 36.9 1.9
      vertex -2.9781 36.8855 6
      vertex -3.2 36.9 6
    endloop
  endfacet
  facet normal -0.0652057 -0.997872 -0
    outer loop
      vertex -2.9781 36.8855 6
      vertex -3.2 36.9 1.9
      vertex -2.9781 36.8855 1.9
    endloop
  endfacet
  facet normal 0.99786 -0.0653848 0
    outer loop
      vertex -4.9 35.2 6
      vertex -4.88546 35.4219 1.9
      vertex -4.88546 35.4219 6
    endloop
  endfacet
  facet normal 0.99786 -0.0653848 0
    outer loop
      vertex -4.88546 35.4219 1.9
      vertex -4.9 35.2 6
      vertex -4.9 35.2 1.9
    endloop
  endfacet
  facet normal 0.831483 -0.555551 0
    outer loop
      vertex -4.67224 36.05 6
      vertex -4.5487 36.2349 1.9
      vertex -4.5487 36.2349 6
    endloop
  endfacet
  facet normal 0.831483 -0.555551 0
    outer loop
      vertex -4.5487 36.2349 1.9
      vertex -4.67224 36.05 6
      vertex -4.67224 36.05 1.9
    endloop
  endfacet
  facet normal 0.195165 -0.98077 0
    outer loop
      vertex -3.63999 36.8421 1.9
      vertex -3.42189 36.8855 6
      vertex -3.63999 36.8421 6
    endloop
  endfacet
  facet normal 0.195165 -0.98077 0
    outer loop
      vertex -3.42189 36.8855 6
      vertex -3.63999 36.8421 1.9
      vertex -3.42189 36.8855 1.9
    endloop
  endfacet
  facet normal 0.751863 -0.659319 0
    outer loop
      vertex -4.5487 36.2349 6
      vertex -4.40208 36.4021 1.9
      vertex -4.40208 36.4021 6
    endloop
  endfacet
  facet normal 0.751863 -0.659319 0
    outer loop
      vertex -4.40208 36.4021 1.9
      vertex -4.5487 36.2349 6
      vertex -4.5487 36.2349 1.9
    endloop
  endfacet
  facet normal -0.99786 -0.0653848 0
    outer loop
      vertex -1.5 35.2 1.9
      vertex -1.51454 35.4219 6
      vertex -1.51454 35.4219 1.9
    endloop
  endfacet
  facet normal -0.99786 -0.0653848 0
    outer loop
      vertex -1.51454 35.4219 6
      vertex -1.5 35.2 1.9
      vertex -1.5 35.2 6
    endloop
  endfacet
  facet normal -0.195173 0.980769 0
    outer loop
      vertex -2.76001 33.5579 1.9
      vertex -2.9781 33.5145 6
      vertex -2.76001 33.5579 6
    endloop
  endfacet
  facet normal -0.195173 0.980769 0
    outer loop
      vertex -2.9781 33.5145 6
      vertex -2.76001 33.5579 1.9
      vertex -2.9781 33.5145 1.9
    endloop
  endfacet
  facet normal -0.831483 0.555551 0
    outer loop
      vertex -1.8513 34.1651 1.9
      vertex -1.72776 34.35 6
      vertex -1.72776 34.35 1.9
    endloop
  endfacet
  facet normal -0.831483 0.555551 0
    outer loop
      vertex -1.72776 34.35 6
      vertex -1.8513 34.1651 1.9
      vertex -1.8513 34.1651 6
    endloop
  endfacet
  facet normal -0.0652057 0.997872 0
    outer loop
      vertex -2.9781 33.5145 1.9
      vertex -3.2 33.5 6
      vertex -2.9781 33.5145 6
    endloop
  endfacet
  facet normal -0.0652057 0.997872 0
    outer loop
      vertex -3.2 33.5 6
      vertex -2.9781 33.5145 1.9
      vertex -3.2 33.5 1.9
    endloop
  endfacet
  facet normal 0.555447 0.831552 -0
    outer loop
      vertex -4.05 33.7278 1.9
      vertex -4.23489 33.8513 6
      vertex -4.05 33.7278 6
    endloop
  endfacet
  facet normal 0.555447 0.831552 0
    outer loop
      vertex -4.23489 33.8513 6
      vertex -4.05 33.7278 1.9
      vertex -4.23489 33.8513 1.9
    endloop
  endfacet
  facet normal 0.980779 0.195122 0
    outer loop
      vertex -4.84207 34.76 6
      vertex -4.88546 34.9781 1.9
      vertex -4.88546 34.9781 6
    endloop
  endfacet
  facet normal 0.980779 0.195122 0
    outer loop
      vertex -4.88546 34.9781 1.9
      vertex -4.84207 34.76 6
      vertex -4.84207 34.76 1.9
    endloop
  endfacet
  facet normal -0.946956 -0.321363 0
    outer loop
      vertex -1.55793 35.64 1.9
      vertex -1.6294 35.8506 6
      vertex -1.6294 35.8506 1.9
    endloop
  endfacet
  facet normal -0.946956 -0.321363 0
    outer loop
      vertex -1.6294 35.8506 6
      vertex -1.55793 35.64 1.9
      vertex -1.55793 35.64 6
    endloop
  endfacet
  facet normal -0.751863 -0.659319 0
    outer loop
      vertex -1.8513 36.2349 1.9
      vertex -1.99792 36.4021 6
      vertex -1.99792 36.4021 1.9
    endloop
  endfacet
  facet normal -0.751863 -0.659319 0
    outer loop
      vertex -1.99792 36.4021 6
      vertex -1.8513 36.2349 1.9
      vertex -1.8513 36.2349 6
    endloop
  endfacet
  facet normal 0.0652086 -0.997872 0
    outer loop
      vertex -3.42189 36.8855 1.9
      vertex -3.2 36.9 6
      vertex -3.42189 36.8855 6
    endloop
  endfacet
  facet normal 0.0652086 -0.997872 0
    outer loop
      vertex -3.2 36.9 6
      vertex -3.42189 36.8855 1.9
      vertex -3.2 36.9 1.9
    endloop
  endfacet
  facet normal -0.442459 -0.896789 0
    outer loop
      vertex -2.54944 36.7706 1.9
      vertex -2.35 36.6722 6
      vertex -2.54944 36.7706 6
    endloop
  endfacet
  facet normal -0.442459 -0.896789 -0
    outer loop
      vertex -2.35 36.6722 6
      vertex -2.54944 36.7706 1.9
      vertex -2.35 36.6722 1.9
    endloop
  endfacet
  facet normal -0.195173 -0.980769 0
    outer loop
      vertex -2.9781 36.8855 1.9
      vertex -2.76001 36.8421 6
      vertex -2.9781 36.8855 6
    endloop
  endfacet
  facet normal -0.195173 -0.980769 -0
    outer loop
      vertex -2.76001 36.8421 6
      vertex -2.9781 36.8855 1.9
      vertex -2.76001 36.8421 1.9
    endloop
  endfacet
  facet normal 0.980779 -0.195122 0
    outer loop
      vertex -4.88546 35.4219 6
      vertex -4.84207 35.64 1.9
      vertex -4.84207 35.64 6
    endloop
  endfacet
  facet normal 0.980779 -0.195122 0
    outer loop
      vertex -4.84207 35.64 1.9
      vertex -4.88546 35.4219 6
      vertex -4.88546 35.4219 1.9
    endloop
  endfacet
  facet normal 0.896843 -0.442349 0
    outer loop
      vertex -4.77059 35.8506 6
      vertex -4.67224 36.05 1.9
      vertex -4.67224 36.05 6
    endloop
  endfacet
  facet normal 0.896843 -0.442349 0
    outer loop
      vertex -4.67224 36.05 1.9
      vertex -4.77059 35.8506 6
      vertex -4.77059 35.8506 1.9
    endloop
  endfacet
  facet normal 0.321525 -0.946901 0
    outer loop
      vertex -3.85056 36.7706 1.9
      vertex -3.63999 36.8421 6
      vertex -3.85056 36.7706 6
    endloop
  endfacet
  facet normal 0.321525 -0.946901 0
    outer loop
      vertex -3.63999 36.8421 6
      vertex -3.85056 36.7706 1.9
      vertex -3.63999 36.8421 1.9
    endloop
  endfacet
  facet normal 0.659291 -0.751888 0
    outer loop
      vertex -4.40208 36.4021 1.9
      vertex -4.23489 36.5487 6
      vertex -4.40208 36.4021 6
    endloop
  endfacet
  facet normal 0.659291 -0.751888 0
    outer loop
      vertex -4.23489 36.5487 6
      vertex -4.40208 36.4021 1.9
      vertex -4.23489 36.5487 1.9
    endloop
  endfacet
  facet normal 0.555447 -0.831552 0
    outer loop
      vertex -4.23489 36.5487 1.9
      vertex -4.05 36.6722 6
      vertex -4.23489 36.5487 6
    endloop
  endfacet
  facet normal 0.555447 -0.831552 0
    outer loop
      vertex -4.05 36.6722 6
      vertex -4.23489 36.5487 1.9
      vertex -4.05 36.6722 1.9
    endloop
  endfacet
  facet normal -0.980779 0.195122 0
    outer loop
      vertex -1.55793 34.76 1.9
      vertex -1.51454 34.9781 6
      vertex -1.51454 34.9781 1.9
    endloop
  endfacet
  facet normal -0.980779 0.195122 0
    outer loop
      vertex -1.51454 34.9781 6
      vertex -1.55793 34.76 1.9
      vertex -1.55793 34.76 6
    endloop
  endfacet
  facet normal -0.321525 0.946901 0
    outer loop
      vertex -2.54944 33.6294 1.9
      vertex -2.76001 33.5579 6
      vertex -2.54944 33.6294 6
    endloop
  endfacet
  facet normal -0.321525 0.946901 0
    outer loop
      vertex -2.76001 33.5579 6
      vertex -2.54944 33.6294 1.9
      vertex -2.76001 33.5579 1.9
    endloop
  endfacet
  facet normal -0.751863 0.659319 0
    outer loop
      vertex -1.99792 33.9979 1.9
      vertex -1.8513 34.1651 6
      vertex -1.8513 34.1651 1.9
    endloop
  endfacet
  facet normal -0.751863 0.659319 0
    outer loop
      vertex -1.8513 34.1651 6
      vertex -1.99792 33.9979 1.9
      vertex -1.99792 33.9979 6
    endloop
  endfacet
  facet normal -0.555426 0.831566 0
    outer loop
      vertex -2.1651 33.8513 1.9
      vertex -2.35 33.7278 6
      vertex -2.1651 33.8513 6
    endloop
  endfacet
  facet normal -0.555426 0.831566 0
    outer loop
      vertex -2.35 33.7278 6
      vertex -2.1651 33.8513 1.9
      vertex -2.35 33.7278 1.9
    endloop
  endfacet
  facet normal -0.946956 0.321363 0
    outer loop
      vertex -1.6294 34.5494 1.9
      vertex -1.55793 34.76 6
      vertex -1.55793 34.76 1.9
    endloop
  endfacet
  facet normal -0.946956 0.321363 0
    outer loop
      vertex -1.55793 34.76 6
      vertex -1.6294 34.5494 1.9
      vertex -1.6294 34.5494 6
    endloop
  endfacet
  facet normal 0.195165 0.98077 -0
    outer loop
      vertex -3.42189 33.5145 1.9
      vertex -3.63999 33.5579 6
      vertex -3.42189 33.5145 6
    endloop
  endfacet
  facet normal 0.195165 0.98077 0
    outer loop
      vertex -3.63999 33.5579 6
      vertex -3.42189 33.5145 1.9
      vertex -3.63999 33.5579 1.9
    endloop
  endfacet
  facet normal 0.321525 0.946901 -0
    outer loop
      vertex -3.63999 33.5579 1.9
      vertex -3.85056 33.6294 6
      vertex -3.63999 33.5579 6
    endloop
  endfacet
  facet normal 0.321525 0.946901 0
    outer loop
      vertex -3.85056 33.6294 6
      vertex -3.63999 33.5579 1.9
      vertex -3.85056 33.6294 1.9
    endloop
  endfacet
  facet normal 0.946943 0.321403 0
    outer loop
      vertex -4.77059 34.5494 6
      vertex -4.84207 34.76 1.9
      vertex -4.84207 34.76 6
    endloop
  endfacet
  facet normal 0.946943 0.321403 0
    outer loop
      vertex -4.84207 34.76 1.9
      vertex -4.77059 34.5494 6
      vertex -4.77059 34.5494 1.9
    endloop
  endfacet
  facet normal 0.659291 0.751888 -0
    outer loop
      vertex -4.23489 33.8513 1.9
      vertex -4.40208 33.9979 6
      vertex -4.23489 33.8513 6
    endloop
  endfacet
  facet normal 0.659291 0.751888 0
    outer loop
      vertex -4.40208 33.9979 6
      vertex -4.23489 33.8513 1.9
      vertex -4.40208 33.9979 1.9
    endloop
  endfacet
  facet normal 0.831483 0.555551 0
    outer loop
      vertex -4.5487 34.1651 6
      vertex -4.67224 34.35 1.9
      vertex -4.67224 34.35 6
    endloop
  endfacet
  facet normal 0.831483 0.555551 0
    outer loop
      vertex -4.67224 34.35 1.9
      vertex -4.5487 34.1651 6
      vertex -4.5487 34.1651 1.9
    endloop
  endfacet
  facet normal 0.99786 0.0653848 0
    outer loop
      vertex -4.88546 34.9781 6
      vertex -4.9 35.2 1.9
      vertex -4.9 35.2 6
    endloop
  endfacet
  facet normal 0.99786 0.0653848 0
    outer loop
      vertex -4.9 35.2 1.9
      vertex -4.88546 34.9781 6
      vertex -4.88546 34.9781 1.9
    endloop
  endfacet
  facet normal -0.99786 0.0653848 0
    outer loop
      vertex -1.51454 34.9781 1.9
      vertex -1.5 35.2 6
      vertex -1.5 35.2 1.9
    endloop
  endfacet
  facet normal -0.99786 0.0653848 0
    outer loop
      vertex -1.5 35.2 6
      vertex -1.51454 34.9781 1.9
      vertex -1.51454 34.9781 6
    endloop
  endfacet
  facet normal -0.442459 0.896789 0
    outer loop
      vertex -2.35 33.7278 1.9
      vertex -2.54944 33.6294 6
      vertex -2.35 33.7278 6
    endloop
  endfacet
  facet normal -0.442459 0.896789 0
    outer loop
      vertex -2.54944 33.6294 6
      vertex -2.35 33.7278 1.9
      vertex -2.54944 33.6294 1.9
    endloop
  endfacet
  facet normal -0.659313 0.751869 0
    outer loop
      vertex -1.99792 33.9979 1.9
      vertex -2.1651 33.8513 6
      vertex -1.99792 33.9979 6
    endloop
  endfacet
  facet normal -0.659313 0.751869 0
    outer loop
      vertex -2.1651 33.8513 6
      vertex -1.99792 33.9979 1.9
      vertex -2.1651 33.8513 1.9
    endloop
  endfacet
  facet normal -0.896825 0.442386 0
    outer loop
      vertex -1.72776 34.35 1.9
      vertex -1.6294 34.5494 6
      vertex -1.6294 34.5494 1.9
    endloop
  endfacet
  facet normal -0.896825 0.442386 0
    outer loop
      vertex -1.6294 34.5494 6
      vertex -1.72776 34.35 1.9
      vertex -1.72776 34.35 6
    endloop
  endfacet
  facet normal 0.0652086 0.997872 -0
    outer loop
      vertex -3.2 33.5 1.9
      vertex -3.42189 33.5145 6
      vertex -3.2 33.5 6
    endloop
  endfacet
  facet normal 0.0652086 0.997872 0
    outer loop
      vertex -3.42189 33.5145 6
      vertex -3.2 33.5 1.9
      vertex -3.42189 33.5145 1.9
    endloop
  endfacet
  facet normal 0.442459 0.896789 -0
    outer loop
      vertex -3.85056 33.6294 1.9
      vertex -4.05 33.7278 6
      vertex -3.85056 33.6294 6
    endloop
  endfacet
  facet normal 0.442459 0.896789 0
    outer loop
      vertex -4.05 33.7278 6
      vertex -3.85056 33.6294 1.9
      vertex -4.05 33.7278 1.9
    endloop
  endfacet
  facet normal 0.896843 0.442349 0
    outer loop
      vertex -4.67224 34.35 6
      vertex -4.77059 34.5494 1.9
      vertex -4.77059 34.5494 6
    endloop
  endfacet
  facet normal 0.896843 0.442349 0
    outer loop
      vertex -4.77059 34.5494 1.9
      vertex -4.67224 34.35 6
      vertex -4.67224 34.35 1.9
    endloop
  endfacet
  facet normal 0.751863 0.659319 0
    outer loop
      vertex -4.40208 33.9979 6
      vertex -4.5487 34.1651 1.9
      vertex -4.5487 34.1651 6
    endloop
  endfacet
  facet normal 0.751863 0.659319 0
    outer loop
      vertex -4.5487 34.1651 1.9
      vertex -4.40208 33.9979 6
      vertex -4.40208 33.9979 1.9
    endloop
  endfacet
  facet normal -0.555648 -0.831418 0
    outer loop
      vertex -1.6 37.9713 0
      vertex -1.25196 37.7387 1.9
      vertex -1.6 37.9713 1.9
    endloop
  endfacet
  facet normal -0.555648 -0.831418 -0
    outer loop
      vertex -1.25196 37.7387 1.9
      vertex -1.6 37.9713 0
      vertex -1.25196 37.7387 0
    endloop
  endfacet
  facet normal 0.980782 -0.195105 0
    outer loop
      vertex -6.37262 35.6177 1.9
      vertex -6.29096 36.0282 0
      vertex -6.29096 36.0282 1.9
    endloop
  endfacet
  facet normal 0.980782 -0.195105 0
    outer loop
      vertex -6.29096 36.0282 0
      vertex -6.37262 35.6177 1.9
      vertex -6.37262 35.6177 0
    endloop
  endfacet
  facet normal -0.980782 0.195105 0
    outer loop
      vertex -0.109036 34.3718 0
      vertex -0.0273762 34.7823 1.9
      vertex -0.0273762 34.7823 0
    endloop
  endfacet
  facet normal -0.980782 0.195105 0
    outer loop
      vertex -0.0273762 34.7823 1.9
      vertex -0.109036 34.3718 0
      vertex -0.109036 34.3718 1.9
    endloop
  endfacet
  facet normal 0.194949 0.980813 -0
    outer loop
      vertex -3.61768 32.0274 0
      vertex -4.02822 32.109 1.9
      vertex -3.61768 32.0274 1.9
    endloop
  endfacet
  facet normal 0.194949 0.980813 0
    outer loop
      vertex -4.02822 32.109 1.9
      vertex -3.61768 32.0274 0
      vertex -4.02822 32.109 0
    endloop
  endfacet
  facet normal 0.442228 -0.896903 0
    outer loop
      vertex -4.8 37.9713 0
      vertex -4.42459 38.1564 1.9
      vertex -4.8 37.9713 1.9
    endloop
  endfacet
  facet normal 0.442228 -0.896903 0
    outer loop
      vertex -4.42459 38.1564 1.9
      vertex -4.8 37.9713 0
      vertex -4.42459 38.1564 0
    endloop
  endfacet
  facet normal 0.946937 -0.321419 0
    outer loop
      vertex -6.29096 36.0282 1.9
      vertex -6.15641 36.4246 0
      vertex -6.15641 36.4246 1.9
    endloop
  endfacet
  facet normal 0.946937 -0.321419 0
    outer loop
      vertex -6.15641 36.4246 0
      vertex -6.29096 36.0282 1.9
      vertex -6.29096 36.0282 0
    endloop
  endfacet
  facet normal 0.831443 0.55561 0
    outer loop
      vertex -5.73873 33.252 1.9
      vertex -5.97128 33.6 0
      vertex -5.97128 33.6 1.9
    endloop
  endfacet
  facet normal 0.831443 0.55561 0
    outer loop
      vertex -5.97128 33.6 0
      vertex -5.73873 33.252 1.9
      vertex -5.73873 33.252 0
    endloop
  endfacet
  facet normal -0.946938 -0.321417 0
    outer loop
      vertex -0.109036 36.0282 0
      vertex -0.243585 36.4246 1.9
      vertex -0.243585 36.4246 0
    endloop
  endfacet
  facet normal -0.946938 -0.321417 0
    outer loop
      vertex -0.243585 36.4246 1.9
      vertex -0.109036 36.0282 0
      vertex -0.109036 36.0282 1.9
    endloop
  endfacet
  facet normal -0.896866 -0.442303 0
    outer loop
      vertex -0.243585 36.4246 0
      vertex -0.428719 36.8 1.9
      vertex -0.428719 36.8 0
    endloop
  endfacet
  facet normal -0.896866 -0.442303 0
    outer loop
      vertex -0.428719 36.8 1.9
      vertex -0.243585 36.4246 0
      vertex -0.243585 36.4246 1.9
    endloop
  endfacet
  facet normal -0.831443 -0.55561 0
    outer loop
      vertex -0.428719 36.8 0
      vertex -0.661269 37.148 1.9
      vertex -0.661269 37.148 0
    endloop
  endfacet
  facet normal -0.831443 -0.55561 0
    outer loop
      vertex -0.661269 37.148 1.9
      vertex -0.428719 36.8 0
      vertex -0.428719 36.8 1.9
    endloop
  endfacet
  facet normal -0.751834 -0.659352 0
    outer loop
      vertex -0.661269 37.148 0
      vertex -0.937258 37.4627 1.9
      vertex -0.937258 37.4627 0
    endloop
  endfacet
  facet normal -0.751834 -0.659352 0
    outer loop
      vertex -0.937258 37.4627 1.9
      vertex -0.661269 37.148 0
      vertex -0.661269 37.148 1.9
    endloop
  endfacet
  facet normal -0.442228 -0.896903 0
    outer loop
      vertex -1.97541 38.1564 0
      vertex -1.6 37.9713 1.9
      vertex -1.97541 38.1564 1.9
    endloop
  endfacet
  facet normal -0.442228 -0.896903 -0
    outer loop
      vertex -1.6 37.9713 1.9
      vertex -1.97541 38.1564 0
      vertex -1.6 37.9713 0
    endloop
  endfacet
  facet normal -0.194949 -0.980813 0
    outer loop
      vertex -2.78232 38.3726 0
      vertex -2.37178 38.291 1.9
      vertex -2.78232 38.3726 1.9
    endloop
  endfacet
  facet normal -0.194949 -0.980813 -0
    outer loop
      vertex -2.37178 38.291 1.9
      vertex -2.78232 38.3726 0
      vertex -2.37178 38.291 0
    endloop
  endfacet
  facet normal 0.997859 0.0654091 0
    outer loop
      vertex -6.37262 34.7823 1.9
      vertex -6.4 35.2 0
      vertex -6.4 35.2 1.9
    endloop
  endfacet
  facet normal 0.997859 0.0654091 0
    outer loop
      vertex -6.4 35.2 0
      vertex -6.37262 34.7823 1.9
      vertex -6.37262 34.7823 0
    endloop
  endfacet
  facet normal 0.831443 -0.55561 0
    outer loop
      vertex -5.97128 36.8 1.9
      vertex -5.73873 37.148 0
      vertex -5.73873 37.148 1.9
    endloop
  endfacet
  facet normal 0.831443 -0.55561 0
    outer loop
      vertex -5.73873 37.148 0
      vertex -5.97128 36.8 1.9
      vertex -5.97128 36.8 0
    endloop
  endfacet
  facet normal 0.555648 -0.831418 0
    outer loop
      vertex -5.14804 37.7387 0
      vertex -4.8 37.9713 1.9
      vertex -5.14804 37.7387 1.9
    endloop
  endfacet
  facet normal 0.555648 -0.831418 0
    outer loop
      vertex -4.8 37.9713 1.9
      vertex -5.14804 37.7387 0
      vertex -4.8 37.9713 0
    endloop
  endfacet
  facet normal 0.659367 -0.751821 0
    outer loop
      vertex -5.46274 37.4627 0
      vertex -5.14804 37.7387 1.9
      vertex -5.46274 37.4627 1.9
    endloop
  endfacet
  facet normal 0.659367 -0.751821 0
    outer loop
      vertex -5.14804 37.7387 1.9
      vertex -5.46274 37.4627 0
      vertex -5.14804 37.7387 0
    endloop
  endfacet
  facet normal -0.997859 0.0654 0
    outer loop
      vertex -0.0273762 34.7823 0
      vertex 0 35.2 1.9
      vertex 0 35.2 0
    endloop
  endfacet
  facet normal -0.997859 0.0654 0
    outer loop
      vertex 0 35.2 1.9
      vertex -0.0273762 34.7823 0
      vertex -0.0273762 34.7823 1.9
    endloop
  endfacet
  facet normal -0.442228 0.896903 0
    outer loop
      vertex -1.6 32.4287 0
      vertex -1.97541 32.2436 1.9
      vertex -1.6 32.4287 1.9
    endloop
  endfacet
  facet normal -0.442228 0.896903 0
    outer loop
      vertex -1.97541 32.2436 1.9
      vertex -1.6 32.4287 0
      vertex -1.97541 32.2436 0
    endloop
  endfacet
  facet normal -0.831443 0.55561 0
    outer loop
      vertex -0.661269 33.252 0
      vertex -0.428719 33.6 1.9
      vertex -0.428719 33.6 0
    endloop
  endfacet
  facet normal -0.831443 0.55561 0
    outer loop
      vertex -0.428719 33.6 1.9
      vertex -0.661269 33.252 0
      vertex -0.661269 33.252 1.9
    endloop
  endfacet
  facet normal 0.321548 0.946893 -0
    outer loop
      vertex -4.02822 32.109 0
      vertex -4.42459 32.2436 1.9
      vertex -4.02822 32.109 1.9
    endloop
  endfacet
  facet normal 0.321548 0.946893 0
    outer loop
      vertex -4.42459 32.2436 1.9
      vertex -4.02822 32.109 0
      vertex -4.42459 32.2436 0
    endloop
  endfacet
  facet normal -0.980782 -0.195105 0
    outer loop
      vertex -0.0273762 35.6177 0
      vertex -0.109036 36.0282 1.9
      vertex -0.109036 36.0282 0
    endloop
  endfacet
  facet normal -0.980782 -0.195105 0
    outer loop
      vertex -0.109036 36.0282 1.9
      vertex -0.0273762 35.6177 0
      vertex -0.0273762 35.6177 1.9
    endloop
  endfacet
  facet normal -0.659364 -0.751824 0
    outer loop
      vertex -1.25196 37.7387 0
      vertex -0.937258 37.4627 1.9
      vertex -1.25196 37.7387 1.9
    endloop
  endfacet
  facet normal -0.659364 -0.751824 -0
    outer loop
      vertex -0.937258 37.4627 1.9
      vertex -1.25196 37.7387 0
      vertex -0.937258 37.4627 0
    endloop
  endfacet
  facet normal 0.0654598 -0.997855 0
    outer loop
      vertex -3.61768 38.3726 0
      vertex -3.2 38.4 1.9
      vertex -3.61768 38.3726 1.9
    endloop
  endfacet
  facet normal 0.0654598 -0.997855 0
    outer loop
      vertex -3.2 38.4 1.9
      vertex -3.61768 38.3726 0
      vertex -3.2 38.4 0
    endloop
  endfacet
  facet normal -0.321548 -0.946893 0
    outer loop
      vertex -2.37178 38.291 0
      vertex -1.97541 38.1564 1.9
      vertex -2.37178 38.291 1.9
    endloop
  endfacet
  facet normal -0.321548 -0.946893 -0
    outer loop
      vertex -1.97541 38.1564 1.9
      vertex -2.37178 38.291 0
      vertex -1.97541 38.1564 0
    endloop
  endfacet
  facet normal -0.0654598 -0.997855 0
    outer loop
      vertex -3.2 38.4 0
      vertex -2.78232 38.3726 1.9
      vertex -3.2 38.4 1.9
    endloop
  endfacet
  facet normal -0.0654598 -0.997855 -0
    outer loop
      vertex -2.78232 38.3726 1.9
      vertex -3.2 38.4 0
      vertex -2.78232 38.3726 0
    endloop
  endfacet
  facet normal 0.997859 -0.0654091 0
    outer loop
      vertex -6.4 35.2 1.9
      vertex -6.37262 35.6177 0
      vertex -6.37262 35.6177 1.9
    endloop
  endfacet
  facet normal 0.997859 -0.0654091 0
    outer loop
      vertex -6.37262 35.6177 0
      vertex -6.4 35.2 1.9
      vertex -6.4 35.2 0
    endloop
  endfacet
  facet normal 0.89687 -0.442295 0
    outer loop
      vertex -6.15641 36.4246 1.9
      vertex -5.97128 36.8 0
      vertex -5.97128 36.8 1.9
    endloop
  endfacet
  facet normal 0.89687 -0.442295 0
    outer loop
      vertex -5.97128 36.8 0
      vertex -6.15641 36.4246 1.9
      vertex -6.15641 36.4246 0
    endloop
  endfacet
  facet normal 0.194949 -0.980813 0
    outer loop
      vertex -4.02822 38.291 0
      vertex -3.61768 38.3726 1.9
      vertex -4.02822 38.291 1.9
    endloop
  endfacet
  facet normal 0.194949 -0.980813 0
    outer loop
      vertex -3.61768 38.3726 1.9
      vertex -4.02822 38.291 0
      vertex -3.61768 38.3726 0
    endloop
  endfacet
  facet normal 0.321548 -0.946893 0
    outer loop
      vertex -4.42459 38.1564 0
      vertex -4.02822 38.291 1.9
      vertex -4.42459 38.1564 1.9
    endloop
  endfacet
  facet normal 0.321548 -0.946893 0
    outer loop
      vertex -4.02822 38.291 1.9
      vertex -4.42459 38.1564 0
      vertex -4.02822 38.291 0
    endloop
  endfacet
  facet normal 0.751833 -0.659353 0
    outer loop
      vertex -5.73873 37.148 1.9
      vertex -5.46274 37.4627 0
      vertex -5.46274 37.4627 1.9
    endloop
  endfacet
  facet normal 0.751833 -0.659353 0
    outer loop
      vertex -5.46274 37.4627 0
      vertex -5.73873 37.148 1.9
      vertex -5.73873 37.148 0
    endloop
  endfacet
  facet normal -0.997859 -0.0654 0
    outer loop
      vertex 0 35.2 0
      vertex -0.0273762 35.6177 1.9
      vertex -0.0273762 35.6177 0
    endloop
  endfacet
  facet normal -0.997859 -0.0654 0
    outer loop
      vertex -0.0273762 35.6177 1.9
      vertex 0 35.2 0
      vertex 0 35.2 1.9
    endloop
  endfacet
  facet normal -0.194949 0.980813 0
    outer loop
      vertex -2.37178 32.109 0
      vertex -2.78232 32.0274 1.9
      vertex -2.37178 32.109 1.9
    endloop
  endfacet
  facet normal -0.194949 0.980813 0
    outer loop
      vertex -2.78232 32.0274 1.9
      vertex -2.37178 32.109 0
      vertex -2.78232 32.0274 0
    endloop
  endfacet
  facet normal -0.321548 0.946893 0
    outer loop
      vertex -1.97541 32.2436 0
      vertex -2.37178 32.109 1.9
      vertex -1.97541 32.2436 1.9
    endloop
  endfacet
  facet normal -0.321548 0.946893 0
    outer loop
      vertex -2.37178 32.109 1.9
      vertex -1.97541 32.2436 0
      vertex -2.37178 32.109 0
    endloop
  endfacet
  facet normal -0.555648 0.831418 0
    outer loop
      vertex -1.25196 32.6613 0
      vertex -1.6 32.4287 1.9
      vertex -1.25196 32.6613 1.9
    endloop
  endfacet
  facet normal -0.555648 0.831418 0
    outer loop
      vertex -1.6 32.4287 1.9
      vertex -1.25196 32.6613 0
      vertex -1.6 32.4287 0
    endloop
  endfacet
  facet normal -0.751834 0.659352 0
    outer loop
      vertex -0.937258 32.9373 0
      vertex -0.661269 33.252 1.9
      vertex -0.661269 33.252 0
    endloop
  endfacet
  facet normal -0.751834 0.659352 0
    outer loop
      vertex -0.661269 33.252 1.9
      vertex -0.937258 32.9373 0
      vertex -0.937258 32.9373 1.9
    endloop
  endfacet
  facet normal -0.946938 0.321417 0
    outer loop
      vertex -0.243585 33.9754 0
      vertex -0.109036 34.3718 1.9
      vertex -0.109036 34.3718 0
    endloop
  endfacet
  facet normal -0.946938 0.321417 0
    outer loop
      vertex -0.109036 34.3718 1.9
      vertex -0.243585 33.9754 0
      vertex -0.243585 33.9754 1.9
    endloop
  endfacet
  facet normal 0.0654598 0.997855 -0
    outer loop
      vertex -3.2 32 0
      vertex -3.61768 32.0274 1.9
      vertex -3.2 32 1.9
    endloop
  endfacet
  facet normal 0.0654598 0.997855 0
    outer loop
      vertex -3.61768 32.0274 1.9
      vertex -3.2 32 0
      vertex -3.61768 32.0274 0
    endloop
  endfacet
  facet normal -0.0654598 0.997855 0
    outer loop
      vertex -2.78232 32.0274 0
      vertex -3.2 32 1.9
      vertex -2.78232 32.0274 1.9
    endloop
  endfacet
  facet normal -0.0654598 0.997855 0
    outer loop
      vertex -3.2 32 1.9
      vertex -2.78232 32.0274 0
      vertex -3.2 32 0
    endloop
  endfacet
  facet normal 0.555648 0.831418 -0
    outer loop
      vertex -4.8 32.4287 0
      vertex -5.14804 32.6613 1.9
      vertex -4.8 32.4287 1.9
    endloop
  endfacet
  facet normal 0.555648 0.831418 0
    outer loop
      vertex -5.14804 32.6613 1.9
      vertex -4.8 32.4287 0
      vertex -5.14804 32.6613 0
    endloop
  endfacet
  facet normal 0.89687 0.442295 0
    outer loop
      vertex -5.97128 33.6 1.9
      vertex -6.15641 33.9754 0
      vertex -6.15641 33.9754 1.9
    endloop
  endfacet
  facet normal 0.89687 0.442295 0
    outer loop
      vertex -6.15641 33.9754 0
      vertex -5.97128 33.6 1.9
      vertex -5.97128 33.6 0
    endloop
  endfacet
  facet normal 0.980782 0.195105 0
    outer loop
      vertex -6.29096 34.3718 1.9
      vertex -6.37262 34.7823 0
      vertex -6.37262 34.7823 1.9
    endloop
  endfacet
  facet normal 0.980782 0.195105 0
    outer loop
      vertex -6.37262 34.7823 0
      vertex -6.29096 34.3718 1.9
      vertex -6.29096 34.3718 0
    endloop
  endfacet
  facet normal 0.751833 0.659353 0
    outer loop
      vertex -5.46274 32.9373 1.9
      vertex -5.73873 33.252 0
      vertex -5.73873 33.252 1.9
    endloop
  endfacet
  facet normal 0.751833 0.659353 0
    outer loop
      vertex -5.73873 33.252 0
      vertex -5.46274 32.9373 1.9
      vertex -5.46274 32.9373 0
    endloop
  endfacet
  facet normal 0.659367 0.751821 -0
    outer loop
      vertex -5.14804 32.6613 0
      vertex -5.46274 32.9373 1.9
      vertex -5.14804 32.6613 1.9
    endloop
  endfacet
  facet normal 0.659367 0.751821 0
    outer loop
      vertex -5.46274 32.9373 1.9
      vertex -5.14804 32.6613 0
      vertex -5.46274 32.9373 0
    endloop
  endfacet
  facet normal 0 0 -1
    outer loop
      vertex -1.5 35.2 1.9
      vertex 0 35.2 1.9
      vertex -0.0273762 34.7823 1.9
    endloop
  endfacet
  facet normal 0 0 -1
    outer loop
      vertex -1.51454 34.9781 1.9
      vertex -0.0273762 34.7823 1.9
      vertex -0.109036 34.3718 1.9
    endloop
  endfacet
  facet normal 0 0 -1
    outer loop
      vertex 0 35.2 1.9
      vertex -1.5 35.2 1.9
      vertex -0.0273762 35.6177 1.9
    endloop
  endfacet
  facet normal 0 0 -1
    outer loop
      vertex -1.55793 34.76 1.9
      vertex -0.109036 34.3718 1.9
      vertex -0.243585 33.9754 1.9
    endloop
  endfacet
  facet normal 0 0 -1
    outer loop
      vertex -1.51454 35.4219 1.9
      vertex -0.0273762 35.6177 1.9
      vertex -1.5 35.2 1.9
    endloop
  endfacet
  facet normal 0 0 -1
    outer loop
      vertex -1.6294 34.5494 1.9
      vertex -0.243585 33.9754 1.9
      vertex -0.428719 33.6 1.9
    endloop
  endfacet
  facet normal -0 0 -1
    outer loop
      vertex -0.0273762 35.6177 1.9
      vertex -1.51454 35.4219 1.9
      vertex -0.109036 36.0282 1.9
    endloop
  endfacet
  facet normal 0 0 -1
    outer loop
      vertex -1.72776 34.35 1.9
      vertex -0.428719 33.6 1.9
      vertex -0.661269 33.252 1.9
    endloop
  endfacet
  facet normal 0 0 -1
    outer loop
      vertex -1.55793 35.64 1.9
      vertex -0.109036 36.0282 1.9
      vertex -1.51454 35.4219 1.9
    endloop
  endfacet
  facet normal 0 0 -1
    outer loop
      vertex -1.8513 34.1651 1.9
      vertex -0.661269 33.252 1.9
      vertex -0.937258 32.9373 1.9
    endloop
  endfacet
  facet normal -0 0 -1
    outer loop
      vertex -0.109036 36.0282 1.9
      vertex -1.55793 35.64 1.9
      vertex -0.243585 36.4246 1.9
    endloop
  endfacet
  facet normal 0 0 -1
    outer loop
      vertex -1.99792 33.9979 1.9
      vertex -0.937258 32.9373 1.9
      vertex -1.25196 32.6613 1.9
    endloop
  endfacet
  facet normal 0 0 -1
    outer loop
      vertex -1.6294 35.8506 1.9
      vertex -0.243585 36.4246 1.9
      vertex -1.55793 35.64 1.9
    endloop
  endfacet
  facet normal -0 0 -1
    outer loop
      vertex -0.243585 36.4246 1.9
      vertex -1.6294 35.8506 1.9
      vertex -0.428719 36.8 1.9
    endloop
  endfacet
  facet normal 0 0 -1
    outer loop
      vertex -0.0273762 34.7823 1.9
      vertex -1.51454 34.9781 1.9
      vertex -1.5 35.2 1.9
    endloop
  endfacet
  facet normal 0 0 -1
    outer loop
      vertex -0.109036 34.3718 1.9
      vertex -1.55793 34.76 1.9
      vertex -1.51454 34.9781 1.9
    endloop
  endfacet
  facet normal 0 0 -1
    outer loop
      vertex -2.1651 33.8513 1.9
      vertex -1.25196 32.6613 1.9
      vertex -1.6 32.4287 1.9
    endloop
  endfacet
  facet normal 0 0 -1
    outer loop
      vertex -0.243585 33.9754 1.9
      vertex -1.6294 34.5494 1.9
      vertex -1.55793 34.76 1.9
    endloop
  endfacet
  facet normal 0 0 -1
    outer loop
      vertex -0.428719 33.6 1.9
      vertex -1.72776 34.35 1.9
      vertex -1.6294 34.5494 1.9
    endloop
  endfacet
  facet normal 0 0 -1
    outer loop
      vertex -0.661269 33.252 1.9
      vertex -1.8513 34.1651 1.9
      vertex -1.72776 34.35 1.9
    endloop
  endfacet
  facet normal 0 0 -1
    outer loop
      vertex -2.35 33.7278 1.9
      vertex -1.6 32.4287 1.9
      vertex -1.97541 32.2436 1.9
    endloop
  endfacet
  facet normal 0 0 -1
    outer loop
      vertex -0.937258 32.9373 1.9
      vertex -1.99792 33.9979 1.9
      vertex -1.8513 34.1651 1.9
    endloop
  endfacet
  facet normal 0 0 -1
    outer loop
      vertex -1.25196 32.6613 1.9
      vertex -2.1651 33.8513 1.9
      vertex -1.99792 33.9979 1.9
    endloop
  endfacet
  facet normal 0 0 -1
    outer loop
      vertex -1.6 32.4287 1.9
      vertex -2.35 33.7278 1.9
      vertex -2.1651 33.8513 1.9
    endloop
  endfacet
  facet normal 0 0 -1
    outer loop
      vertex -2.54944 33.6294 1.9
      vertex -1.97541 32.2436 1.9
      vertex -2.37178 32.109 1.9
    endloop
  endfacet
  facet normal 0 0 -1
    outer loop
      vertex -1.97541 32.2436 1.9
      vertex -2.54944 33.6294 1.9
      vertex -2.35 33.7278 1.9
    endloop
  endfacet
  facet normal 0 0 -1
    outer loop
      vertex -2.37178 32.109 1.9
      vertex -2.76001 33.5579 1.9
      vertex -2.54944 33.6294 1.9
    endloop
  endfacet
  facet normal 0 0 -1
    outer loop
      vertex -2.78232 32.0274 1.9
      vertex -2.76001 33.5579 1.9
      vertex -2.37178 32.109 1.9
    endloop
  endfacet
  facet normal 0 0 -1
    outer loop
      vertex -2.78232 32.0274 1.9
      vertex -2.9781 33.5145 1.9
      vertex -2.76001 33.5579 1.9
    endloop
  endfacet
  facet normal 0 0 -1
    outer loop
      vertex -3.2 32 1.9
      vertex -2.9781 33.5145 1.9
      vertex -2.78232 32.0274 1.9
    endloop
  endfacet
  facet normal 0 0 -1
    outer loop
      vertex -3.2 32 1.9
      vertex -3.2 33.5 1.9
      vertex -2.9781 33.5145 1.9
    endloop
  endfacet
  facet normal 0 0 -1
    outer loop
      vertex -3.2 32 1.9
      vertex -3.42189 33.5145 1.9
      vertex -3.2 33.5 1.9
    endloop
  endfacet
  facet normal 0 0 -1
    outer loop
      vertex -3.61768 32.0274 1.9
      vertex -3.42189 33.5145 1.9
      vertex -3.2 32 1.9
    endloop
  endfacet
  facet normal 0 0 -1
    outer loop
      vertex -3.61768 32.0274 1.9
      vertex -3.63999 33.5579 1.9
      vertex -3.42189 33.5145 1.9
    endloop
  endfacet
  facet normal 0 0 -1
    outer loop
      vertex -4.02822 32.109 1.9
      vertex -3.63999 33.5579 1.9
      vertex -3.61768 32.0274 1.9
    endloop
  endfacet
  facet normal -0 0 -1
    outer loop
      vertex -3.63999 33.5579 1.9
      vertex -4.02822 32.109 1.9
      vertex -3.85056 33.6294 1.9
    endloop
  endfacet
  facet normal 0 0 -1
    outer loop
      vertex -4.42459 32.2436 1.9
      vertex -3.85056 33.6294 1.9
      vertex -4.02822 32.109 1.9
    endloop
  endfacet
  facet normal -0 0 -1
    outer loop
      vertex -3.85056 33.6294 1.9
      vertex -4.42459 32.2436 1.9
      vertex -4.05 33.7278 1.9
    endloop
  endfacet
  facet normal 0 0 -1
    outer loop
      vertex -4.8 32.4287 1.9
      vertex -4.05 33.7278 1.9
      vertex -4.42459 32.2436 1.9
    endloop
  endfacet
  facet normal -0 0 -1
    outer loop
      vertex -4.05 33.7278 1.9
      vertex -4.8 32.4287 1.9
      vertex -4.23489 33.8513 1.9
    endloop
  endfacet
  facet normal 0 0 -1
    outer loop
      vertex -5.14804 32.6613 1.9
      vertex -4.23489 33.8513 1.9
      vertex -4.8 32.4287 1.9
    endloop
  endfacet
  facet normal -0 0 -1
    outer loop
      vertex -4.23489 33.8513 1.9
      vertex -5.14804 32.6613 1.9
      vertex -4.40208 33.9979 1.9
    endloop
  endfacet
  facet normal 0 0 -1
    outer loop
      vertex -5.46274 32.9373 1.9
      vertex -4.40208 33.9979 1.9
      vertex -5.14804 32.6613 1.9
    endloop
  endfacet
  facet normal -0 0 -1
    outer loop
      vertex -4.40208 33.9979 1.9
      vertex -5.46274 32.9373 1.9
      vertex -4.5487 34.1651 1.9
    endloop
  endfacet
  facet normal 0 0 -1
    outer loop
      vertex -5.73873 33.252 1.9
      vertex -4.5487 34.1651 1.9
      vertex -5.46274 32.9373 1.9
    endloop
  endfacet
  facet normal -0 0 -1
    outer loop
      vertex -4.5487 34.1651 1.9
      vertex -5.73873 33.252 1.9
      vertex -4.67224 34.35 1.9
    endloop
  endfacet
  facet normal 0 0 -1
    outer loop
      vertex -5.97128 33.6 1.9
      vertex -4.67224 34.35 1.9
      vertex -5.73873 33.252 1.9
    endloop
  endfacet
  facet normal -0 0 -1
    outer loop
      vertex -4.67224 34.35 1.9
      vertex -5.97128 33.6 1.9
      vertex -4.77059 34.5494 1.9
    endloop
  endfacet
  facet normal 0 0 -1
    outer loop
      vertex -1.72776 36.05 1.9
      vertex -0.428719 36.8 1.9
      vertex -1.6294 35.8506 1.9
    endloop
  endfacet
  facet normal -0 0 -1
    outer loop
      vertex -0.428719 36.8 1.9
      vertex -1.72776 36.05 1.9
      vertex -0.661269 37.148 1.9
    endloop
  endfacet
  facet normal 0 0 -1
    outer loop
      vertex -1.8513 36.2349 1.9
      vertex -0.661269 37.148 1.9
      vertex -1.72776 36.05 1.9
    endloop
  endfacet
  facet normal -0 0 -1
    outer loop
      vertex -0.661269 37.148 1.9
      vertex -1.8513 36.2349 1.9
      vertex -0.937258 37.4627 1.9
    endloop
  endfacet
  facet normal 0 0 -1
    outer loop
      vertex -1.99792 36.4021 1.9
      vertex -0.937258 37.4627 1.9
      vertex -1.8513 36.2349 1.9
    endloop
  endfacet
  facet normal -0 0 -1
    outer loop
      vertex -0.937258 37.4627 1.9
      vertex -1.99792 36.4021 1.9
      vertex -1.25196 37.7387 1.9
    endloop
  endfacet
  facet normal 0 0 -1
    outer loop
      vertex -2.1651 36.5487 1.9
      vertex -1.25196 37.7387 1.9
      vertex -1.99792 36.4021 1.9
    endloop
  endfacet
  facet normal -0 0 -1
    outer loop
      vertex -1.25196 37.7387 1.9
      vertex -2.1651 36.5487 1.9
      vertex -1.6 37.9713 1.9
    endloop
  endfacet
  facet normal 0 0 -1
    outer loop
      vertex -2.35 36.6722 1.9
      vertex -1.6 37.9713 1.9
      vertex -2.1651 36.5487 1.9
    endloop
  endfacet
  facet normal -0 0 -1
    outer loop
      vertex -1.6 37.9713 1.9
      vertex -2.35 36.6722 1.9
      vertex -1.97541 38.1564 1.9
    endloop
  endfacet
  facet normal 0 0 -1
    outer loop
      vertex -2.54944 36.7706 1.9
      vertex -1.97541 38.1564 1.9
      vertex -2.35 36.6722 1.9
    endloop
  endfacet
  facet normal -0 0 -1
    outer loop
      vertex -1.97541 38.1564 1.9
      vertex -2.54944 36.7706 1.9
      vertex -2.37178 38.291 1.9
    endloop
  endfacet
  facet normal 0 0 -1
    outer loop
      vertex -2.76001 36.8421 1.9
      vertex -2.37178 38.291 1.9
      vertex -2.54944 36.7706 1.9
    endloop
  endfacet
  facet normal 0 0 -1
    outer loop
      vertex -2.76001 36.8421 1.9
      vertex -2.78232 38.3726 1.9
      vertex -2.37178 38.291 1.9
    endloop
  endfacet
  facet normal 0 0 -1
    outer loop
      vertex -2.9781 36.8855 1.9
      vertex -2.78232 38.3726 1.9
      vertex -2.76001 36.8421 1.9
    endloop
  endfacet
  facet normal 0 0 -1
    outer loop
      vertex -3.2 36.9 1.9
      vertex -2.78232 38.3726 1.9
      vertex -2.9781 36.8855 1.9
    endloop
  endfacet
  facet normal 0 0 -1
    outer loop
      vertex -3.2 36.9 1.9
      vertex -3.2 38.4 1.9
      vertex -2.78232 38.3726 1.9
    endloop
  endfacet
  facet normal 0 0 -1
    outer loop
      vertex -3.42189 36.8855 1.9
      vertex -3.2 38.4 1.9
      vertex -3.2 36.9 1.9
    endloop
  endfacet
  facet normal 0 0 -1
    outer loop
      vertex -3.42189 36.8855 1.9
      vertex -3.61768 38.3726 1.9
      vertex -3.2 38.4 1.9
    endloop
  endfacet
  facet normal 0 0 -1
    outer loop
      vertex -3.63999 36.8421 1.9
      vertex -3.61768 38.3726 1.9
      vertex -3.42189 36.8855 1.9
    endloop
  endfacet
  facet normal 0 0 -1
    outer loop
      vertex -4.02822 38.291 1.9
      vertex -3.63999 36.8421 1.9
      vertex -3.85056 36.7706 1.9
    endloop
  endfacet
  facet normal 0 0 -1
    outer loop
      vertex -3.63999 36.8421 1.9
      vertex -4.02822 38.291 1.9
      vertex -3.61768 38.3726 1.9
    endloop
  endfacet
  facet normal 0 0 -1
    outer loop
      vertex -4.42459 38.1564 1.9
      vertex -3.85056 36.7706 1.9
      vertex -4.05 36.6722 1.9
    endloop
  endfacet
  facet normal 0 0 -1
    outer loop
      vertex -4.8 37.9713 1.9
      vertex -4.05 36.6722 1.9
      vertex -4.23489 36.5487 1.9
    endloop
  endfacet
  facet normal 0 0 -1
    outer loop
      vertex -5.14804 37.7387 1.9
      vertex -4.23489 36.5487 1.9
      vertex -4.40208 36.4021 1.9
    endloop
  endfacet
  facet normal 0 0 -1
    outer loop
      vertex -3.85056 36.7706 1.9
      vertex -4.42459 38.1564 1.9
      vertex -4.02822 38.291 1.9
    endloop
  endfacet
  facet normal 0 0 -1
    outer loop
      vertex -5.46274 37.4627 1.9
      vertex -4.40208 36.4021 1.9
      vertex -4.5487 36.2349 1.9
    endloop
  endfacet
  facet normal 0 0 -1
    outer loop
      vertex -5.73873 37.148 1.9
      vertex -4.5487 36.2349 1.9
      vertex -4.67224 36.05 1.9
    endloop
  endfacet
  facet normal 0 0 -1
    outer loop
      vertex -5.97128 36.8 1.9
      vertex -4.67224 36.05 1.9
      vertex -4.77059 35.8506 1.9
    endloop
  endfacet
  facet normal 0 0 -1
    outer loop
      vertex -4.05 36.6722 1.9
      vertex -4.8 37.9713 1.9
      vertex -4.42459 38.1564 1.9
    endloop
  endfacet
  facet normal 0 0 -1
    outer loop
      vertex -6.15641 36.4246 1.9
      vertex -4.77059 35.8506 1.9
      vertex -4.84207 35.64 1.9
    endloop
  endfacet
  facet normal 0 0 -1
    outer loop
      vertex -6.29096 36.0282 1.9
      vertex -4.84207 35.64 1.9
      vertex -4.88546 35.4219 1.9
    endloop
  endfacet
  facet normal 0 0 -1
    outer loop
      vertex -6.37262 35.6177 1.9
      vertex -4.88546 35.4219 1.9
      vertex -4.9 35.2 1.9
    endloop
  endfacet
  facet normal 0 0 -1
    outer loop
      vertex -6.15641 33.9754 1.9
      vertex -4.77059 34.5494 1.9
      vertex -5.97128 33.6 1.9
    endloop
  endfacet
  facet normal 0 0 -1
    outer loop
      vertex -4.23489 36.5487 1.9
      vertex -5.14804 37.7387 1.9
      vertex -4.8 37.9713 1.9
    endloop
  endfacet
  facet normal -0 0 -1
    outer loop
      vertex -4.77059 34.5494 1.9
      vertex -6.15641 33.9754 1.9
      vertex -4.84207 34.76 1.9
    endloop
  endfacet
  facet normal 0 0 -1
    outer loop
      vertex -4.40208 36.4021 1.9
      vertex -5.46274 37.4627 1.9
      vertex -5.14804 37.7387 1.9
    endloop
  endfacet
  facet normal 0 0 -1
    outer loop
      vertex -6.29096 34.3718 1.9
      vertex -4.84207 34.76 1.9
      vertex -6.15641 33.9754 1.9
    endloop
  endfacet
  facet normal 0 0 -1
    outer loop
      vertex -4.5487 36.2349 1.9
      vertex -5.73873 37.148 1.9
      vertex -5.46274 37.4627 1.9
    endloop
  endfacet
  facet normal -0 0 -1
    outer loop
      vertex -4.84207 34.76 1.9
      vertex -6.29096 34.3718 1.9
      vertex -4.88546 34.9781 1.9
    endloop
  endfacet
  facet normal 0 0 -1
    outer loop
      vertex -4.67224 36.05 1.9
      vertex -5.97128 36.8 1.9
      vertex -5.73873 37.148 1.9
    endloop
  endfacet
  facet normal 0 0 -1
    outer loop
      vertex -6.37262 34.7823 1.9
      vertex -4.88546 34.9781 1.9
      vertex -6.29096 34.3718 1.9
    endloop
  endfacet
  facet normal 0 0 -1
    outer loop
      vertex -4.77059 35.8506 1.9
      vertex -6.15641 36.4246 1.9
      vertex -5.97128 36.8 1.9
    endloop
  endfacet
  facet normal -0 0 -1
    outer loop
      vertex -4.88546 34.9781 1.9
      vertex -6.37262 34.7823 1.9
      vertex -4.9 35.2 1.9
    endloop
  endfacet
  facet normal 0 0 -1
    outer loop
      vertex -4.84207 35.64 1.9
      vertex -6.29096 36.0282 1.9
      vertex -6.15641 36.4246 1.9
    endloop
  endfacet
  facet normal 0 0 -1
    outer loop
      vertex -6.4 35.2 1.9
      vertex -4.9 35.2 1.9
      vertex -6.37262 34.7823 1.9
    endloop
  endfacet
  facet normal 0 0 -1
    outer loop
      vertex -4.88546 35.4219 1.9
      vertex -6.37262 35.6177 1.9
      vertex -6.29096 36.0282 1.9
    endloop
  endfacet
  facet normal 0 0 -1
    outer loop
      vertex -4.9 35.2 1.9
      vertex -6.4 35.2 1.9
      vertex -6.37262 35.6177 1.9
    endloop
  endfacet
  facet normal -0.659364 0.751824 0
    outer loop
      vertex -0.937258 32.9373 0
      vertex -1.25196 32.6613 1.9
      vertex -0.937258 32.9373 1.9
    endloop
  endfacet
  facet normal -0.659364 0.751824 0
    outer loop
      vertex -1.25196 32.6613 1.9
      vertex -0.937258 32.9373 0
      vertex -1.25196 32.6613 0
    endloop
  endfacet
  facet normal -0.896866 0.442303 0
    outer loop
      vertex -0.428719 33.6 0
      vertex -0.243585 33.9754 1.9
      vertex -0.243585 33.9754 0
    endloop
  endfacet
  facet normal -0.896866 0.442303 0
    outer loop
      vertex -0.243585 33.9754 1.9
      vertex -0.428719 33.6 0
      vertex -0.428719 33.6 1.9
    endloop
  endfacet
  facet normal 0.442228 0.896903 -0
    outer loop
      vertex -4.42459 32.2436 0
      vertex -4.8 32.4287 1.9
      vertex -4.42459 32.2436 1.9
    endloop
  endfacet
  facet normal 0.442228 0.896903 0
    outer loop
      vertex -4.8 32.4287 1.9
      vertex -4.42459 32.2436 0
      vertex -4.8 32.4287 0
    endloop
  endfacet
  facet normal 0.946937 0.321419 0
    outer loop
      vertex -6.15641 33.9754 1.9
      vertex -6.29096 34.3718 0
      vertex -6.29096 34.3718 1.9
    endloop
  endfacet
  facet normal 0.946937 0.321419 0
    outer loop
      vertex -6.29096 34.3718 0
      vertex -6.15641 33.9754 1.9
      vertex -6.15641 33.9754 0
    endloop
  endfacet
endsolid OpenSCAD_Model
