solid OpenSCAD_Model
  facet normal -1 0 0
    outer loop
      vertex -8.6 -9 0
      vertex -8.6 40.8 12
      vertex -8.6 40.8 0
    endloop
  endfacet
  facet normal -1 -0 0
    outer loop
      vertex -8.6 40.8 12
      vertex -8.6 -9 0
      vertex -8.6 -9 12
    endloop
  endfacet
  facet normal 0 0 1
    outer loop
      vertex 63.7 40.8 12
      vertex 61.7 38.8 12
      vertex 63.7 -9 12
    endloop
  endfacet
  facet normal 0 0 1
    outer loop
      vertex 63.7 40.8 12
      vertex -6.6 38.8 12
      vertex 61.7 38.8 12
    endloop
  endfacet
  facet normal 0 0 1
    outer loop
      vertex -6.6 38.8 12
      vertex -8.6 40.8 12
      vertex -6.6 -7 12
    endloop
  endfacet
  facet normal -0 0 1
    outer loop
      vertex -8.6 40.8 12
      vertex -6.6 38.8 12
      vertex 63.7 40.8 12
    endloop
  endfacet
  facet normal -0 0 1
    outer loop
      vertex 61.7 -7 12
      vertex 63.7 -9 12
      vertex 61.7 38.8 12
    endloop
  endfacet
  facet normal -0 0 1
    outer loop
      vertex -6.6 -7 12
      vertex 63.7 -9 12
      vertex 61.7 -7 12
    endloop
  endfacet
  facet normal 0 0 1
    outer loop
      vertex -6.6 -7 12
      vertex -8.6 -9 12
      vertex 63.7 -9 12
    endloop
  endfacet
  facet normal 0 0 1
    outer loop
      vertex -8.6 -9 12
      vertex -6.6 -7 12
      vertex -8.6 40.8 12
    endloop
  endfacet
  facet normal 1 -0 0
    outer loop
      vertex 63.7 -9 12
      vertex 63.7 40.8 0
      vertex 63.7 40.8 12
    endloop
  endfacet
  facet normal 1 0 0
    outer loop
      vertex 63.7 40.8 0
      vertex 63.7 -9 12
      vertex 63.7 -9 0
    endloop
  endfacet
  facet normal 0 1 -0
    outer loop
      vertex 63.7 40.8 0
      vertex -8.6 40.8 12
      vertex 63.7 40.8 12
    endloop
  endfacet
  facet normal 0 1 0
    outer loop
      vertex -8.6 40.8 12
      vertex 63.7 40.8 0
      vertex -8.6 40.8 0
    endloop
  endfacet
  facet normal -0 0 -1
    outer loop
      vertex 54.3774 4.96768 0
      vertex -0.243585 -2.17541 0
      vertex 54.459 5.37822 0
    endloop
  endfacet
  facet normal 0 0 -1
    outer loop
      vertex 54.5936 5.77459 0
      vertex -0.0273762 34.7823 0
      vertex 0 35.2 0
    endloop
  endfacet
  facet normal 0 0 -1
    outer loop
      vertex -0.428719 -1.8 0
      vertex 54.459 5.37822 0
      vertex -0.243585 -2.17541 0
    endloop
  endfacet
  facet normal 0 0 -1
    outer loop
      vertex 54.5936 5.77459 0
      vertex -0.109036 34.3718 0
      vertex -0.0273762 34.7823 0
    endloop
  endfacet
  facet normal -0 0 -1
    outer loop
      vertex 54.459 5.37822 0
      vertex -0.428719 -1.8 0
      vertex 54.5936 5.77459 0
    endloop
  endfacet
  facet normal 0 0 -1
    outer loop
      vertex 54.5936 5.77459 0
      vertex -0.243585 33.9754 0
      vertex -0.109036 34.3718 0
    endloop
  endfacet
  facet normal 0 0 -1
    outer loop
      vertex -0.428719 33.6 0
      vertex 54.5936 5.77459 0
      vertex -0.428719 -1.8 0
    endloop
  endfacet
  facet normal 0 0 -1
    outer loop
      vertex 54.5936 5.77459 0
      vertex -0.428719 33.6 0
      vertex -0.243585 33.9754 0
    endloop
  endfacet
  facet normal 0 0 -1
    outer loop
      vertex -0.661269 -1.45196 0
      vertex -0.428719 33.6 0
      vertex -0.428719 -1.8 0
    endloop
  endfacet
  facet normal 0 0 -1
    outer loop
      vertex -0.661269 -1.45196 0
      vertex -0.661269 33.252 0
      vertex -0.428719 33.6 0
    endloop
  endfacet
  facet normal 0 0 -1
    outer loop
      vertex -0.937258 -1.13726 0
      vertex -0.661269 33.252 0
      vertex -0.661269 -1.45196 0
    endloop
  endfacet
  facet normal 0 0 -1
    outer loop
      vertex -0.937258 -1.13726 0
      vertex -0.937258 32.9373 0
      vertex -0.661269 33.252 0
    endloop
  endfacet
  facet normal 0 0 -1
    outer loop
      vertex -1.25196 -0.861269 0
      vertex -0.937258 32.9373 0
      vertex -0.937258 -1.13726 0
    endloop
  endfacet
  facet normal 0 0 -1
    outer loop
      vertex -1.25196 -0.861269 0
      vertex -1.25196 32.6613 0
      vertex -0.937258 32.9373 0
    endloop
  endfacet
  facet normal 0 0 -1
    outer loop
      vertex -1.6 -0.628718 0
      vertex -1.25196 32.6613 0
      vertex -1.25196 -0.861269 0
    endloop
  endfacet
  facet normal 0 0 -1
    outer loop
      vertex -1.6 -0.628718 0
      vertex -1.6 32.4287 0
      vertex -1.25196 32.6613 0
    endloop
  endfacet
  facet normal 0 0 -1
    outer loop
      vertex -1.97541 -0.443585 0
      vertex -1.6 32.4287 0
      vertex -1.6 -0.628718 0
    endloop
  endfacet
  facet normal 0 0 -1
    outer loop
      vertex -1.97541 -0.443585 0
      vertex -1.97541 32.2436 0
      vertex -1.6 32.4287 0
    endloop
  endfacet
  facet normal 0 0 -1
    outer loop
      vertex -2.37178 -0.309037 0
      vertex -1.97541 32.2436 0
      vertex -1.97541 -0.443585 0
    endloop
  endfacet
  facet normal 0 0 -1
    outer loop
      vertex -2.37178 -0.309037 0
      vertex -2.37178 32.109 0
      vertex -1.97541 32.2436 0
    endloop
  endfacet
  facet normal 0 0 -1
    outer loop
      vertex -2.78232 -0.227376 0
      vertex -2.37178 32.109 0
      vertex -2.37178 -0.309037 0
    endloop
  endfacet
  facet normal 0 0 -1
    outer loop
      vertex -2.78232 -0.227376 0
      vertex -2.78232 32.0274 0
      vertex -2.37178 32.109 0
    endloop
  endfacet
  facet normal 0 0 -1
    outer loop
      vertex -3.2 -0.2 0
      vertex -2.78232 32.0274 0
      vertex -2.78232 -0.227376 0
    endloop
  endfacet
  facet normal 0 0 -1
    outer loop
      vertex -3.2 -0.2 0
      vertex -3.2 32 0
      vertex -2.78232 32.0274 0
    endloop
  endfacet
  facet normal 0 0 -1
    outer loop
      vertex -3.61768 -0.227376 0
      vertex -3.2 32 0
      vertex -3.2 -0.2 0
    endloop
  endfacet
  facet normal 0 0 -1
    outer loop
      vertex -3.61768 -0.227376 0
      vertex -3.61768 32.0274 0
      vertex -3.2 32 0
    endloop
  endfacet
  facet normal 0 0 -1
    outer loop
      vertex -4.02822 -0.309037 0
      vertex -3.61768 32.0274 0
      vertex -3.61768 -0.227376 0
    endloop
  endfacet
  facet normal 0 0 -1
    outer loop
      vertex -4.02822 -0.309037 0
      vertex -4.02822 32.109 0
      vertex -3.61768 32.0274 0
    endloop
  endfacet
  facet normal 0 0 -1
    outer loop
      vertex -4.42459 -0.443585 0
      vertex -4.02822 32.109 0
      vertex -4.02822 -0.309037 0
    endloop
  endfacet
  facet normal 0 0 -1
    outer loop
      vertex -4.42459 -0.443585 0
      vertex -4.42459 32.2436 0
      vertex -4.02822 32.109 0
    endloop
  endfacet
  facet normal 0 0 -1
    outer loop
      vertex -4.8 -0.628718 0
      vertex -4.42459 32.2436 0
      vertex -4.42459 -0.443585 0
    endloop
  endfacet
  facet normal 0 0 -1
    outer loop
      vertex -4.8 -0.628718 0
      vertex -4.8 32.4287 0
      vertex -4.42459 32.2436 0
    endloop
  endfacet
  facet normal 0 0 -1
    outer loop
      vertex -5.14804 -0.861269 0
      vertex -4.8 32.4287 0
      vertex -4.8 -0.628718 0
    endloop
  endfacet
  facet normal 0 0 -1
    outer loop
      vertex -5.14804 -0.861269 0
      vertex -5.14804 32.6613 0
      vertex -4.8 32.4287 0
    endloop
  endfacet
  facet normal 0 0 -1
    outer loop
      vertex -5.46274 -1.13726 0
      vertex -5.14804 32.6613 0
      vertex -5.14804 -0.861269 0
    endloop
  endfacet
  facet normal 0 0 -1
    outer loop
      vertex -5.46274 -1.13726 0
      vertex -5.46274 32.9373 0
      vertex -5.14804 32.6613 0
    endloop
  endfacet
  facet normal 0 0 -1
    outer loop
      vertex -5.73873 -1.45196 0
      vertex -5.46274 32.9373 0
      vertex -5.46274 -1.13726 0
    endloop
  endfacet
  facet normal 0 0 -1
    outer loop
      vertex -5.73873 -1.45196 0
      vertex -5.73873 33.252 0
      vertex -5.46274 32.9373 0
    endloop
  endfacet
  facet normal 0 0 -1
    outer loop
      vertex -5.97128 -1.8 0
      vertex -5.73873 33.252 0
      vertex -5.73873 -1.45196 0
    endloop
  endfacet
  facet normal 0 0 -1
    outer loop
      vertex -5.97128 -1.8 0
      vertex -5.97128 33.6 0
      vertex -5.73873 33.252 0
    endloop
  endfacet
  facet normal 0 0 -1
    outer loop
      vertex -6.15641 -2.17541 0
      vertex -5.97128 33.6 0
      vertex -5.97128 -1.8 0
    endloop
  endfacet
  facet normal 0 0 -1
    outer loop
      vertex -6.15641 -2.17541 0
      vertex -6.15641 33.9754 0
      vertex -5.97128 33.6 0
    endloop
  endfacet
  facet normal 0 0 -1
    outer loop
      vertex -6.29096 -2.57178 0
      vertex -6.15641 33.9754 0
      vertex -6.15641 -2.17541 0
    endloop
  endfacet
  facet normal 0 0 -1
    outer loop
      vertex -6.29096 -2.57178 0
      vertex -6.29096 34.3718 0
      vertex -6.15641 33.9754 0
    endloop
  endfacet
  facet normal 0 0 -1
    outer loop
      vertex -8.6 -9 0
      vertex -6.29096 -2.57178 0
      vertex -6.37262 -2.98232 0
    endloop
  endfacet
  facet normal -0 0 -1
    outer loop
      vertex -6.29096 -2.57178 0
      vertex -8.6 -9 0
      vertex -6.29096 34.3718 0
    endloop
  endfacet
  facet normal 0 0 -1
    outer loop
      vertex -8.6 -9 0
      vertex -6.37262 -2.98232 0
      vertex -6.4 -3.4 0
    endloop
  endfacet
  facet normal 0 0 -1
    outer loop
      vertex -8.6 40.8 0
      vertex -6.29096 34.3718 0
      vertex -8.6 -9 0
    endloop
  endfacet
  facet normal 0 0 -1
    outer loop
      vertex 60.7226 29.7323 0
      vertex 63.7 40.8 0
      vertex 60.7226 4.96768 0
    endloop
  endfacet
  facet normal 0 0 -1
    outer loop
      vertex 63.7 40.8 0
      vertex 60.7226 29.7323 0
      vertex 60.75 30.15 0
    endloop
  endfacet
  facet normal 0 0 -1
    outer loop
      vertex 60.641 5.37822 0
      vertex 60.7226 29.7323 0
      vertex 60.7226 4.96768 0
    endloop
  endfacet
  facet normal 0 0 -1
    outer loop
      vertex 60.641 5.37822 0
      vertex 60.641 29.3218 0
      vertex 60.7226 29.7323 0
    endloop
  endfacet
  facet normal 0 0 -1
    outer loop
      vertex 60.5064 5.77459 0
      vertex 60.641 29.3218 0
      vertex 60.641 5.37822 0
    endloop
  endfacet
  facet normal 0 0 -1
    outer loop
      vertex 60.5064 5.77459 0
      vertex 60.5064 28.9254 0
      vertex 60.641 29.3218 0
    endloop
  endfacet
  facet normal 0 0 -1
    outer loop
      vertex 60.3213 6.15 0
      vertex 60.5064 28.9254 0
      vertex 60.5064 5.77459 0
    endloop
  endfacet
  facet normal 0 0 -1
    outer loop
      vertex 60.3213 6.15 0
      vertex 60.3213 28.55 0
      vertex 60.5064 28.9254 0
    endloop
  endfacet
  facet normal 0 0 -1
    outer loop
      vertex 60.0887 6.49804 0
      vertex 60.3213 28.55 0
      vertex 60.3213 6.15 0
    endloop
  endfacet
  facet normal 0 0 -1
    outer loop
      vertex 60.0887 6.49804 0
      vertex 60.0887 28.202 0
      vertex 60.3213 28.55 0
    endloop
  endfacet
  facet normal 0 0 -1
    outer loop
      vertex 59.8127 6.81274 0
      vertex 60.0887 28.202 0
      vertex 60.0887 6.49804 0
    endloop
  endfacet
  facet normal 0 0 -1
    outer loop
      vertex 59.8127 6.81274 0
      vertex 59.8127 27.8873 0
      vertex 60.0887 28.202 0
    endloop
  endfacet
  facet normal 0 0 -1
    outer loop
      vertex 59.498 7.08873 0
      vertex 59.8127 27.8873 0
      vertex 59.8127 6.81274 0
    endloop
  endfacet
  facet normal 0 0 -1
    outer loop
      vertex 59.498 7.08873 0
      vertex 59.498 27.6113 0
      vertex 59.8127 27.8873 0
    endloop
  endfacet
  facet normal 0 0 -1
    outer loop
      vertex 59.15 7.32128 0
      vertex 59.498 27.6113 0
      vertex 59.498 7.08873 0
    endloop
  endfacet
  facet normal 0 0 -1
    outer loop
      vertex 59.15 7.32128 0
      vertex 59.15 27.3787 0
      vertex 59.498 27.6113 0
    endloop
  endfacet
  facet normal 0 0 -1
    outer loop
      vertex 58.7746 7.50641 0
      vertex 59.15 27.3787 0
      vertex 59.15 7.32128 0
    endloop
  endfacet
  facet normal 0 0 -1
    outer loop
      vertex 58.7746 7.50641 0
      vertex 58.7746 27.1936 0
      vertex 59.15 27.3787 0
    endloop
  endfacet
  facet normal 0 0 -1
    outer loop
      vertex 58.3782 7.64096 0
      vertex 58.7746 27.1936 0
      vertex 58.7746 7.50641 0
    endloop
  endfacet
  facet normal 0 0 -1
    outer loop
      vertex 58.3782 7.64096 0
      vertex 58.3782 27.059 0
      vertex 58.7746 27.1936 0
    endloop
  endfacet
  facet normal 0 0 -1
    outer loop
      vertex 57.9677 7.72262 0
      vertex 58.3782 27.059 0
      vertex 58.3782 7.64096 0
    endloop
  endfacet
  facet normal 0 0 -1
    outer loop
      vertex 57.9677 7.72262 0
      vertex 57.9677 26.9774 0
      vertex 58.3782 27.059 0
    endloop
  endfacet
  facet normal 0 0 -1
    outer loop
      vertex 57.55 7.75 0
      vertex 57.9677 26.9774 0
      vertex 57.9677 7.72262 0
    endloop
  endfacet
  facet normal 0 0 -1
    outer loop
      vertex 57.55 7.75 0
      vertex 57.55 26.95 0
      vertex 57.9677 26.9774 0
    endloop
  endfacet
  facet normal 0 0 -1
    outer loop
      vertex 57.1323 7.72262 0
      vertex 57.55 26.95 0
      vertex 57.55 7.75 0
    endloop
  endfacet
  facet normal 0 0 -1
    outer loop
      vertex 57.1323 7.72262 0
      vertex 57.1323 26.9774 0
      vertex 57.55 26.95 0
    endloop
  endfacet
  facet normal 0 0 -1
    outer loop
      vertex 56.7218 7.64096 0
      vertex 57.1323 26.9774 0
      vertex 57.1323 7.72262 0
    endloop
  endfacet
  facet normal 0 0 -1
    outer loop
      vertex 56.7218 7.64096 0
      vertex 56.7218 27.059 0
      vertex 57.1323 26.9774 0
    endloop
  endfacet
  facet normal 0 0 -1
    outer loop
      vertex 56.3254 7.50641 0
      vertex 56.7218 27.059 0
      vertex 56.7218 7.64096 0
    endloop
  endfacet
  facet normal 0 0 -1
    outer loop
      vertex 56.3254 7.50641 0
      vertex 56.3254 27.1936 0
      vertex 56.7218 27.059 0
    endloop
  endfacet
  facet normal 0 0 -1
    outer loop
      vertex 55.95 7.32128 0
      vertex 56.3254 27.1936 0
      vertex 56.3254 7.50641 0
    endloop
  endfacet
  facet normal 0 0 -1
    outer loop
      vertex 55.95 7.32128 0
      vertex 55.95 27.3787 0
      vertex 56.3254 27.1936 0
    endloop
  endfacet
  facet normal 0 0 -1
    outer loop
      vertex 55.602 7.08873 0
      vertex 55.95 27.3787 0
      vertex 55.95 7.32128 0
    endloop
  endfacet
  facet normal 0 0 -1
    outer loop
      vertex 55.602 7.08873 0
      vertex 55.602 27.6113 0
      vertex 55.95 27.3787 0
    endloop
  endfacet
  facet normal 0 0 -1
    outer loop
      vertex 55.2873 6.81274 0
      vertex 55.602 27.6113 0
      vertex 55.602 7.08873 0
    endloop
  endfacet
  facet normal 0 0 -1
    outer loop
      vertex 55.2873 6.81274 0
      vertex 55.2873 27.8873 0
      vertex 55.602 27.6113 0
    endloop
  endfacet
  facet normal 0 0 -1
    outer loop
      vertex 55.0113 6.49804 0
      vertex 55.2873 27.8873 0
      vertex 55.2873 6.81274 0
    endloop
  endfacet
  facet normal 0 0 -1
    outer loop
      vertex 55.0113 6.49804 0
      vertex 55.0113 28.202 0
      vertex 55.2873 27.8873 0
    endloop
  endfacet
  facet normal 0 0 -1
    outer loop
      vertex 54.7787 6.15 0
      vertex 55.0113 28.202 0
      vertex 55.0113 6.49804 0
    endloop
  endfacet
  facet normal 0 0 -1
    outer loop
      vertex 54.7787 6.15 0
      vertex 54.7787 28.55 0
      vertex 55.0113 28.202 0
    endloop
  endfacet
  facet normal 0 0 -1
    outer loop
      vertex 54.5936 5.77459 0
      vertex 54.7787 28.55 0
      vertex 54.7787 6.15 0
    endloop
  endfacet
  facet normal 0 0 -1
    outer loop
      vertex 54.5936 5.77459 0
      vertex 54.5936 28.9254 0
      vertex 54.7787 28.55 0
    endloop
  endfacet
  facet normal 0 0 -1
    outer loop
      vertex -0.243585 -2.17541 0
      vertex 54.3774 4.96768 0
      vertex -0.109036 -2.57178 0
    endloop
  endfacet
  facet normal 0 0 -1
    outer loop
      vertex 54.5936 5.77459 0
      vertex 0 35.2 0
      vertex 54.5936 28.9254 0
    endloop
  endfacet
  facet normal 0 0 -1
    outer loop
      vertex -0.109036 -2.57178 0
      vertex 54.35 4.55 0
      vertex -0.0273762 -2.98232 0
    endloop
  endfacet
  facet normal 0 0 -1
    outer loop
      vertex 54.5936 28.9254 0
      vertex 0 35.2 0
      vertex 54.459 29.3218 0
    endloop
  endfacet
  facet normal -0 0 -1
    outer loop
      vertex 54.3774 4.13232 0
      vertex -0.0273762 -2.98232 0
      vertex 54.35 4.55 0
    endloop
  endfacet
  facet normal 0 0 -1
    outer loop
      vertex 54.459 29.3218 0
      vertex 0 35.2 0
      vertex 54.3774 29.7323 0
    endloop
  endfacet
  facet normal 0 0 -1
    outer loop
      vertex 60.7226 4.96768 0
      vertex 63.7 -9 0
      vertex 60.75 4.55 0
    endloop
  endfacet
  facet normal 0 0 -1
    outer loop
      vertex 63.7 -9 0
      vertex 60.7226 4.13232 0
      vertex 60.75 4.55 0
    endloop
  endfacet
  facet normal 0 0 -1
    outer loop
      vertex 63.7 -9 0
      vertex 60.641 3.72178 0
      vertex 60.7226 4.13232 0
    endloop
  endfacet
  facet normal 0 0 -1
    outer loop
      vertex 63.7 -9 0
      vertex 60.5064 3.32541 0
      vertex 60.641 3.72178 0
    endloop
  endfacet
  facet normal 0 0 -1
    outer loop
      vertex 63.7 -9 0
      vertex 60.3213 2.95 0
      vertex 60.5064 3.32541 0
    endloop
  endfacet
  facet normal 0 0 -1
    outer loop
      vertex 63.7 -9 0
      vertex 60.0887 2.60196 0
      vertex 60.3213 2.95 0
    endloop
  endfacet
  facet normal 0 0 -1
    outer loop
      vertex 63.7 -9 0
      vertex 59.8127 2.28726 0
      vertex 60.0887 2.60196 0
    endloop
  endfacet
  facet normal 0 0 -1
    outer loop
      vertex 63.7 -9 0
      vertex 59.498 2.01127 0
      vertex 59.8127 2.28726 0
    endloop
  endfacet
  facet normal 0 0 -1
    outer loop
      vertex 63.7 -9 0
      vertex 59.15 1.77872 0
      vertex 59.498 2.01127 0
    endloop
  endfacet
  facet normal 0 0 -1
    outer loop
      vertex 63.7 -9 0
      vertex 58.7746 1.59359 0
      vertex 59.15 1.77872 0
    endloop
  endfacet
  facet normal 0 0 -1
    outer loop
      vertex 63.7 -9 0
      vertex 58.3782 1.45904 0
      vertex 58.7746 1.59359 0
    endloop
  endfacet
  facet normal 0 0 -1
    outer loop
      vertex 63.7 -9 0
      vertex 57.9677 1.37738 0
      vertex 58.3782 1.45904 0
    endloop
  endfacet
  facet normal 0 0 -1
    outer loop
      vertex 63.7 -9 0
      vertex 57.55 1.35 0
      vertex 57.9677 1.37738 0
    endloop
  endfacet
  facet normal 0 0 -1
    outer loop
      vertex 63.7 -9 0
      vertex 57.1323 1.37738 0
      vertex 57.55 1.35 0
    endloop
  endfacet
  facet normal 0 0 -1
    outer loop
      vertex 63.7 -9 0
      vertex 56.7218 1.45904 0
      vertex 57.1323 1.37738 0
    endloop
  endfacet
  facet normal 0 0 -1
    outer loop
      vertex 63.7 -9 0
      vertex 56.3254 1.59359 0
      vertex 56.7218 1.45904 0
    endloop
  endfacet
  facet normal 0 0 -1
    outer loop
      vertex 63.7 -9 0
      vertex 55.95 1.77872 0
      vertex 56.3254 1.59359 0
    endloop
  endfacet
  facet normal 0 0 -1
    outer loop
      vertex 63.7 -9 0
      vertex 55.602 2.01127 0
      vertex 55.95 1.77872 0
    endloop
  endfacet
  facet normal 0 0 -1
    outer loop
      vertex 63.7 -9 0
      vertex 55.2873 2.28726 0
      vertex 55.602 2.01127 0
    endloop
  endfacet
  facet normal 0 0 -1
    outer loop
      vertex -0.428719 -5 0
      vertex 55.2873 2.28726 0
      vertex 63.7 -9 0
    endloop
  endfacet
  facet normal -0 0 -1
    outer loop
      vertex 54.35 4.55 0
      vertex -0.109036 -2.57178 0
      vertex 54.3774 4.96768 0
    endloop
  endfacet
  facet normal 0 0 -1
    outer loop
      vertex -0.0273762 -2.98232 0
      vertex 54.3774 4.13232 0
      vertex 0 -3.4 0
    endloop
  endfacet
  facet normal -0 0 -1
    outer loop
      vertex 54.459 3.72178 0
      vertex 0 -3.4 0
      vertex 54.3774 4.13232 0
    endloop
  endfacet
  facet normal -0 0 -1
    outer loop
      vertex 54.5936 3.32541 0
      vertex 0 -3.4 0
      vertex 54.459 3.72178 0
    endloop
  endfacet
  facet normal 0 0 -1
    outer loop
      vertex -0.0273762 -3.81768 0
      vertex 54.5936 3.32541 0
      vertex 54.7787 2.95 0
    endloop
  endfacet
  facet normal 0 0 -1
    outer loop
      vertex -0.109036 -4.22822 0
      vertex 54.7787 2.95 0
      vertex 55.0113 2.60196 0
    endloop
  endfacet
  facet normal -0 0 -1
    outer loop
      vertex 55.2873 2.28726 0
      vertex -0.428719 -5 0
      vertex 55.0113 2.60196 0
    endloop
  endfacet
  facet normal 0 0 -1
    outer loop
      vertex 54.5936 3.32541 0
      vertex -0.0273762 -3.81768 0
      vertex 0 -3.4 0
    endloop
  endfacet
  facet normal 0 0 -1
    outer loop
      vertex 54.7787 2.95 0
      vertex -0.109036 -4.22822 0
      vertex -0.0273762 -3.81768 0
    endloop
  endfacet
  facet normal 0 0 -1
    outer loop
      vertex 55.0113 2.60196 0
      vertex -0.243585 -4.62459 0
      vertex -0.109036 -4.22822 0
    endloop
  endfacet
  facet normal 0 0 -1
    outer loop
      vertex 55.0113 2.60196 0
      vertex -0.428719 -5 0
      vertex -0.243585 -4.62459 0
    endloop
  endfacet
  facet normal 0 0 -1
    outer loop
      vertex 63.7 -9 0
      vertex -0.661269 -5.34804 0
      vertex -0.428719 -5 0
    endloop
  endfacet
  facet normal 0 0 -1
    outer loop
      vertex 63.7 -9 0
      vertex -0.937258 -5.66274 0
      vertex -0.661269 -5.34804 0
    endloop
  endfacet
  facet normal 0 0 -1
    outer loop
      vertex 63.7 -9 0
      vertex -1.25196 -5.93873 0
      vertex -0.937258 -5.66274 0
    endloop
  endfacet
  facet normal 0 0 -1
    outer loop
      vertex 63.7 -9 0
      vertex -1.6 -6.17128 0
      vertex -1.25196 -5.93873 0
    endloop
  endfacet
  facet normal 0 0 -1
    outer loop
      vertex 63.7 -9 0
      vertex -1.97541 -6.35641 0
      vertex -1.6 -6.17128 0
    endloop
  endfacet
  facet normal 0 0 -1
    outer loop
      vertex -8.6 -9 0
      vertex -1.97541 -6.35641 0
      vertex 63.7 -9 0
    endloop
  endfacet
  facet normal 0 0 -1
    outer loop
      vertex -1.97541 -6.35641 0
      vertex -8.6 -9 0
      vertex -2.37178 -6.49096 0
    endloop
  endfacet
  facet normal 0 0 -1
    outer loop
      vertex -2.37178 -6.49096 0
      vertex -8.6 -9 0
      vertex -2.78232 -6.57262 0
    endloop
  endfacet
  facet normal 0 0 -1
    outer loop
      vertex -6.29096 34.3718 0
      vertex -8.6 40.8 0
      vertex -6.37262 34.7823 0
    endloop
  endfacet
  facet normal -0 0 -1
    outer loop
      vertex -6.37262 -3.81768 0
      vertex -8.6 -9 0
      vertex -6.4 -3.4 0
    endloop
  endfacet
  facet normal -0 0 -1
    outer loop
      vertex -6.29096 -4.22822 0
      vertex -8.6 -9 0
      vertex -6.37262 -3.81768 0
    endloop
  endfacet
  facet normal -0 0 -1
    outer loop
      vertex -6.15641 -4.62459 0
      vertex -8.6 -9 0
      vertex -6.29096 -4.22822 0
    endloop
  endfacet
  facet normal -0 0 -1
    outer loop
      vertex -5.97128 -5 0
      vertex -8.6 -9 0
      vertex -6.15641 -4.62459 0
    endloop
  endfacet
  facet normal -0 0 -1
    outer loop
      vertex -5.73873 -5.34804 0
      vertex -8.6 -9 0
      vertex -5.97128 -5 0
    endloop
  endfacet
  facet normal -0 0 -1
    outer loop
      vertex -5.46274 -5.66274 0
      vertex -8.6 -9 0
      vertex -5.73873 -5.34804 0
    endloop
  endfacet
  facet normal -0 0 -1
    outer loop
      vertex -5.14804 -5.93873 0
      vertex -8.6 -9 0
      vertex -5.46274 -5.66274 0
    endloop
  endfacet
  facet normal -0 0 -1
    outer loop
      vertex -4.8 -6.17128 0
      vertex -8.6 -9 0
      vertex -5.14804 -5.93873 0
    endloop
  endfacet
  facet normal -0 0 -1
    outer loop
      vertex -4.42459 -6.35641 0
      vertex -8.6 -9 0
      vertex -4.8 -6.17128 0
    endloop
  endfacet
  facet normal -0 0 -1
    outer loop
      vertex -4.02822 -6.49096 0
      vertex -8.6 -9 0
      vertex -4.42459 -6.35641 0
    endloop
  endfacet
  facet normal -0 0 -1
    outer loop
      vertex -3.61768 -6.57262 0
      vertex -8.6 -9 0
      vertex -4.02822 -6.49096 0
    endloop
  endfacet
  facet normal -0 0 -1
    outer loop
      vertex -3.2 -6.6 0
      vertex -8.6 -9 0
      vertex -3.61768 -6.57262 0
    endloop
  endfacet
  facet normal 0 0 -1
    outer loop
      vertex -2.78232 -6.57262 0
      vertex -8.6 -9 0
      vertex -3.2 -6.6 0
    endloop
  endfacet
  facet normal 0 0 -1
    outer loop
      vertex 63.7 -9 0
      vertex 60.7226 4.96768 0
      vertex 63.7 40.8 0
    endloop
  endfacet
  facet normal 0 0 -1
    outer loop
      vertex 60.7226 30.5677 0
      vertex 63.7 40.8 0
      vertex 60.75 30.15 0
    endloop
  endfacet
  facet normal 0 0 -1
    outer loop
      vertex 60.641 30.9782 0
      vertex 63.7 40.8 0
      vertex 60.7226 30.5677 0
    endloop
  endfacet
  facet normal 0 0 -1
    outer loop
      vertex 60.5064 31.3746 0
      vertex 63.7 40.8 0
      vertex 60.641 30.9782 0
    endloop
  endfacet
  facet normal 0 0 -1
    outer loop
      vertex 60.3213 31.75 0
      vertex 63.7 40.8 0
      vertex 60.5064 31.3746 0
    endloop
  endfacet
  facet normal 0 0 -1
    outer loop
      vertex 60.0887 32.098 0
      vertex 63.7 40.8 0
      vertex 60.3213 31.75 0
    endloop
  endfacet
  facet normal 0 0 -1
    outer loop
      vertex 59.8127 32.4127 0
      vertex 63.7 40.8 0
      vertex 60.0887 32.098 0
    endloop
  endfacet
  facet normal 0 0 -1
    outer loop
      vertex 59.498 32.6887 0
      vertex 63.7 40.8 0
      vertex 59.8127 32.4127 0
    endloop
  endfacet
  facet normal 0 0 -1
    outer loop
      vertex 59.15 32.9213 0
      vertex 63.7 40.8 0
      vertex 59.498 32.6887 0
    endloop
  endfacet
  facet normal 0 0 -1
    outer loop
      vertex 58.7746 33.1064 0
      vertex 63.7 40.8 0
      vertex 59.15 32.9213 0
    endloop
  endfacet
  facet normal 0 0 -1
    outer loop
      vertex 58.3782 33.241 0
      vertex 63.7 40.8 0
      vertex 58.7746 33.1064 0
    endloop
  endfacet
  facet normal 0 0 -1
    outer loop
      vertex 57.9677 33.3226 0
      vertex 63.7 40.8 0
      vertex 58.3782 33.241 0
    endloop
  endfacet
  facet normal 0 0 -1
    outer loop
      vertex 57.55 33.35 0
      vertex 63.7 40.8 0
      vertex 57.9677 33.3226 0
    endloop
  endfacet
  facet normal 0 0 -1
    outer loop
      vertex 57.1323 33.3226 0
      vertex 63.7 40.8 0
      vertex 57.55 33.35 0
    endloop
  endfacet
  facet normal 0 0 -1
    outer loop
      vertex 56.7218 33.241 0
      vertex 63.7 40.8 0
      vertex 57.1323 33.3226 0
    endloop
  endfacet
  facet normal 0 0 -1
    outer loop
      vertex 56.3254 33.1064 0
      vertex 63.7 40.8 0
      vertex 56.7218 33.241 0
    endloop
  endfacet
  facet normal 0 0 -1
    outer loop
      vertex 55.95 32.9213 0
      vertex 63.7 40.8 0
      vertex 56.3254 33.1064 0
    endloop
  endfacet
  facet normal 0 0 -1
    outer loop
      vertex 55.602 32.6887 0
      vertex 63.7 40.8 0
      vertex 55.95 32.9213 0
    endloop
  endfacet
  facet normal 0 0 -1
    outer loop
      vertex -0.661269 37.148 0
      vertex 55.602 32.6887 0
      vertex 55.2873 32.4127 0
    endloop
  endfacet
  facet normal 0 0 -1
    outer loop
      vertex 54.3774 29.7323 0
      vertex 0 35.2 0
      vertex 54.35 30.15 0
    endloop
  endfacet
  facet normal 0 0 -1
    outer loop
      vertex 54.35 30.15 0
      vertex 0 35.2 0
      vertex 54.3774 30.5677 0
    endloop
  endfacet
  facet normal 0 0 -1
    outer loop
      vertex 54.3774 30.5677 0
      vertex 0 35.2 0
      vertex 54.459 30.9782 0
    endloop
  endfacet
  facet normal 0 0 -1
    outer loop
      vertex -0.0273762 35.6177 0
      vertex 54.459 30.9782 0
      vertex 0 35.2 0
    endloop
  endfacet
  facet normal 0 0 -1
    outer loop
      vertex 54.459 30.9782 0
      vertex -0.0273762 35.6177 0
      vertex 54.5936 31.3746 0
    endloop
  endfacet
  facet normal 0 0 -1
    outer loop
      vertex -0.109036 36.0282 0
      vertex 54.5936 31.3746 0
      vertex -0.0273762 35.6177 0
    endloop
  endfacet
  facet normal 0 0 -1
    outer loop
      vertex 54.5936 31.3746 0
      vertex -0.109036 36.0282 0
      vertex 54.7787 31.75 0
    endloop
  endfacet
  facet normal 0 0 -1
    outer loop
      vertex -0.243585 36.4246 0
      vertex 54.7787 31.75 0
      vertex -0.109036 36.0282 0
    endloop
  endfacet
  facet normal 0 0 -1
    outer loop
      vertex 54.7787 31.75 0
      vertex -0.243585 36.4246 0
      vertex 55.0113 32.098 0
    endloop
  endfacet
  facet normal 0 0 -1
    outer loop
      vertex -0.428719 36.8 0
      vertex 55.0113 32.098 0
      vertex -0.243585 36.4246 0
    endloop
  endfacet
  facet normal 0 0 -1
    outer loop
      vertex 55.0113 32.098 0
      vertex -0.428719 36.8 0
      vertex 55.2873 32.4127 0
    endloop
  endfacet
  facet normal 0 0 -1
    outer loop
      vertex -0.661269 37.148 0
      vertex 55.2873 32.4127 0
      vertex -0.428719 36.8 0
    endloop
  endfacet
  facet normal 0 0 -1
    outer loop
      vertex 55.602 32.6887 0
      vertex -0.661269 37.148 0
      vertex -0.937258 37.4627 0
    endloop
  endfacet
  facet normal 0 0 -1
    outer loop
      vertex 55.602 32.6887 0
      vertex -0.937258 37.4627 0
      vertex 63.7 40.8 0
    endloop
  endfacet
  facet normal 0 0 -1
    outer loop
      vertex -1.25196 37.7387 0
      vertex 63.7 40.8 0
      vertex -0.937258 37.4627 0
    endloop
  endfacet
  facet normal 0 0 -1
    outer loop
      vertex -1.6 37.9713 0
      vertex 63.7 40.8 0
      vertex -1.25196 37.7387 0
    endloop
  endfacet
  facet normal 0 0 -1
    outer loop
      vertex -1.97541 38.1564 0
      vertex 63.7 40.8 0
      vertex -1.6 37.9713 0
    endloop
  endfacet
  facet normal 0 0 -1
    outer loop
      vertex -8.6 40.8 0
      vertex -1.97541 38.1564 0
      vertex -2.37178 38.291 0
    endloop
  endfacet
  facet normal 0 0 -1
    outer loop
      vertex -8.6 40.8 0
      vertex -2.37178 38.291 0
      vertex -2.78232 38.3726 0
    endloop
  endfacet
  facet normal 0 0 -1
    outer loop
      vertex -8.6 40.8 0
      vertex -2.78232 38.3726 0
      vertex -3.2 38.4 0
    endloop
  endfacet
  facet normal 0 0 -1
    outer loop
      vertex -1.97541 38.1564 0
      vertex -8.6 40.8 0
      vertex 63.7 40.8 0
    endloop
  endfacet
  facet normal 0 0 -1
    outer loop
      vertex -3.61768 38.3726 0
      vertex -8.6 40.8 0
      vertex -3.2 38.4 0
    endloop
  endfacet
  facet normal 0 0 -1
    outer loop
      vertex -4.02822 38.291 0
      vertex -8.6 40.8 0
      vertex -3.61768 38.3726 0
    endloop
  endfacet
  facet normal 0 0 -1
    outer loop
      vertex -4.42459 38.1564 0
      vertex -8.6 40.8 0
      vertex -4.02822 38.291 0
    endloop
  endfacet
  facet normal 0 0 -1
    outer loop
      vertex -4.8 37.9713 0
      vertex -8.6 40.8 0
      vertex -4.42459 38.1564 0
    endloop
  endfacet
  facet normal 0 0 -1
    outer loop
      vertex -5.14804 37.7387 0
      vertex -8.6 40.8 0
      vertex -4.8 37.9713 0
    endloop
  endfacet
  facet normal 0 0 -1
    outer loop
      vertex -5.46274 37.4627 0
      vertex -8.6 40.8 0
      vertex -5.14804 37.7387 0
    endloop
  endfacet
  facet normal 0 0 -1
    outer loop
      vertex -5.73873 37.148 0
      vertex -8.6 40.8 0
      vertex -5.46274 37.4627 0
    endloop
  endfacet
  facet normal 0 0 -1
    outer loop
      vertex -5.97128 36.8 0
      vertex -8.6 40.8 0
      vertex -5.73873 37.148 0
    endloop
  endfacet
  facet normal 0 0 -1
    outer loop
      vertex -6.15641 36.4246 0
      vertex -8.6 40.8 0
      vertex -5.97128 36.8 0
    endloop
  endfacet
  facet normal 0 0 -1
    outer loop
      vertex -6.29096 36.0282 0
      vertex -8.6 40.8 0
      vertex -6.15641 36.4246 0
    endloop
  endfacet
  facet normal 0 0 -1
    outer loop
      vertex -6.37262 35.6177 0
      vertex -8.6 40.8 0
      vertex -6.29096 36.0282 0
    endloop
  endfacet
  facet normal 0 0 -1
    outer loop
      vertex -6.4 35.2 0
      vertex -8.6 40.8 0
      vertex -6.37262 35.6177 0
    endloop
  endfacet
  facet normal 0 0 -1
    outer loop
      vertex -6.37262 34.7823 0
      vertex -8.6 40.8 0
      vertex -6.4 35.2 0
    endloop
  endfacet
  facet normal 0 -1 0
    outer loop
      vertex -8.6 -9 0
      vertex 63.7 -9 12
      vertex -8.6 -9 12
    endloop
  endfacet
  facet normal 0 -1 -0
    outer loop
      vertex 63.7 -9 12
      vertex -8.6 -9 0
      vertex 63.7 -9 0
    endloop
  endfacet
  facet normal 1 -0 0
    outer loop
      vertex -6.6 -7 12
      vertex -6.6 38.8 2
      vertex -6.6 38.8 12
    endloop
  endfacet
  facet normal 1 0 0
    outer loop
      vertex -6.6 38.8 2
      vertex -6.6 -7 12
      vertex -6.6 -7 2
    endloop
  endfacet
  facet normal -1 0 0
    outer loop
      vertex 61.7 -7 2
      vertex 61.7 38.8 12
      vertex 61.7 38.8 2
    endloop
  endfacet
  facet normal -1 -0 0
    outer loop
      vertex 61.7 38.8 12
      vertex 61.7 -7 2
      vertex 61.7 -7 12
    endloop
  endfacet
  facet normal 0 0 1
    outer loop
      vertex 3 -0.2 2
      vertex -0.0273762 -2.98232 2
      vertex 0 -3.4 2
    endloop
  endfacet
  facet normal 0 0 1
    outer loop
      vertex -2.37178 -0.309037 2
      vertex 0.0435848 1.77541 2
      vertex -0.0909624 2.17178 2
    endloop
  endfacet
  facet normal 0 0 1
    outer loop
      vertex 0.228718 1.4 2
      vertex -0.109036 -2.57178 2
      vertex -0.0273762 -2.98232 2
    endloop
  endfacet
  facet normal 0 0 1
    outer loop
      vertex -2.78232 -0.227376 2
      vertex -0.0909624 2.17178 2
      vertex -0.172623 2.58232 2
    endloop
  endfacet
  facet normal 0 0 1
    outer loop
      vertex -3.2 -0.2 2
      vertex -0.172623 2.58232 2
      vertex -0.2 3 2
    endloop
  endfacet
  facet normal 0 0 1
    outer loop
      vertex 0.228718 1.4 2
      vertex -0.243585 -2.17541 2
      vertex -0.109036 -2.57178 2
    endloop
  endfacet
  facet normal 0 0 1
    outer loop
      vertex -0.0909624 31.8282 2
      vertex -1.6 32.4287 2
      vertex -0.172623 31.4177 2
    endloop
  endfacet
  facet normal -0 0 1
    outer loop
      vertex -1.97541 32.2436 2
      vertex -0.172623 31.4177 2
      vertex -1.6 32.4287 2
    endloop
  endfacet
  facet normal 0 0 1
    outer loop
      vertex 0.228718 1.4 2
      vertex -0.428719 -1.8 2
      vertex -0.243585 -2.17541 2
    endloop
  endfacet
  facet normal 0 0 1
    outer loop
      vertex -0.172623 31.4177 2
      vertex -1.97541 32.2436 2
      vertex -0.2 31 2
    endloop
  endfacet
  facet normal 0 0 1
    outer loop
      vertex 0.228718 1.4 2
      vertex -0.661269 -1.45196 2
      vertex -0.428719 -1.8 2
    endloop
  endfacet
  facet normal -0 0 1
    outer loop
      vertex -2.37178 32.109 2
      vertex -0.2 31 2
      vertex -1.97541 32.2436 2
    endloop
  endfacet
  facet normal 0 0 1
    outer loop
      vertex 0.228718 1.4 2
      vertex -0.937258 -1.13726 2
      vertex -0.661269 -1.45196 2
    endloop
  endfacet
  facet normal 0 0 1
    outer loop
      vertex -0.2 31 2
      vertex -2.37178 32.109 2
      vertex -0.172623 30.5823 2
    endloop
  endfacet
  facet normal 0 0 1
    outer loop
      vertex 0.228718 1.4 2
      vertex -1.25196 -0.861269 2
      vertex -0.937258 -1.13726 2
    endloop
  endfacet
  facet normal -0 0 1
    outer loop
      vertex -2.78232 32.0274 2
      vertex -0.172623 30.5823 2
      vertex -2.37178 32.109 2
    endloop
  endfacet
  facet normal 0 0 1
    outer loop
      vertex 0.228718 1.4 2
      vertex -1.6 -0.628718 2
      vertex -1.25196 -0.861269 2
    endloop
  endfacet
  facet normal -0 0 1
    outer loop
      vertex -3.2 32 2
      vertex -0.172623 30.5823 2
      vertex -2.78232 32.0274 2
    endloop
  endfacet
  facet normal 0 0 1
    outer loop
      vertex 0.228718 1.4 2
      vertex -1.97541 -0.443585 2
      vertex -1.6 -0.628718 2
    endloop
  endfacet
  facet normal 0 0 1
    outer loop
      vertex -3.61768 32.0274 2
      vertex -0.172623 30.5823 2
      vertex -3.2 32 2
    endloop
  endfacet
  facet normal 0 0 1
    outer loop
      vertex 0.0435848 1.77541 2
      vertex -2.37178 -0.309037 2
      vertex -1.97541 -0.443585 2
    endloop
  endfacet
  facet normal 0 0 1
    outer loop
      vertex -4.02822 32.109 2
      vertex -0.172623 30.5823 2
      vertex -3.61768 32.0274 2
    endloop
  endfacet
  facet normal 0 0 1
    outer loop
      vertex -0.0909624 2.17178 2
      vertex -2.78232 -0.227376 2
      vertex -2.37178 -0.309037 2
    endloop
  endfacet
  facet normal 0 0 1
    outer loop
      vertex -0.172623 30.5823 2
      vertex -4.02822 32.109 2
      vertex -0.172623 3.41768 2
    endloop
  endfacet
  facet normal 0 0 1
    outer loop
      vertex -0.172623 2.58232 2
      vertex -3.2 -0.2 2
      vertex -2.78232 -0.227376 2
    endloop
  endfacet
  facet normal 0 0 1
    outer loop
      vertex -4.42459 32.2436 2
      vertex -0.172623 3.41768 2
      vertex -4.02822 32.109 2
    endloop
  endfacet
  facet normal 0 0 1
    outer loop
      vertex -0.2 3 2
      vertex -3.61768 -0.227376 2
      vertex -3.2 -0.2 2
    endloop
  endfacet
  facet normal 0 0 1
    outer loop
      vertex -4.8 32.4287 2
      vertex -0.172623 3.41768 2
      vertex -4.42459 32.2436 2
    endloop
  endfacet
  facet normal 0 0 1
    outer loop
      vertex -0.172623 3.41768 2
      vertex -3.61768 -0.227376 2
      vertex -0.2 3 2
    endloop
  endfacet
  facet normal 0 0 1
    outer loop
      vertex -4.8 -0.628718 2
      vertex -0.172623 3.41768 2
      vertex -4.8 32.4287 2
    endloop
  endfacet
  facet normal 0 -0 1
    outer loop
      vertex -3.61768 -0.227376 2
      vertex -0.172623 3.41768 2
      vertex -4.02822 -0.309037 2
    endloop
  endfacet
  facet normal 0 -0 1
    outer loop
      vertex -4.42459 -0.443585 2
      vertex -0.172623 3.41768 2
      vertex -4.8 -0.628718 2
    endloop
  endfacet
  facet normal 0 -0 1
    outer loop
      vertex -4.02822 -0.309037 2
      vertex -0.172623 3.41768 2
      vertex -4.42459 -0.443585 2
    endloop
  endfacet
  facet normal 0 0 1
    outer loop
      vertex -5.14804 32.6613 2
      vertex -4.8 -0.628718 2
      vertex -4.8 32.4287 2
    endloop
  endfacet
  facet normal 0 0 1
    outer loop
      vertex -5.14804 32.6613 2
      vertex -5.14804 -0.861269 2
      vertex -4.8 -0.628718 2
    endloop
  endfacet
  facet normal 0 0 1
    outer loop
      vertex -5.46274 32.9373 2
      vertex -5.14804 -0.861269 2
      vertex -5.14804 32.6613 2
    endloop
  endfacet
  facet normal 0 0 1
    outer loop
      vertex -5.46274 32.9373 2
      vertex -5.46274 -1.13726 2
      vertex -5.14804 -0.861269 2
    endloop
  endfacet
  facet normal 0 0 1
    outer loop
      vertex -5.73873 33.252 2
      vertex -5.46274 -1.13726 2
      vertex -5.46274 32.9373 2
    endloop
  endfacet
  facet normal 0 0 1
    outer loop
      vertex -5.73873 33.252 2
      vertex -5.73873 -1.45196 2
      vertex -5.46274 -1.13726 2
    endloop
  endfacet
  facet normal 0 0 1
    outer loop
      vertex -5.97128 33.6 2
      vertex -5.73873 -1.45196 2
      vertex -5.73873 33.252 2
    endloop
  endfacet
  facet normal 0 0 1
    outer loop
      vertex -5.97128 33.6 2
      vertex -5.97128 -1.8 2
      vertex -5.73873 -1.45196 2
    endloop
  endfacet
  facet normal 0 0 1
    outer loop
      vertex -6.15641 33.9754 2
      vertex -5.97128 -1.8 2
      vertex -5.97128 33.6 2
    endloop
  endfacet
  facet normal 0 0 1
    outer loop
      vertex -6.15641 33.9754 2
      vertex -6.15641 -2.17541 2
      vertex -5.97128 -1.8 2
    endloop
  endfacet
  facet normal 0 0 1
    outer loop
      vertex -6.29096 34.3718 2
      vertex -6.15641 -2.17541 2
      vertex -6.15641 33.9754 2
    endloop
  endfacet
  facet normal 0 0 1
    outer loop
      vertex -6.29096 34.3718 2
      vertex -6.29096 -2.57178 2
      vertex -6.15641 -2.17541 2
    endloop
  endfacet
  facet normal 0 0 1
    outer loop
      vertex -6.37262 34.7823 2
      vertex -6.29096 -2.57178 2
      vertex -6.29096 34.3718 2
    endloop
  endfacet
  facet normal 0 0 1
    outer loop
      vertex -6.37262 34.7823 2
      vertex -6.37262 -2.98232 2
      vertex -6.29096 -2.57178 2
    endloop
  endfacet
  facet normal 0 0 1
    outer loop
      vertex -6.4 35.2 2
      vertex -6.37262 -2.98232 2
      vertex -6.37262 34.7823 2
    endloop
  endfacet
  facet normal 0 0 1
    outer loop
      vertex -6.37262 -2.98232 2
      vertex -6.4 35.2 2
      vertex -6.4 -3.4 2
    endloop
  endfacet
  facet normal 0 0 1
    outer loop
      vertex 54.459 29.3218 2
      vertex 5.95641 29.7754 2
      vertex 54.5936 28.9254 2
    endloop
  endfacet
  facet normal 0 0 1
    outer loop
      vertex 54.5936 5.77459 2
      vertex 6.17262 3.41768 2
      vertex 6.2 3 2
    endloop
  endfacet
  facet normal -0 0 1
    outer loop
      vertex 5.77128 29.4 2
      vertex 54.5936 28.9254 2
      vertex 5.95641 29.7754 2
    endloop
  endfacet
  facet normal 0 0 1
    outer loop
      vertex 54.5936 5.77459 2
      vertex 6.09096 3.82822 2
      vertex 6.17262 3.41768 2
    endloop
  endfacet
  facet normal 0 0 1
    outer loop
      vertex 54.5936 28.9254 2
      vertex 5.77128 29.4 2
      vertex 54.5936 5.77459 2
    endloop
  endfacet
  facet normal 0 0 1
    outer loop
      vertex 54.5936 5.77459 2
      vertex 5.95641 4.22459 2
      vertex 6.09096 3.82822 2
    endloop
  endfacet
  facet normal 0 0 1
    outer loop
      vertex 5.77128 4.6 2
      vertex 54.5936 5.77459 2
      vertex 5.77128 29.4 2
    endloop
  endfacet
  facet normal 0 0 1
    outer loop
      vertex 54.5936 5.77459 2
      vertex 5.77128 4.6 2
      vertex 5.95641 4.22459 2
    endloop
  endfacet
  facet normal -0 0 1
    outer loop
      vertex 5.53873 29.052 2
      vertex 5.77128 4.6 2
      vertex 5.77128 29.4 2
    endloop
  endfacet
  facet normal 0 0 1
    outer loop
      vertex 5.53873 29.052 2
      vertex 5.53873 4.94804 2
      vertex 5.77128 4.6 2
    endloop
  endfacet
  facet normal -0 0 1
    outer loop
      vertex 5.26274 28.7373 2
      vertex 5.53873 4.94804 2
      vertex 5.53873 29.052 2
    endloop
  endfacet
  facet normal 0 0 1
    outer loop
      vertex 5.26274 28.7373 2
      vertex 5.26274 5.26274 2
      vertex 5.53873 4.94804 2
    endloop
  endfacet
  facet normal -0 0 1
    outer loop
      vertex 4.94804 28.4613 2
      vertex 5.26274 5.26274 2
      vertex 5.26274 28.7373 2
    endloop
  endfacet
  facet normal 0 0 1
    outer loop
      vertex 4.94804 28.4613 2
      vertex 4.94804 5.53873 2
      vertex 5.26274 5.26274 2
    endloop
  endfacet
  facet normal -0 0 1
    outer loop
      vertex 4.6 28.2287 2
      vertex 4.94804 5.53873 2
      vertex 4.94804 28.4613 2
    endloop
  endfacet
  facet normal 0 0 1
    outer loop
      vertex 4.6 28.2287 2
      vertex 4.6 5.77128 2
      vertex 4.94804 5.53873 2
    endloop
  endfacet
  facet normal -0 0 1
    outer loop
      vertex 4.22459 28.0436 2
      vertex 4.6 5.77128 2
      vertex 4.6 28.2287 2
    endloop
  endfacet
  facet normal 0 0 1
    outer loop
      vertex 4.22459 28.0436 2
      vertex 4.22459 5.95641 2
      vertex 4.6 5.77128 2
    endloop
  endfacet
  facet normal -0 0 1
    outer loop
      vertex 3.82822 27.909 2
      vertex 4.22459 5.95641 2
      vertex 4.22459 28.0436 2
    endloop
  endfacet
  facet normal 0 0 1
    outer loop
      vertex 3.82822 27.909 2
      vertex 3.82822 6.09096 2
      vertex 4.22459 5.95641 2
    endloop
  endfacet
  facet normal -0 0 1
    outer loop
      vertex 3.41768 27.8274 2
      vertex 3.82822 6.09096 2
      vertex 3.82822 27.909 2
    endloop
  endfacet
  facet normal 0 0 1
    outer loop
      vertex 3.41768 27.8274 2
      vertex 3.41768 6.17262 2
      vertex 3.82822 6.09096 2
    endloop
  endfacet
  facet normal -0 0 1
    outer loop
      vertex 3 27.8 2
      vertex 3.41768 6.17262 2
      vertex 3.41768 27.8274 2
    endloop
  endfacet
  facet normal 0 0 1
    outer loop
      vertex 3 27.8 2
      vertex 3 6.2 2
      vertex 3.41768 6.17262 2
    endloop
  endfacet
  facet normal 0 0 1
    outer loop
      vertex 2.58232 27.8274 2
      vertex 3 6.2 2
      vertex 3 27.8 2
    endloop
  endfacet
  facet normal 0 0 1
    outer loop
      vertex 2.58232 27.8274 2
      vertex 2.58232 6.17262 2
      vertex 3 6.2 2
    endloop
  endfacet
  facet normal 0 0 1
    outer loop
      vertex 2.17178 27.909 2
      vertex 2.58232 6.17262 2
      vertex 2.58232 27.8274 2
    endloop
  endfacet
  facet normal 0 0 1
    outer loop
      vertex 2.17178 27.909 2
      vertex 2.17178 6.09096 2
      vertex 2.58232 6.17262 2
    endloop
  endfacet
  facet normal 0 0 1
    outer loop
      vertex 1.77541 28.0436 2
      vertex 2.17178 6.09096 2
      vertex 2.17178 27.909 2
    endloop
  endfacet
  facet normal 0 0 1
    outer loop
      vertex 1.77541 28.0436 2
      vertex 1.77541 5.95641 2
      vertex 2.17178 6.09096 2
    endloop
  endfacet
  facet normal 0 0 1
    outer loop
      vertex 1.4 28.2287 2
      vertex 1.77541 5.95641 2
      vertex 1.77541 28.0436 2
    endloop
  endfacet
  facet normal 0 0 1
    outer loop
      vertex 1.4 28.2287 2
      vertex 1.4 5.77128 2
      vertex 1.77541 5.95641 2
    endloop
  endfacet
  facet normal 0 0 1
    outer loop
      vertex 1.05196 28.4613 2
      vertex 1.4 5.77128 2
      vertex 1.4 28.2287 2
    endloop
  endfacet
  facet normal 0 0 1
    outer loop
      vertex 1.05196 28.4613 2
      vertex 1.05196 5.53873 2
      vertex 1.4 5.77128 2
    endloop
  endfacet
  facet normal 0 0 1
    outer loop
      vertex 0.737258 28.7373 2
      vertex 1.05196 5.53873 2
      vertex 1.05196 28.4613 2
    endloop
  endfacet
  facet normal 0 0 1
    outer loop
      vertex 0.737258 28.7373 2
      vertex 0.737258 5.26274 2
      vertex 1.05196 5.53873 2
    endloop
  endfacet
  facet normal 0 0 1
    outer loop
      vertex 0.461268 29.052 2
      vertex 0.737258 5.26274 2
      vertex 0.737258 28.7373 2
    endloop
  endfacet
  facet normal 0 0 1
    outer loop
      vertex 0.461268 29.052 2
      vertex 0.461268 4.94804 2
      vertex 0.737258 5.26274 2
    endloop
  endfacet
  facet normal 0 0 1
    outer loop
      vertex 0.228718 29.4 2
      vertex 0.461268 4.94804 2
      vertex 0.461268 29.052 2
    endloop
  endfacet
  facet normal 0 0 1
    outer loop
      vertex 0.228718 29.4 2
      vertex 0.228718 4.6 2
      vertex 0.461268 4.94804 2
    endloop
  endfacet
  facet normal 0 0 1
    outer loop
      vertex 0.0435848 29.7754 2
      vertex 0.228718 4.6 2
      vertex 0.228718 29.4 2
    endloop
  endfacet
  facet normal 0 0 1
    outer loop
      vertex 0.0435848 29.7754 2
      vertex 0.0435848 4.22459 2
      vertex 0.228718 4.6 2
    endloop
  endfacet
  facet normal 0 0 1
    outer loop
      vertex -0.0909624 30.1718 2
      vertex 0.0435848 4.22459 2
      vertex 0.0435848 29.7754 2
    endloop
  endfacet
  facet normal 0 0 1
    outer loop
      vertex -0.0909624 30.1718 2
      vertex -0.0909624 3.82822 2
      vertex 0.0435848 4.22459 2
    endloop
  endfacet
  facet normal 0 0 1
    outer loop
      vertex -0.172623 30.5823 2
      vertex -0.0909624 3.82822 2
      vertex -0.0909624 30.1718 2
    endloop
  endfacet
  facet normal 0 0 1
    outer loop
      vertex -0.172623 30.5823 2
      vertex -0.172623 3.41768 2
      vertex -0.0909624 3.82822 2
    endloop
  endfacet
  facet normal 0 0 1
    outer loop
      vertex 0.0435848 32.2246 2
      vertex -1.25196 32.6613 2
      vertex -0.0909624 31.8282 2
    endloop
  endfacet
  facet normal -0 0 1
    outer loop
      vertex -1.6 32.4287 2
      vertex -0.0909624 31.8282 2
      vertex -1.25196 32.6613 2
    endloop
  endfacet
  facet normal 0 0 1
    outer loop
      vertex 60.7226 4.96768 2
      vertex 61.7 38.8 2
      vertex 60.7226 29.7323 2
    endloop
  endfacet
  facet normal 0 0 1
    outer loop
      vertex 61.7 38.8 2
      vertex 60.7226 4.96768 2
      vertex 60.75 4.55 2
    endloop
  endfacet
  facet normal -0 0 1
    outer loop
      vertex 60.641 29.3218 2
      vertex 60.7226 4.96768 2
      vertex 60.7226 29.7323 2
    endloop
  endfacet
  facet normal 0 0 1
    outer loop
      vertex 60.641 29.3218 2
      vertex 60.641 5.37822 2
      vertex 60.7226 4.96768 2
    endloop
  endfacet
  facet normal -0 0 1
    outer loop
      vertex 60.5064 28.9254 2
      vertex 60.641 5.37822 2
      vertex 60.641 29.3218 2
    endloop
  endfacet
  facet normal 0 0 1
    outer loop
      vertex 60.5064 28.9254 2
      vertex 60.5064 5.77459 2
      vertex 60.641 5.37822 2
    endloop
  endfacet
  facet normal -0 0 1
    outer loop
      vertex 60.3213 28.55 2
      vertex 60.5064 5.77459 2
      vertex 60.5064 28.9254 2
    endloop
  endfacet
  facet normal 0 0 1
    outer loop
      vertex 60.3213 28.55 2
      vertex 60.3213 6.15 2
      vertex 60.5064 5.77459 2
    endloop
  endfacet
  facet normal -0 0 1
    outer loop
      vertex 60.0887 28.202 2
      vertex 60.3213 6.15 2
      vertex 60.3213 28.55 2
    endloop
  endfacet
  facet normal 0 0 1
    outer loop
      vertex 60.0887 28.202 2
      vertex 60.0887 6.49804 2
      vertex 60.3213 6.15 2
    endloop
  endfacet
  facet normal -0 0 1
    outer loop
      vertex 59.8127 27.8873 2
      vertex 60.0887 6.49804 2
      vertex 60.0887 28.202 2
    endloop
  endfacet
  facet normal 0 0 1
    outer loop
      vertex 59.8127 27.8873 2
      vertex 59.8127 6.81274 2
      vertex 60.0887 6.49804 2
    endloop
  endfacet
  facet normal -0 0 1
    outer loop
      vertex 59.498 27.6113 2
      vertex 59.8127 6.81274 2
      vertex 59.8127 27.8873 2
    endloop
  endfacet
  facet normal 0 0 1
    outer loop
      vertex 59.498 27.6113 2
      vertex 59.498 7.08873 2
      vertex 59.8127 6.81274 2
    endloop
  endfacet
  facet normal -0 0 1
    outer loop
      vertex 59.15 27.3787 2
      vertex 59.498 7.08873 2
      vertex 59.498 27.6113 2
    endloop
  endfacet
  facet normal 0 0 1
    outer loop
      vertex 59.15 27.3787 2
      vertex 59.15 7.32128 2
      vertex 59.498 7.08873 2
    endloop
  endfacet
  facet normal -0 0 1
    outer loop
      vertex 58.7746 27.1936 2
      vertex 59.15 7.32128 2
      vertex 59.15 27.3787 2
    endloop
  endfacet
  facet normal 0 0 1
    outer loop
      vertex 58.7746 27.1936 2
      vertex 58.7746 7.50641 2
      vertex 59.15 7.32128 2
    endloop
  endfacet
  facet normal -0 0 1
    outer loop
      vertex 58.3782 27.059 2
      vertex 58.7746 7.50641 2
      vertex 58.7746 27.1936 2
    endloop
  endfacet
  facet normal 0 0 1
    outer loop
      vertex 58.3782 27.059 2
      vertex 58.3782 7.64096 2
      vertex 58.7746 7.50641 2
    endloop
  endfacet
  facet normal -0 0 1
    outer loop
      vertex 57.9677 26.9774 2
      vertex 58.3782 7.64096 2
      vertex 58.3782 27.059 2
    endloop
  endfacet
  facet normal 0 0 1
    outer loop
      vertex 57.9677 26.9774 2
      vertex 57.9677 7.72262 2
      vertex 58.3782 7.64096 2
    endloop
  endfacet
  facet normal -0 0 1
    outer loop
      vertex 57.55 26.95 2
      vertex 57.9677 7.72262 2
      vertex 57.9677 26.9774 2
    endloop
  endfacet
  facet normal 0 0 1
    outer loop
      vertex 57.55 26.95 2
      vertex 57.55 7.75 2
      vertex 57.9677 7.72262 2
    endloop
  endfacet
  facet normal 0 0 1
    outer loop
      vertex 57.1323 26.9774 2
      vertex 57.55 7.75 2
      vertex 57.55 26.95 2
    endloop
  endfacet
  facet normal 0 0 1
    outer loop
      vertex 57.1323 26.9774 2
      vertex 57.1323 7.72262 2
      vertex 57.55 7.75 2
    endloop
  endfacet
  facet normal 0 0 1
    outer loop
      vertex 56.7218 27.059 2
      vertex 57.1323 7.72262 2
      vertex 57.1323 26.9774 2
    endloop
  endfacet
  facet normal 0 0 1
    outer loop
      vertex 56.7218 27.059 2
      vertex 56.7218 7.64096 2
      vertex 57.1323 7.72262 2
    endloop
  endfacet
  facet normal 0 0 1
    outer loop
      vertex 56.3254 27.1936 2
      vertex 56.7218 7.64096 2
      vertex 56.7218 27.059 2
    endloop
  endfacet
  facet normal 0 0 1
    outer loop
      vertex 56.3254 27.1936 2
      vertex 56.3254 7.50641 2
      vertex 56.7218 7.64096 2
    endloop
  endfacet
  facet normal 0 0 1
    outer loop
      vertex 55.95 27.3787 2
      vertex 56.3254 7.50641 2
      vertex 56.3254 27.1936 2
    endloop
  endfacet
  facet normal 0 0 1
    outer loop
      vertex 55.95 27.3787 2
      vertex 55.95 7.32128 2
      vertex 56.3254 7.50641 2
    endloop
  endfacet
  facet normal 0 0 1
    outer loop
      vertex 55.602 27.6113 2
      vertex 55.95 7.32128 2
      vertex 55.95 27.3787 2
    endloop
  endfacet
  facet normal 0 0 1
    outer loop
      vertex 55.602 27.6113 2
      vertex 55.602 7.08873 2
      vertex 55.95 7.32128 2
    endloop
  endfacet
  facet normal 0 0 1
    outer loop
      vertex 55.2873 27.8873 2
      vertex 55.602 7.08873 2
      vertex 55.602 27.6113 2
    endloop
  endfacet
  facet normal 0 0 1
    outer loop
      vertex 55.2873 27.8873 2
      vertex 55.2873 6.81274 2
      vertex 55.602 7.08873 2
    endloop
  endfacet
  facet normal 0 0 1
    outer loop
      vertex 55.0113 28.202 2
      vertex 55.2873 6.81274 2
      vertex 55.2873 27.8873 2
    endloop
  endfacet
  facet normal 0 0 1
    outer loop
      vertex 55.0113 28.202 2
      vertex 55.0113 6.49804 2
      vertex 55.2873 6.81274 2
    endloop
  endfacet
  facet normal 0 0 1
    outer loop
      vertex 54.7787 28.55 2
      vertex 55.0113 6.49804 2
      vertex 55.0113 28.202 2
    endloop
  endfacet
  facet normal 0 0 1
    outer loop
      vertex 54.7787 28.55 2
      vertex 54.7787 6.15 2
      vertex 55.0113 6.49804 2
    endloop
  endfacet
  facet normal 0 0 1
    outer loop
      vertex 54.5936 28.9254 2
      vertex 54.7787 6.15 2
      vertex 54.7787 28.55 2
    endloop
  endfacet
  facet normal 0 0 1
    outer loop
      vertex 54.5936 28.9254 2
      vertex 54.5936 5.77459 2
      vertex 54.7787 6.15 2
    endloop
  endfacet
  facet normal -0 0 1
    outer loop
      vertex 6.09096 30.1718 2
      vertex 54.3774 29.7323 2
      vertex 6.17262 30.5823 2
    endloop
  endfacet
  facet normal 0 0 1
    outer loop
      vertex 54.3774 29.7323 2
      vertex 6.09096 30.1718 2
      vertex 54.459 29.3218 2
    endloop
  endfacet
  facet normal 0 0 1
    outer loop
      vertex 54.35 30.15 2
      vertex 6.17262 30.5823 2
      vertex 54.3774 29.7323 2
    endloop
  endfacet
  facet normal -0 0 1
    outer loop
      vertex 5.95641 29.7754 2
      vertex 54.459 29.3218 2
      vertex 6.09096 30.1718 2
    endloop
  endfacet
  facet normal -0 0 1
    outer loop
      vertex 6.17262 30.5823 2
      vertex 54.35 30.15 2
      vertex 6.2 31 2
    endloop
  endfacet
  facet normal 0 0 1
    outer loop
      vertex 54.5936 5.77459 2
      vertex 6.2 3 2
      vertex 54.459 5.37822 2
    endloop
  endfacet
  facet normal 0 0 1
    outer loop
      vertex 60.7226 29.7323 2
      vertex 61.7 38.8 2
      vertex 60.75 30.15 2
    endloop
  endfacet
  facet normal 0 0 1
    outer loop
      vertex 61.7 38.8 2
      vertex 60.7226 30.5677 2
      vertex 60.75 30.15 2
    endloop
  endfacet
  facet normal 0 0 1
    outer loop
      vertex 61.7 38.8 2
      vertex 60.641 30.9782 2
      vertex 60.7226 30.5677 2
    endloop
  endfacet
  facet normal 0 0 1
    outer loop
      vertex 61.7 38.8 2
      vertex 60.5064 31.3746 2
      vertex 60.641 30.9782 2
    endloop
  endfacet
  facet normal 0 0 1
    outer loop
      vertex 61.7 38.8 2
      vertex 60.3213 31.75 2
      vertex 60.5064 31.3746 2
    endloop
  endfacet
  facet normal 0 0 1
    outer loop
      vertex 61.7 38.8 2
      vertex 60.0887 32.098 2
      vertex 60.3213 31.75 2
    endloop
  endfacet
  facet normal 0 0 1
    outer loop
      vertex 61.7 38.8 2
      vertex 59.8127 32.4127 2
      vertex 60.0887 32.098 2
    endloop
  endfacet
  facet normal 0 0 1
    outer loop
      vertex 61.7 38.8 2
      vertex 59.498 32.6887 2
      vertex 59.8127 32.4127 2
    endloop
  endfacet
  facet normal 0 0 1
    outer loop
      vertex 61.7 38.8 2
      vertex 59.15 32.9213 2
      vertex 59.498 32.6887 2
    endloop
  endfacet
  facet normal 0 0 1
    outer loop
      vertex 61.7 38.8 2
      vertex 58.7746 33.1064 2
      vertex 59.15 32.9213 2
    endloop
  endfacet
  facet normal 0 0 1
    outer loop
      vertex 61.7 38.8 2
      vertex 58.3782 33.241 2
      vertex 58.7746 33.1064 2
    endloop
  endfacet
  facet normal 0 0 1
    outer loop
      vertex 61.7 38.8 2
      vertex 57.9677 33.3226 2
      vertex 58.3782 33.241 2
    endloop
  endfacet
  facet normal 0 0 1
    outer loop
      vertex 61.7 38.8 2
      vertex 57.55 33.35 2
      vertex 57.9677 33.3226 2
    endloop
  endfacet
  facet normal 0 0 1
    outer loop
      vertex 61.7 38.8 2
      vertex 57.1323 33.3226 2
      vertex 57.55 33.35 2
    endloop
  endfacet
  facet normal 0 0 1
    outer loop
      vertex 61.7 38.8 2
      vertex 56.7218 33.241 2
      vertex 57.1323 33.3226 2
    endloop
  endfacet
  facet normal 0 0 1
    outer loop
      vertex 61.7 38.8 2
      vertex 56.3254 33.1064 2
      vertex 56.7218 33.241 2
    endloop
  endfacet
  facet normal 0 0 1
    outer loop
      vertex 61.7 38.8 2
      vertex 55.95 32.9213 2
      vertex 56.3254 33.1064 2
    endloop
  endfacet
  facet normal 0 0 1
    outer loop
      vertex 61.7 38.8 2
      vertex 55.602 32.6887 2
      vertex 55.95 32.9213 2
    endloop
  endfacet
  facet normal -0 0 1
    outer loop
      vertex 4.94804 33.5387 2
      vertex 55.602 32.6887 2
      vertex 61.7 38.8 2
    endloop
  endfacet
  facet normal 0 0 1
    outer loop
      vertex 54.459 5.37822 2
      vertex 6.2 3 2
      vertex 54.3774 4.96768 2
    endloop
  endfacet
  facet normal 0 0 1
    outer loop
      vertex 54.3774 30.5677 2
      vertex 6.2 31 2
      vertex 54.35 30.15 2
    endloop
  endfacet
  facet normal 0 0 1
    outer loop
      vertex 6.17262 31.4177 2
      vertex 54.3774 30.5677 2
      vertex 54.459 30.9782 2
    endloop
  endfacet
  facet normal 0 0 1
    outer loop
      vertex 6.09096 31.8282 2
      vertex 54.459 30.9782 2
      vertex 54.5936 31.3746 2
    endloop
  endfacet
  facet normal 0 0 1
    outer loop
      vertex 5.95641 32.2246 2
      vertex 54.5936 31.3746 2
      vertex 54.7787 31.75 2
    endloop
  endfacet
  facet normal 0 0 1
    outer loop
      vertex 5.77128 32.6 2
      vertex 54.7787 31.75 2
      vertex 55.0113 32.098 2
    endloop
  endfacet
  facet normal 0 0 1
    outer loop
      vertex 5.53873 32.948 2
      vertex 55.0113 32.098 2
      vertex 55.2873 32.4127 2
    endloop
  endfacet
  facet normal -0 -0 1
    outer loop
      vertex 5.26274 33.2627 2
      vertex 55.602 32.6887 2
      vertex 4.94804 33.5387 2
    endloop
  endfacet
  facet normal 0 0 1
    outer loop
      vertex 54.3774 30.5677 2
      vertex 6.17262 31.4177 2
      vertex 6.2 31 2
    endloop
  endfacet
  facet normal 0 0 1
    outer loop
      vertex 54.459 30.9782 2
      vertex 6.09096 31.8282 2
      vertex 6.17262 31.4177 2
    endloop
  endfacet
  facet normal 0 0 1
    outer loop
      vertex 54.5936 31.3746 2
      vertex 5.95641 32.2246 2
      vertex 6.09096 31.8282 2
    endloop
  endfacet
  facet normal 0 0 1
    outer loop
      vertex 54.7787 31.75 2
      vertex 5.77128 32.6 2
      vertex 5.95641 32.2246 2
    endloop
  endfacet
  facet normal 0 0 1
    outer loop
      vertex 55.0113 32.098 2
      vertex 5.53873 32.948 2
      vertex 5.77128 32.6 2
    endloop
  endfacet
  facet normal 0 0 1
    outer loop
      vertex 55.2873 32.4127 2
      vertex 5.26274 33.2627 2
      vertex 5.53873 32.948 2
    endloop
  endfacet
  facet normal 0 0 1
    outer loop
      vertex 55.602 32.6887 2
      vertex 5.26274 33.2627 2
      vertex 55.2873 32.4127 2
    endloop
  endfacet
  facet normal 0 0 1
    outer loop
      vertex 61.7 38.8 2
      vertex 4.6 33.7713 2
      vertex 4.94804 33.5387 2
    endloop
  endfacet
  facet normal -0 0 1
    outer loop
      vertex -1.25196 37.7387 2
      vertex 4.6 33.7713 2
      vertex 61.7 38.8 2
    endloop
  endfacet
  facet normal -0 -0 1
    outer loop
      vertex -0.937258 37.4627 2
      vertex 4.6 33.7713 2
      vertex -1.25196 37.7387 2
    endloop
  endfacet
  facet normal 0 0 1
    outer loop
      vertex 4.6 33.7713 2
      vertex -0.937258 37.4627 2
      vertex 4.22459 33.9564 2
    endloop
  endfacet
  facet normal -0 -0 1
    outer loop
      vertex -0.661269 37.148 2
      vertex 4.22459 33.9564 2
      vertex -0.937258 37.4627 2
    endloop
  endfacet
  facet normal -0 -0 1
    outer loop
      vertex -0.428719 36.8 2
      vertex 3.82822 34.091 2
      vertex -0.661269 37.148 2
    endloop
  endfacet
  facet normal 0 0 1
    outer loop
      vertex 1.05196 33.5387 2
      vertex -0.243585 33.9754 2
      vertex 0.737258 33.2627 2
    endloop
  endfacet
  facet normal -0 0 1
    outer loop
      vertex -0.243585 33.9754 2
      vertex 1.05196 33.5387 2
      vertex -0.109036 34.3718 2
    endloop
  endfacet
  facet normal 0 0 1
    outer loop
      vertex 1.4 33.7713 2
      vertex -0.109036 34.3718 2
      vertex 1.05196 33.5387 2
    endloop
  endfacet
  facet normal -0 0 1
    outer loop
      vertex -0.109036 34.3718 2
      vertex 1.4 33.7713 2
      vertex -0.0273762 34.7823 2
    endloop
  endfacet
  facet normal 0 0 1
    outer loop
      vertex 1.77541 33.9564 2
      vertex -0.0273762 34.7823 2
      vertex 1.4 33.7713 2
    endloop
  endfacet
  facet normal -0 0 1
    outer loop
      vertex -0.0273762 34.7823 2
      vertex 1.77541 33.9564 2
      vertex 0 35.2 2
    endloop
  endfacet
  facet normal 0 0 1
    outer loop
      vertex 2.17178 34.091 2
      vertex 0 35.2 2
      vertex 1.77541 33.9564 2
    endloop
  endfacet
  facet normal 0 0 1
    outer loop
      vertex -0.0273762 35.6177 2
      vertex 2.17178 34.091 2
      vertex 2.58232 34.1726 2
    endloop
  endfacet
  facet normal 0 0 1
    outer loop
      vertex 3.82822 34.091 2
      vertex -0.428719 36.8 2
      vertex 3.41768 34.1726 2
    endloop
  endfacet
  facet normal 0 0 1
    outer loop
      vertex 2.17178 34.091 2
      vertex -0.0273762 35.6177 2
      vertex 0 35.2 2
    endloop
  endfacet
  facet normal 0 0 1
    outer loop
      vertex 2.58232 34.1726 2
      vertex -0.109036 36.0282 2
      vertex -0.0273762 35.6177 2
    endloop
  endfacet
  facet normal 0 0 1
    outer loop
      vertex 3 34.2 2
      vertex -0.109036 36.0282 2
      vertex 2.58232 34.1726 2
    endloop
  endfacet
  facet normal -0 -0 1
    outer loop
      vertex -0.109036 36.0282 2
      vertex 3 34.2 2
      vertex -0.243585 36.4246 2
    endloop
  endfacet
  facet normal 0 0 1
    outer loop
      vertex 3.41768 34.1726 2
      vertex -0.243585 36.4246 2
      vertex 3 34.2 2
    endloop
  endfacet
  facet normal -0 -0 1
    outer loop
      vertex -0.243585 36.4246 2
      vertex 3.41768 34.1726 2
      vertex -0.428719 36.8 2
    endloop
  endfacet
  facet normal 0 0 1
    outer loop
      vertex 4.22459 33.9564 2
      vertex -0.661269 37.148 2
      vertex 3.82822 34.091 2
    endloop
  endfacet
  facet normal 0 0 1
    outer loop
      vertex 61.7 38.8 2
      vertex -1.6 37.9713 2
      vertex -1.25196 37.7387 2
    endloop
  endfacet
  facet normal 0 0 1
    outer loop
      vertex 61.7 38.8 2
      vertex -1.97541 38.1564 2
      vertex -1.6 37.9713 2
    endloop
  endfacet
  facet normal 0 0 1
    outer loop
      vertex 61.7 38.8 2
      vertex -2.37178 38.291 2
      vertex -1.97541 38.1564 2
    endloop
  endfacet
  facet normal 0 0 1
    outer loop
      vertex 61.7 38.8 2
      vertex -2.78232 38.3726 2
      vertex -2.37178 38.291 2
    endloop
  endfacet
  facet normal -0 0 1
    outer loop
      vertex -6.6 38.8 2
      vertex -2.78232 38.3726 2
      vertex 61.7 38.8 2
    endloop
  endfacet
  facet normal 0 0 1
    outer loop
      vertex -6.4 35.2 2
      vertex -6.6 38.8 2
      vertex -6.4 -3.4 2
    endloop
  endfacet
  facet normal 0 0 1
    outer loop
      vertex -6.37262 35.6177 2
      vertex -6.6 38.8 2
      vertex -6.4 35.2 2
    endloop
  endfacet
  facet normal 0 0 1
    outer loop
      vertex -6.29096 36.0282 2
      vertex -6.6 38.8 2
      vertex -6.37262 35.6177 2
    endloop
  endfacet
  facet normal 0 0 1
    outer loop
      vertex -6.15641 36.4246 2
      vertex -6.6 38.8 2
      vertex -6.29096 36.0282 2
    endloop
  endfacet
  facet normal 0 0 1
    outer loop
      vertex -5.97128 36.8 2
      vertex -6.6 38.8 2
      vertex -6.15641 36.4246 2
    endloop
  endfacet
  facet normal 0 0 1
    outer loop
      vertex -5.73873 37.148 2
      vertex -6.6 38.8 2
      vertex -5.97128 36.8 2
    endloop
  endfacet
  facet normal 0 0 1
    outer loop
      vertex -5.46274 37.4627 2
      vertex -6.6 38.8 2
      vertex -5.73873 37.148 2
    endloop
  endfacet
  facet normal 0 0 1
    outer loop
      vertex -5.14804 37.7387 2
      vertex -6.6 38.8 2
      vertex -5.46274 37.4627 2
    endloop
  endfacet
  facet normal 0 0 1
    outer loop
      vertex -4.8 37.9713 2
      vertex -6.6 38.8 2
      vertex -5.14804 37.7387 2
    endloop
  endfacet
  facet normal 0 0 1
    outer loop
      vertex -4.42459 38.1564 2
      vertex -6.6 38.8 2
      vertex -4.8 37.9713 2
    endloop
  endfacet
  facet normal 0 0 1
    outer loop
      vertex -4.02822 38.291 2
      vertex -6.6 38.8 2
      vertex -4.42459 38.1564 2
    endloop
  endfacet
  facet normal 0 0 1
    outer loop
      vertex -3.61768 38.3726 2
      vertex -6.6 38.8 2
      vertex -4.02822 38.291 2
    endloop
  endfacet
  facet normal 0 0 1
    outer loop
      vertex -3.2 38.4 2
      vertex -6.6 38.8 2
      vertex -3.61768 38.3726 2
    endloop
  endfacet
  facet normal 0 0 1
    outer loop
      vertex -2.78232 38.3726 2
      vertex -6.6 38.8 2
      vertex -3.2 38.4 2
    endloop
  endfacet
  facet normal 0 0 1
    outer loop
      vertex 61.7 38.8 2
      vertex 60.75 4.55 2
      vertex 61.7 -7 2
    endloop
  endfacet
  facet normal -0 0 1
    outer loop
      vertex 60.7226 4.13232 2
      vertex 61.7 -7 2
      vertex 60.75 4.55 2
    endloop
  endfacet
  facet normal -0 0 1
    outer loop
      vertex 60.641 3.72178 2
      vertex 61.7 -7 2
      vertex 60.7226 4.13232 2
    endloop
  endfacet
  facet normal -0 0 1
    outer loop
      vertex 60.5064 3.32541 2
      vertex 61.7 -7 2
      vertex 60.641 3.72178 2
    endloop
  endfacet
  facet normal -0 0 1
    outer loop
      vertex 60.3213 2.95 2
      vertex 61.7 -7 2
      vertex 60.5064 3.32541 2
    endloop
  endfacet
  facet normal -0 0 1
    outer loop
      vertex 60.0887 2.60196 2
      vertex 61.7 -7 2
      vertex 60.3213 2.95 2
    endloop
  endfacet
  facet normal -0 0 1
    outer loop
      vertex 59.8127 2.28726 2
      vertex 61.7 -7 2
      vertex 60.0887 2.60196 2
    endloop
  endfacet
  facet normal -0 0 1
    outer loop
      vertex 59.498 2.01127 2
      vertex 61.7 -7 2
      vertex 59.8127 2.28726 2
    endloop
  endfacet
  facet normal -0 0 1
    outer loop
      vertex 59.15 1.77872 2
      vertex 61.7 -7 2
      vertex 59.498 2.01127 2
    endloop
  endfacet
  facet normal -0 0 1
    outer loop
      vertex 58.7746 1.59359 2
      vertex 61.7 -7 2
      vertex 59.15 1.77872 2
    endloop
  endfacet
  facet normal -0 0 1
    outer loop
      vertex 58.3782 1.45904 2
      vertex 61.7 -7 2
      vertex 58.7746 1.59359 2
    endloop
  endfacet
  facet normal -0 0 1
    outer loop
      vertex 57.9677 1.37738 2
      vertex 61.7 -7 2
      vertex 58.3782 1.45904 2
    endloop
  endfacet
  facet normal -0 0 1
    outer loop
      vertex 57.55 1.35 2
      vertex 61.7 -7 2
      vertex 57.9677 1.37738 2
    endloop
  endfacet
  facet normal 0 0 1
    outer loop
      vertex 57.1323 1.37738 2
      vertex 61.7 -7 2
      vertex 57.55 1.35 2
    endloop
  endfacet
  facet normal 0 0 1
    outer loop
      vertex 56.7218 1.45904 2
      vertex 61.7 -7 2
      vertex 57.1323 1.37738 2
    endloop
  endfacet
  facet normal 0 0 1
    outer loop
      vertex 56.3254 1.59359 2
      vertex 61.7 -7 2
      vertex 56.7218 1.45904 2
    endloop
  endfacet
  facet normal 0 0 1
    outer loop
      vertex 55.95 1.77872 2
      vertex 61.7 -7 2
      vertex 56.3254 1.59359 2
    endloop
  endfacet
  facet normal 0 0 1
    outer loop
      vertex 55.602 2.01127 2
      vertex 61.7 -7 2
      vertex 55.95 1.77872 2
    endloop
  endfacet
  facet normal 0 0 1
    outer loop
      vertex 55.2873 2.28726 2
      vertex 61.7 -7 2
      vertex 55.602 2.01127 2
    endloop
  endfacet
  facet normal 0 0 1
    outer loop
      vertex 5.53873 1.05196 2
      vertex 55.2873 2.28726 2
      vertex 55.0113 2.60196 2
    endloop
  endfacet
  facet normal 0 0 1
    outer loop
      vertex 54.3774 4.96768 2
      vertex 6.2 3 2
      vertex 54.35 4.55 2
    endloop
  endfacet
  facet normal 0 0 1
    outer loop
      vertex 54.35 4.55 2
      vertex 6.2 3 2
      vertex 54.3774 4.13232 2
    endloop
  endfacet
  facet normal 0 0 1
    outer loop
      vertex 6.17262 2.58232 2
      vertex 54.3774 4.13232 2
      vertex 6.2 3 2
    endloop
  endfacet
  facet normal 0 0 1
    outer loop
      vertex 54.3774 4.13232 2
      vertex 6.17262 2.58232 2
      vertex 54.459 3.72178 2
    endloop
  endfacet
  facet normal 0 0 1
    outer loop
      vertex 6.09096 2.17178 2
      vertex 54.459 3.72178 2
      vertex 6.17262 2.58232 2
    endloop
  endfacet
  facet normal 0 0 1
    outer loop
      vertex 54.459 3.72178 2
      vertex 6.09096 2.17178 2
      vertex 54.5936 3.32541 2
    endloop
  endfacet
  facet normal 0 0 1
    outer loop
      vertex 5.95641 1.77541 2
      vertex 54.5936 3.32541 2
      vertex 6.09096 2.17178 2
    endloop
  endfacet
  facet normal 0 0 1
    outer loop
      vertex 54.5936 3.32541 2
      vertex 5.95641 1.77541 2
      vertex 54.7787 2.95 2
    endloop
  endfacet
  facet normal 0 0 1
    outer loop
      vertex 5.77128 1.4 2
      vertex 54.7787 2.95 2
      vertex 5.95641 1.77541 2
    endloop
  endfacet
  facet normal 0 0 1
    outer loop
      vertex 54.7787 2.95 2
      vertex 5.77128 1.4 2
      vertex 55.0113 2.60196 2
    endloop
  endfacet
  facet normal 0 0 1
    outer loop
      vertex 5.53873 1.05196 2
      vertex 55.0113 2.60196 2
      vertex 5.77128 1.4 2
    endloop
  endfacet
  facet normal 0 0 1
    outer loop
      vertex 55.2873 2.28726 2
      vertex 5.53873 1.05196 2
      vertex 61.7 -7 2
    endloop
  endfacet
  facet normal -0 0 1
    outer loop
      vertex 5.26274 0.737258 2
      vertex 61.7 -7 2
      vertex 5.53873 1.05196 2
    endloop
  endfacet
  facet normal -0 0 1
    outer loop
      vertex 4.94804 0.461268 2
      vertex 61.7 -7 2
      vertex 5.26274 0.737258 2
    endloop
  endfacet
  facet normal 0 0 1
    outer loop
      vertex -0.428719 -5 2
      vertex 4.94804 0.461268 2
      vertex 4.6 0.228718 2
    endloop
  endfacet
  facet normal 0 0 1
    outer loop
      vertex -0.243585 -4.62459 2
      vertex 4.6 0.228718 2
      vertex 4.22459 0.0435848 2
    endloop
  endfacet
  facet normal 0 0 1
    outer loop
      vertex -0.109036 -4.22822 2
      vertex 4.22459 0.0435848 2
      vertex 3.82822 -0.0909624 2
    endloop
  endfacet
  facet normal 0 0 1
    outer loop
      vertex -0.0273762 -3.81768 2
      vertex 3.82822 -0.0909624 2
      vertex 3.41768 -0.172623 2
    endloop
  endfacet
  facet normal 0 0 1
    outer loop
      vertex 0 -3.4 2
      vertex 3.41768 -0.172623 2
      vertex 3 -0.2 2
    endloop
  endfacet
  facet normal 0 0 1
    outer loop
      vertex -0.0273762 -2.98232 2
      vertex 3 -0.2 2
      vertex 2.58232 -0.172623 2
    endloop
  endfacet
  facet normal 0 0 1
    outer loop
      vertex -1.97541 -0.443585 2
      vertex 0.228718 1.4 2
      vertex 0.0435848 1.77541 2
    endloop
  endfacet
  facet normal 0 0 1
    outer loop
      vertex -0.0273762 -2.98232 2
      vertex 0.461268 1.05196 2
      vertex 0.228718 1.4 2
    endloop
  endfacet
  facet normal 0 0 1
    outer loop
      vertex -0.0273762 -2.98232 2
      vertex 0.737258 0.737258 2
      vertex 0.461268 1.05196 2
    endloop
  endfacet
  facet normal 0 0 1
    outer loop
      vertex -0.0273762 -2.98232 2
      vertex 1.05196 0.461268 2
      vertex 0.737258 0.737258 2
    endloop
  endfacet
  facet normal 0 0 1
    outer loop
      vertex -0.0273762 -2.98232 2
      vertex 1.4 0.228718 2
      vertex 1.05196 0.461268 2
    endloop
  endfacet
  facet normal 0 0 1
    outer loop
      vertex -0.0273762 -2.98232 2
      vertex 1.77541 0.0435848 2
      vertex 1.4 0.228718 2
    endloop
  endfacet
  facet normal 0 0 1
    outer loop
      vertex -0.0273762 -2.98232 2
      vertex 2.17178 -0.0909624 2
      vertex 1.77541 0.0435848 2
    endloop
  endfacet
  facet normal 0 0 1
    outer loop
      vertex -0.0273762 -2.98232 2
      vertex 2.58232 -0.172623 2
      vertex 2.17178 -0.0909624 2
    endloop
  endfacet
  facet normal 0 0 1
    outer loop
      vertex 3.41768 -0.172623 2
      vertex 0 -3.4 2
      vertex -0.0273762 -3.81768 2
    endloop
  endfacet
  facet normal 0 0 1
    outer loop
      vertex 3.82822 -0.0909624 2
      vertex -0.0273762 -3.81768 2
      vertex -0.109036 -4.22822 2
    endloop
  endfacet
  facet normal 0 0 1
    outer loop
      vertex 4.22459 0.0435848 2
      vertex -0.109036 -4.22822 2
      vertex -0.243585 -4.62459 2
    endloop
  endfacet
  facet normal 0 0 1
    outer loop
      vertex 4.6 0.228718 2
      vertex -0.243585 -4.62459 2
      vertex -0.428719 -5 2
    endloop
  endfacet
  facet normal 0 0 1
    outer loop
      vertex 4.94804 0.461268 2
      vertex -0.428719 -5 2
      vertex -0.661269 -5.34804 2
    endloop
  endfacet
  facet normal 0 0 1
    outer loop
      vertex 4.94804 0.461268 2
      vertex -0.661269 -5.34804 2
      vertex 61.7 -7 2
    endloop
  endfacet
  facet normal -0 0 1
    outer loop
      vertex -0.937258 -5.66274 2
      vertex 61.7 -7 2
      vertex -0.661269 -5.34804 2
    endloop
  endfacet
  facet normal -0 0 1
    outer loop
      vertex -1.25196 -5.93873 2
      vertex 61.7 -7 2
      vertex -0.937258 -5.66274 2
    endloop
  endfacet
  facet normal -0 0 1
    outer loop
      vertex -1.6 -6.17128 2
      vertex 61.7 -7 2
      vertex -1.25196 -5.93873 2
    endloop
  endfacet
  facet normal -0 0 1
    outer loop
      vertex -1.97541 -6.35641 2
      vertex 61.7 -7 2
      vertex -1.6 -6.17128 2
    endloop
  endfacet
  facet normal -0 0 1
    outer loop
      vertex -2.37178 -6.49096 2
      vertex 61.7 -7 2
      vertex -1.97541 -6.35641 2
    endloop
  endfacet
  facet normal -0 0 1
    outer loop
      vertex -2.78232 -6.57262 2
      vertex 61.7 -7 2
      vertex -2.37178 -6.49096 2
    endloop
  endfacet
  facet normal 0 0 1
    outer loop
      vertex -6.6 -7 2
      vertex -2.78232 -6.57262 2
      vertex -3.2 -6.6 2
    endloop
  endfacet
  facet normal 0 0 1
    outer loop
      vertex -2.78232 -6.57262 2
      vertex -6.6 -7 2
      vertex 61.7 -7 2
    endloop
  endfacet
  facet normal 0 0 1
    outer loop
      vertex -3.61768 -6.57262 2
      vertex -6.6 -7 2
      vertex -3.2 -6.6 2
    endloop
  endfacet
  facet normal 0 0 1
    outer loop
      vertex -4.02822 -6.49096 2
      vertex -6.6 -7 2
      vertex -3.61768 -6.57262 2
    endloop
  endfacet
  facet normal 0 0 1
    outer loop
      vertex -4.42459 -6.35641 2
      vertex -6.6 -7 2
      vertex -4.02822 -6.49096 2
    endloop
  endfacet
  facet normal 0 0 1
    outer loop
      vertex -4.8 -6.17128 2
      vertex -6.6 -7 2
      vertex -4.42459 -6.35641 2
    endloop
  endfacet
  facet normal 0 0 1
    outer loop
      vertex -5.14804 -5.93873 2
      vertex -6.6 -7 2
      vertex -4.8 -6.17128 2
    endloop
  endfacet
  facet normal 0 0 1
    outer loop
      vertex -5.46274 -5.66274 2
      vertex -6.6 -7 2
      vertex -5.14804 -5.93873 2
    endloop
  endfacet
  facet normal 0 0 1
    outer loop
      vertex -5.73873 -5.34804 2
      vertex -6.6 -7 2
      vertex -5.46274 -5.66274 2
    endloop
  endfacet
  facet normal 0 0 1
    outer loop
      vertex -5.97128 -5 2
      vertex -6.6 -7 2
      vertex -5.73873 -5.34804 2
    endloop
  endfacet
  facet normal 0 0 1
    outer loop
      vertex -6.15641 -4.62459 2
      vertex -6.6 -7 2
      vertex -5.97128 -5 2
    endloop
  endfacet
  facet normal 0 0 1
    outer loop
      vertex -6.29096 -4.22822 2
      vertex -6.6 -7 2
      vertex -6.15641 -4.62459 2
    endloop
  endfacet
  facet normal 0 0 1
    outer loop
      vertex -6.37262 -3.81768 2
      vertex -6.6 -7 2
      vertex -6.29096 -4.22822 2
    endloop
  endfacet
  facet normal 0 0 1
    outer loop
      vertex -6.4 -3.4 2
      vertex -6.6 -7 2
      vertex -6.37262 -3.81768 2
    endloop
  endfacet
  facet normal 0 0 1
    outer loop
      vertex -6.6 -7 2
      vertex -6.4 -3.4 2
      vertex -6.6 38.8 2
    endloop
  endfacet
  facet normal -0 0 1
    outer loop
      vertex -0.428719 33.6 2
      vertex 0.737258 33.2627 2
      vertex -0.243585 33.9754 2
    endloop
  endfacet
  facet normal 0 0 1
    outer loop
      vertex 0.737258 33.2627 2
      vertex -0.428719 33.6 2
      vertex 0.461268 32.948 2
    endloop
  endfacet
  facet normal -0 0 1
    outer loop
      vertex -0.661269 33.252 2
      vertex 0.461268 32.948 2
      vertex -0.428719 33.6 2
    endloop
  endfacet
  facet normal 0 0 1
    outer loop
      vertex 0.461268 32.948 2
      vertex -0.661269 33.252 2
      vertex 0.228718 32.6 2
    endloop
  endfacet
  facet normal -0 0 1
    outer loop
      vertex -0.937258 32.9373 2
      vertex 0.228718 32.6 2
      vertex -0.661269 33.252 2
    endloop
  endfacet
  facet normal -0 0 1
    outer loop
      vertex -1.25196 32.6613 2
      vertex 0.0435848 32.2246 2
      vertex -0.937258 32.9373 2
    endloop
  endfacet
  facet normal 0 0 1
    outer loop
      vertex 0.228718 32.6 2
      vertex -0.937258 32.9373 2
      vertex 0.0435848 32.2246 2
    endloop
  endfacet
  facet normal 0 1 -0
    outer loop
      vertex 61.7 -7 2
      vertex -6.6 -7 12
      vertex 61.7 -7 12
    endloop
  endfacet
  facet normal 0 1 0
    outer loop
      vertex -6.6 -7 12
      vertex 61.7 -7 2
      vertex -6.6 -7 2
    endloop
  endfacet
  facet normal 0 -1 0
    outer loop
      vertex -6.6 38.8 2
      vertex 61.7 38.8 12
      vertex -6.6 38.8 12
    endloop
  endfacet
  facet normal 0 -1 -0
    outer loop
      vertex 61.7 38.8 12
      vertex -6.6 38.8 2
      vertex 61.7 38.8 2
    endloop
  endfacet
  facet normal 0.55561 0.831443 -0
    outer loop
      vertex 59.498 7.08873 2
      vertex 59.15 7.32128 6
      vertex 59.498 7.08873 6
    endloop
  endfacet
  facet normal 0.55561 0.831443 0
    outer loop
      vertex 59.15 7.32128 6
      vertex 59.498 7.08873 2
      vertex 59.15 7.32128 2
    endloop
  endfacet
  facet normal -0.980813 0.194949 0
    outer loop
      vertex 54.3774 4.96768 2
      vertex 54.459 5.37822 6
      vertex 54.459 5.37822 2
    endloop
  endfacet
  facet normal -0.980813 0.194949 0
    outer loop
      vertex 54.459 5.37822 6
      vertex 54.3774 4.96768 2
      vertex 54.3774 4.96768 6
    endloop
  endfacet
  facet normal 0.980813 -0.194949 0
    outer loop
      vertex 60.641 3.72178 6
      vertex 60.7226 4.13232 2
      vertex 60.7226 4.13232 6
    endloop
  endfacet
  facet normal 0.980813 -0.194949 0
    outer loop
      vertex 60.7226 4.13232 2
      vertex 60.641 3.72178 6
      vertex 60.641 3.72178 2
    endloop
  endfacet
  facet normal -0.195105 -0.980782 0
    outer loop
      vertex 56.7218 1.45904 2
      vertex 57.1323 1.37738 6
      vertex 56.7218 1.45904 6
    endloop
  endfacet
  facet normal -0.195105 -0.980782 -0
    outer loop
      vertex 57.1323 1.37738 6
      vertex 56.7218 1.45904 2
      vertex 57.1323 1.37738 2
    endloop
  endfacet
  facet normal -0.442295 0.89687 0
    outer loop
      vertex 56.3254 7.50641 2
      vertex 55.95 7.32128 6
      vertex 56.3254 7.50641 6
    endloop
  endfacet
  facet normal -0.442295 0.89687 0
    outer loop
      vertex 55.95 7.32128 6
      vertex 56.3254 7.50641 2
      vertex 55.95 7.32128 2
    endloop
  endfacet
  facet normal -0.946893 0.321548 0
    outer loop
      vertex 54.459 5.37822 2
      vertex 54.5936 5.77459 6
      vertex 54.5936 5.77459 2
    endloop
  endfacet
  facet normal -0.946893 0.321548 0
    outer loop
      vertex 54.5936 5.77459 6
      vertex 54.459 5.37822 2
      vertex 54.459 5.37822 6
    endloop
  endfacet
  facet normal 0.896903 0.442228 0
    outer loop
      vertex 60.5064 5.77459 6
      vertex 60.3213 6.15 2
      vertex 60.3213 6.15 6
    endloop
  endfacet
  facet normal 0.896903 0.442228 0
    outer loop
      vertex 60.3213 6.15 2
      vertex 60.5064 5.77459 6
      vertex 60.5064 5.77459 2
    endloop
  endfacet
  facet normal 0.831418 0.555648 0
    outer loop
      vertex 60.3213 6.15 6
      vertex 60.0887 6.49804 2
      vertex 60.0887 6.49804 6
    endloop
  endfacet
  facet normal 0.831418 0.555648 0
    outer loop
      vertex 60.0887 6.49804 2
      vertex 60.3213 6.15 6
      vertex 60.3213 6.15 2
    endloop
  endfacet
  facet normal 0.659353 0.751833 -0
    outer loop
      vertex 59.8127 6.81274 2
      vertex 59.498 7.08873 6
      vertex 59.8127 6.81274 6
    endloop
  endfacet
  facet normal 0.659353 0.751833 0
    outer loop
      vertex 59.498 7.08873 6
      vertex 59.8127 6.81274 2
      vertex 59.498 7.08873 2
    endloop
  endfacet
  facet normal 0.321419 0.946937 -0
    outer loop
      vertex 58.7746 7.50641 2
      vertex 58.3782 7.64096 6
      vertex 58.7746 7.50641 6
    endloop
  endfacet
  facet normal 0.321419 0.946937 0
    outer loop
      vertex 58.3782 7.64096 6
      vertex 58.7746 7.50641 2
      vertex 58.3782 7.64096 2
    endloop
  endfacet
  facet normal -0.0654091 0.997859 0
    outer loop
      vertex 57.55 7.75 2
      vertex 57.1323 7.72262 6
      vertex 57.55 7.75 6
    endloop
  endfacet
  facet normal -0.0654091 0.997859 0
    outer loop
      vertex 57.1323 7.72262 6
      vertex 57.55 7.75 2
      vertex 57.1323 7.72262 2
    endloop
  endfacet
  facet normal -0.831418 0.555648 0
    outer loop
      vertex 54.7787 6.15 2
      vertex 55.0113 6.49804 6
      vertex 55.0113 6.49804 2
    endloop
  endfacet
  facet normal -0.831418 0.555648 0
    outer loop
      vertex 55.0113 6.49804 6
      vertex 54.7787 6.15 2
      vertex 54.7787 6.15 6
    endloop
  endfacet
  facet normal -0.55561 0.831443 0
    outer loop
      vertex 55.95 7.32128 2
      vertex 55.602 7.08873 6
      vertex 55.95 7.32128 6
    endloop
  endfacet
  facet normal -0.55561 0.831443 0
    outer loop
      vertex 55.602 7.08873 6
      vertex 55.95 7.32128 2
      vertex 55.602 7.08873 2
    endloop
  endfacet
  facet normal -0.321419 0.946937 0
    outer loop
      vertex 56.7218 7.64096 2
      vertex 56.3254 7.50641 6
      vertex 56.7218 7.64096 6
    endloop
  endfacet
  facet normal -0.321419 0.946937 0
    outer loop
      vertex 56.3254 7.50641 6
      vertex 56.7218 7.64096 2
      vertex 56.3254 7.50641 2
    endloop
  endfacet
  facet normal 0.997855 0.0654598 0
    outer loop
      vertex 60.75 4.55 6
      vertex 60.7226 4.96768 2
      vertex 60.7226 4.96768 6
    endloop
  endfacet
  facet normal 0.997855 0.0654598 0
    outer loop
      vertex 60.7226 4.96768 2
      vertex 60.75 4.55 6
      vertex 60.75 4.55 2
    endloop
  endfacet
  facet normal 0.831418 -0.555648 0
    outer loop
      vertex 60.0887 2.60196 6
      vertex 60.3213 2.95 2
      vertex 60.3213 2.95 6
    endloop
  endfacet
  facet normal 0.831418 -0.555648 0
    outer loop
      vertex 60.3213 2.95 2
      vertex 60.0887 2.60196 6
      vertex 60.0887 2.60196 2
    endloop
  endfacet
  facet normal 0.946893 -0.321548 0
    outer loop
      vertex 60.5064 3.32541 6
      vertex 60.641 3.72178 2
      vertex 60.641 3.72178 6
    endloop
  endfacet
  facet normal 0.946893 -0.321548 0
    outer loop
      vertex 60.641 3.72178 2
      vertex 60.5064 3.32541 6
      vertex 60.5064 3.32541 2
    endloop
  endfacet
  facet normal 0.442295 -0.89687 0
    outer loop
      vertex 58.7746 1.59359 2
      vertex 59.15 1.77872 6
      vertex 58.7746 1.59359 6
    endloop
  endfacet
  facet normal 0.442295 -0.89687 0
    outer loop
      vertex 59.15 1.77872 6
      vertex 58.7746 1.59359 2
      vertex 59.15 1.77872 2
    endloop
  endfacet
  facet normal 0.55561 -0.831443 0
    outer loop
      vertex 59.15 1.77872 2
      vertex 59.498 2.01127 6
      vertex 59.15 1.77872 6
    endloop
  endfacet
  facet normal 0.55561 -0.831443 0
    outer loop
      vertex 59.498 2.01127 6
      vertex 59.15 1.77872 2
      vertex 59.498 2.01127 2
    endloop
  endfacet
  facet normal -0.0654091 -0.997859 0
    outer loop
      vertex 57.1323 1.37738 2
      vertex 57.55 1.35 6
      vertex 57.1323 1.37738 6
    endloop
  endfacet
  facet normal -0.0654091 -0.997859 -0
    outer loop
      vertex 57.55 1.35 6
      vertex 57.1323 1.37738 2
      vertex 57.55 1.35 2
    endloop
  endfacet
  facet normal -0.55561 -0.831443 0
    outer loop
      vertex 55.602 2.01127 2
      vertex 55.95 1.77872 6
      vertex 55.602 2.01127 6
    endloop
  endfacet
  facet normal -0.55561 -0.831443 -0
    outer loop
      vertex 55.95 1.77872 6
      vertex 55.602 2.01127 2
      vertex 55.95 1.77872 2
    endloop
  endfacet
  facet normal -0.831418 -0.555648 0
    outer loop
      vertex 55.0113 2.60196 2
      vertex 54.7787 2.95 6
      vertex 54.7787 2.95 2
    endloop
  endfacet
  facet normal -0.831418 -0.555648 0
    outer loop
      vertex 54.7787 2.95 6
      vertex 55.0113 2.60196 2
      vertex 55.0113 2.60196 6
    endloop
  endfacet
  facet normal -0.946893 -0.321548 0
    outer loop
      vertex 54.5936 3.32541 2
      vertex 54.459 3.72178 6
      vertex 54.459 3.72178 2
    endloop
  endfacet
  facet normal -0.946893 -0.321548 0
    outer loop
      vertex 54.459 3.72178 6
      vertex 54.5936 3.32541 2
      vertex 54.5936 3.32541 6
    endloop
  endfacet
  facet normal 0.980813 0.194949 0
    outer loop
      vertex 60.7226 4.96768 6
      vertex 60.641 5.37822 2
      vertex 60.641 5.37822 6
    endloop
  endfacet
  facet normal 0.980813 0.194949 0
    outer loop
      vertex 60.641 5.37822 2
      vertex 60.7226 4.96768 6
      vertex 60.7226 4.96768 2
    endloop
  endfacet
  facet normal 0.946893 0.321548 0
    outer loop
      vertex 60.641 5.37822 6
      vertex 60.5064 5.77459 2
      vertex 60.5064 5.77459 6
    endloop
  endfacet
  facet normal 0.946893 0.321548 0
    outer loop
      vertex 60.5064 5.77459 2
      vertex 60.641 5.37822 6
      vertex 60.641 5.37822 2
    endloop
  endfacet
  facet normal 0.751821 0.659367 0
    outer loop
      vertex 60.0887 6.49804 6
      vertex 59.8127 6.81274 2
      vertex 59.8127 6.81274 6
    endloop
  endfacet
  facet normal 0.751821 0.659367 0
    outer loop
      vertex 59.8127 6.81274 2
      vertex 60.0887 6.49804 6
      vertex 60.0887 6.49804 2
    endloop
  endfacet
  facet normal 0.442295 0.89687 -0
    outer loop
      vertex 59.15 7.32128 2
      vertex 58.7746 7.50641 6
      vertex 59.15 7.32128 6
    endloop
  endfacet
  facet normal 0.442295 0.89687 0
    outer loop
      vertex 58.7746 7.50641 6
      vertex 59.15 7.32128 2
      vertex 58.7746 7.50641 2
    endloop
  endfacet
  facet normal 0.195105 0.980782 -0
    outer loop
      vertex 58.3782 7.64096 2
      vertex 57.9677 7.72262 6
      vertex 58.3782 7.64096 6
    endloop
  endfacet
  facet normal 0.195105 0.980782 0
    outer loop
      vertex 57.9677 7.72262 6
      vertex 58.3782 7.64096 2
      vertex 57.9677 7.72262 2
    endloop
  endfacet
  facet normal 0.0654091 0.997859 -0
    outer loop
      vertex 57.9677 7.72262 2
      vertex 57.55 7.75 6
      vertex 57.9677 7.72262 6
    endloop
  endfacet
  facet normal 0.0654091 0.997859 0
    outer loop
      vertex 57.55 7.75 6
      vertex 57.9677 7.72262 2
      vertex 57.55 7.75 2
    endloop
  endfacet
  facet normal -0.997855 -0.0654598 0
    outer loop
      vertex 54.3774 4.13232 2
      vertex 54.35 4.55 6
      vertex 54.35 4.55 2
    endloop
  endfacet
  facet normal -0.997855 -0.0654598 0
    outer loop
      vertex 54.35 4.55 6
      vertex 54.3774 4.13232 2
      vertex 54.3774 4.13232 6
    endloop
  endfacet
  facet normal -0.896903 0.442228 0
    outer loop
      vertex 54.5936 5.77459 2
      vertex 54.7787 6.15 6
      vertex 54.7787 6.15 2
    endloop
  endfacet
  facet normal -0.896903 0.442228 0
    outer loop
      vertex 54.7787 6.15 6
      vertex 54.5936 5.77459 2
      vertex 54.5936 5.77459 6
    endloop
  endfacet
  facet normal -0.195105 0.980782 0
    outer loop
      vertex 57.1323 7.72262 2
      vertex 56.7218 7.64096 6
      vertex 57.1323 7.72262 6
    endloop
  endfacet
  facet normal -0.195105 0.980782 0
    outer loop
      vertex 56.7218 7.64096 6
      vertex 57.1323 7.72262 2
      vertex 56.7218 7.64096 2
    endloop
  endfacet
  facet normal -0.659353 0.751833 0
    outer loop
      vertex 55.602 7.08873 2
      vertex 55.2873 6.81274 6
      vertex 55.602 7.08873 6
    endloop
  endfacet
  facet normal -0.659353 0.751833 0
    outer loop
      vertex 55.2873 6.81274 6
      vertex 55.602 7.08873 2
      vertex 55.2873 6.81274 2
    endloop
  endfacet
  facet normal -0.751821 0.659367 0
    outer loop
      vertex 55.0113 6.49804 2
      vertex 55.2873 6.81274 6
      vertex 55.2873 6.81274 2
    endloop
  endfacet
  facet normal -0.751821 0.659367 0
    outer loop
      vertex 55.2873 6.81274 6
      vertex 55.0113 6.49804 2
      vertex 55.0113 6.49804 6
    endloop
  endfacet
  facet normal 0.997855 -0.0654598 0
    outer loop
      vertex 60.7226 4.13232 6
      vertex 60.75 4.55 2
      vertex 60.75 4.55 6
    endloop
  endfacet
  facet normal 0.997855 -0.0654598 0
    outer loop
      vertex 60.75 4.55 2
      vertex 60.7226 4.13232 6
      vertex 60.7226 4.13232 2
    endloop
  endfacet
  facet normal 0.195105 -0.980782 0
    outer loop
      vertex 57.9677 1.37738 2
      vertex 58.3782 1.45904 6
      vertex 57.9677 1.37738 6
    endloop
  endfacet
  facet normal 0.195105 -0.980782 0
    outer loop
      vertex 58.3782 1.45904 6
      vertex 57.9677 1.37738 2
      vertex 58.3782 1.45904 2
    endloop
  endfacet
  facet normal 0.321419 -0.946937 0
    outer loop
      vertex 58.3782 1.45904 2
      vertex 58.7746 1.59359 6
      vertex 58.3782 1.45904 6
    endloop
  endfacet
  facet normal 0.321419 -0.946937 0
    outer loop
      vertex 58.7746 1.59359 6
      vertex 58.3782 1.45904 2
      vertex 58.7746 1.59359 2
    endloop
  endfacet
  facet normal 0.751821 -0.659367 0
    outer loop
      vertex 59.8127 2.28726 6
      vertex 60.0887 2.60196 2
      vertex 60.0887 2.60196 6
    endloop
  endfacet
  facet normal 0.751821 -0.659367 0
    outer loop
      vertex 60.0887 2.60196 2
      vertex 59.8127 2.28726 6
      vertex 59.8127 2.28726 2
    endloop
  endfacet
  facet normal 0.659353 -0.751833 0
    outer loop
      vertex 59.498 2.01127 2
      vertex 59.8127 2.28726 6
      vertex 59.498 2.01127 6
    endloop
  endfacet
  facet normal 0.659353 -0.751833 0
    outer loop
      vertex 59.8127 2.28726 6
      vertex 59.498 2.01127 2
      vertex 59.8127 2.28726 2
    endloop
  endfacet
  facet normal 0.0654091 -0.997859 0
    outer loop
      vertex 57.55 1.35 2
      vertex 57.9677 1.37738 6
      vertex 57.55 1.35 6
    endloop
  endfacet
  facet normal 0.0654091 -0.997859 0
    outer loop
      vertex 57.9677 1.37738 6
      vertex 57.55 1.35 2
      vertex 57.9677 1.37738 2
    endloop
  endfacet
  facet normal -0.442295 -0.89687 0
    outer loop
      vertex 55.95 1.77872 2
      vertex 56.3254 1.59359 6
      vertex 55.95 1.77872 6
    endloop
  endfacet
  facet normal -0.442295 -0.89687 -0
    outer loop
      vertex 56.3254 1.59359 6
      vertex 55.95 1.77872 2
      vertex 56.3254 1.59359 2
    endloop
  endfacet
  facet normal -0.896903 -0.442228 0
    outer loop
      vertex 54.7787 2.95 2
      vertex 54.5936 3.32541 6
      vertex 54.5936 3.32541 2
    endloop
  endfacet
  facet normal -0.896903 -0.442228 0
    outer loop
      vertex 54.5936 3.32541 6
      vertex 54.7787 2.95 2
      vertex 54.7787 2.95 6
    endloop
  endfacet
  facet normal -0.980813 -0.194949 0
    outer loop
      vertex 54.459 3.72178 2
      vertex 54.3774 4.13232 6
      vertex 54.3774 4.13232 2
    endloop
  endfacet
  facet normal -0.980813 -0.194949 0
    outer loop
      vertex 54.3774 4.13232 6
      vertex 54.459 3.72178 2
      vertex 54.459 3.72178 6
    endloop
  endfacet
  facet normal -0.751821 -0.659367 0
    outer loop
      vertex 55.2873 2.28726 2
      vertex 55.0113 2.60196 6
      vertex 55.0113 2.60196 2
    endloop
  endfacet
  facet normal -0.751821 -0.659367 0
    outer loop
      vertex 55.0113 2.60196 6
      vertex 55.2873 2.28726 2
      vertex 55.2873 2.28726 6
    endloop
  endfacet
  facet normal -0.659353 -0.751833 0
    outer loop
      vertex 55.2873 2.28726 2
      vertex 55.602 2.01127 6
      vertex 55.2873 2.28726 6
    endloop
  endfacet
  facet normal -0.659353 -0.751833 -0
    outer loop
      vertex 55.602 2.01127 6
      vertex 55.2873 2.28726 2
      vertex 55.602 2.01127 2
    endloop
  endfacet
  facet normal 0 0 1
    outer loop
      vertex 59.25 4.55 6
      vertex 60.75 4.55 6
      vertex 60.7226 4.96768 6
    endloop
  endfacet
  facet normal 0 0 1
    outer loop
      vertex 59.2355 4.77189 6
      vertex 60.7226 4.96768 6
      vertex 60.641 5.37822 6
    endloop
  endfacet
  facet normal 0 0 1
    outer loop
      vertex 60.75 4.55 6
      vertex 59.25 4.55 6
      vertex 60.7226 4.13232 6
    endloop
  endfacet
  facet normal 0 0 1
    outer loop
      vertex 59.1921 4.98999 6
      vertex 60.641 5.37822 6
      vertex 60.5064 5.77459 6
    endloop
  endfacet
  facet normal -0 0 1
    outer loop
      vertex 59.2355 4.3281 6
      vertex 60.7226 4.13232 6
      vertex 59.25 4.55 6
    endloop
  endfacet
  facet normal 0 0 1
    outer loop
      vertex 59.1206 5.20056 6
      vertex 60.5064 5.77459 6
      vertex 60.3213 6.15 6
    endloop
  endfacet
  facet normal 0 0 1
    outer loop
      vertex 60.7226 4.13232 6
      vertex 59.2355 4.3281 6
      vertex 60.641 3.72178 6
    endloop
  endfacet
  facet normal 0 0 1
    outer loop
      vertex 59.0222 5.4 6
      vertex 60.3213 6.15 6
      vertex 60.0887 6.49804 6
    endloop
  endfacet
  facet normal -0 0 1
    outer loop
      vertex 59.1921 4.11001 6
      vertex 60.641 3.72178 6
      vertex 59.2355 4.3281 6
    endloop
  endfacet
  facet normal 0 0 1
    outer loop
      vertex 58.8987 5.58489 6
      vertex 60.0887 6.49804 6
      vertex 59.8127 6.81274 6
    endloop
  endfacet
  facet normal 0 0 1
    outer loop
      vertex 60.641 3.72178 6
      vertex 59.1921 4.11001 6
      vertex 60.5064 3.32541 6
    endloop
  endfacet
  facet normal 0 0 1
    outer loop
      vertex 58.7521 5.75208 6
      vertex 59.8127 6.81274 6
      vertex 59.498 7.08873 6
    endloop
  endfacet
  facet normal -0 0 1
    outer loop
      vertex 59.1206 3.89944 6
      vertex 60.5064 3.32541 6
      vertex 59.1921 4.11001 6
    endloop
  endfacet
  facet normal 0 0 1
    outer loop
      vertex 60.5064 3.32541 6
      vertex 59.1206 3.89944 6
      vertex 60.3213 2.95 6
    endloop
  endfacet
  facet normal 0 0 1
    outer loop
      vertex 60.7226 4.96768 6
      vertex 59.2355 4.77189 6
      vertex 59.25 4.55 6
    endloop
  endfacet
  facet normal 0 0 1
    outer loop
      vertex 60.641 5.37822 6
      vertex 59.1921 4.98999 6
      vertex 59.2355 4.77189 6
    endloop
  endfacet
  facet normal 0 0 1
    outer loop
      vertex 58.5849 5.8987 6
      vertex 59.498 7.08873 6
      vertex 59.15 7.32128 6
    endloop
  endfacet
  facet normal 0 0 1
    outer loop
      vertex 60.5064 5.77459 6
      vertex 59.1206 5.20056 6
      vertex 59.1921 4.98999 6
    endloop
  endfacet
  facet normal 0 0 1
    outer loop
      vertex 60.3213 6.15 6
      vertex 59.0222 5.4 6
      vertex 59.1206 5.20056 6
    endloop
  endfacet
  facet normal 0 0 1
    outer loop
      vertex 60.0887 6.49804 6
      vertex 58.8987 5.58489 6
      vertex 59.0222 5.4 6
    endloop
  endfacet
  facet normal 0 0 1
    outer loop
      vertex 58.4 6.02224 6
      vertex 59.15 7.32128 6
      vertex 58.7746 7.50641 6
    endloop
  endfacet
  facet normal 0 0 1
    outer loop
      vertex 59.8127 6.81274 6
      vertex 58.7521 5.75208 6
      vertex 58.8987 5.58489 6
    endloop
  endfacet
  facet normal 0 0 1
    outer loop
      vertex 59.498 7.08873 6
      vertex 58.5849 5.8987 6
      vertex 58.7521 5.75208 6
    endloop
  endfacet
  facet normal 0 0 1
    outer loop
      vertex 59.15 7.32128 6
      vertex 58.4 6.02224 6
      vertex 58.5849 5.8987 6
    endloop
  endfacet
  facet normal 0 0 1
    outer loop
      vertex 58.2006 6.12059 6
      vertex 58.7746 7.50641 6
      vertex 58.3782 7.64096 6
    endloop
  endfacet
  facet normal 0 0 1
    outer loop
      vertex 58.7746 7.50641 6
      vertex 58.2006 6.12059 6
      vertex 58.4 6.02224 6
    endloop
  endfacet
  facet normal 0 0 1
    outer loop
      vertex 58.3782 7.64096 6
      vertex 57.99 6.19207 6
      vertex 58.2006 6.12059 6
    endloop
  endfacet
  facet normal 0 0 1
    outer loop
      vertex 57.9677 7.72262 6
      vertex 57.99 6.19207 6
      vertex 58.3782 7.64096 6
    endloop
  endfacet
  facet normal 0 0 1
    outer loop
      vertex 57.9677 7.72262 6
      vertex 57.7719 6.23546 6
      vertex 57.99 6.19207 6
    endloop
  endfacet
  facet normal 0 0 1
    outer loop
      vertex 57.55 7.75 6
      vertex 57.7719 6.23546 6
      vertex 57.9677 7.72262 6
    endloop
  endfacet
  facet normal 0 0 1
    outer loop
      vertex 57.55 7.75 6
      vertex 57.55 6.25 6
      vertex 57.7719 6.23546 6
    endloop
  endfacet
  facet normal 0 0 1
    outer loop
      vertex 57.55 7.75 6
      vertex 57.3281 6.23546 6
      vertex 57.55 6.25 6
    endloop
  endfacet
  facet normal -0 0 1
    outer loop
      vertex 57.1323 7.72262 6
      vertex 57.3281 6.23546 6
      vertex 57.55 7.75 6
    endloop
  endfacet
  facet normal 0 0 1
    outer loop
      vertex 57.1323 7.72262 6
      vertex 57.11 6.19207 6
      vertex 57.3281 6.23546 6
    endloop
  endfacet
  facet normal -0 0 1
    outer loop
      vertex 56.7218 7.64096 6
      vertex 57.11 6.19207 6
      vertex 57.1323 7.72262 6
    endloop
  endfacet
  facet normal 0 0 1
    outer loop
      vertex 57.11 6.19207 6
      vertex 56.7218 7.64096 6
      vertex 56.8994 6.12059 6
    endloop
  endfacet
  facet normal -0 0 1
    outer loop
      vertex 56.3254 7.50641 6
      vertex 56.8994 6.12059 6
      vertex 56.7218 7.64096 6
    endloop
  endfacet
  facet normal 0 0 1
    outer loop
      vertex 56.8994 6.12059 6
      vertex 56.3254 7.50641 6
      vertex 56.7 6.02224 6
    endloop
  endfacet
  facet normal -0 0 1
    outer loop
      vertex 55.95 7.32128 6
      vertex 56.7 6.02224 6
      vertex 56.3254 7.50641 6
    endloop
  endfacet
  facet normal 0 0 1
    outer loop
      vertex 56.7 6.02224 6
      vertex 55.95 7.32128 6
      vertex 56.5151 5.8987 6
    endloop
  endfacet
  facet normal -0 0 1
    outer loop
      vertex 55.602 7.08873 6
      vertex 56.5151 5.8987 6
      vertex 55.95 7.32128 6
    endloop
  endfacet
  facet normal 0 0 1
    outer loop
      vertex 56.5151 5.8987 6
      vertex 55.602 7.08873 6
      vertex 56.3479 5.75208 6
    endloop
  endfacet
  facet normal -0 0 1
    outer loop
      vertex 55.2873 6.81274 6
      vertex 56.3479 5.75208 6
      vertex 55.602 7.08873 6
    endloop
  endfacet
  facet normal 0 0 1
    outer loop
      vertex 56.3479 5.75208 6
      vertex 55.2873 6.81274 6
      vertex 56.2013 5.58489 6
    endloop
  endfacet
  facet normal -0 0 1
    outer loop
      vertex 55.0113 6.49804 6
      vertex 56.2013 5.58489 6
      vertex 55.2873 6.81274 6
    endloop
  endfacet
  facet normal 0 0 1
    outer loop
      vertex 56.2013 5.58489 6
      vertex 55.0113 6.49804 6
      vertex 56.0778 5.4 6
    endloop
  endfacet
  facet normal -0 0 1
    outer loop
      vertex 54.7787 6.15 6
      vertex 56.0778 5.4 6
      vertex 55.0113 6.49804 6
    endloop
  endfacet
  facet normal 0 0 1
    outer loop
      vertex 56.0778 5.4 6
      vertex 54.7787 6.15 6
      vertex 55.9794 5.20056 6
    endloop
  endfacet
  facet normal -0 0 1
    outer loop
      vertex 59.0222 3.7 6
      vertex 60.3213 2.95 6
      vertex 59.1206 3.89944 6
    endloop
  endfacet
  facet normal 0 0 1
    outer loop
      vertex 60.3213 2.95 6
      vertex 59.0222 3.7 6
      vertex 60.0887 2.60196 6
    endloop
  endfacet
  facet normal -0 0 1
    outer loop
      vertex 58.8987 3.51511 6
      vertex 60.0887 2.60196 6
      vertex 59.0222 3.7 6
    endloop
  endfacet
  facet normal 0 0 1
    outer loop
      vertex 60.0887 2.60196 6
      vertex 58.8987 3.51511 6
      vertex 59.8127 2.28726 6
    endloop
  endfacet
  facet normal -0 0 1
    outer loop
      vertex 58.7521 3.34792 6
      vertex 59.8127 2.28726 6
      vertex 58.8987 3.51511 6
    endloop
  endfacet
  facet normal 0 0 1
    outer loop
      vertex 59.8127 2.28726 6
      vertex 58.7521 3.34792 6
      vertex 59.498 2.01127 6
    endloop
  endfacet
  facet normal -0 0 1
    outer loop
      vertex 58.5849 3.2013 6
      vertex 59.498 2.01127 6
      vertex 58.7521 3.34792 6
    endloop
  endfacet
  facet normal 0 0 1
    outer loop
      vertex 59.498 2.01127 6
      vertex 58.5849 3.2013 6
      vertex 59.15 1.77872 6
    endloop
  endfacet
  facet normal -0 0 1
    outer loop
      vertex 58.4 3.07776 6
      vertex 59.15 1.77872 6
      vertex 58.5849 3.2013 6
    endloop
  endfacet
  facet normal 0 0 1
    outer loop
      vertex 59.15 1.77872 6
      vertex 58.4 3.07776 6
      vertex 58.7746 1.59359 6
    endloop
  endfacet
  facet normal -0 0 1
    outer loop
      vertex 58.2006 2.9794 6
      vertex 58.7746 1.59359 6
      vertex 58.4 3.07776 6
    endloop
  endfacet
  facet normal 0 0 1
    outer loop
      vertex 58.7746 1.59359 6
      vertex 58.2006 2.9794 6
      vertex 58.3782 1.45904 6
    endloop
  endfacet
  facet normal -0 0 1
    outer loop
      vertex 57.99 2.90793 6
      vertex 58.3782 1.45904 6
      vertex 58.2006 2.9794 6
    endloop
  endfacet
  facet normal 0 0 1
    outer loop
      vertex 57.99 2.90793 6
      vertex 57.9677 1.37738 6
      vertex 58.3782 1.45904 6
    endloop
  endfacet
  facet normal -0 0 1
    outer loop
      vertex 57.7719 2.86454 6
      vertex 57.9677 1.37738 6
      vertex 57.99 2.90793 6
    endloop
  endfacet
  facet normal -0 0 1
    outer loop
      vertex 57.55 2.85 6
      vertex 57.9677 1.37738 6
      vertex 57.7719 2.86454 6
    endloop
  endfacet
  facet normal 0 0 1
    outer loop
      vertex 57.55 2.85 6
      vertex 57.55 1.35 6
      vertex 57.9677 1.37738 6
    endloop
  endfacet
  facet normal 0 0 1
    outer loop
      vertex 57.3281 2.86454 6
      vertex 57.55 1.35 6
      vertex 57.55 2.85 6
    endloop
  endfacet
  facet normal 0 0 1
    outer loop
      vertex 57.3281 2.86454 6
      vertex 57.1323 1.37738 6
      vertex 57.55 1.35 6
    endloop
  endfacet
  facet normal 0 0 1
    outer loop
      vertex 57.11 2.90793 6
      vertex 57.1323 1.37738 6
      vertex 57.3281 2.86454 6
    endloop
  endfacet
  facet normal 0 0 1
    outer loop
      vertex 56.7218 1.45904 6
      vertex 57.11 2.90793 6
      vertex 56.8994 2.9794 6
    endloop
  endfacet
  facet normal 0 0 1
    outer loop
      vertex 57.11 2.90793 6
      vertex 56.7218 1.45904 6
      vertex 57.1323 1.37738 6
    endloop
  endfacet
  facet normal 0 0 1
    outer loop
      vertex 56.3254 1.59359 6
      vertex 56.8994 2.9794 6
      vertex 56.7 3.07776 6
    endloop
  endfacet
  facet normal 0 0 1
    outer loop
      vertex 55.95 1.77872 6
      vertex 56.7 3.07776 6
      vertex 56.5151 3.2013 6
    endloop
  endfacet
  facet normal 0 0 1
    outer loop
      vertex 55.602 2.01127 6
      vertex 56.5151 3.2013 6
      vertex 56.3479 3.34792 6
    endloop
  endfacet
  facet normal 0 0 1
    outer loop
      vertex 56.8994 2.9794 6
      vertex 56.3254 1.59359 6
      vertex 56.7218 1.45904 6
    endloop
  endfacet
  facet normal 0 0 1
    outer loop
      vertex 55.2873 2.28726 6
      vertex 56.3479 3.34792 6
      vertex 56.2013 3.51511 6
    endloop
  endfacet
  facet normal 0 0 1
    outer loop
      vertex 55.0113 2.60196 6
      vertex 56.2013 3.51511 6
      vertex 56.0778 3.7 6
    endloop
  endfacet
  facet normal 0 0 1
    outer loop
      vertex 54.7787 2.95 6
      vertex 56.0778 3.7 6
      vertex 55.9794 3.89944 6
    endloop
  endfacet
  facet normal 0 0 1
    outer loop
      vertex 56.7 3.07776 6
      vertex 55.95 1.77872 6
      vertex 56.3254 1.59359 6
    endloop
  endfacet
  facet normal 0 0 1
    outer loop
      vertex 54.5936 3.32541 6
      vertex 55.9794 3.89944 6
      vertex 55.9079 4.11001 6
    endloop
  endfacet
  facet normal 0 0 1
    outer loop
      vertex 54.459 3.72178 6
      vertex 55.9079 4.11001 6
      vertex 55.8645 4.3281 6
    endloop
  endfacet
  facet normal 0 0 1
    outer loop
      vertex 54.3774 4.13232 6
      vertex 55.8645 4.3281 6
      vertex 55.85 4.55 6
    endloop
  endfacet
  facet normal -0 0 1
    outer loop
      vertex 54.5936 5.77459 6
      vertex 55.9794 5.20056 6
      vertex 54.7787 6.15 6
    endloop
  endfacet
  facet normal 0 0 1
    outer loop
      vertex 56.5151 3.2013 6
      vertex 55.602 2.01127 6
      vertex 55.95 1.77872 6
    endloop
  endfacet
  facet normal 0 0 1
    outer loop
      vertex 55.9794 5.20056 6
      vertex 54.5936 5.77459 6
      vertex 55.9079 4.98999 6
    endloop
  endfacet
  facet normal 0 0 1
    outer loop
      vertex 56.3479 3.34792 6
      vertex 55.2873 2.28726 6
      vertex 55.602 2.01127 6
    endloop
  endfacet
  facet normal -0 0 1
    outer loop
      vertex 54.459 5.37822 6
      vertex 55.9079 4.98999 6
      vertex 54.5936 5.77459 6
    endloop
  endfacet
  facet normal 0 0 1
    outer loop
      vertex 56.2013 3.51511 6
      vertex 55.0113 2.60196 6
      vertex 55.2873 2.28726 6
    endloop
  endfacet
  facet normal 0 0 1
    outer loop
      vertex 55.9079 4.98999 6
      vertex 54.459 5.37822 6
      vertex 55.8645 4.77189 6
    endloop
  endfacet
  facet normal 0 0 1
    outer loop
      vertex 56.0778 3.7 6
      vertex 54.7787 2.95 6
      vertex 55.0113 2.60196 6
    endloop
  endfacet
  facet normal -0 0 1
    outer loop
      vertex 54.3774 4.96768 6
      vertex 55.8645 4.77189 6
      vertex 54.459 5.37822 6
    endloop
  endfacet
  facet normal 0 0 1
    outer loop
      vertex 55.9794 3.89944 6
      vertex 54.5936 3.32541 6
      vertex 54.7787 2.95 6
    endloop
  endfacet
  facet normal 0 0 1
    outer loop
      vertex 55.8645 4.77189 6
      vertex 54.3774 4.96768 6
      vertex 55.85 4.55 6
    endloop
  endfacet
  facet normal 0 0 1
    outer loop
      vertex 55.9079 4.11001 6
      vertex 54.459 3.72178 6
      vertex 54.5936 3.32541 6
    endloop
  endfacet
  facet normal 0 0 1
    outer loop
      vertex 54.35 4.55 6
      vertex 55.85 4.55 6
      vertex 54.3774 4.96768 6
    endloop
  endfacet
  facet normal 0 0 1
    outer loop
      vertex 55.8645 4.3281 6
      vertex 54.3774 4.13232 6
      vertex 54.459 3.72178 6
    endloop
  endfacet
  facet normal 0 0 1
    outer loop
      vertex 55.85 4.55 6
      vertex 54.35 4.55 6
      vertex 54.3774 4.13232 6
    endloop
  endfacet
  facet normal -0.997855 0.0654598 0
    outer loop
      vertex 54.35 4.55 2
      vertex 54.3774 4.96768 6
      vertex 54.3774 4.96768 2
    endloop
  endfacet
  facet normal -0.997855 0.0654598 0
    outer loop
      vertex 54.3774 4.96768 6
      vertex 54.35 4.55 2
      vertex 54.35 4.55 6
    endloop
  endfacet
  facet normal 0.896903 -0.442228 0
    outer loop
      vertex 60.3213 2.95 6
      vertex 60.5064 3.32541 2
      vertex 60.5064 3.32541 6
    endloop
  endfacet
  facet normal 0.896903 -0.442228 0
    outer loop
      vertex 60.5064 3.32541 2
      vertex 60.3213 2.95 6
      vertex 60.3213 2.95 2
    endloop
  endfacet
  facet normal -0.321419 -0.946937 0
    outer loop
      vertex 56.3254 1.59359 2
      vertex 56.7218 1.45904 6
      vertex 56.3254 1.59359 6
    endloop
  endfacet
  facet normal -0.321419 -0.946937 -0
    outer loop
      vertex 56.7218 1.45904 6
      vertex 56.3254 1.59359 2
      vertex 56.7218 1.45904 2
    endloop
  endfacet
  facet normal 0.555692 0.831388 -0
    outer loop
      vertex 59.498 32.6887 2
      vertex 59.15 32.9213 6
      vertex 59.498 32.6887 6
    endloop
  endfacet
  facet normal 0.555692 0.831388 0
    outer loop
      vertex 59.15 32.9213 6
      vertex 59.498 32.6887 2
      vertex 59.15 32.9213 2
    endloop
  endfacet
  facet normal -0.98081 0.194967 0
    outer loop
      vertex 54.3774 30.5677 2
      vertex 54.459 30.9782 6
      vertex 54.459 30.9782 2
    endloop
  endfacet
  facet normal -0.98081 0.194967 0
    outer loop
      vertex 54.459 30.9782 6
      vertex 54.3774 30.5677 2
      vertex 54.3774 30.5677 6
    endloop
  endfacet
  facet normal 0.997855 -0.0654566 0
    outer loop
      vertex 60.7226 29.7323 6
      vertex 60.75 30.15 2
      vertex 60.75 30.15 6
    endloop
  endfacet
  facet normal 0.997855 -0.0654566 0
    outer loop
      vertex 60.75 30.15 2
      vertex 60.7226 29.7323 6
      vertex 60.7226 29.7323 2
    endloop
  endfacet
  facet normal -0.194967 -0.98081 0
    outer loop
      vertex 56.7218 27.059 2
      vertex 57.1323 26.9774 6
      vertex 56.7218 27.059 6
    endloop
  endfacet
  facet normal -0.194967 -0.98081 -0
    outer loop
      vertex 57.1323 26.9774 6
      vertex 56.7218 27.059 2
      vertex 57.1323 26.9774 2
    endloop
  endfacet
  facet normal -0.442237 0.896898 0
    outer loop
      vertex 56.3254 33.1064 2
      vertex 55.95 32.9213 6
      vertex 56.3254 33.1064 6
    endloop
  endfacet
  facet normal -0.442237 0.896898 0
    outer loop
      vertex 55.95 32.9213 6
      vertex 56.3254 33.1064 2
      vertex 55.95 32.9213 2
    endloop
  endfacet
  facet normal -0.946901 0.321526 0
    outer loop
      vertex 54.459 30.9782 2
      vertex 54.5936 31.3746 6
      vertex 54.5936 31.3746 2
    endloop
  endfacet
  facet normal -0.946901 0.321526 0
    outer loop
      vertex 54.5936 31.3746 6
      vertex 54.459 30.9782 2
      vertex 54.459 30.9782 6
    endloop
  endfacet
  facet normal -0.831388 -0.555692 0
    outer loop
      vertex 55.0113 28.202 2
      vertex 54.7787 28.55 6
      vertex 54.7787 28.55 2
    endloop
  endfacet
  facet normal -0.831388 -0.555692 0
    outer loop
      vertex 54.7787 28.55 6
      vertex 55.0113 28.202 2
      vertex 55.0113 28.202 6
    endloop
  endfacet
  facet normal 0.98081 0.194967 0
    outer loop
      vertex 60.7226 30.5677 6
      vertex 60.641 30.9782 2
      vertex 60.641 30.9782 6
    endloop
  endfacet
  facet normal 0.98081 0.194967 0
    outer loop
      vertex 60.641 30.9782 2
      vertex 60.7226 30.5677 6
      vertex 60.7226 30.5677 2
    endloop
  endfacet
  facet normal 0.946901 0.321526 0
    outer loop
      vertex 60.641 30.9782 6
      vertex 60.5064 31.3746 2
      vertex 60.5064 31.3746 6
    endloop
  endfacet
  facet normal 0.946901 0.321526 0
    outer loop
      vertex 60.5064 31.3746 2
      vertex 60.641 30.9782 6
      vertex 60.641 30.9782 2
    endloop
  endfacet
  facet normal 0.659367 0.751821 -0
    outer loop
      vertex 59.8127 32.4127 2
      vertex 59.498 32.6887 6
      vertex 59.8127 32.4127 6
    endloop
  endfacet
  facet normal 0.659367 0.751821 0
    outer loop
      vertex 59.498 32.6887 6
      vertex 59.8127 32.4127 2
      vertex 59.498 32.6887 2
    endloop
  endfacet
  facet normal 0.442237 0.896898 -0
    outer loop
      vertex 59.15 32.9213 2
      vertex 58.7746 33.1064 6
      vertex 59.15 32.9213 6
    endloop
  endfacet
  facet normal 0.442237 0.896898 0
    outer loop
      vertex 58.7746 33.1064 6
      vertex 59.15 32.9213 2
      vertex 58.7746 33.1064 2
    endloop
  endfacet
  facet normal 0.194967 0.98081 -0
    outer loop
      vertex 58.3782 33.241 2
      vertex 57.9677 33.3226 6
      vertex 58.3782 33.241 6
    endloop
  endfacet
  facet normal 0.194967 0.98081 0
    outer loop
      vertex 57.9677 33.3226 6
      vertex 58.3782 33.241 2
      vertex 57.9677 33.3226 2
    endloop
  endfacet
  facet normal -0.997855 -0.0654566 0
    outer loop
      vertex 54.3774 29.7323 2
      vertex 54.35 30.15 6
      vertex 54.35 30.15 2
    endloop
  endfacet
  facet normal -0.997855 -0.0654566 0
    outer loop
      vertex 54.35 30.15 6
      vertex 54.3774 29.7323 2
      vertex 54.3774 29.7323 6
    endloop
  endfacet
  facet normal -0.831388 0.555692 0
    outer loop
      vertex 54.7787 31.75 2
      vertex 55.0113 32.098 6
      vertex 55.0113 32.098 2
    endloop
  endfacet
  facet normal -0.831388 0.555692 0
    outer loop
      vertex 55.0113 32.098 6
      vertex 54.7787 31.75 2
      vertex 54.7787 31.75 6
    endloop
  endfacet
  facet normal -0.751821 0.659367 0
    outer loop
      vertex 55.0113 32.098 2
      vertex 55.2873 32.4127 6
      vertex 55.2873 32.4127 2
    endloop
  endfacet
  facet normal -0.751821 0.659367 0
    outer loop
      vertex 55.2873 32.4127 6
      vertex 55.0113 32.098 2
      vertex 55.0113 32.098 6
    endloop
  endfacet
  facet normal 0.997855 0.0654566 0
    outer loop
      vertex 60.75 30.15 6
      vertex 60.7226 30.5677 2
      vertex 60.7226 30.5677 6
    endloop
  endfacet
  facet normal 0.997855 0.0654566 0
    outer loop
      vertex 60.7226 30.5677 2
      vertex 60.75 30.15 6
      vertex 60.75 30.15 2
    endloop
  endfacet
  facet normal 0.442237 -0.896898 0
    outer loop
      vertex 58.7746 27.1936 2
      vertex 59.15 27.3787 6
      vertex 58.7746 27.1936 6
    endloop
  endfacet
  facet normal 0.442237 -0.896898 0
    outer loop
      vertex 59.15 27.3787 6
      vertex 58.7746 27.1936 2
      vertex 59.15 27.3787 2
    endloop
  endfacet
  facet normal 0.831388 -0.555692 0
    outer loop
      vertex 60.0887 28.202 6
      vertex 60.3213 28.55 2
      vertex 60.3213 28.55 6
    endloop
  endfacet
  facet normal 0.831388 -0.555692 0
    outer loop
      vertex 60.3213 28.55 2
      vertex 60.0887 28.202 6
      vertex 60.0887 28.202 2
    endloop
  endfacet
  facet normal 0.0654566 -0.997855 0
    outer loop
      vertex 57.55 26.95 2
      vertex 57.9677 26.9774 6
      vertex 57.55 26.95 6
    endloop
  endfacet
  facet normal 0.0654566 -0.997855 0
    outer loop
      vertex 57.9677 26.9774 6
      vertex 57.55 26.95 2
      vertex 57.9677 26.9774 2
    endloop
  endfacet
  facet normal -0.442237 -0.896898 0
    outer loop
      vertex 55.95 27.3787 2
      vertex 56.3254 27.1936 6
      vertex 55.95 27.3787 6
    endloop
  endfacet
  facet normal -0.442237 -0.896898 -0
    outer loop
      vertex 56.3254 27.1936 6
      vertex 55.95 27.3787 2
      vertex 56.3254 27.1936 2
    endloop
  endfacet
  facet normal -0.555692 -0.831388 0
    outer loop
      vertex 55.602 27.6113 2
      vertex 55.95 27.3787 6
      vertex 55.602 27.6113 6
    endloop
  endfacet
  facet normal -0.555692 -0.831388 -0
    outer loop
      vertex 55.95 27.3787 6
      vertex 55.602 27.6113 2
      vertex 55.95 27.3787 2
    endloop
  endfacet
  facet normal -0.98081 -0.194967 0
    outer loop
      vertex 54.459 29.3218 2
      vertex 54.3774 29.7323 6
      vertex 54.3774 29.7323 2
    endloop
  endfacet
  facet normal -0.98081 -0.194967 0
    outer loop
      vertex 54.3774 29.7323 6
      vertex 54.459 29.3218 2
      vertex 54.459 29.3218 6
    endloop
  endfacet
  facet normal 0.896898 0.442237 0
    outer loop
      vertex 60.5064 31.3746 6
      vertex 60.3213 31.75 2
      vertex 60.3213 31.75 6
    endloop
  endfacet
  facet normal 0.896898 0.442237 0
    outer loop
      vertex 60.3213 31.75 2
      vertex 60.5064 31.3746 6
      vertex 60.5064 31.3746 2
    endloop
  endfacet
  facet normal 0.831388 0.555692 0
    outer loop
      vertex 60.3213 31.75 6
      vertex 60.0887 32.098 2
      vertex 60.0887 32.098 6
    endloop
  endfacet
  facet normal 0.831388 0.555692 0
    outer loop
      vertex 60.0887 32.098 2
      vertex 60.3213 31.75 6
      vertex 60.3213 31.75 2
    endloop
  endfacet
  facet normal 0.751821 0.659367 0
    outer loop
      vertex 60.0887 32.098 6
      vertex 59.8127 32.4127 2
      vertex 59.8127 32.4127 6
    endloop
  endfacet
  facet normal 0.751821 0.659367 0
    outer loop
      vertex 59.8127 32.4127 2
      vertex 60.0887 32.098 6
      vertex 60.0887 32.098 2
    endloop
  endfacet
  facet normal -0.0654566 0.997855 0
    outer loop
      vertex 57.55 33.35 2
      vertex 57.1323 33.3226 6
      vertex 57.55 33.35 6
    endloop
  endfacet
  facet normal -0.0654566 0.997855 0
    outer loop
      vertex 57.1323 33.3226 6
      vertex 57.55 33.35 2
      vertex 57.1323 33.3226 2
    endloop
  endfacet
  facet normal 0.321526 0.946901 -0
    outer loop
      vertex 58.7746 33.1064 2
      vertex 58.3782 33.241 6
      vertex 58.7746 33.1064 6
    endloop
  endfacet
  facet normal 0.321526 0.946901 0
    outer loop
      vertex 58.3782 33.241 6
      vertex 58.7746 33.1064 2
      vertex 58.3782 33.241 2
    endloop
  endfacet
  facet normal -0.997855 0.0654566 0
    outer loop
      vertex 54.35 30.15 2
      vertex 54.3774 30.5677 6
      vertex 54.3774 30.5677 2
    endloop
  endfacet
  facet normal -0.997855 0.0654566 0
    outer loop
      vertex 54.3774 30.5677 6
      vertex 54.35 30.15 2
      vertex 54.35 30.15 6
    endloop
  endfacet
  facet normal -0.896898 0.442237 0
    outer loop
      vertex 54.5936 31.3746 2
      vertex 54.7787 31.75 6
      vertex 54.7787 31.75 2
    endloop
  endfacet
  facet normal -0.896898 0.442237 0
    outer loop
      vertex 54.7787 31.75 6
      vertex 54.5936 31.3746 2
      vertex 54.5936 31.3746 6
    endloop
  endfacet
  facet normal -0.194967 0.98081 0
    outer loop
      vertex 57.1323 33.3226 2
      vertex 56.7218 33.241 6
      vertex 57.1323 33.3226 6
    endloop
  endfacet
  facet normal -0.194967 0.98081 0
    outer loop
      vertex 56.7218 33.241 6
      vertex 57.1323 33.3226 2
      vertex 56.7218 33.241 2
    endloop
  endfacet
  facet normal -0.321526 0.946901 0
    outer loop
      vertex 56.7218 33.241 2
      vertex 56.3254 33.1064 6
      vertex 56.7218 33.241 6
    endloop
  endfacet
  facet normal -0.321526 0.946901 0
    outer loop
      vertex 56.3254 33.1064 6
      vertex 56.7218 33.241 2
      vertex 56.3254 33.1064 2
    endloop
  endfacet
  facet normal -0.555692 0.831388 0
    outer loop
      vertex 55.95 32.9213 2
      vertex 55.602 32.6887 6
      vertex 55.95 32.9213 6
    endloop
  endfacet
  facet normal -0.555692 0.831388 0
    outer loop
      vertex 55.602 32.6887 6
      vertex 55.95 32.9213 2
      vertex 55.602 32.6887 2
    endloop
  endfacet
  facet normal -0.659367 0.751821 0
    outer loop
      vertex 55.602 32.6887 2
      vertex 55.2873 32.4127 6
      vertex 55.602 32.6887 6
    endloop
  endfacet
  facet normal -0.659367 0.751821 0
    outer loop
      vertex 55.2873 32.4127 6
      vertex 55.602 32.6887 2
      vertex 55.2873 32.4127 2
    endloop
  endfacet
  facet normal 0.194967 -0.98081 0
    outer loop
      vertex 57.9677 26.9774 2
      vertex 58.3782 27.059 6
      vertex 57.9677 26.9774 6
    endloop
  endfacet
  facet normal 0.194967 -0.98081 0
    outer loop
      vertex 58.3782 27.059 6
      vertex 57.9677 26.9774 2
      vertex 58.3782 27.059 2
    endloop
  endfacet
  facet normal 0.98081 -0.194967 0
    outer loop
      vertex 60.641 29.3218 6
      vertex 60.7226 29.7323 2
      vertex 60.7226 29.7323 6
    endloop
  endfacet
  facet normal 0.98081 -0.194967 0
    outer loop
      vertex 60.7226 29.7323 2
      vertex 60.641 29.3218 6
      vertex 60.641 29.3218 2
    endloop
  endfacet
  facet normal 0.946901 -0.321526 0
    outer loop
      vertex 60.5064 28.9254 6
      vertex 60.641 29.3218 2
      vertex 60.641 29.3218 6
    endloop
  endfacet
  facet normal 0.946901 -0.321526 0
    outer loop
      vertex 60.641 29.3218 2
      vertex 60.5064 28.9254 6
      vertex 60.5064 28.9254 2
    endloop
  endfacet
  facet normal 0.321526 -0.946901 0
    outer loop
      vertex 58.3782 27.059 2
      vertex 58.7746 27.1936 6
      vertex 58.3782 27.059 6
    endloop
  endfacet
  facet normal 0.321526 -0.946901 0
    outer loop
      vertex 58.7746 27.1936 6
      vertex 58.3782 27.059 2
      vertex 58.7746 27.1936 2
    endloop
  endfacet
  facet normal 0.555692 -0.831388 0
    outer loop
      vertex 59.15 27.3787 2
      vertex 59.498 27.6113 6
      vertex 59.15 27.3787 6
    endloop
  endfacet
  facet normal 0.555692 -0.831388 0
    outer loop
      vertex 59.498 27.6113 6
      vertex 59.15 27.3787 2
      vertex 59.498 27.6113 2
    endloop
  endfacet
  facet normal 0.751821 -0.659367 0
    outer loop
      vertex 59.8127 27.8873 6
      vertex 60.0887 28.202 2
      vertex 60.0887 28.202 6
    endloop
  endfacet
  facet normal 0.751821 -0.659367 0
    outer loop
      vertex 60.0887 28.202 2
      vertex 59.8127 27.8873 6
      vertex 59.8127 27.8873 2
    endloop
  endfacet
  facet normal -0.0654566 -0.997855 0
    outer loop
      vertex 57.1323 26.9774 2
      vertex 57.55 26.95 6
      vertex 57.1323 26.9774 6
    endloop
  endfacet
  facet normal -0.0654566 -0.997855 -0
    outer loop
      vertex 57.55 26.95 6
      vertex 57.1323 26.9774 2
      vertex 57.55 26.95 2
    endloop
  endfacet
  facet normal -0.321526 -0.946901 0
    outer loop
      vertex 56.3254 27.1936 2
      vertex 56.7218 27.059 6
      vertex 56.3254 27.1936 6
    endloop
  endfacet
  facet normal -0.321526 -0.946901 -0
    outer loop
      vertex 56.7218 27.059 6
      vertex 56.3254 27.1936 2
      vertex 56.7218 27.059 2
    endloop
  endfacet
  facet normal -0.946901 -0.321526 0
    outer loop
      vertex 54.5936 28.9254 2
      vertex 54.459 29.3218 6
      vertex 54.459 29.3218 2
    endloop
  endfacet
  facet normal -0.946901 -0.321526 0
    outer loop
      vertex 54.459 29.3218 6
      vertex 54.5936 28.9254 2
      vertex 54.5936 28.9254 6
    endloop
  endfacet
  facet normal -0.659367 -0.751821 0
    outer loop
      vertex 55.2873 27.8873 2
      vertex 55.602 27.6113 6
      vertex 55.2873 27.8873 6
    endloop
  endfacet
  facet normal -0.659367 -0.751821 -0
    outer loop
      vertex 55.602 27.6113 6
      vertex 55.2873 27.8873 2
      vertex 55.602 27.6113 2
    endloop
  endfacet
  facet normal 0.0654566 0.997855 -0
    outer loop
      vertex 57.9677 33.3226 2
      vertex 57.55 33.35 6
      vertex 57.9677 33.3226 6
    endloop
  endfacet
  facet normal 0.0654566 0.997855 0
    outer loop
      vertex 57.55 33.35 6
      vertex 57.9677 33.3226 2
      vertex 57.55 33.35 2
    endloop
  endfacet
  facet normal 0 0 1
    outer loop
      vertex 59.25 30.15 6
      vertex 60.75 30.15 6
      vertex 60.7226 30.5677 6
    endloop
  endfacet
  facet normal 0 0 1
    outer loop
      vertex 59.2355 30.3719 6
      vertex 60.7226 30.5677 6
      vertex 60.641 30.9782 6
    endloop
  endfacet
  facet normal 0 0 1
    outer loop
      vertex 60.75 30.15 6
      vertex 59.25 30.15 6
      vertex 60.7226 29.7323 6
    endloop
  endfacet
  facet normal 0 0 1
    outer loop
      vertex 59.1921 30.59 6
      vertex 60.641 30.9782 6
      vertex 60.5064 31.3746 6
    endloop
  endfacet
  facet normal -0 0 1
    outer loop
      vertex 59.2355 29.9281 6
      vertex 60.7226 29.7323 6
      vertex 59.25 30.15 6
    endloop
  endfacet
  facet normal 0 0 1
    outer loop
      vertex 59.1206 30.8006 6
      vertex 60.5064 31.3746 6
      vertex 60.3213 31.75 6
    endloop
  endfacet
  facet normal 0 0 1
    outer loop
      vertex 60.7226 29.7323 6
      vertex 59.2355 29.9281 6
      vertex 60.641 29.3218 6
    endloop
  endfacet
  facet normal 0 0 1
    outer loop
      vertex 59.0222 31 6
      vertex 60.3213 31.75 6
      vertex 60.0887 32.098 6
    endloop
  endfacet
  facet normal -0 0 1
    outer loop
      vertex 59.1921 29.71 6
      vertex 60.641 29.3218 6
      vertex 59.2355 29.9281 6
    endloop
  endfacet
  facet normal 0 0 1
    outer loop
      vertex 58.8987 31.1849 6
      vertex 60.0887 32.098 6
      vertex 59.8127 32.4127 6
    endloop
  endfacet
  facet normal 0 0 1
    outer loop
      vertex 60.641 29.3218 6
      vertex 59.1921 29.71 6
      vertex 60.5064 28.9254 6
    endloop
  endfacet
  facet normal 0 0 1
    outer loop
      vertex 58.7521 31.3521 6
      vertex 59.8127 32.4127 6
      vertex 59.498 32.6887 6
    endloop
  endfacet
  facet normal -0 0 1
    outer loop
      vertex 59.1206 29.4994 6
      vertex 60.5064 28.9254 6
      vertex 59.1921 29.71 6
    endloop
  endfacet
  facet normal 0 0 1
    outer loop
      vertex 60.5064 28.9254 6
      vertex 59.1206 29.4994 6
      vertex 60.3213 28.55 6
    endloop
  endfacet
  facet normal 0 0 1
    outer loop
      vertex 60.7226 30.5677 6
      vertex 59.2355 30.3719 6
      vertex 59.25 30.15 6
    endloop
  endfacet
  facet normal 0 0 1
    outer loop
      vertex 60.641 30.9782 6
      vertex 59.1921 30.59 6
      vertex 59.2355 30.3719 6
    endloop
  endfacet
  facet normal 0 0 1
    outer loop
      vertex 58.5849 31.4987 6
      vertex 59.498 32.6887 6
      vertex 59.15 32.9213 6
    endloop
  endfacet
  facet normal 0 0 1
    outer loop
      vertex 60.5064 31.3746 6
      vertex 59.1206 30.8006 6
      vertex 59.1921 30.59 6
    endloop
  endfacet
  facet normal 0 0 1
    outer loop
      vertex 60.3213 31.75 6
      vertex 59.0222 31 6
      vertex 59.1206 30.8006 6
    endloop
  endfacet
  facet normal 0 0 1
    outer loop
      vertex 60.0887 32.098 6
      vertex 58.8987 31.1849 6
      vertex 59.0222 31 6
    endloop
  endfacet
  facet normal 0 0 1
    outer loop
      vertex 58.4 31.6222 6
      vertex 59.15 32.9213 6
      vertex 58.7746 33.1064 6
    endloop
  endfacet
  facet normal 0 0 1
    outer loop
      vertex 59.8127 32.4127 6
      vertex 58.7521 31.3521 6
      vertex 58.8987 31.1849 6
    endloop
  endfacet
  facet normal 0 0 1
    outer loop
      vertex 59.498 32.6887 6
      vertex 58.5849 31.4987 6
      vertex 58.7521 31.3521 6
    endloop
  endfacet
  facet normal 0 0 1
    outer loop
      vertex 59.15 32.9213 6
      vertex 58.4 31.6222 6
      vertex 58.5849 31.4987 6
    endloop
  endfacet
  facet normal 0 0 1
    outer loop
      vertex 58.2006 31.7206 6
      vertex 58.7746 33.1064 6
      vertex 58.3782 33.241 6
    endloop
  endfacet
  facet normal 0 0 1
    outer loop
      vertex 58.7746 33.1064 6
      vertex 58.2006 31.7206 6
      vertex 58.4 31.6222 6
    endloop
  endfacet
  facet normal 0 0 1
    outer loop
      vertex 58.3782 33.241 6
      vertex 57.99 31.7921 6
      vertex 58.2006 31.7206 6
    endloop
  endfacet
  facet normal 0 0 1
    outer loop
      vertex 57.9677 33.3226 6
      vertex 57.99 31.7921 6
      vertex 58.3782 33.241 6
    endloop
  endfacet
  facet normal 0 0 1
    outer loop
      vertex 57.9677 33.3226 6
      vertex 57.7719 31.8355 6
      vertex 57.99 31.7921 6
    endloop
  endfacet
  facet normal 0 0 1
    outer loop
      vertex 57.55 33.35 6
      vertex 57.7719 31.8355 6
      vertex 57.9677 33.3226 6
    endloop
  endfacet
  facet normal 0 0 1
    outer loop
      vertex 57.55 33.35 6
      vertex 57.55 31.85 6
      vertex 57.7719 31.8355 6
    endloop
  endfacet
  facet normal 0 0 1
    outer loop
      vertex 57.55 33.35 6
      vertex 57.3281 31.8355 6
      vertex 57.55 31.85 6
    endloop
  endfacet
  facet normal -0 0 1
    outer loop
      vertex 57.1323 33.3226 6
      vertex 57.3281 31.8355 6
      vertex 57.55 33.35 6
    endloop
  endfacet
  facet normal 0 0 1
    outer loop
      vertex 57.1323 33.3226 6
      vertex 57.11 31.7921 6
      vertex 57.3281 31.8355 6
    endloop
  endfacet
  facet normal -0 0 1
    outer loop
      vertex 56.7218 33.241 6
      vertex 57.11 31.7921 6
      vertex 57.1323 33.3226 6
    endloop
  endfacet
  facet normal 0 0 1
    outer loop
      vertex 57.11 31.7921 6
      vertex 56.7218 33.241 6
      vertex 56.8994 31.7206 6
    endloop
  endfacet
  facet normal -0 0 1
    outer loop
      vertex 56.3254 33.1064 6
      vertex 56.8994 31.7206 6
      vertex 56.7218 33.241 6
    endloop
  endfacet
  facet normal 0 0 1
    outer loop
      vertex 56.8994 31.7206 6
      vertex 56.3254 33.1064 6
      vertex 56.7 31.6222 6
    endloop
  endfacet
  facet normal -0 0 1
    outer loop
      vertex 55.95 32.9213 6
      vertex 56.7 31.6222 6
      vertex 56.3254 33.1064 6
    endloop
  endfacet
  facet normal 0 0 1
    outer loop
      vertex 56.7 31.6222 6
      vertex 55.95 32.9213 6
      vertex 56.5151 31.4987 6
    endloop
  endfacet
  facet normal -0 0 1
    outer loop
      vertex 55.602 32.6887 6
      vertex 56.5151 31.4987 6
      vertex 55.95 32.9213 6
    endloop
  endfacet
  facet normal 0 0 1
    outer loop
      vertex 56.5151 31.4987 6
      vertex 55.602 32.6887 6
      vertex 56.3479 31.3521 6
    endloop
  endfacet
  facet normal -0 0 1
    outer loop
      vertex 55.2873 32.4127 6
      vertex 56.3479 31.3521 6
      vertex 55.602 32.6887 6
    endloop
  endfacet
  facet normal 0 0 1
    outer loop
      vertex 56.3479 31.3521 6
      vertex 55.2873 32.4127 6
      vertex 56.2013 31.1849 6
    endloop
  endfacet
  facet normal -0 0 1
    outer loop
      vertex 55.0113 32.098 6
      vertex 56.2013 31.1849 6
      vertex 55.2873 32.4127 6
    endloop
  endfacet
  facet normal 0 0 1
    outer loop
      vertex 56.2013 31.1849 6
      vertex 55.0113 32.098 6
      vertex 56.0778 31 6
    endloop
  endfacet
  facet normal -0 0 1
    outer loop
      vertex 54.7787 31.75 6
      vertex 56.0778 31 6
      vertex 55.0113 32.098 6
    endloop
  endfacet
  facet normal 0 0 1
    outer loop
      vertex 56.0778 31 6
      vertex 54.7787 31.75 6
      vertex 55.9794 30.8006 6
    endloop
  endfacet
  facet normal -0 0 1
    outer loop
      vertex 59.0222 29.3 6
      vertex 60.3213 28.55 6
      vertex 59.1206 29.4994 6
    endloop
  endfacet
  facet normal 0 0 1
    outer loop
      vertex 60.3213 28.55 6
      vertex 59.0222 29.3 6
      vertex 60.0887 28.202 6
    endloop
  endfacet
  facet normal -0 0 1
    outer loop
      vertex 58.8987 29.1151 6
      vertex 60.0887 28.202 6
      vertex 59.0222 29.3 6
    endloop
  endfacet
  facet normal 0 0 1
    outer loop
      vertex 60.0887 28.202 6
      vertex 58.8987 29.1151 6
      vertex 59.8127 27.8873 6
    endloop
  endfacet
  facet normal -0 0 1
    outer loop
      vertex 58.7521 28.9479 6
      vertex 59.8127 27.8873 6
      vertex 58.8987 29.1151 6
    endloop
  endfacet
  facet normal 0 0 1
    outer loop
      vertex 59.8127 27.8873 6
      vertex 58.7521 28.9479 6
      vertex 59.498 27.6113 6
    endloop
  endfacet
  facet normal -0 0 1
    outer loop
      vertex 58.5849 28.8013 6
      vertex 59.498 27.6113 6
      vertex 58.7521 28.9479 6
    endloop
  endfacet
  facet normal 0 0 1
    outer loop
      vertex 59.498 27.6113 6
      vertex 58.5849 28.8013 6
      vertex 59.15 27.3787 6
    endloop
  endfacet
  facet normal -0 0 1
    outer loop
      vertex 58.4 28.6778 6
      vertex 59.15 27.3787 6
      vertex 58.5849 28.8013 6
    endloop
  endfacet
  facet normal 0 0 1
    outer loop
      vertex 59.15 27.3787 6
      vertex 58.4 28.6778 6
      vertex 58.7746 27.1936 6
    endloop
  endfacet
  facet normal -0 0 1
    outer loop
      vertex 58.2006 28.5794 6
      vertex 58.7746 27.1936 6
      vertex 58.4 28.6778 6
    endloop
  endfacet
  facet normal 0 0 1
    outer loop
      vertex 58.7746 27.1936 6
      vertex 58.2006 28.5794 6
      vertex 58.3782 27.059 6
    endloop
  endfacet
  facet normal -0 0 1
    outer loop
      vertex 57.99 28.5079 6
      vertex 58.3782 27.059 6
      vertex 58.2006 28.5794 6
    endloop
  endfacet
  facet normal 0 0 1
    outer loop
      vertex 57.99 28.5079 6
      vertex 57.9677 26.9774 6
      vertex 58.3782 27.059 6
    endloop
  endfacet
  facet normal -0 0 1
    outer loop
      vertex 57.7719 28.4645 6
      vertex 57.9677 26.9774 6
      vertex 57.99 28.5079 6
    endloop
  endfacet
  facet normal -0 0 1
    outer loop
      vertex 57.55 28.45 6
      vertex 57.9677 26.9774 6
      vertex 57.7719 28.4645 6
    endloop
  endfacet
  facet normal 0 0 1
    outer loop
      vertex 57.55 28.45 6
      vertex 57.55 26.95 6
      vertex 57.9677 26.9774 6
    endloop
  endfacet
  facet normal 0 0 1
    outer loop
      vertex 57.3281 28.4645 6
      vertex 57.55 26.95 6
      vertex 57.55 28.45 6
    endloop
  endfacet
  facet normal 0 0 1
    outer loop
      vertex 57.3281 28.4645 6
      vertex 57.1323 26.9774 6
      vertex 57.55 26.95 6
    endloop
  endfacet
  facet normal 0 0 1
    outer loop
      vertex 57.11 28.5079 6
      vertex 57.1323 26.9774 6
      vertex 57.3281 28.4645 6
    endloop
  endfacet
  facet normal 0 0 1
    outer loop
      vertex 56.7218 27.059 6
      vertex 57.11 28.5079 6
      vertex 56.8994 28.5794 6
    endloop
  endfacet
  facet normal 0 0 1
    outer loop
      vertex 57.11 28.5079 6
      vertex 56.7218 27.059 6
      vertex 57.1323 26.9774 6
    endloop
  endfacet
  facet normal 0 0 1
    outer loop
      vertex 56.3254 27.1936 6
      vertex 56.8994 28.5794 6
      vertex 56.7 28.6778 6
    endloop
  endfacet
  facet normal 0 0 1
    outer loop
      vertex 55.95 27.3787 6
      vertex 56.7 28.6778 6
      vertex 56.5151 28.8013 6
    endloop
  endfacet
  facet normal 0 0 1
    outer loop
      vertex 55.602 27.6113 6
      vertex 56.5151 28.8013 6
      vertex 56.3479 28.9479 6
    endloop
  endfacet
  facet normal 0 0 1
    outer loop
      vertex 56.8994 28.5794 6
      vertex 56.3254 27.1936 6
      vertex 56.7218 27.059 6
    endloop
  endfacet
  facet normal 0 0 1
    outer loop
      vertex 55.2873 27.8873 6
      vertex 56.3479 28.9479 6
      vertex 56.2013 29.1151 6
    endloop
  endfacet
  facet normal 0 0 1
    outer loop
      vertex 55.0113 28.202 6
      vertex 56.2013 29.1151 6
      vertex 56.0778 29.3 6
    endloop
  endfacet
  facet normal 0 0 1
    outer loop
      vertex 54.7787 28.55 6
      vertex 56.0778 29.3 6
      vertex 55.9794 29.4994 6
    endloop
  endfacet
  facet normal 0 0 1
    outer loop
      vertex 56.7 28.6778 6
      vertex 55.95 27.3787 6
      vertex 56.3254 27.1936 6
    endloop
  endfacet
  facet normal 0 0 1
    outer loop
      vertex 54.5936 28.9254 6
      vertex 55.9794 29.4994 6
      vertex 55.9079 29.71 6
    endloop
  endfacet
  facet normal 0 0 1
    outer loop
      vertex 54.459 29.3218 6
      vertex 55.9079 29.71 6
      vertex 55.8645 29.9281 6
    endloop
  endfacet
  facet normal 0 0 1
    outer loop
      vertex 54.3774 29.7323 6
      vertex 55.8645 29.9281 6
      vertex 55.85 30.15 6
    endloop
  endfacet
  facet normal -0 0 1
    outer loop
      vertex 54.5936 31.3746 6
      vertex 55.9794 30.8006 6
      vertex 54.7787 31.75 6
    endloop
  endfacet
  facet normal 0 0 1
    outer loop
      vertex 56.5151 28.8013 6
      vertex 55.602 27.6113 6
      vertex 55.95 27.3787 6
    endloop
  endfacet
  facet normal 0 0 1
    outer loop
      vertex 55.9794 30.8006 6
      vertex 54.5936 31.3746 6
      vertex 55.9079 30.59 6
    endloop
  endfacet
  facet normal 0 0 1
    outer loop
      vertex 56.3479 28.9479 6
      vertex 55.2873 27.8873 6
      vertex 55.602 27.6113 6
    endloop
  endfacet
  facet normal -0 0 1
    outer loop
      vertex 54.459 30.9782 6
      vertex 55.9079 30.59 6
      vertex 54.5936 31.3746 6
    endloop
  endfacet
  facet normal 0 0 1
    outer loop
      vertex 56.2013 29.1151 6
      vertex 55.0113 28.202 6
      vertex 55.2873 27.8873 6
    endloop
  endfacet
  facet normal 0 0 1
    outer loop
      vertex 55.9079 30.59 6
      vertex 54.459 30.9782 6
      vertex 55.8645 30.3719 6
    endloop
  endfacet
  facet normal 0 0 1
    outer loop
      vertex 56.0778 29.3 6
      vertex 54.7787 28.55 6
      vertex 55.0113 28.202 6
    endloop
  endfacet
  facet normal -0 0 1
    outer loop
      vertex 54.3774 30.5677 6
      vertex 55.8645 30.3719 6
      vertex 54.459 30.9782 6
    endloop
  endfacet
  facet normal 0 0 1
    outer loop
      vertex 55.9794 29.4994 6
      vertex 54.5936 28.9254 6
      vertex 54.7787 28.55 6
    endloop
  endfacet
  facet normal 0 0 1
    outer loop
      vertex 55.8645 30.3719 6
      vertex 54.3774 30.5677 6
      vertex 55.85 30.15 6
    endloop
  endfacet
  facet normal 0 0 1
    outer loop
      vertex 55.9079 29.71 6
      vertex 54.459 29.3218 6
      vertex 54.5936 28.9254 6
    endloop
  endfacet
  facet normal 0 0 1
    outer loop
      vertex 54.35 30.15 6
      vertex 55.85 30.15 6
      vertex 54.3774 30.5677 6
    endloop
  endfacet
  facet normal 0 0 1
    outer loop
      vertex 55.8645 29.9281 6
      vertex 54.3774 29.7323 6
      vertex 54.459 29.3218 6
    endloop
  endfacet
  facet normal 0 0 1
    outer loop
      vertex 55.85 30.15 6
      vertex 54.35 30.15 6
      vertex 54.3774 29.7323 6
    endloop
  endfacet
  facet normal 0.896898 -0.442237 0
    outer loop
      vertex 60.3213 28.55 6
      vertex 60.5064 28.9254 2
      vertex 60.5064 28.9254 6
    endloop
  endfacet
  facet normal 0.896898 -0.442237 0
    outer loop
      vertex 60.5064 28.9254 2
      vertex 60.3213 28.55 6
      vertex 60.3213 28.55 2
    endloop
  endfacet
  facet normal 0.659367 -0.751821 0
    outer loop
      vertex 59.498 27.6113 2
      vertex 59.8127 27.8873 6
      vertex 59.498 27.6113 6
    endloop
  endfacet
  facet normal 0.659367 -0.751821 0
    outer loop
      vertex 59.8127 27.8873 6
      vertex 59.498 27.6113 2
      vertex 59.8127 27.8873 2
    endloop
  endfacet
  facet normal -0.896898 -0.442237 0
    outer loop
      vertex 54.7787 28.55 2
      vertex 54.5936 28.9254 6
      vertex 54.5936 28.9254 2
    endloop
  endfacet
  facet normal -0.896898 -0.442237 0
    outer loop
      vertex 54.5936 28.9254 6
      vertex 54.7787 28.55 2
      vertex 54.7787 28.55 6
    endloop
  endfacet
  facet normal -0.751821 -0.659367 0
    outer loop
      vertex 55.2873 27.8873 2
      vertex 55.0113 28.202 6
      vertex 55.0113 28.202 2
    endloop
  endfacet
  facet normal -0.751821 -0.659367 0
    outer loop
      vertex 55.0113 28.202 6
      vertex 55.2873 27.8873 2
      vertex 55.2873 27.8873 6
    endloop
  endfacet
  facet normal 0.831473 0.555565 0
    outer loop
      vertex -0.428719 -1.8 6
      vertex -0.661269 -1.45196 2
      vertex -0.661269 -1.45196 6
    endloop
  endfacet
  facet normal 0.831473 0.555565 0
    outer loop
      vertex -0.661269 -1.45196 2
      vertex -0.428719 -1.8 6
      vertex -0.428719 -1.8 2
    endloop
  endfacet
  facet normal 0.321436 0.946931 -0
    outer loop
      vertex -1.97541 -0.443585 2
      vertex -2.37178 -0.309037 6
      vertex -1.97541 -0.443585 6
    endloop
  endfacet
  facet normal 0.321436 0.946931 0
    outer loop
      vertex -2.37178 -0.309037 6
      vertex -1.97541 -0.443585 2
      vertex -2.37178 -0.309037 2
    endloop
  endfacet
  facet normal -0.442291 0.896872 0
    outer loop
      vertex -4.42459 -0.443585 2
      vertex -4.8 -0.628718 6
      vertex -4.42459 -0.443585 6
    endloop
  endfacet
  facet normal -0.442291 0.896872 0
    outer loop
      vertex -4.8 -0.628718 6
      vertex -4.42459 -0.443585 2
      vertex -4.8 -0.628718 2
    endloop
  endfacet
  facet normal -0.896874 0.442285 0
    outer loop
      vertex -6.15641 -2.17541 2
      vertex -5.97128 -1.8 6
      vertex -5.97128 -1.8 2
    endloop
  endfacet
  facet normal -0.896874 0.442285 0
    outer loop
      vertex -5.97128 -1.8 6
      vertex -6.15641 -2.17541 2
      vertex -6.15641 -2.17541 6
    endloop
  endfacet
  facet normal 0.442285 -0.896874 0
    outer loop
      vertex -1.97541 -6.35641 2
      vertex -1.6 -6.17128 6
      vertex -1.97541 -6.35641 6
    endloop
  endfacet
  facet normal 0.442285 -0.896874 0
    outer loop
      vertex -1.6 -6.17128 6
      vertex -1.97541 -6.35641 2
      vertex -1.6 -6.17128 2
    endloop
  endfacet
  facet normal 0.659352 0.751834 -0
    outer loop
      vertex -0.937258 -1.13726 2
      vertex -1.25196 -0.861269 6
      vertex -0.937258 -1.13726 6
    endloop
  endfacet
  facet normal 0.659352 0.751834 0
    outer loop
      vertex -1.25196 -0.861269 6
      vertex -0.937258 -1.13726 2
      vertex -1.25196 -0.861269 2
    endloop
  endfacet
  facet normal 0.555567 0.831472 -0
    outer loop
      vertex -1.25196 -0.861269 2
      vertex -1.6 -0.628718 6
      vertex -1.25196 -0.861269 6
    endloop
  endfacet
  facet normal 0.555567 0.831472 0
    outer loop
      vertex -1.6 -0.628718 6
      vertex -1.25196 -0.861269 2
      vertex -1.6 -0.628718 2
    endloop
  endfacet
  facet normal -0.997858 0.0654122 0
    outer loop
      vertex -6.4 -3.4 2
      vertex -6.37262 -2.98232 6
      vertex -6.37262 -2.98232 2
    endloop
  endfacet
  facet normal -0.997858 0.0654122 0
    outer loop
      vertex -6.37262 -2.98232 6
      vertex -6.4 -3.4 2
      vertex -6.4 -3.4 6
    endloop
  endfacet
  facet normal -0.980786 0.195087 0
    outer loop
      vertex -6.37262 -2.98232 2
      vertex -6.29096 -2.57178 6
      vertex -6.29096 -2.57178 2
    endloop
  endfacet
  facet normal -0.980786 0.195087 0
    outer loop
      vertex -6.29096 -2.57178 6
      vertex -6.37262 -2.98232 2
      vertex -6.37262 -2.98232 6
    endloop
  endfacet
  facet normal -0.751833 0.659353 0
    outer loop
      vertex -5.73873 -1.45196 2
      vertex -5.46274 -1.13726 6
      vertex -5.46274 -1.13726 2
    endloop
  endfacet
  facet normal -0.751833 0.659353 0
    outer loop
      vertex -5.46274 -1.13726 6
      vertex -5.73873 -1.45196 2
      vertex -5.73873 -1.45196 6
    endloop
  endfacet
  facet normal -0.555567 0.831472 0
    outer loop
      vertex -4.8 -0.628718 2
      vertex -5.14804 -0.861269 6
      vertex -4.8 -0.628718 6
    endloop
  endfacet
  facet normal -0.555567 0.831472 0
    outer loop
      vertex -5.14804 -0.861269 6
      vertex -4.8 -0.628718 2
      vertex -5.14804 -0.861269 2
    endloop
  endfacet
  facet normal -0.659355 0.751832 0
    outer loop
      vertex -5.14804 -0.861269 2
      vertex -5.46274 -1.13726 6
      vertex -5.14804 -0.861269 6
    endloop
  endfacet
  facet normal -0.659355 0.751832 0
    outer loop
      vertex -5.46274 -1.13726 6
      vertex -5.14804 -0.861269 2
      vertex -5.46274 -1.13726 2
    endloop
  endfacet
  facet normal 0.980786 -0.195086 0
    outer loop
      vertex -0.109036 -4.22822 6
      vertex -0.0273762 -3.81768 2
      vertex -0.0273762 -3.81768 6
    endloop
  endfacet
  facet normal 0.980786 -0.195086 0
    outer loop
      vertex -0.0273762 -3.81768 2
      vertex -0.109036 -4.22822 6
      vertex -0.109036 -4.22822 2
    endloop
  endfacet
  facet normal -0.195087 -0.980786 0
    outer loop
      vertex -4.02822 -6.49096 2
      vertex -3.61768 -6.57262 6
      vertex -4.02822 -6.49096 6
    endloop
  endfacet
  facet normal -0.195087 -0.980786 -0
    outer loop
      vertex -3.61768 -6.57262 6
      vertex -4.02822 -6.49096 2
      vertex -3.61768 -6.57262 2
    endloop
  endfacet
  facet normal 0.321441 -0.94693 0
    outer loop
      vertex -2.37178 -6.49096 2
      vertex -1.97541 -6.35641 6
      vertex -2.37178 -6.49096 6
    endloop
  endfacet
  facet normal 0.321441 -0.94693 0
    outer loop
      vertex -1.97541 -6.35641 6
      vertex -2.37178 -6.49096 2
      vertex -1.97541 -6.35641 2
    endloop
  endfacet
  facet normal 0.751834 0.659352 0
    outer loop
      vertex -0.661269 -1.45196 6
      vertex -0.937258 -1.13726 2
      vertex -0.937258 -1.13726 6
    endloop
  endfacet
  facet normal 0.751834 0.659352 0
    outer loop
      vertex -0.937258 -1.13726 2
      vertex -0.661269 -1.45196 6
      vertex -0.661269 -1.45196 2
    endloop
  endfacet
  facet normal -0.0654027 0.997859 0
    outer loop
      vertex -3.2 -0.2 2
      vertex -3.61768 -0.227376 6
      vertex -3.2 -0.2 6
    endloop
  endfacet
  facet normal -0.0654027 0.997859 0
    outer loop
      vertex -3.61768 -0.227376 6
      vertex -3.2 -0.2 2
      vertex -3.61768 -0.227376 2
    endloop
  endfacet
  facet normal 0.195089 0.980786 -0
    outer loop
      vertex -2.37178 -0.309037 2
      vertex -2.78232 -0.227376 6
      vertex -2.37178 -0.309037 6
    endloop
  endfacet
  facet normal 0.195089 0.980786 0
    outer loop
      vertex -2.78232 -0.227376 6
      vertex -2.37178 -0.309037 2
      vertex -2.78232 -0.227376 2
    endloop
  endfacet
  facet normal 0 0 1
    outer loop
      vertex -1.5 -3.4 6
      vertex 0 -3.4 6
      vertex -0.0273762 -2.98232 6
    endloop
  endfacet
  facet normal 0 0 1
    outer loop
      vertex -1.51454 -3.17811 6
      vertex -0.0273762 -2.98232 6
      vertex -0.109036 -2.57178 6
    endloop
  endfacet
  facet normal 0 0 1
    outer loop
      vertex 0 -3.4 6
      vertex -1.5 -3.4 6
      vertex -0.0273762 -3.81768 6
    endloop
  endfacet
  facet normal 0 0 1
    outer loop
      vertex -1.55793 -2.96001 6
      vertex -0.109036 -2.57178 6
      vertex -0.243585 -2.17541 6
    endloop
  endfacet
  facet normal -0 0 1
    outer loop
      vertex -1.51454 -3.62189 6
      vertex -0.0273762 -3.81768 6
      vertex -1.5 -3.4 6
    endloop
  endfacet
  facet normal 0 0 1
    outer loop
      vertex -1.6294 -2.74944 6
      vertex -0.243585 -2.17541 6
      vertex -0.428719 -1.8 6
    endloop
  endfacet
  facet normal 0 0 1
    outer loop
      vertex -0.0273762 -3.81768 6
      vertex -1.51454 -3.62189 6
      vertex -0.109036 -4.22822 6
    endloop
  endfacet
  facet normal 0 0 1
    outer loop
      vertex -1.72776 -2.55 6
      vertex -0.428719 -1.8 6
      vertex -0.661269 -1.45196 6
    endloop
  endfacet
  facet normal -0 0 1
    outer loop
      vertex -1.55793 -3.83999 6
      vertex -0.109036 -4.22822 6
      vertex -1.51454 -3.62189 6
    endloop
  endfacet
  facet normal 0 0 1
    outer loop
      vertex -1.8513 -2.3651 6
      vertex -0.661269 -1.45196 6
      vertex -0.937258 -1.13726 6
    endloop
  endfacet
  facet normal 0 0 1
    outer loop
      vertex -0.109036 -4.22822 6
      vertex -1.55793 -3.83999 6
      vertex -0.243585 -4.62459 6
    endloop
  endfacet
  facet normal 0 0 1
    outer loop
      vertex -1.99792 -2.19792 6
      vertex -0.937258 -1.13726 6
      vertex -1.25196 -0.861269 6
    endloop
  endfacet
  facet normal -0 0 1
    outer loop
      vertex -1.6294 -4.05056 6
      vertex -0.243585 -4.62459 6
      vertex -1.55793 -3.83999 6
    endloop
  endfacet
  facet normal 0 0 1
    outer loop
      vertex -0.243585 -4.62459 6
      vertex -1.6294 -4.05056 6
      vertex -0.428719 -5 6
    endloop
  endfacet
  facet normal 0 0 1
    outer loop
      vertex -0.0273762 -2.98232 6
      vertex -1.51454 -3.17811 6
      vertex -1.5 -3.4 6
    endloop
  endfacet
  facet normal 0 0 1
    outer loop
      vertex -0.109036 -2.57178 6
      vertex -1.55793 -2.96001 6
      vertex -1.51454 -3.17811 6
    endloop
  endfacet
  facet normal 0 0 1
    outer loop
      vertex -2.1651 -2.0513 6
      vertex -1.25196 -0.861269 6
      vertex -1.6 -0.628718 6
    endloop
  endfacet
  facet normal 0 0 1
    outer loop
      vertex -0.243585 -2.17541 6
      vertex -1.6294 -2.74944 6
      vertex -1.55793 -2.96001 6
    endloop
  endfacet
  facet normal 0 0 1
    outer loop
      vertex -0.428719 -1.8 6
      vertex -1.72776 -2.55 6
      vertex -1.6294 -2.74944 6
    endloop
  endfacet
  facet normal 0 0 1
    outer loop
      vertex -0.661269 -1.45196 6
      vertex -1.8513 -2.3651 6
      vertex -1.72776 -2.55 6
    endloop
  endfacet
  facet normal 0 0 1
    outer loop
      vertex -2.35 -1.92776 6
      vertex -1.6 -0.628718 6
      vertex -1.97541 -0.443585 6
    endloop
  endfacet
  facet normal 0 0 1
    outer loop
      vertex -0.937258 -1.13726 6
      vertex -1.99792 -2.19792 6
      vertex -1.8513 -2.3651 6
    endloop
  endfacet
  facet normal 0 0 1
    outer loop
      vertex -1.25196 -0.861269 6
      vertex -2.1651 -2.0513 6
      vertex -1.99792 -2.19792 6
    endloop
  endfacet
  facet normal 0 0 1
    outer loop
      vertex -1.6 -0.628718 6
      vertex -2.35 -1.92776 6
      vertex -2.1651 -2.0513 6
    endloop
  endfacet
  facet normal 0 0 1
    outer loop
      vertex -2.54944 -1.8294 6
      vertex -1.97541 -0.443585 6
      vertex -2.37178 -0.309037 6
    endloop
  endfacet
  facet normal 0 0 1
    outer loop
      vertex -1.97541 -0.443585 6
      vertex -2.54944 -1.8294 6
      vertex -2.35 -1.92776 6
    endloop
  endfacet
  facet normal 0 0 1
    outer loop
      vertex -2.37178 -0.309037 6
      vertex -2.76001 -1.75793 6
      vertex -2.54944 -1.8294 6
    endloop
  endfacet
  facet normal 0 0 1
    outer loop
      vertex -2.78232 -0.227376 6
      vertex -2.76001 -1.75793 6
      vertex -2.37178 -0.309037 6
    endloop
  endfacet
  facet normal 0 0 1
    outer loop
      vertex -2.78232 -0.227376 6
      vertex -2.9781 -1.71454 6
      vertex -2.76001 -1.75793 6
    endloop
  endfacet
  facet normal 0 0 1
    outer loop
      vertex -3.2 -0.2 6
      vertex -2.9781 -1.71454 6
      vertex -2.78232 -0.227376 6
    endloop
  endfacet
  facet normal 0 0 1
    outer loop
      vertex -3.2 -0.2 6
      vertex -3.2 -1.7 6
      vertex -2.9781 -1.71454 6
    endloop
  endfacet
  facet normal 0 0 1
    outer loop
      vertex -3.2 -0.2 6
      vertex -3.42189 -1.71454 6
      vertex -3.2 -1.7 6
    endloop
  endfacet
  facet normal -0 0 1
    outer loop
      vertex -3.61768 -0.227376 6
      vertex -3.42189 -1.71454 6
      vertex -3.2 -0.2 6
    endloop
  endfacet
  facet normal 0 0 1
    outer loop
      vertex -3.61768 -0.227376 6
      vertex -3.63999 -1.75793 6
      vertex -3.42189 -1.71454 6
    endloop
  endfacet
  facet normal -0 0 1
    outer loop
      vertex -4.02822 -0.309037 6
      vertex -3.63999 -1.75793 6
      vertex -3.61768 -0.227376 6
    endloop
  endfacet
  facet normal 0 0 1
    outer loop
      vertex -3.63999 -1.75793 6
      vertex -4.02822 -0.309037 6
      vertex -3.85056 -1.8294 6
    endloop
  endfacet
  facet normal -0 0 1
    outer loop
      vertex -4.42459 -0.443585 6
      vertex -3.85056 -1.8294 6
      vertex -4.02822 -0.309037 6
    endloop
  endfacet
  facet normal 0 0 1
    outer loop
      vertex -3.85056 -1.8294 6
      vertex -4.42459 -0.443585 6
      vertex -4.05 -1.92776 6
    endloop
  endfacet
  facet normal -0 0 1
    outer loop
      vertex -4.8 -0.628718 6
      vertex -4.05 -1.92776 6
      vertex -4.42459 -0.443585 6
    endloop
  endfacet
  facet normal 0 0 1
    outer loop
      vertex -4.05 -1.92776 6
      vertex -4.8 -0.628718 6
      vertex -4.23489 -2.0513 6
    endloop
  endfacet
  facet normal -0 0 1
    outer loop
      vertex -5.14804 -0.861269 6
      vertex -4.23489 -2.0513 6
      vertex -4.8 -0.628718 6
    endloop
  endfacet
  facet normal 0 0 1
    outer loop
      vertex -4.23489 -2.0513 6
      vertex -5.14804 -0.861269 6
      vertex -4.40208 -2.19792 6
    endloop
  endfacet
  facet normal -0 0 1
    outer loop
      vertex -5.46274 -1.13726 6
      vertex -4.40208 -2.19792 6
      vertex -5.14804 -0.861269 6
    endloop
  endfacet
  facet normal 0 0 1
    outer loop
      vertex -4.40208 -2.19792 6
      vertex -5.46274 -1.13726 6
      vertex -4.5487 -2.3651 6
    endloop
  endfacet
  facet normal -0 0 1
    outer loop
      vertex -5.73873 -1.45196 6
      vertex -4.5487 -2.3651 6
      vertex -5.46274 -1.13726 6
    endloop
  endfacet
  facet normal 0 0 1
    outer loop
      vertex -4.5487 -2.3651 6
      vertex -5.73873 -1.45196 6
      vertex -4.67224 -2.55 6
    endloop
  endfacet
  facet normal -0 0 1
    outer loop
      vertex -5.97128 -1.8 6
      vertex -4.67224 -2.55 6
      vertex -5.73873 -1.45196 6
    endloop
  endfacet
  facet normal 0 0 1
    outer loop
      vertex -4.67224 -2.55 6
      vertex -5.97128 -1.8 6
      vertex -4.77059 -2.74944 6
    endloop
  endfacet
  facet normal -0 0 1
    outer loop
      vertex -1.72776 -4.25 6
      vertex -0.428719 -5 6
      vertex -1.6294 -4.05056 6
    endloop
  endfacet
  facet normal 0 0 1
    outer loop
      vertex -0.428719 -5 6
      vertex -1.72776 -4.25 6
      vertex -0.661269 -5.34804 6
    endloop
  endfacet
  facet normal -0 0 1
    outer loop
      vertex -1.8513 -4.43489 6
      vertex -0.661269 -5.34804 6
      vertex -1.72776 -4.25 6
    endloop
  endfacet
  facet normal 0 0 1
    outer loop
      vertex -0.661269 -5.34804 6
      vertex -1.8513 -4.43489 6
      vertex -0.937258 -5.66274 6
    endloop
  endfacet
  facet normal -0 0 1
    outer loop
      vertex -1.99792 -4.60208 6
      vertex -0.937258 -5.66274 6
      vertex -1.8513 -4.43489 6
    endloop
  endfacet
  facet normal 0 0 1
    outer loop
      vertex -0.937258 -5.66274 6
      vertex -1.99792 -4.60208 6
      vertex -1.25196 -5.93873 6
    endloop
  endfacet
  facet normal -0 0 1
    outer loop
      vertex -2.1651 -4.7487 6
      vertex -1.25196 -5.93873 6
      vertex -1.99792 -4.60208 6
    endloop
  endfacet
  facet normal 0 0 1
    outer loop
      vertex -1.25196 -5.93873 6
      vertex -2.1651 -4.7487 6
      vertex -1.6 -6.17128 6
    endloop
  endfacet
  facet normal -0 0 1
    outer loop
      vertex -2.35 -4.87224 6
      vertex -1.6 -6.17128 6
      vertex -2.1651 -4.7487 6
    endloop
  endfacet
  facet normal 0 0 1
    outer loop
      vertex -1.6 -6.17128 6
      vertex -2.35 -4.87224 6
      vertex -1.97541 -6.35641 6
    endloop
  endfacet
  facet normal -0 0 1
    outer loop
      vertex -2.54944 -4.97059 6
      vertex -1.97541 -6.35641 6
      vertex -2.35 -4.87224 6
    endloop
  endfacet
  facet normal 0 0 1
    outer loop
      vertex -1.97541 -6.35641 6
      vertex -2.54944 -4.97059 6
      vertex -2.37178 -6.49096 6
    endloop
  endfacet
  facet normal -0 0 1
    outer loop
      vertex -2.76001 -5.04207 6
      vertex -2.37178 -6.49096 6
      vertex -2.54944 -4.97059 6
    endloop
  endfacet
  facet normal 0 0 1
    outer loop
      vertex -2.76001 -5.04207 6
      vertex -2.78232 -6.57262 6
      vertex -2.37178 -6.49096 6
    endloop
  endfacet
  facet normal -0 0 1
    outer loop
      vertex -2.9781 -5.08546 6
      vertex -2.78232 -6.57262 6
      vertex -2.76001 -5.04207 6
    endloop
  endfacet
  facet normal -0 0 1
    outer loop
      vertex -3.2 -5.1 6
      vertex -2.78232 -6.57262 6
      vertex -2.9781 -5.08546 6
    endloop
  endfacet
  facet normal 0 0 1
    outer loop
      vertex -3.2 -5.1 6
      vertex -3.2 -6.6 6
      vertex -2.78232 -6.57262 6
    endloop
  endfacet
  facet normal 0 0 1
    outer loop
      vertex -3.42189 -5.08546 6
      vertex -3.2 -6.6 6
      vertex -3.2 -5.1 6
    endloop
  endfacet
  facet normal 0 0 1
    outer loop
      vertex -3.42189 -5.08546 6
      vertex -3.61768 -6.57262 6
      vertex -3.2 -6.6 6
    endloop
  endfacet
  facet normal 0 0 1
    outer loop
      vertex -3.63999 -5.04207 6
      vertex -3.61768 -6.57262 6
      vertex -3.42189 -5.08546 6
    endloop
  endfacet
  facet normal 0 0 1
    outer loop
      vertex -4.02822 -6.49096 6
      vertex -3.63999 -5.04207 6
      vertex -3.85056 -4.97059 6
    endloop
  endfacet
  facet normal 0 0 1
    outer loop
      vertex -3.63999 -5.04207 6
      vertex -4.02822 -6.49096 6
      vertex -3.61768 -6.57262 6
    endloop
  endfacet
  facet normal 0 0 1
    outer loop
      vertex -4.42459 -6.35641 6
      vertex -3.85056 -4.97059 6
      vertex -4.05 -4.87224 6
    endloop
  endfacet
  facet normal 0 0 1
    outer loop
      vertex -4.8 -6.17128 6
      vertex -4.05 -4.87224 6
      vertex -4.23489 -4.7487 6
    endloop
  endfacet
  facet normal 0 0 1
    outer loop
      vertex -5.14804 -5.93873 6
      vertex -4.23489 -4.7487 6
      vertex -4.40208 -4.60208 6
    endloop
  endfacet
  facet normal 0 0 1
    outer loop
      vertex -3.85056 -4.97059 6
      vertex -4.42459 -6.35641 6
      vertex -4.02822 -6.49096 6
    endloop
  endfacet
  facet normal 0 0 1
    outer loop
      vertex -5.46274 -5.66274 6
      vertex -4.40208 -4.60208 6
      vertex -4.5487 -4.43489 6
    endloop
  endfacet
  facet normal 0 0 1
    outer loop
      vertex -5.73873 -5.34804 6
      vertex -4.5487 -4.43489 6
      vertex -4.67224 -4.25 6
    endloop
  endfacet
  facet normal 0 0 1
    outer loop
      vertex -5.97128 -5 6
      vertex -4.67224 -4.25 6
      vertex -4.77059 -4.05056 6
    endloop
  endfacet
  facet normal 0 0 1
    outer loop
      vertex -4.05 -4.87224 6
      vertex -4.8 -6.17128 6
      vertex -4.42459 -6.35641 6
    endloop
  endfacet
  facet normal 0 0 1
    outer loop
      vertex -6.15641 -4.62459 6
      vertex -4.77059 -4.05056 6
      vertex -4.84207 -3.83999 6
    endloop
  endfacet
  facet normal 0 0 1
    outer loop
      vertex -6.29096 -4.22822 6
      vertex -4.84207 -3.83999 6
      vertex -4.88546 -3.62189 6
    endloop
  endfacet
  facet normal 0 0 1
    outer loop
      vertex -6.37262 -3.81768 6
      vertex -4.88546 -3.62189 6
      vertex -4.9 -3.4 6
    endloop
  endfacet
  facet normal -0 0 1
    outer loop
      vertex -6.15641 -2.17541 6
      vertex -4.77059 -2.74944 6
      vertex -5.97128 -1.8 6
    endloop
  endfacet
  facet normal 0 0 1
    outer loop
      vertex -4.23489 -4.7487 6
      vertex -5.14804 -5.93873 6
      vertex -4.8 -6.17128 6
    endloop
  endfacet
  facet normal 0 0 1
    outer loop
      vertex -4.77059 -2.74944 6
      vertex -6.15641 -2.17541 6
      vertex -4.84207 -2.96001 6
    endloop
  endfacet
  facet normal 0 0 1
    outer loop
      vertex -4.40208 -4.60208 6
      vertex -5.46274 -5.66274 6
      vertex -5.14804 -5.93873 6
    endloop
  endfacet
  facet normal -0 0 1
    outer loop
      vertex -6.29096 -2.57178 6
      vertex -4.84207 -2.96001 6
      vertex -6.15641 -2.17541 6
    endloop
  endfacet
  facet normal 0 0 1
    outer loop
      vertex -4.5487 -4.43489 6
      vertex -5.73873 -5.34804 6
      vertex -5.46274 -5.66274 6
    endloop
  endfacet
  facet normal 0 0 1
    outer loop
      vertex -4.84207 -2.96001 6
      vertex -6.29096 -2.57178 6
      vertex -4.88546 -3.17811 6
    endloop
  endfacet
  facet normal 0 0 1
    outer loop
      vertex -4.67224 -4.25 6
      vertex -5.97128 -5 6
      vertex -5.73873 -5.34804 6
    endloop
  endfacet
  facet normal -0 0 1
    outer loop
      vertex -6.37262 -2.98232 6
      vertex -4.88546 -3.17811 6
      vertex -6.29096 -2.57178 6
    endloop
  endfacet
  facet normal 0 0 1
    outer loop
      vertex -4.77059 -4.05056 6
      vertex -6.15641 -4.62459 6
      vertex -5.97128 -5 6
    endloop
  endfacet
  facet normal 0 0 1
    outer loop
      vertex -4.88546 -3.17811 6
      vertex -6.37262 -2.98232 6
      vertex -4.9 -3.4 6
    endloop
  endfacet
  facet normal 0 0 1
    outer loop
      vertex -4.84207 -3.83999 6
      vertex -6.29096 -4.22822 6
      vertex -6.15641 -4.62459 6
    endloop
  endfacet
  facet normal 0 0 1
    outer loop
      vertex -6.4 -3.4 6
      vertex -4.9 -3.4 6
      vertex -6.37262 -2.98232 6
    endloop
  endfacet
  facet normal 0 0 1
    outer loop
      vertex -4.88546 -3.62189 6
      vertex -6.37262 -3.81768 6
      vertex -6.29096 -4.22822 6
    endloop
  endfacet
  facet normal 0 0 1
    outer loop
      vertex -4.9 -3.4 6
      vertex -6.4 -3.4 6
      vertex -6.37262 -3.81768 6
    endloop
  endfacet
  facet normal -0.831473 0.555565 0
    outer loop
      vertex -5.97128 -1.8 2
      vertex -5.73873 -1.45196 6
      vertex -5.73873 -1.45196 2
    endloop
  endfacet
  facet normal -0.831473 0.555565 0
    outer loop
      vertex -5.73873 -1.45196 6
      vertex -5.97128 -1.8 2
      vertex -5.97128 -1.8 6
    endloop
  endfacet
  facet normal -0.195089 0.980786 0
    outer loop
      vertex -3.61768 -0.227376 2
      vertex -4.02822 -0.309037 6
      vertex -3.61768 -0.227376 6
    endloop
  endfacet
  facet normal -0.195089 0.980786 0
    outer loop
      vertex -4.02822 -0.309037 6
      vertex -3.61768 -0.227376 2
      vertex -4.02822 -0.309037 2
    endloop
  endfacet
  facet normal -0.321436 0.946931 0
    outer loop
      vertex -4.02822 -0.309037 2
      vertex -4.42459 -0.443585 6
      vertex -4.02822 -0.309037 6
    endloop
  endfacet
  facet normal -0.321436 0.946931 0
    outer loop
      vertex -4.42459 -0.443585 6
      vertex -4.02822 -0.309037 2
      vertex -4.42459 -0.443585 2
    endloop
  endfacet
  facet normal 0.997859 0.0654031 0
    outer loop
      vertex 0 -3.4 6
      vertex -0.0273762 -2.98232 2
      vertex -0.0273762 -2.98232 6
    endloop
  endfacet
  facet normal 0.997859 0.0654031 0
    outer loop
      vertex -0.0273762 -2.98232 2
      vertex 0 -3.4 6
      vertex 0 -3.4 2
    endloop
  endfacet
  facet normal 0.997859 -0.0654031 0
    outer loop
      vertex -0.0273762 -3.81768 6
      vertex 0 -3.4 2
      vertex 0 -3.4 6
    endloop
  endfacet
  facet normal 0.997859 -0.0654031 0
    outer loop
      vertex 0 -3.4 2
      vertex -0.0273762 -3.81768 6
      vertex -0.0273762 -3.81768 2
    endloop
  endfacet
  facet normal -0.997858 -0.0654122 0
    outer loop
      vertex -6.37262 -3.81768 2
      vertex -6.4 -3.4 6
      vertex -6.4 -3.4 2
    endloop
  endfacet
  facet normal -0.997858 -0.0654122 0
    outer loop
      vertex -6.4 -3.4 6
      vertex -6.37262 -3.81768 2
      vertex -6.37262 -3.81768 6
    endloop
  endfacet
  facet normal -0.831473 -0.555565 0
    outer loop
      vertex -5.73873 -5.34804 2
      vertex -5.97128 -5 6
      vertex -5.97128 -5 2
    endloop
  endfacet
  facet normal -0.831473 -0.555565 0
    outer loop
      vertex -5.97128 -5 6
      vertex -5.73873 -5.34804 2
      vertex -5.73873 -5.34804 6
    endloop
  endfacet
  facet normal -0.980786 -0.195087 0
    outer loop
      vertex -6.29096 -4.22822 2
      vertex -6.37262 -3.81768 6
      vertex -6.37262 -3.81768 2
    endloop
  endfacet
  facet normal -0.980786 -0.195087 0
    outer loop
      vertex -6.37262 -3.81768 6
      vertex -6.29096 -4.22822 2
      vertex -6.29096 -4.22822 6
    endloop
  endfacet
  facet normal -0.896874 -0.442285 0
    outer loop
      vertex -5.97128 -5 2
      vertex -6.15641 -4.62459 6
      vertex -6.15641 -4.62459 2
    endloop
  endfacet
  facet normal -0.896874 -0.442285 0
    outer loop
      vertex -6.15641 -4.62459 6
      vertex -5.97128 -5 2
      vertex -5.97128 -5 6
    endloop
  endfacet
  facet normal 0.195087 -0.980786 0
    outer loop
      vertex -2.78232 -6.57262 2
      vertex -2.37178 -6.49096 6
      vertex -2.78232 -6.57262 6
    endloop
  endfacet
  facet normal 0.195087 -0.980786 0
    outer loop
      vertex -2.37178 -6.49096 6
      vertex -2.78232 -6.57262 2
      vertex -2.37178 -6.49096 2
    endloop
  endfacet
  facet normal 0.896871 0.442293 0
    outer loop
      vertex -0.243585 -2.17541 6
      vertex -0.428719 -1.8 2
      vertex -0.428719 -1.8 6
    endloop
  endfacet
  facet normal 0.896871 0.442293 0
    outer loop
      vertex -0.428719 -1.8 2
      vertex -0.243585 -2.17541 6
      vertex -0.243585 -2.17541 2
    endloop
  endfacet
  facet normal 0.94693 0.321438 0
    outer loop
      vertex -0.109036 -2.57178 6
      vertex -0.243585 -2.17541 2
      vertex -0.243585 -2.17541 6
    endloop
  endfacet
  facet normal 0.94693 0.321438 0
    outer loop
      vertex -0.243585 -2.17541 2
      vertex -0.109036 -2.57178 6
      vertex -0.109036 -2.57178 2
    endloop
  endfacet
  facet normal 0.980786 0.195086 0
    outer loop
      vertex -0.0273762 -2.98232 6
      vertex -0.109036 -2.57178 2
      vertex -0.109036 -2.57178 6
    endloop
  endfacet
  facet normal 0.980786 0.195086 0
    outer loop
      vertex -0.109036 -2.57178 2
      vertex -0.0273762 -2.98232 6
      vertex -0.0273762 -2.98232 2
    endloop
  endfacet
  facet normal 0.0654027 0.997859 -0
    outer loop
      vertex -2.78232 -0.227376 2
      vertex -3.2 -0.2 6
      vertex -2.78232 -0.227376 6
    endloop
  endfacet
  facet normal 0.0654027 0.997859 0
    outer loop
      vertex -3.2 -0.2 6
      vertex -2.78232 -0.227376 2
      vertex -3.2 -0.2 2
    endloop
  endfacet
  facet normal 0.442291 0.896872 -0
    outer loop
      vertex -1.6 -0.628718 2
      vertex -1.97541 -0.443585 6
      vertex -1.6 -0.628718 6
    endloop
  endfacet
  facet normal 0.442291 0.896872 0
    outer loop
      vertex -1.97541 -0.443585 6
      vertex -1.6 -0.628718 2
      vertex -1.97541 -0.443585 2
    endloop
  endfacet
  facet normal -0.94693 0.321441 0
    outer loop
      vertex -6.29096 -2.57178 2
      vertex -6.15641 -2.17541 6
      vertex -6.15641 -2.17541 2
    endloop
  endfacet
  facet normal -0.94693 0.321441 0
    outer loop
      vertex -6.15641 -2.17541 6
      vertex -6.29096 -2.57178 2
      vertex -6.29096 -2.57178 6
    endloop
  endfacet
  facet normal 0.555565 -0.831473 0
    outer loop
      vertex -1.6 -6.17128 2
      vertex -1.25196 -5.93873 6
      vertex -1.6 -6.17128 6
    endloop
  endfacet
  facet normal 0.555565 -0.831473 0
    outer loop
      vertex -1.25196 -5.93873 6
      vertex -1.6 -6.17128 2
      vertex -1.25196 -5.93873 2
    endloop
  endfacet
  facet normal 0.751834 -0.659352 0
    outer loop
      vertex -0.937258 -5.66274 6
      vertex -0.661269 -5.34804 2
      vertex -0.661269 -5.34804 6
    endloop
  endfacet
  facet normal 0.751834 -0.659352 0
    outer loop
      vertex -0.661269 -5.34804 2
      vertex -0.937258 -5.66274 6
      vertex -0.937258 -5.66274 2
    endloop
  endfacet
  facet normal 0.831473 -0.555565 0
    outer loop
      vertex -0.661269 -5.34804 6
      vertex -0.428719 -5 2
      vertex -0.428719 -5 6
    endloop
  endfacet
  facet normal 0.831473 -0.555565 0
    outer loop
      vertex -0.428719 -5 2
      vertex -0.661269 -5.34804 6
      vertex -0.661269 -5.34804 2
    endloop
  endfacet
  facet normal 0.896871 -0.442293 0
    outer loop
      vertex -0.428719 -5 6
      vertex -0.243585 -4.62459 2
      vertex -0.243585 -4.62459 6
    endloop
  endfacet
  facet normal 0.896871 -0.442293 0
    outer loop
      vertex -0.243585 -4.62459 2
      vertex -0.428719 -5 6
      vertex -0.428719 -5 2
    endloop
  endfacet
  facet normal -0.94693 -0.321441 0
    outer loop
      vertex -6.15641 -4.62459 2
      vertex -6.29096 -4.22822 6
      vertex -6.29096 -4.22822 2
    endloop
  endfacet
  facet normal -0.94693 -0.321441 0
    outer loop
      vertex -6.29096 -4.22822 6
      vertex -6.15641 -4.62459 2
      vertex -6.15641 -4.62459 6
    endloop
  endfacet
  facet normal 0.659351 -0.751835 0
    outer loop
      vertex -1.25196 -5.93873 2
      vertex -0.937258 -5.66274 6
      vertex -1.25196 -5.93873 6
    endloop
  endfacet
  facet normal 0.659351 -0.751835 0
    outer loop
      vertex -0.937258 -5.66274 6
      vertex -1.25196 -5.93873 2
      vertex -0.937258 -5.66274 2
    endloop
  endfacet
  facet normal 0.94693 -0.321438 0
    outer loop
      vertex -0.243585 -4.62459 6
      vertex -0.109036 -4.22822 2
      vertex -0.109036 -4.22822 6
    endloop
  endfacet
  facet normal 0.94693 -0.321438 0
    outer loop
      vertex -0.109036 -4.22822 2
      vertex -0.243585 -4.62459 6
      vertex -0.243585 -4.62459 2
    endloop
  endfacet
  facet normal -0.442285 -0.896874 0
    outer loop
      vertex -4.8 -6.17128 2
      vertex -4.42459 -6.35641 6
      vertex -4.8 -6.17128 6
    endloop
  endfacet
  facet normal -0.442285 -0.896874 -0
    outer loop
      vertex -4.42459 -6.35641 6
      vertex -4.8 -6.17128 2
      vertex -4.42459 -6.35641 2
    endloop
  endfacet
  facet normal -0.321441 -0.94693 0
    outer loop
      vertex -4.42459 -6.35641 2
      vertex -4.02822 -6.49096 6
      vertex -4.42459 -6.35641 6
    endloop
  endfacet
  facet normal -0.321441 -0.94693 -0
    outer loop
      vertex -4.02822 -6.49096 6
      vertex -4.42459 -6.35641 2
      vertex -4.02822 -6.49096 2
    endloop
  endfacet
  facet normal -0.659353 -0.751833 0
    outer loop
      vertex -5.46274 -5.66274 2
      vertex -5.14804 -5.93873 6
      vertex -5.46274 -5.66274 6
    endloop
  endfacet
  facet normal -0.659353 -0.751833 -0
    outer loop
      vertex -5.14804 -5.93873 6
      vertex -5.46274 -5.66274 2
      vertex -5.14804 -5.93873 2
    endloop
  endfacet
  facet normal 0.0654122 -0.997858 0
    outer loop
      vertex -3.2 -6.6 2
      vertex -2.78232 -6.57262 6
      vertex -3.2 -6.6 6
    endloop
  endfacet
  facet normal 0.0654122 -0.997858 0
    outer loop
      vertex -2.78232 -6.57262 6
      vertex -3.2 -6.6 2
      vertex -2.78232 -6.57262 2
    endloop
  endfacet
  facet normal -0.751833 -0.659353 0
    outer loop
      vertex -5.46274 -5.66274 2
      vertex -5.73873 -5.34804 6
      vertex -5.73873 -5.34804 2
    endloop
  endfacet
  facet normal -0.751833 -0.659353 0
    outer loop
      vertex -5.73873 -5.34804 6
      vertex -5.46274 -5.66274 2
      vertex -5.46274 -5.66274 6
    endloop
  endfacet
  facet normal -0.555565 -0.831473 0
    outer loop
      vertex -5.14804 -5.93873 2
      vertex -4.8 -6.17128 6
      vertex -5.14804 -5.93873 6
    endloop
  endfacet
  facet normal -0.555565 -0.831473 -0
    outer loop
      vertex -4.8 -6.17128 6
      vertex -5.14804 -5.93873 2
      vertex -4.8 -6.17128 2
    endloop
  endfacet
  facet normal -0.0654122 -0.997858 0
    outer loop
      vertex -3.61768 -6.57262 2
      vertex -3.2 -6.6 6
      vertex -3.61768 -6.57262 6
    endloop
  endfacet
  facet normal -0.0654122 -0.997858 -0
    outer loop
      vertex -3.2 -6.6 6
      vertex -3.61768 -6.57262 2
      vertex -3.2 -6.6 2
    endloop
  endfacet
  facet normal 0.555648 0.831418 -0
    outer loop
      vertex -1.25196 37.7387 2
      vertex -1.6 37.9713 6
      vertex -1.25196 37.7387 6
    endloop
  endfacet
  facet normal 0.555648 0.831418 0
    outer loop
      vertex -1.6 37.9713 6
      vertex -1.25196 37.7387 2
      vertex -1.6 37.9713 2
    endloop
  endfacet
  facet normal -0.980782 0.195105 0
    outer loop
      vertex -6.37262 35.6177 2
      vertex -6.29096 36.0282 6
      vertex -6.29096 36.0282 2
    endloop
  endfacet
  facet normal -0.980782 0.195105 0
    outer loop
      vertex -6.29096 36.0282 6
      vertex -6.37262 35.6177 2
      vertex -6.37262 35.6177 6
    endloop
  endfacet
  facet normal 0.980782 -0.195105 0
    outer loop
      vertex -0.109036 34.3718 6
      vertex -0.0273762 34.7823 2
      vertex -0.0273762 34.7823 6
    endloop
  endfacet
  facet normal 0.980782 -0.195105 0
    outer loop
      vertex -0.0273762 34.7823 2
      vertex -0.109036 34.3718 6
      vertex -0.109036 34.3718 2
    endloop
  endfacet
  facet normal -0.194949 -0.980813 0
    outer loop
      vertex -4.02822 32.109 2
      vertex -3.61768 32.0274 6
      vertex -4.02822 32.109 6
    endloop
  endfacet
  facet normal -0.194949 -0.980813 -0
    outer loop
      vertex -3.61768 32.0274 6
      vertex -4.02822 32.109 2
      vertex -3.61768 32.0274 2
    endloop
  endfacet
  facet normal -0.442228 0.896903 0
    outer loop
      vertex -4.42459 38.1564 2
      vertex -4.8 37.9713 6
      vertex -4.42459 38.1564 6
    endloop
  endfacet
  facet normal -0.442228 0.896903 0
    outer loop
      vertex -4.8 37.9713 6
      vertex -4.42459 38.1564 2
      vertex -4.8 37.9713 2
    endloop
  endfacet
  facet normal -0.946937 0.321419 0
    outer loop
      vertex -6.29096 36.0282 2
      vertex -6.15641 36.4246 6
      vertex -6.15641 36.4246 2
    endloop
  endfacet
  facet normal -0.946937 0.321419 0
    outer loop
      vertex -6.15641 36.4246 6
      vertex -6.29096 36.0282 2
      vertex -6.29096 36.0282 6
    endloop
  endfacet
  facet normal -0.831443 -0.55561 0
    outer loop
      vertex -5.73873 33.252 2
      vertex -5.97128 33.6 6
      vertex -5.97128 33.6 2
    endloop
  endfacet
  facet normal -0.831443 -0.55561 0
    outer loop
      vertex -5.97128 33.6 6
      vertex -5.73873 33.252 2
      vertex -5.73873 33.252 6
    endloop
  endfacet
  facet normal 0.946938 0.321417 0
    outer loop
      vertex -0.109036 36.0282 6
      vertex -0.243585 36.4246 2
      vertex -0.243585 36.4246 6
    endloop
  endfacet
  facet normal 0.946938 0.321417 0
    outer loop
      vertex -0.243585 36.4246 2
      vertex -0.109036 36.0282 6
      vertex -0.109036 36.0282 2
    endloop
  endfacet
  facet normal 0.896866 0.442303 0
    outer loop
      vertex -0.243585 36.4246 6
      vertex -0.428719 36.8 2
      vertex -0.428719 36.8 6
    endloop
  endfacet
  facet normal 0.896866 0.442303 0
    outer loop
      vertex -0.428719 36.8 2
      vertex -0.243585 36.4246 6
      vertex -0.243585 36.4246 2
    endloop
  endfacet
  facet normal 0.831443 0.55561 0
    outer loop
      vertex -0.428719 36.8 6
      vertex -0.661269 37.148 2
      vertex -0.661269 37.148 6
    endloop
  endfacet
  facet normal 0.831443 0.55561 0
    outer loop
      vertex -0.661269 37.148 2
      vertex -0.428719 36.8 6
      vertex -0.428719 36.8 2
    endloop
  endfacet
  facet normal 0.751834 0.659352 0
    outer loop
      vertex -0.661269 37.148 6
      vertex -0.937258 37.4627 2
      vertex -0.937258 37.4627 6
    endloop
  endfacet
  facet normal 0.751834 0.659352 0
    outer loop
      vertex -0.937258 37.4627 2
      vertex -0.661269 37.148 6
      vertex -0.661269 37.148 2
    endloop
  endfacet
  facet normal 0.442228 0.896903 -0
    outer loop
      vertex -1.6 37.9713 2
      vertex -1.97541 38.1564 6
      vertex -1.6 37.9713 6
    endloop
  endfacet
  facet normal 0.442228 0.896903 0
    outer loop
      vertex -1.97541 38.1564 6
      vertex -1.6 37.9713 2
      vertex -1.97541 38.1564 2
    endloop
  endfacet
  facet normal 0.194949 0.980813 -0
    outer loop
      vertex -2.37178 38.291 2
      vertex -2.78232 38.3726 6
      vertex -2.37178 38.291 6
    endloop
  endfacet
  facet normal 0.194949 0.980813 0
    outer loop
      vertex -2.78232 38.3726 6
      vertex -2.37178 38.291 2
      vertex -2.78232 38.3726 2
    endloop
  endfacet
  facet normal -0.997859 -0.0654091 0
    outer loop
      vertex -6.37262 34.7823 2
      vertex -6.4 35.2 6
      vertex -6.4 35.2 2
    endloop
  endfacet
  facet normal -0.997859 -0.0654091 0
    outer loop
      vertex -6.4 35.2 6
      vertex -6.37262 34.7823 2
      vertex -6.37262 34.7823 6
    endloop
  endfacet
  facet normal -0.831443 0.55561 0
    outer loop
      vertex -5.97128 36.8 2
      vertex -5.73873 37.148 6
      vertex -5.73873 37.148 2
    endloop
  endfacet
  facet normal -0.831443 0.55561 0
    outer loop
      vertex -5.73873 37.148 6
      vertex -5.97128 36.8 2
      vertex -5.97128 36.8 6
    endloop
  endfacet
  facet normal -0.555648 0.831418 0
    outer loop
      vertex -4.8 37.9713 2
      vertex -5.14804 37.7387 6
      vertex -4.8 37.9713 6
    endloop
  endfacet
  facet normal -0.555648 0.831418 0
    outer loop
      vertex -5.14804 37.7387 6
      vertex -4.8 37.9713 2
      vertex -5.14804 37.7387 2
    endloop
  endfacet
  facet normal -0.659367 0.751821 0
    outer loop
      vertex -5.14804 37.7387 2
      vertex -5.46274 37.4627 6
      vertex -5.14804 37.7387 6
    endloop
  endfacet
  facet normal -0.659367 0.751821 0
    outer loop
      vertex -5.46274 37.4627 6
      vertex -5.14804 37.7387 2
      vertex -5.46274 37.4627 2
    endloop
  endfacet
  facet normal 0.997859 -0.0654 0
    outer loop
      vertex -0.0273762 34.7823 6
      vertex 0 35.2 2
      vertex 0 35.2 6
    endloop
  endfacet
  facet normal 0.997859 -0.0654 0
    outer loop
      vertex 0 35.2 2
      vertex -0.0273762 34.7823 6
      vertex -0.0273762 34.7823 2
    endloop
  endfacet
  facet normal 0.442228 -0.896903 0
    outer loop
      vertex -1.97541 32.2436 2
      vertex -1.6 32.4287 6
      vertex -1.97541 32.2436 6
    endloop
  endfacet
  facet normal 0.442228 -0.896903 0
    outer loop
      vertex -1.6 32.4287 6
      vertex -1.97541 32.2436 2
      vertex -1.6 32.4287 2
    endloop
  endfacet
  facet normal 0.831443 -0.55561 0
    outer loop
      vertex -0.661269 33.252 6
      vertex -0.428719 33.6 2
      vertex -0.428719 33.6 6
    endloop
  endfacet
  facet normal 0.831443 -0.55561 0
    outer loop
      vertex -0.428719 33.6 2
      vertex -0.661269 33.252 6
      vertex -0.661269 33.252 2
    endloop
  endfacet
  facet normal -0.442228 -0.896903 0
    outer loop
      vertex -4.8 32.4287 2
      vertex -4.42459 32.2436 6
      vertex -4.8 32.4287 6
    endloop
  endfacet
  facet normal -0.442228 -0.896903 -0
    outer loop
      vertex -4.42459 32.2436 6
      vertex -4.8 32.4287 2
      vertex -4.42459 32.2436 2
    endloop
  endfacet
  facet normal -0.321548 -0.946893 0
    outer loop
      vertex -4.42459 32.2436 2
      vertex -4.02822 32.109 6
      vertex -4.42459 32.2436 6
    endloop
  endfacet
  facet normal -0.321548 -0.946893 -0
    outer loop
      vertex -4.02822 32.109 6
      vertex -4.42459 32.2436 2
      vertex -4.02822 32.109 2
    endloop
  endfacet
  facet normal -0.946937 -0.321419 0
    outer loop
      vertex -6.15641 33.9754 2
      vertex -6.29096 34.3718 6
      vertex -6.29096 34.3718 2
    endloop
  endfacet
  facet normal -0.946937 -0.321419 0
    outer loop
      vertex -6.29096 34.3718 6
      vertex -6.15641 33.9754 2
      vertex -6.15641 33.9754 6
    endloop
  endfacet
  facet normal 0.659364 0.751824 -0
    outer loop
      vertex -0.937258 37.4627 2
      vertex -1.25196 37.7387 6
      vertex -0.937258 37.4627 6
    endloop
  endfacet
  facet normal 0.659364 0.751824 0
    outer loop
      vertex -1.25196 37.7387 6
      vertex -0.937258 37.4627 2
      vertex -1.25196 37.7387 2
    endloop
  endfacet
  facet normal -0.0654598 0.997855 0
    outer loop
      vertex -3.2 38.4 2
      vertex -3.61768 38.3726 6
      vertex -3.2 38.4 6
    endloop
  endfacet
  facet normal -0.0654598 0.997855 0
    outer loop
      vertex -3.61768 38.3726 6
      vertex -3.2 38.4 2
      vertex -3.61768 38.3726 2
    endloop
  endfacet
  facet normal 0.321548 0.946893 -0
    outer loop
      vertex -1.97541 38.1564 2
      vertex -2.37178 38.291 6
      vertex -1.97541 38.1564 6
    endloop
  endfacet
  facet normal 0.321548 0.946893 0
    outer loop
      vertex -2.37178 38.291 6
      vertex -1.97541 38.1564 2
      vertex -2.37178 38.291 2
    endloop
  endfacet
  facet normal 0.0654598 0.997855 -0
    outer loop
      vertex -2.78232 38.3726 2
      vertex -3.2 38.4 6
      vertex -2.78232 38.3726 6
    endloop
  endfacet
  facet normal 0.0654598 0.997855 0
    outer loop
      vertex -3.2 38.4 6
      vertex -2.78232 38.3726 2
      vertex -3.2 38.4 2
    endloop
  endfacet
  facet normal -0.194949 0.980813 0
    outer loop
      vertex -3.61768 38.3726 2
      vertex -4.02822 38.291 6
      vertex -3.61768 38.3726 6
    endloop
  endfacet
  facet normal -0.194949 0.980813 0
    outer loop
      vertex -4.02822 38.291 6
      vertex -3.61768 38.3726 2
      vertex -4.02822 38.291 2
    endloop
  endfacet
  facet normal -0.321548 0.946893 0
    outer loop
      vertex -4.02822 38.291 2
      vertex -4.42459 38.1564 6
      vertex -4.02822 38.291 6
    endloop
  endfacet
  facet normal -0.321548 0.946893 0
    outer loop
      vertex -4.42459 38.1564 6
      vertex -4.02822 38.291 2
      vertex -4.42459 38.1564 2
    endloop
  endfacet
  facet normal -0.751833 0.659353 0
    outer loop
      vertex -5.73873 37.148 2
      vertex -5.46274 37.4627 6
      vertex -5.46274 37.4627 2
    endloop
  endfacet
  facet normal -0.751833 0.659353 0
    outer loop
      vertex -5.46274 37.4627 6
      vertex -5.73873 37.148 2
      vertex -5.73873 37.148 6
    endloop
  endfacet
  facet normal 0.997859 0.0654 0
    outer loop
      vertex 0 35.2 6
      vertex -0.0273762 35.6177 2
      vertex -0.0273762 35.6177 6
    endloop
  endfacet
  facet normal 0.997859 0.0654 0
    outer loop
      vertex -0.0273762 35.6177 2
      vertex 0 35.2 6
      vertex 0 35.2 2
    endloop
  endfacet
  facet normal 0.194949 -0.980813 0
    outer loop
      vertex -2.78232 32.0274 2
      vertex -2.37178 32.109 6
      vertex -2.78232 32.0274 6
    endloop
  endfacet
  facet normal 0.194949 -0.980813 0
    outer loop
      vertex -2.37178 32.109 6
      vertex -2.78232 32.0274 2
      vertex -2.37178 32.109 2
    endloop
  endfacet
  facet normal 0.321548 -0.946893 0
    outer loop
      vertex -2.37178 32.109 2
      vertex -1.97541 32.2436 6
      vertex -2.37178 32.109 6
    endloop
  endfacet
  facet normal 0.321548 -0.946893 0
    outer loop
      vertex -1.97541 32.2436 6
      vertex -2.37178 32.109 2
      vertex -1.97541 32.2436 2
    endloop
  endfacet
  facet normal 0.555648 -0.831418 0
    outer loop
      vertex -1.6 32.4287 2
      vertex -1.25196 32.6613 6
      vertex -1.6 32.4287 6
    endloop
  endfacet
  facet normal 0.555648 -0.831418 0
    outer loop
      vertex -1.25196 32.6613 6
      vertex -1.6 32.4287 2
      vertex -1.25196 32.6613 2
    endloop
  endfacet
  facet normal 0.751834 -0.659352 0
    outer loop
      vertex -0.937258 32.9373 6
      vertex -0.661269 33.252 2
      vertex -0.661269 33.252 6
    endloop
  endfacet
  facet normal 0.751834 -0.659352 0
    outer loop
      vertex -0.661269 33.252 2
      vertex -0.937258 32.9373 6
      vertex -0.937258 32.9373 2
    endloop
  endfacet
  facet normal 0.659364 -0.751824 0
    outer loop
      vertex -1.25196 32.6613 2
      vertex -0.937258 32.9373 6
      vertex -1.25196 32.6613 6
    endloop
  endfacet
  facet normal 0.659364 -0.751824 0
    outer loop
      vertex -0.937258 32.9373 6
      vertex -1.25196 32.6613 2
      vertex -0.937258 32.9373 2
    endloop
  endfacet
  facet normal 0.946938 -0.321417 0
    outer loop
      vertex -0.243585 33.9754 6
      vertex -0.109036 34.3718 2
      vertex -0.109036 34.3718 6
    endloop
  endfacet
  facet normal 0.946938 -0.321417 0
    outer loop
      vertex -0.109036 34.3718 2
      vertex -0.243585 33.9754 6
      vertex -0.243585 33.9754 2
    endloop
  endfacet
  facet normal 0.896866 -0.442303 0
    outer loop
      vertex -0.428719 33.6 6
      vertex -0.243585 33.9754 2
      vertex -0.243585 33.9754 6
    endloop
  endfacet
  facet normal 0.896866 -0.442303 0
    outer loop
      vertex -0.243585 33.9754 2
      vertex -0.428719 33.6 6
      vertex -0.428719 33.6 2
    endloop
  endfacet
  facet normal -0.0654598 -0.997855 0
    outer loop
      vertex -3.61768 32.0274 2
      vertex -3.2 32 6
      vertex -3.61768 32.0274 6
    endloop
  endfacet
  facet normal -0.0654598 -0.997855 -0
    outer loop
      vertex -3.2 32 6
      vertex -3.61768 32.0274 2
      vertex -3.2 32 2
    endloop
  endfacet
  facet normal 0.0654598 -0.997855 0
    outer loop
      vertex -3.2 32 2
      vertex -2.78232 32.0274 6
      vertex -3.2 32 6
    endloop
  endfacet
  facet normal 0.0654598 -0.997855 0
    outer loop
      vertex -2.78232 32.0274 6
      vertex -3.2 32 2
      vertex -2.78232 32.0274 2
    endloop
  endfacet
  facet normal -0.555648 -0.831418 0
    outer loop
      vertex -5.14804 32.6613 2
      vertex -4.8 32.4287 6
      vertex -5.14804 32.6613 6
    endloop
  endfacet
  facet normal -0.555648 -0.831418 -0
    outer loop
      vertex -4.8 32.4287 6
      vertex -5.14804 32.6613 2
      vertex -4.8 32.4287 2
    endloop
  endfacet
  facet normal -0.89687 -0.442295 0
    outer loop
      vertex -5.97128 33.6 2
      vertex -6.15641 33.9754 6
      vertex -6.15641 33.9754 2
    endloop
  endfacet
  facet normal -0.89687 -0.442295 0
    outer loop
      vertex -6.15641 33.9754 6
      vertex -5.97128 33.6 2
      vertex -5.97128 33.6 6
    endloop
  endfacet
  facet normal -0.980782 -0.195105 0
    outer loop
      vertex -6.29096 34.3718 2
      vertex -6.37262 34.7823 6
      vertex -6.37262 34.7823 2
    endloop
  endfacet
  facet normal -0.980782 -0.195105 0
    outer loop
      vertex -6.37262 34.7823 6
      vertex -6.29096 34.3718 2
      vertex -6.29096 34.3718 6
    endloop
  endfacet
  facet normal -0.751833 -0.659353 0
    outer loop
      vertex -5.46274 32.9373 2
      vertex -5.73873 33.252 6
      vertex -5.73873 33.252 2
    endloop
  endfacet
  facet normal -0.751833 -0.659353 0
    outer loop
      vertex -5.73873 33.252 6
      vertex -5.46274 32.9373 2
      vertex -5.46274 32.9373 6
    endloop
  endfacet
  facet normal -0.659367 -0.751821 0
    outer loop
      vertex -5.46274 32.9373 2
      vertex -5.14804 32.6613 6
      vertex -5.46274 32.9373 6
    endloop
  endfacet
  facet normal -0.659367 -0.751821 -0
    outer loop
      vertex -5.14804 32.6613 6
      vertex -5.46274 32.9373 2
      vertex -5.14804 32.6613 2
    endloop
  endfacet
  facet normal 0.980782 0.195105 0
    outer loop
      vertex -0.0273762 35.6177 6
      vertex -0.109036 36.0282 2
      vertex -0.109036 36.0282 6
    endloop
  endfacet
  facet normal 0.980782 0.195105 0
    outer loop
      vertex -0.109036 36.0282 2
      vertex -0.0273762 35.6177 6
      vertex -0.0273762 35.6177 2
    endloop
  endfacet
  facet normal 0 0 1
    outer loop
      vertex -1.5 35.2 6
      vertex 0 35.2 6
      vertex -0.0273762 35.6177 6
    endloop
  endfacet
  facet normal 0 0 1
    outer loop
      vertex -1.51454 35.4219 6
      vertex -0.0273762 35.6177 6
      vertex -0.109036 36.0282 6
    endloop
  endfacet
  facet normal 0 0 1
    outer loop
      vertex 0 35.2 6
      vertex -1.5 35.2 6
      vertex -0.0273762 34.7823 6
    endloop
  endfacet
  facet normal 0 0 1
    outer loop
      vertex -1.55793 35.64 6
      vertex -0.109036 36.0282 6
      vertex -0.243585 36.4246 6
    endloop
  endfacet
  facet normal -0 0 1
    outer loop
      vertex -1.51454 34.9781 6
      vertex -0.0273762 34.7823 6
      vertex -1.5 35.2 6
    endloop
  endfacet
  facet normal 0 0 1
    outer loop
      vertex -1.6294 35.8506 6
      vertex -0.243585 36.4246 6
      vertex -0.428719 36.8 6
    endloop
  endfacet
  facet normal 0 0 1
    outer loop
      vertex -0.0273762 34.7823 6
      vertex -1.51454 34.9781 6
      vertex -0.109036 34.3718 6
    endloop
  endfacet
  facet normal 0 0 1
    outer loop
      vertex -1.72776 36.05 6
      vertex -0.428719 36.8 6
      vertex -0.661269 37.148 6
    endloop
  endfacet
  facet normal -0 0 1
    outer loop
      vertex -1.55793 34.76 6
      vertex -0.109036 34.3718 6
      vertex -1.51454 34.9781 6
    endloop
  endfacet
  facet normal 0 0 1
    outer loop
      vertex -1.8513 36.2349 6
      vertex -0.661269 37.148 6
      vertex -0.937258 37.4627 6
    endloop
  endfacet
  facet normal 0 0 1
    outer loop
      vertex -0.109036 34.3718 6
      vertex -1.55793 34.76 6
      vertex -0.243585 33.9754 6
    endloop
  endfacet
  facet normal 0 0 1
    outer loop
      vertex -1.99792 36.4021 6
      vertex -0.937258 37.4627 6
      vertex -1.25196 37.7387 6
    endloop
  endfacet
  facet normal -0 0 1
    outer loop
      vertex -1.6294 34.5494 6
      vertex -0.243585 33.9754 6
      vertex -1.55793 34.76 6
    endloop
  endfacet
  facet normal 0 0 1
    outer loop
      vertex -0.243585 33.9754 6
      vertex -1.6294 34.5494 6
      vertex -0.428719 33.6 6
    endloop
  endfacet
  facet normal 0 0 1
    outer loop
      vertex -0.0273762 35.6177 6
      vertex -1.51454 35.4219 6
      vertex -1.5 35.2 6
    endloop
  endfacet
  facet normal 0 0 1
    outer loop
      vertex -0.109036 36.0282 6
      vertex -1.55793 35.64 6
      vertex -1.51454 35.4219 6
    endloop
  endfacet
  facet normal 0 0 1
    outer loop
      vertex -2.1651 36.5487 6
      vertex -1.25196 37.7387 6
      vertex -1.6 37.9713 6
    endloop
  endfacet
  facet normal 0 0 1
    outer loop
      vertex -0.243585 36.4246 6
      vertex -1.6294 35.8506 6
      vertex -1.55793 35.64 6
    endloop
  endfacet
  facet normal 0 0 1
    outer loop
      vertex -0.428719 36.8 6
      vertex -1.72776 36.05 6
      vertex -1.6294 35.8506 6
    endloop
  endfacet
  facet normal 0 0 1
    outer loop
      vertex -0.661269 37.148 6
      vertex -1.8513 36.2349 6
      vertex -1.72776 36.05 6
    endloop
  endfacet
  facet normal 0 0 1
    outer loop
      vertex -2.35 36.6722 6
      vertex -1.6 37.9713 6
      vertex -1.97541 38.1564 6
    endloop
  endfacet
  facet normal 0 0 1
    outer loop
      vertex -0.937258 37.4627 6
      vertex -1.99792 36.4021 6
      vertex -1.8513 36.2349 6
    endloop
  endfacet
  facet normal 0 0 1
    outer loop
      vertex -1.25196 37.7387 6
      vertex -2.1651 36.5487 6
      vertex -1.99792 36.4021 6
    endloop
  endfacet
  facet normal 0 0 1
    outer loop
      vertex -1.6 37.9713 6
      vertex -2.35 36.6722 6
      vertex -2.1651 36.5487 6
    endloop
  endfacet
  facet normal 0 0 1
    outer loop
      vertex -2.54944 36.7706 6
      vertex -1.97541 38.1564 6
      vertex -2.37178 38.291 6
    endloop
  endfacet
  facet normal 0 0 1
    outer loop
      vertex -1.97541 38.1564 6
      vertex -2.54944 36.7706 6
      vertex -2.35 36.6722 6
    endloop
  endfacet
  facet normal 0 0 1
    outer loop
      vertex -2.37178 38.291 6
      vertex -2.76001 36.8421 6
      vertex -2.54944 36.7706 6
    endloop
  endfacet
  facet normal 0 0 1
    outer loop
      vertex -2.78232 38.3726 6
      vertex -2.76001 36.8421 6
      vertex -2.37178 38.291 6
    endloop
  endfacet
  facet normal 0 0 1
    outer loop
      vertex -2.78232 38.3726 6
      vertex -2.9781 36.8855 6
      vertex -2.76001 36.8421 6
    endloop
  endfacet
  facet normal 0 0 1
    outer loop
      vertex -3.2 38.4 6
      vertex -2.9781 36.8855 6
      vertex -2.78232 38.3726 6
    endloop
  endfacet
  facet normal 0 0 1
    outer loop
      vertex -3.2 38.4 6
      vertex -3.2 36.9 6
      vertex -2.9781 36.8855 6
    endloop
  endfacet
  facet normal 0 0 1
    outer loop
      vertex -3.2 38.4 6
      vertex -3.42189 36.8855 6
      vertex -3.2 36.9 6
    endloop
  endfacet
  facet normal -0 0 1
    outer loop
      vertex -3.61768 38.3726 6
      vertex -3.42189 36.8855 6
      vertex -3.2 38.4 6
    endloop
  endfacet
  facet normal 0 0 1
    outer loop
      vertex -3.61768 38.3726 6
      vertex -3.63999 36.8421 6
      vertex -3.42189 36.8855 6
    endloop
  endfacet
  facet normal -0 0 1
    outer loop
      vertex -4.02822 38.291 6
      vertex -3.63999 36.8421 6
      vertex -3.61768 38.3726 6
    endloop
  endfacet
  facet normal 0 0 1
    outer loop
      vertex -3.63999 36.8421 6
      vertex -4.02822 38.291 6
      vertex -3.85056 36.7706 6
    endloop
  endfacet
  facet normal -0 0 1
    outer loop
      vertex -4.42459 38.1564 6
      vertex -3.85056 36.7706 6
      vertex -4.02822 38.291 6
    endloop
  endfacet
  facet normal 0 0 1
    outer loop
      vertex -3.85056 36.7706 6
      vertex -4.42459 38.1564 6
      vertex -4.05 36.6722 6
    endloop
  endfacet
  facet normal -0 0 1
    outer loop
      vertex -4.8 37.9713 6
      vertex -4.05 36.6722 6
      vertex -4.42459 38.1564 6
    endloop
  endfacet
  facet normal 0 0 1
    outer loop
      vertex -4.05 36.6722 6
      vertex -4.8 37.9713 6
      vertex -4.23489 36.5487 6
    endloop
  endfacet
  facet normal -0 0 1
    outer loop
      vertex -5.14804 37.7387 6
      vertex -4.23489 36.5487 6
      vertex -4.8 37.9713 6
    endloop
  endfacet
  facet normal 0 0 1
    outer loop
      vertex -4.23489 36.5487 6
      vertex -5.14804 37.7387 6
      vertex -4.40208 36.4021 6
    endloop
  endfacet
  facet normal -0 0 1
    outer loop
      vertex -5.46274 37.4627 6
      vertex -4.40208 36.4021 6
      vertex -5.14804 37.7387 6
    endloop
  endfacet
  facet normal 0 0 1
    outer loop
      vertex -4.40208 36.4021 6
      vertex -5.46274 37.4627 6
      vertex -4.5487 36.2349 6
    endloop
  endfacet
  facet normal -0 0 1
    outer loop
      vertex -5.73873 37.148 6
      vertex -4.5487 36.2349 6
      vertex -5.46274 37.4627 6
    endloop
  endfacet
  facet normal 0 0 1
    outer loop
      vertex -4.5487 36.2349 6
      vertex -5.73873 37.148 6
      vertex -4.67224 36.05 6
    endloop
  endfacet
  facet normal -0 0 1
    outer loop
      vertex -5.97128 36.8 6
      vertex -4.67224 36.05 6
      vertex -5.73873 37.148 6
    endloop
  endfacet
  facet normal 0 0 1
    outer loop
      vertex -4.67224 36.05 6
      vertex -5.97128 36.8 6
      vertex -4.77059 35.8506 6
    endloop
  endfacet
  facet normal -0 0 1
    outer loop
      vertex -1.72776 34.35 6
      vertex -0.428719 33.6 6
      vertex -1.6294 34.5494 6
    endloop
  endfacet
  facet normal 0 0 1
    outer loop
      vertex -0.428719 33.6 6
      vertex -1.72776 34.35 6
      vertex -0.661269 33.252 6
    endloop
  endfacet
  facet normal -0 0 1
    outer loop
      vertex -1.8513 34.1651 6
      vertex -0.661269 33.252 6
      vertex -1.72776 34.35 6
    endloop
  endfacet
  facet normal 0 0 1
    outer loop
      vertex -0.661269 33.252 6
      vertex -1.8513 34.1651 6
      vertex -0.937258 32.9373 6
    endloop
  endfacet
  facet normal -0 0 1
    outer loop
      vertex -1.99792 33.9979 6
      vertex -0.937258 32.9373 6
      vertex -1.8513 34.1651 6
    endloop
  endfacet
  facet normal 0 0 1
    outer loop
      vertex -0.937258 32.9373 6
      vertex -1.99792 33.9979 6
      vertex -1.25196 32.6613 6
    endloop
  endfacet
  facet normal -0 0 1
    outer loop
      vertex -2.1651 33.8513 6
      vertex -1.25196 32.6613 6
      vertex -1.99792 33.9979 6
    endloop
  endfacet
  facet normal 0 0 1
    outer loop
      vertex -1.25196 32.6613 6
      vertex -2.1651 33.8513 6
      vertex -1.6 32.4287 6
    endloop
  endfacet
  facet normal -0 0 1
    outer loop
      vertex -2.35 33.7278 6
      vertex -1.6 32.4287 6
      vertex -2.1651 33.8513 6
    endloop
  endfacet
  facet normal 0 0 1
    outer loop
      vertex -1.6 32.4287 6
      vertex -2.35 33.7278 6
      vertex -1.97541 32.2436 6
    endloop
  endfacet
  facet normal -0 0 1
    outer loop
      vertex -2.54944 33.6294 6
      vertex -1.97541 32.2436 6
      vertex -2.35 33.7278 6
    endloop
  endfacet
  facet normal 0 0 1
    outer loop
      vertex -1.97541 32.2436 6
      vertex -2.54944 33.6294 6
      vertex -2.37178 32.109 6
    endloop
  endfacet
  facet normal -0 0 1
    outer loop
      vertex -2.76001 33.5579 6
      vertex -2.37178 32.109 6
      vertex -2.54944 33.6294 6
    endloop
  endfacet
  facet normal 0 0 1
    outer loop
      vertex -2.76001 33.5579 6
      vertex -2.78232 32.0274 6
      vertex -2.37178 32.109 6
    endloop
  endfacet
  facet normal -0 0 1
    outer loop
      vertex -2.9781 33.5145 6
      vertex -2.78232 32.0274 6
      vertex -2.76001 33.5579 6
    endloop
  endfacet
  facet normal -0 0 1
    outer loop
      vertex -3.2 33.5 6
      vertex -2.78232 32.0274 6
      vertex -2.9781 33.5145 6
    endloop
  endfacet
  facet normal 0 0 1
    outer loop
      vertex -3.2 33.5 6
      vertex -3.2 32 6
      vertex -2.78232 32.0274 6
    endloop
  endfacet
  facet normal 0 0 1
    outer loop
      vertex -3.42189 33.5145 6
      vertex -3.2 32 6
      vertex -3.2 33.5 6
    endloop
  endfacet
  facet normal 0 0 1
    outer loop
      vertex -3.42189 33.5145 6
      vertex -3.61768 32.0274 6
      vertex -3.2 32 6
    endloop
  endfacet
  facet normal 0 0 1
    outer loop
      vertex -3.63999 33.5579 6
      vertex -3.61768 32.0274 6
      vertex -3.42189 33.5145 6
    endloop
  endfacet
  facet normal 0 0 1
    outer loop
      vertex -4.02822 32.109 6
      vertex -3.63999 33.5579 6
      vertex -3.85056 33.6294 6
    endloop
  endfacet
  facet normal 0 0 1
    outer loop
      vertex -3.63999 33.5579 6
      vertex -4.02822 32.109 6
      vertex -3.61768 32.0274 6
    endloop
  endfacet
  facet normal 0 0 1
    outer loop
      vertex -4.42459 32.2436 6
      vertex -3.85056 33.6294 6
      vertex -4.05 33.7278 6
    endloop
  endfacet
  facet normal 0 0 1
    outer loop
      vertex -4.8 32.4287 6
      vertex -4.05 33.7278 6
      vertex -4.23489 33.8513 6
    endloop
  endfacet
  facet normal 0 0 1
    outer loop
      vertex -5.14804 32.6613 6
      vertex -4.23489 33.8513 6
      vertex -4.40208 33.9979 6
    endloop
  endfacet
  facet normal 0 0 1
    outer loop
      vertex -3.85056 33.6294 6
      vertex -4.42459 32.2436 6
      vertex -4.02822 32.109 6
    endloop
  endfacet
  facet normal 0 0 1
    outer loop
      vertex -5.46274 32.9373 6
      vertex -4.40208 33.9979 6
      vertex -4.5487 34.1651 6
    endloop
  endfacet
  facet normal 0 0 1
    outer loop
      vertex -5.73873 33.252 6
      vertex -4.5487 34.1651 6
      vertex -4.67224 34.35 6
    endloop
  endfacet
  facet normal 0 0 1
    outer loop
      vertex -5.97128 33.6 6
      vertex -4.67224 34.35 6
      vertex -4.77059 34.5494 6
    endloop
  endfacet
  facet normal 0 0 1
    outer loop
      vertex -4.05 33.7278 6
      vertex -4.8 32.4287 6
      vertex -4.42459 32.2436 6
    endloop
  endfacet
  facet normal 0 0 1
    outer loop
      vertex -6.15641 33.9754 6
      vertex -4.77059 34.5494 6
      vertex -4.84207 34.76 6
    endloop
  endfacet
  facet normal 0 0 1
    outer loop
      vertex -6.29096 34.3718 6
      vertex -4.84207 34.76 6
      vertex -4.88546 34.9781 6
    endloop
  endfacet
  facet normal 0 0 1
    outer loop
      vertex -6.37262 34.7823 6
      vertex -4.88546 34.9781 6
      vertex -4.9 35.2 6
    endloop
  endfacet
  facet normal -0 0 1
    outer loop
      vertex -6.15641 36.4246 6
      vertex -4.77059 35.8506 6
      vertex -5.97128 36.8 6
    endloop
  endfacet
  facet normal 0 0 1
    outer loop
      vertex -4.23489 33.8513 6
      vertex -5.14804 32.6613 6
      vertex -4.8 32.4287 6
    endloop
  endfacet
  facet normal 0 0 1
    outer loop
      vertex -4.77059 35.8506 6
      vertex -6.15641 36.4246 6
      vertex -4.84207 35.64 6
    endloop
  endfacet
  facet normal 0 0 1
    outer loop
      vertex -4.40208 33.9979 6
      vertex -5.46274 32.9373 6
      vertex -5.14804 32.6613 6
    endloop
  endfacet
  facet normal -0 0 1
    outer loop
      vertex -6.29096 36.0282 6
      vertex -4.84207 35.64 6
      vertex -6.15641 36.4246 6
    endloop
  endfacet
  facet normal 0 0 1
    outer loop
      vertex -4.5487 34.1651 6
      vertex -5.73873 33.252 6
      vertex -5.46274 32.9373 6
    endloop
  endfacet
  facet normal 0 0 1
    outer loop
      vertex -4.84207 35.64 6
      vertex -6.29096 36.0282 6
      vertex -4.88546 35.4219 6
    endloop
  endfacet
  facet normal 0 0 1
    outer loop
      vertex -4.67224 34.35 6
      vertex -5.97128 33.6 6
      vertex -5.73873 33.252 6
    endloop
  endfacet
  facet normal -0 0 1
    outer loop
      vertex -6.37262 35.6177 6
      vertex -4.88546 35.4219 6
      vertex -6.29096 36.0282 6
    endloop
  endfacet
  facet normal 0 0 1
    outer loop
      vertex -4.77059 34.5494 6
      vertex -6.15641 33.9754 6
      vertex -5.97128 33.6 6
    endloop
  endfacet
  facet normal 0 0 1
    outer loop
      vertex -4.88546 35.4219 6
      vertex -6.37262 35.6177 6
      vertex -4.9 35.2 6
    endloop
  endfacet
  facet normal 0 0 1
    outer loop
      vertex -4.84207 34.76 6
      vertex -6.29096 34.3718 6
      vertex -6.15641 33.9754 6
    endloop
  endfacet
  facet normal 0 0 1
    outer loop
      vertex -6.4 35.2 6
      vertex -4.9 35.2 6
      vertex -6.37262 35.6177 6
    endloop
  endfacet
  facet normal 0 0 1
    outer loop
      vertex -4.88546 34.9781 6
      vertex -6.37262 34.7823 6
      vertex -6.29096 34.3718 6
    endloop
  endfacet
  facet normal 0 0 1
    outer loop
      vertex -4.9 35.2 6
      vertex -6.4 35.2 6
      vertex -6.37262 34.7823 6
    endloop
  endfacet
  facet normal -0.997859 0.0654091 0
    outer loop
      vertex -6.4 35.2 2
      vertex -6.37262 35.6177 6
      vertex -6.37262 35.6177 2
    endloop
  endfacet
  facet normal -0.997859 0.0654091 0
    outer loop
      vertex -6.37262 35.6177 6
      vertex -6.4 35.2 2
      vertex -6.4 35.2 6
    endloop
  endfacet
  facet normal -0.89687 0.442295 0
    outer loop
      vertex -6.15641 36.4246 2
      vertex -5.97128 36.8 6
      vertex -5.97128 36.8 2
    endloop
  endfacet
  facet normal -0.89687 0.442295 0
    outer loop
      vertex -5.97128 36.8 6
      vertex -6.15641 36.4246 2
      vertex -6.15641 36.4246 6
    endloop
  endfacet
  facet normal 0.997858 0.0654122 0
    outer loop
      vertex 6.2 3 6
      vertex 6.17262 3.41768 2
      vertex 6.17262 3.41768 6
    endloop
  endfacet
  facet normal 0.997858 0.0654122 0
    outer loop
      vertex 6.17262 3.41768 2
      vertex 6.2 3 6
      vertex 6.2 3 2
    endloop
  endfacet
  facet normal -0.0654122 0.997858 0
    outer loop
      vertex 3 6.2 2
      vertex 2.58232 6.17262 6
      vertex 3 6.2 6
    endloop
  endfacet
  facet normal -0.0654122 0.997858 0
    outer loop
      vertex 2.58232 6.17262 6
      vertex 3 6.2 2
      vertex 2.58232 6.17262 2
    endloop
  endfacet
  facet normal 0.659353 0.751833 -0
    outer loop
      vertex 5.26274 5.26274 2
      vertex 4.94804 5.53873 6
      vertex 5.26274 5.26274 6
    endloop
  endfacet
  facet normal 0.659353 0.751833 0
    outer loop
      vertex 4.94804 5.53873 6
      vertex 5.26274 5.26274 2
      vertex 4.94804 5.53873 2
    endloop
  endfacet
  facet normal -0.751833 0.659353 0
    outer loop
      vertex 0.461268 4.94804 2
      vertex 0.737258 5.26274 6
      vertex 0.737258 5.26274 2
    endloop
  endfacet
  facet normal -0.751833 0.659353 0
    outer loop
      vertex 0.737258 5.26274 6
      vertex 0.461268 4.94804 2
      vertex 0.461268 4.94804 6
    endloop
  endfacet
  facet normal -0.442285 0.896874 0
    outer loop
      vertex 1.77541 5.95641 2
      vertex 1.4 5.77128 6
      vertex 1.77541 5.95641 6
    endloop
  endfacet
  facet normal -0.442285 0.896874 0
    outer loop
      vertex 1.4 5.77128 6
      vertex 1.77541 5.95641 2
      vertex 1.4 5.77128 2
    endloop
  endfacet
  facet normal 0.896874 0.442285 0
    outer loop
      vertex 5.95641 4.22459 6
      vertex 5.77128 4.6 2
      vertex 5.77128 4.6 6
    endloop
  endfacet
  facet normal 0.896874 0.442285 0
    outer loop
      vertex 5.77128 4.6 2
      vertex 5.95641 4.22459 6
      vertex 5.95641 4.22459 2
    endloop
  endfacet
  facet normal 0.980786 0.195087 0
    outer loop
      vertex 6.17262 3.41768 6
      vertex 6.09096 3.82822 2
      vertex 6.09096 3.82822 6
    endloop
  endfacet
  facet normal 0.980786 0.195087 0
    outer loop
      vertex 6.09096 3.82822 2
      vertex 6.17262 3.41768 6
      vertex 6.17262 3.41768 2
    endloop
  endfacet
  facet normal 0.831473 0.555565 0
    outer loop
      vertex 5.77128 4.6 6
      vertex 5.53873 4.94804 2
      vertex 5.53873 4.94804 6
    endloop
  endfacet
  facet normal 0.831473 0.555565 0
    outer loop
      vertex 5.53873 4.94804 2
      vertex 5.77128 4.6 6
      vertex 5.77128 4.6 2
    endloop
  endfacet
  facet normal 0.321441 0.94693 -0
    outer loop
      vertex 4.22459 5.95641 2
      vertex 3.82822 6.09096 6
      vertex 4.22459 5.95641 6
    endloop
  endfacet
  facet normal 0.321441 0.94693 0
    outer loop
      vertex 3.82822 6.09096 6
      vertex 4.22459 5.95641 2
      vertex 3.82822 6.09096 2
    endloop
  endfacet
  facet normal 0.555565 0.831473 -0
    outer loop
      vertex 4.94804 5.53873 2
      vertex 4.6 5.77128 6
      vertex 4.94804 5.53873 6
    endloop
  endfacet
  facet normal 0.555565 0.831473 0
    outer loop
      vertex 4.6 5.77128 6
      vertex 4.94804 5.53873 2
      vertex 4.6 5.77128 2
    endloop
  endfacet
  facet normal -0.946932 0.321435 0
    outer loop
      vertex -0.0909624 3.82822 2
      vertex 0.0435848 4.22459 6
      vertex 0.0435848 4.22459 2
    endloop
  endfacet
  facet normal -0.946932 0.321435 0
    outer loop
      vertex 0.0435848 4.22459 6
      vertex -0.0909624 3.82822 2
      vertex -0.0909624 3.82822 6
    endloop
  endfacet
  facet normal -0.896871 0.442292 0
    outer loop
      vertex 0.0435848 4.22459 2
      vertex 0.228718 4.6 6
      vertex 0.228718 4.6 2
    endloop
  endfacet
  facet normal -0.896871 0.442292 0
    outer loop
      vertex 0.228718 4.6 6
      vertex 0.0435848 4.22459 2
      vertex 0.0435848 4.22459 6
    endloop
  endfacet
  facet normal -0.997859 0.065405 0
    outer loop
      vertex -0.2 3 2
      vertex -0.172623 3.41768 6
      vertex -0.172623 3.41768 2
    endloop
  endfacet
  facet normal -0.997859 0.065405 0
    outer loop
      vertex -0.172623 3.41768 6
      vertex -0.2 3 2
      vertex -0.2 3 6
    endloop
  endfacet
  facet normal -0.555565 0.831473 0
    outer loop
      vertex 1.4 5.77128 2
      vertex 1.05196 5.53873 6
      vertex 1.4 5.77128 6
    endloop
  endfacet
  facet normal -0.555565 0.831473 0
    outer loop
      vertex 1.05196 5.53873 6
      vertex 1.4 5.77128 2
      vertex 1.05196 5.53873 2
    endloop
  endfacet
  facet normal -0.195087 0.980786 0
    outer loop
      vertex 2.58232 6.17262 2
      vertex 2.17178 6.09096 6
      vertex 2.58232 6.17262 6
    endloop
  endfacet
  facet normal -0.195087 0.980786 0
    outer loop
      vertex 2.17178 6.09096 6
      vertex 2.58232 6.17262 2
      vertex 2.17178 6.09096 2
    endloop
  endfacet
  facet normal 0.831473 -0.555565 0
    outer loop
      vertex 5.53873 1.05196 6
      vertex 5.77128 1.4 2
      vertex 5.77128 1.4 6
    endloop
  endfacet
  facet normal 0.831473 -0.555565 0
    outer loop
      vertex 5.77128 1.4 2
      vertex 5.53873 1.05196 6
      vertex 5.53873 1.05196 2
    endloop
  endfacet
  facet normal 0.997858 -0.0654122 0
    outer loop
      vertex 6.17262 2.58232 6
      vertex 6.2 3 2
      vertex 6.2 3 6
    endloop
  endfacet
  facet normal 0.997858 -0.0654122 0
    outer loop
      vertex 6.2 3 2
      vertex 6.17262 2.58232 6
      vertex 6.17262 2.58232 2
    endloop
  endfacet
  facet normal -0.195088 -0.980786 0
    outer loop
      vertex 2.17178 -0.0909624 2
      vertex 2.58232 -0.172623 6
      vertex 2.17178 -0.0909624 6
    endloop
  endfacet
  facet normal -0.195088 -0.980786 -0
    outer loop
      vertex 2.58232 -0.172623 6
      vertex 2.17178 -0.0909624 2
      vertex 2.58232 -0.172623 2
    endloop
  endfacet
  facet normal 0.195088 -0.980786 0
    outer loop
      vertex 3.41768 -0.172623 2
      vertex 3.82822 -0.0909624 6
      vertex 3.41768 -0.172623 6
    endloop
  endfacet
  facet normal 0.195088 -0.980786 0
    outer loop
      vertex 3.82822 -0.0909624 6
      vertex 3.41768 -0.172623 2
      vertex 3.82822 -0.0909624 2
    endloop
  endfacet
  facet normal 0.94693 0.321441 0
    outer loop
      vertex 6.09096 3.82822 6
      vertex 5.95641 4.22459 2
      vertex 5.95641 4.22459 6
    endloop
  endfacet
  facet normal 0.94693 0.321441 0
    outer loop
      vertex 5.95641 4.22459 2
      vertex 6.09096 3.82822 6
      vertex 6.09096 3.82822 2
    endloop
  endfacet
  facet normal 0.751833 0.659353 0
    outer loop
      vertex 5.53873 4.94804 6
      vertex 5.26274 5.26274 2
      vertex 5.26274 5.26274 6
    endloop
  endfacet
  facet normal 0.751833 0.659353 0
    outer loop
      vertex 5.26274 5.26274 2
      vertex 5.53873 4.94804 6
      vertex 5.53873 4.94804 2
    endloop
  endfacet
  facet normal 0.195087 0.980786 -0
    outer loop
      vertex 3.82822 6.09096 2
      vertex 3.41768 6.17262 6
      vertex 3.82822 6.09096 6
    endloop
  endfacet
  facet normal 0.195087 0.980786 0
    outer loop
      vertex 3.41768 6.17262 6
      vertex 3.82822 6.09096 2
      vertex 3.41768 6.17262 2
    endloop
  endfacet
  facet normal 0.0654122 0.997858 -0
    outer loop
      vertex 3.41768 6.17262 2
      vertex 3 6.2 6
      vertex 3.41768 6.17262 6
    endloop
  endfacet
  facet normal 0.0654122 0.997858 0
    outer loop
      vertex 3 6.2 6
      vertex 3.41768 6.17262 2
      vertex 3 6.2 2
    endloop
  endfacet
  facet normal -0.997859 -0.065405 0
    outer loop
      vertex -0.172623 2.58232 2
      vertex -0.2 3 6
      vertex -0.2 3 2
    endloop
  endfacet
  facet normal -0.997859 -0.065405 0
    outer loop
      vertex -0.2 3 6
      vertex -0.172623 2.58232 2
      vertex -0.172623 2.58232 6
    endloop
  endfacet
  facet normal -0.980786 0.195088 0
    outer loop
      vertex -0.172623 3.41768 2
      vertex -0.0909624 3.82822 6
      vertex -0.0909624 3.82822 2
    endloop
  endfacet
  facet normal -0.980786 0.195088 0
    outer loop
      vertex -0.0909624 3.82822 6
      vertex -0.172623 3.41768 2
      vertex -0.172623 3.41768 6
    endloop
  endfacet
  facet normal 0.555565 -0.831473 0
    outer loop
      vertex 4.6 0.228718 2
      vertex 4.94804 0.461268 6
      vertex 4.6 0.228718 6
    endloop
  endfacet
  facet normal 0.555565 -0.831473 0
    outer loop
      vertex 4.94804 0.461268 6
      vertex 4.6 0.228718 2
      vertex 4.94804 0.461268 2
    endloop
  endfacet
  facet normal 0.980786 -0.195087 0
    outer loop
      vertex 6.09096 2.17178 6
      vertex 6.17262 2.58232 2
      vertex 6.17262 2.58232 6
    endloop
  endfacet
  facet normal 0.980786 -0.195087 0
    outer loop
      vertex 6.17262 2.58232 2
      vertex 6.09096 2.17178 6
      vertex 6.09096 2.17178 2
    endloop
  endfacet
  facet normal -0.751835 -0.659351 0
    outer loop
      vertex 0.737258 0.737258 2
      vertex 0.461268 1.05196 6
      vertex 0.461268 1.05196 2
    endloop
  endfacet
  facet normal -0.751835 -0.659351 0
    outer loop
      vertex 0.461268 1.05196 6
      vertex 0.737258 0.737258 2
      vertex 0.737258 0.737258 6
    endloop
  endfacet
  facet normal -0.831473 -0.555565 0
    outer loop
      vertex 0.461268 1.05196 2
      vertex 0.228718 1.4 6
      vertex 0.228718 1.4 2
    endloop
  endfacet
  facet normal -0.831473 -0.555565 0
    outer loop
      vertex 0.228718 1.4 6
      vertex 0.461268 1.05196 2
      vertex 0.461268 1.05196 6
    endloop
  endfacet
  facet normal -0.896871 -0.442292 0
    outer loop
      vertex 0.228718 1.4 2
      vertex 0.0435848 1.77541 6
      vertex 0.0435848 1.77541 2
    endloop
  endfacet
  facet normal -0.896871 -0.442292 0
    outer loop
      vertex 0.0435848 1.77541 6
      vertex 0.228718 1.4 2
      vertex 0.228718 1.4 6
    endloop
  endfacet
  facet normal 0.442292 -0.896871 0
    outer loop
      vertex 4.22459 0.0435848 2
      vertex 4.6 0.228718 6
      vertex 4.22459 0.0435848 6
    endloop
  endfacet
  facet normal 0.442292 -0.896871 0
    outer loop
      vertex 4.6 0.228718 6
      vertex 4.22459 0.0435848 2
      vertex 4.6 0.228718 2
    endloop
  endfacet
  facet normal 0.321435 -0.946932 0
    outer loop
      vertex 3.82822 -0.0909624 2
      vertex 4.22459 0.0435848 6
      vertex 3.82822 -0.0909624 6
    endloop
  endfacet
  facet normal 0.321435 -0.946932 0
    outer loop
      vertex 4.22459 0.0435848 6
      vertex 3.82822 -0.0909624 2
      vertex 4.22459 0.0435848 2
    endloop
  endfacet
  facet normal 0.442285 0.896874 -0
    outer loop
      vertex 4.6 5.77128 2
      vertex 4.22459 5.95641 6
      vertex 4.6 5.77128 6
    endloop
  endfacet
  facet normal 0.442285 0.896874 0
    outer loop
      vertex 4.22459 5.95641 6
      vertex 4.6 5.77128 2
      vertex 4.22459 5.95641 2
    endloop
  endfacet
  facet normal -0.831473 0.555565 0
    outer loop
      vertex 0.228718 4.6 2
      vertex 0.461268 4.94804 6
      vertex 0.461268 4.94804 2
    endloop
  endfacet
  facet normal -0.831473 0.555565 0
    outer loop
      vertex 0.461268 4.94804 6
      vertex 0.228718 4.6 2
      vertex 0.228718 4.6 6
    endloop
  endfacet
  facet normal 0 0 1
    outer loop
      vertex 6.17262 3.41768 6
      vertex 6.17262 2.58232 6
      vertex 6.2 3 6
    endloop
  endfacet
  facet normal 0 0 1
    outer loop
      vertex 6.09096 3.82822 6
      vertex 6.17262 2.58232 6
      vertex 6.17262 3.41768 6
    endloop
  endfacet
  facet normal 0 0 1
    outer loop
      vertex 6.09096 3.82822 6
      vertex 6.09096 2.17178 6
      vertex 6.17262 2.58232 6
    endloop
  endfacet
  facet normal 0 0 1
    outer loop
      vertex 5.95641 4.22459 6
      vertex 6.09096 2.17178 6
      vertex 6.09096 3.82822 6
    endloop
  endfacet
  facet normal 0 0 1
    outer loop
      vertex 5.95641 4.22459 6
      vertex 5.95641 1.77541 6
      vertex 6.09096 2.17178 6
    endloop
  endfacet
  facet normal 0 0 1
    outer loop
      vertex 5.77128 4.6 6
      vertex 5.95641 1.77541 6
      vertex 5.95641 4.22459 6
    endloop
  endfacet
  facet normal 0 0 1
    outer loop
      vertex 5.77128 4.6 6
      vertex 5.77128 1.4 6
      vertex 5.95641 1.77541 6
    endloop
  endfacet
  facet normal 0 0 1
    outer loop
      vertex 5.53873 4.94804 6
      vertex 5.77128 1.4 6
      vertex 5.77128 4.6 6
    endloop
  endfacet
  facet normal 0 0 1
    outer loop
      vertex 5.53873 4.94804 6
      vertex 5.53873 1.05196 6
      vertex 5.77128 1.4 6
    endloop
  endfacet
  facet normal 0 0 1
    outer loop
      vertex 5.26274 5.26274 6
      vertex 5.53873 1.05196 6
      vertex 5.53873 4.94804 6
    endloop
  endfacet
  facet normal 0 0 1
    outer loop
      vertex 5.26274 5.26274 6
      vertex 5.26274 0.737258 6
      vertex 5.53873 1.05196 6
    endloop
  endfacet
  facet normal 0 0 1
    outer loop
      vertex 4.94804 5.53873 6
      vertex 5.26274 0.737258 6
      vertex 5.26274 5.26274 6
    endloop
  endfacet
  facet normal 0 0 1
    outer loop
      vertex 4.94804 5.53873 6
      vertex 4.94804 0.461268 6
      vertex 5.26274 0.737258 6
    endloop
  endfacet
  facet normal 0 0 1
    outer loop
      vertex 4.6 5.77128 6
      vertex 4.94804 0.461268 6
      vertex 4.94804 5.53873 6
    endloop
  endfacet
  facet normal 0 0 1
    outer loop
      vertex 4.6 5.77128 6
      vertex 4.6 0.228718 6
      vertex 4.94804 0.461268 6
    endloop
  endfacet
  facet normal 0 0 1
    outer loop
      vertex 4.22459 5.95641 6
      vertex 4.6 0.228718 6
      vertex 4.6 5.77128 6
    endloop
  endfacet
  facet normal 0 0 1
    outer loop
      vertex 4.22459 5.95641 6
      vertex 4.22459 0.0435848 6
      vertex 4.6 0.228718 6
    endloop
  endfacet
  facet normal 0 0 1
    outer loop
      vertex 3.82822 6.09096 6
      vertex 4.22459 0.0435848 6
      vertex 4.22459 5.95641 6
    endloop
  endfacet
  facet normal 0 0 1
    outer loop
      vertex 3.82822 6.09096 6
      vertex 3.82822 -0.0909624 6
      vertex 4.22459 0.0435848 6
    endloop
  endfacet
  facet normal 0 0 1
    outer loop
      vertex 3.41768 6.17262 6
      vertex 3.82822 -0.0909624 6
      vertex 3.82822 6.09096 6
    endloop
  endfacet
  facet normal 0 0 1
    outer loop
      vertex 3.41768 6.17262 6
      vertex 3.41768 -0.172623 6
      vertex 3.82822 -0.0909624 6
    endloop
  endfacet
  facet normal 0 0 1
    outer loop
      vertex 3 6.2 6
      vertex 3.41768 -0.172623 6
      vertex 3.41768 6.17262 6
    endloop
  endfacet
  facet normal 0 0 1
    outer loop
      vertex 3 6.2 6
      vertex 3 -0.2 6
      vertex 3.41768 -0.172623 6
    endloop
  endfacet
  facet normal -0 0 1
    outer loop
      vertex 2.58232 6.17262 6
      vertex 3 -0.2 6
      vertex 3 6.2 6
    endloop
  endfacet
  facet normal 0 0 1
    outer loop
      vertex 2.58232 6.17262 6
      vertex 2.58232 -0.172623 6
      vertex 3 -0.2 6
    endloop
  endfacet
  facet normal -0 0 1
    outer loop
      vertex 2.17178 6.09096 6
      vertex 2.58232 -0.172623 6
      vertex 2.58232 6.17262 6
    endloop
  endfacet
  facet normal 0 0 1
    outer loop
      vertex 2.17178 6.09096 6
      vertex 2.17178 -0.0909624 6
      vertex 2.58232 -0.172623 6
    endloop
  endfacet
  facet normal -0 0 1
    outer loop
      vertex 1.77541 5.95641 6
      vertex 2.17178 -0.0909624 6
      vertex 2.17178 6.09096 6
    endloop
  endfacet
  facet normal 0 0 1
    outer loop
      vertex 1.77541 5.95641 6
      vertex 1.77541 0.0435848 6
      vertex 2.17178 -0.0909624 6
    endloop
  endfacet
  facet normal -0 0 1
    outer loop
      vertex 1.4 5.77128 6
      vertex 1.77541 0.0435848 6
      vertex 1.77541 5.95641 6
    endloop
  endfacet
  facet normal 0 0 1
    outer loop
      vertex 1.4 5.77128 6
      vertex 1.4 0.228718 6
      vertex 1.77541 0.0435848 6
    endloop
  endfacet
  facet normal -0 0 1
    outer loop
      vertex 1.05196 5.53873 6
      vertex 1.4 0.228718 6
      vertex 1.4 5.77128 6
    endloop
  endfacet
  facet normal 0 0 1
    outer loop
      vertex 1.05196 5.53873 6
      vertex 1.05196 0.461268 6
      vertex 1.4 0.228718 6
    endloop
  endfacet
  facet normal -0 0 1
    outer loop
      vertex 0.737258 5.26274 6
      vertex 1.05196 0.461268 6
      vertex 1.05196 5.53873 6
    endloop
  endfacet
  facet normal 0 0 1
    outer loop
      vertex 0.737258 5.26274 6
      vertex 0.737258 0.737258 6
      vertex 1.05196 0.461268 6
    endloop
  endfacet
  facet normal -0 0 1
    outer loop
      vertex 0.461268 4.94804 6
      vertex 0.737258 0.737258 6
      vertex 0.737258 5.26274 6
    endloop
  endfacet
  facet normal 0 0 1
    outer loop
      vertex 0.461268 4.94804 6
      vertex 0.461268 1.05196 6
      vertex 0.737258 0.737258 6
    endloop
  endfacet
  facet normal -0 0 1
    outer loop
      vertex 0.228718 4.6 6
      vertex 0.461268 1.05196 6
      vertex 0.461268 4.94804 6
    endloop
  endfacet
  facet normal 0 0 1
    outer loop
      vertex 0.228718 4.6 6
      vertex 0.228718 1.4 6
      vertex 0.461268 1.05196 6
    endloop
  endfacet
  facet normal -0 0 1
    outer loop
      vertex 0.0435848 4.22459 6
      vertex 0.228718 1.4 6
      vertex 0.228718 4.6 6
    endloop
  endfacet
  facet normal 0 0 1
    outer loop
      vertex 0.0435848 4.22459 6
      vertex 0.0435848 1.77541 6
      vertex 0.228718 1.4 6
    endloop
  endfacet
  facet normal -0 0 1
    outer loop
      vertex -0.0909624 3.82822 6
      vertex 0.0435848 1.77541 6
      vertex 0.0435848 4.22459 6
    endloop
  endfacet
  facet normal 0 0 1
    outer loop
      vertex -0.0909624 3.82822 6
      vertex -0.0909624 2.17178 6
      vertex 0.0435848 1.77541 6
    endloop
  endfacet
  facet normal -0 0 1
    outer loop
      vertex -0.172623 3.41768 6
      vertex -0.0909624 2.17178 6
      vertex -0.0909624 3.82822 6
    endloop
  endfacet
  facet normal 0 0 1
    outer loop
      vertex -0.172623 3.41768 6
      vertex -0.172623 2.58232 6
      vertex -0.0909624 2.17178 6
    endloop
  endfacet
  facet normal 0 -0 1
    outer loop
      vertex -0.172623 2.58232 6
      vertex -0.172623 3.41768 6
      vertex -0.2 3 6
    endloop
  endfacet
  facet normal -0.659351 0.751835 0
    outer loop
      vertex 1.05196 5.53873 2
      vertex 0.737258 5.26274 6
      vertex 1.05196 5.53873 6
    endloop
  endfacet
  facet normal -0.659351 0.751835 0
    outer loop
      vertex 0.737258 5.26274 6
      vertex 1.05196 5.53873 2
      vertex 0.737258 5.26274 2
    endloop
  endfacet
  facet normal -0.321441 0.94693 0
    outer loop
      vertex 2.17178 6.09096 2
      vertex 1.77541 5.95641 6
      vertex 2.17178 6.09096 6
    endloop
  endfacet
  facet normal -0.321441 0.94693 0
    outer loop
      vertex 1.77541 5.95641 6
      vertex 2.17178 6.09096 2
      vertex 1.77541 5.95641 2
    endloop
  endfacet
  facet normal 0.94693 -0.321441 0
    outer loop
      vertex 5.95641 1.77541 6
      vertex 6.09096 2.17178 2
      vertex 6.09096 2.17178 6
    endloop
  endfacet
  facet normal 0.94693 -0.321441 0
    outer loop
      vertex 6.09096 2.17178 2
      vertex 5.95641 1.77541 6
      vertex 5.95641 1.77541 2
    endloop
  endfacet
  facet normal 0.896874 -0.442285 0
    outer loop
      vertex 5.77128 1.4 6
      vertex 5.95641 1.77541 2
      vertex 5.95641 1.77541 6
    endloop
  endfacet
  facet normal 0.896874 -0.442285 0
    outer loop
      vertex 5.95641 1.77541 2
      vertex 5.77128 1.4 6
      vertex 5.77128 1.4 2
    endloop
  endfacet
  facet normal 0.065405 -0.997859 0
    outer loop
      vertex 3 -0.2 2
      vertex 3.41768 -0.172623 6
      vertex 3 -0.2 6
    endloop
  endfacet
  facet normal 0.065405 -0.997859 0
    outer loop
      vertex 3.41768 -0.172623 6
      vertex 3 -0.2 2
      vertex 3.41768 -0.172623 2
    endloop
  endfacet
  facet normal -0.321435 -0.946932 0
    outer loop
      vertex 1.77541 0.0435848 2
      vertex 2.17178 -0.0909624 6
      vertex 1.77541 0.0435848 6
    endloop
  endfacet
  facet normal -0.321435 -0.946932 -0
    outer loop
      vertex 2.17178 -0.0909624 6
      vertex 1.77541 0.0435848 2
      vertex 2.17178 -0.0909624 2
    endloop
  endfacet
  facet normal -0.980786 -0.195088 0
    outer loop
      vertex -0.0909624 2.17178 2
      vertex -0.172623 2.58232 6
      vertex -0.172623 2.58232 2
    endloop
  endfacet
  facet normal -0.980786 -0.195088 0
    outer loop
      vertex -0.172623 2.58232 6
      vertex -0.0909624 2.17178 2
      vertex -0.0909624 2.17178 6
    endloop
  endfacet
  facet normal 0.659353 -0.751833 0
    outer loop
      vertex 4.94804 0.461268 2
      vertex 5.26274 0.737258 6
      vertex 4.94804 0.461268 6
    endloop
  endfacet
  facet normal 0.659353 -0.751833 0
    outer loop
      vertex 5.26274 0.737258 6
      vertex 4.94804 0.461268 2
      vertex 5.26274 0.737258 2
    endloop
  endfacet
  facet normal -0.065405 -0.997859 0
    outer loop
      vertex 2.58232 -0.172623 2
      vertex 3 -0.2 6
      vertex 2.58232 -0.172623 6
    endloop
  endfacet
  facet normal -0.065405 -0.997859 -0
    outer loop
      vertex 3 -0.2 6
      vertex 2.58232 -0.172623 2
      vertex 3 -0.2 2
    endloop
  endfacet
  facet normal -0.555565 -0.831473 0
    outer loop
      vertex 1.05196 0.461268 2
      vertex 1.4 0.228718 6
      vertex 1.05196 0.461268 6
    endloop
  endfacet
  facet normal -0.555565 -0.831473 -0
    outer loop
      vertex 1.4 0.228718 6
      vertex 1.05196 0.461268 2
      vertex 1.4 0.228718 2
    endloop
  endfacet
  facet normal -0.659351 -0.751835 0
    outer loop
      vertex 0.737258 0.737258 2
      vertex 1.05196 0.461268 6
      vertex 0.737258 0.737258 6
    endloop
  endfacet
  facet normal -0.659351 -0.751835 -0
    outer loop
      vertex 1.05196 0.461268 6
      vertex 0.737258 0.737258 2
      vertex 1.05196 0.461268 2
    endloop
  endfacet
  facet normal -0.946932 -0.321435 0
    outer loop
      vertex 0.0435848 1.77541 2
      vertex -0.0909624 2.17178 6
      vertex -0.0909624 2.17178 2
    endloop
  endfacet
  facet normal -0.946932 -0.321435 0
    outer loop
      vertex -0.0909624 2.17178 6
      vertex 0.0435848 1.77541 2
      vertex 0.0435848 1.77541 6
    endloop
  endfacet
  facet normal 0.751835 -0.659351 0
    outer loop
      vertex 5.26274 0.737258 6
      vertex 5.53873 1.05196 2
      vertex 5.53873 1.05196 6
    endloop
  endfacet
  facet normal 0.751835 -0.659351 0
    outer loop
      vertex 5.53873 1.05196 2
      vertex 5.26274 0.737258 6
      vertex 5.26274 0.737258 2
    endloop
  endfacet
  facet normal -0.442292 -0.896871 0
    outer loop
      vertex 1.4 0.228718 2
      vertex 1.77541 0.0435848 6
      vertex 1.4 0.228718 6
    endloop
  endfacet
  facet normal -0.442292 -0.896871 -0
    outer loop
      vertex 1.77541 0.0435848 6
      vertex 1.4 0.228718 2
      vertex 1.77541 0.0435848 2
    endloop
  endfacet
  facet normal 0.997859 0.0654091 0
    outer loop
      vertex 6.2 31 6
      vertex 6.17262 31.4177 2
      vertex 6.17262 31.4177 6
    endloop
  endfacet
  facet normal 0.997859 0.0654091 0
    outer loop
      vertex 6.17262 31.4177 2
      vertex 6.2 31 6
      vertex 6.2 31 2
    endloop
  endfacet
  facet normal -0.0654598 0.997855 0
    outer loop
      vertex 3 34.2 2
      vertex 2.58232 34.1726 6
      vertex 3 34.2 6
    endloop
  endfacet
  facet normal -0.0654598 0.997855 0
    outer loop
      vertex 2.58232 34.1726 6
      vertex 3 34.2 2
      vertex 2.58232 34.1726 2
    endloop
  endfacet
  facet normal 0.0654598 -0.997855 0
    outer loop
      vertex 3 27.8 2
      vertex 3.41768 27.8274 6
      vertex 3 27.8 6
    endloop
  endfacet
  facet normal 0.0654598 -0.997855 0
    outer loop
      vertex 3.41768 27.8274 6
      vertex 3 27.8 2
      vertex 3.41768 27.8274 2
    endloop
  endfacet
  facet normal 0.659367 0.751821 -0
    outer loop
      vertex 5.26274 33.2627 2
      vertex 4.94804 33.5387 6
      vertex 5.26274 33.2627 6
    endloop
  endfacet
  facet normal 0.659367 0.751821 0
    outer loop
      vertex 4.94804 33.5387 6
      vertex 5.26274 33.2627 2
      vertex 4.94804 33.5387 2
    endloop
  endfacet
  facet normal -0.751833 0.659353 0
    outer loop
      vertex 0.461268 32.948 2
      vertex 0.737258 33.2627 6
      vertex 0.737258 33.2627 2
    endloop
  endfacet
  facet normal -0.751833 0.659353 0
    outer loop
      vertex 0.737258 33.2627 6
      vertex 0.461268 32.948 2
      vertex 0.461268 32.948 6
    endloop
  endfacet
  facet normal -0.442228 0.896903 0
    outer loop
      vertex 1.77541 33.9564 2
      vertex 1.4 33.7713 6
      vertex 1.77541 33.9564 6
    endloop
  endfacet
  facet normal -0.442228 0.896903 0
    outer loop
      vertex 1.4 33.7713 6
      vertex 1.77541 33.9564 2
      vertex 1.4 33.7713 2
    endloop
  endfacet
  facet normal 0.89687 0.442295 0
    outer loop
      vertex 5.95641 32.2246 6
      vertex 5.77128 32.6 2
      vertex 5.77128 32.6 6
    endloop
  endfacet
  facet normal 0.89687 0.442295 0
    outer loop
      vertex 5.77128 32.6 2
      vertex 5.95641 32.2246 6
      vertex 5.95641 32.2246 2
    endloop
  endfacet
  facet normal 0.980782 0.195105 0
    outer loop
      vertex 6.17262 31.4177 6
      vertex 6.09096 31.8282 2
      vertex 6.09096 31.8282 6
    endloop
  endfacet
  facet normal 0.980782 0.195105 0
    outer loop
      vertex 6.09096 31.8282 2
      vertex 6.17262 31.4177 6
      vertex 6.17262 31.4177 2
    endloop
  endfacet
  facet normal 0.831443 0.55561 0
    outer loop
      vertex 5.77128 32.6 6
      vertex 5.53873 32.948 2
      vertex 5.53873 32.948 6
    endloop
  endfacet
  facet normal 0.831443 0.55561 0
    outer loop
      vertex 5.53873 32.948 2
      vertex 5.77128 32.6 6
      vertex 5.77128 32.6 2
    endloop
  endfacet
  facet normal 0.321548 0.946893 -0
    outer loop
      vertex 4.22459 33.9564 2
      vertex 3.82822 34.091 6
      vertex 4.22459 33.9564 6
    endloop
  endfacet
  facet normal 0.321548 0.946893 0
    outer loop
      vertex 3.82822 34.091 6
      vertex 4.22459 33.9564 2
      vertex 3.82822 34.091 2
    endloop
  endfacet
  facet normal 0.555648 0.831418 -0
    outer loop
      vertex 4.94804 33.5387 2
      vertex 4.6 33.7713 6
      vertex 4.94804 33.5387 6
    endloop
  endfacet
  facet normal 0.555648 0.831418 0
    outer loop
      vertex 4.6 33.7713 6
      vertex 4.94804 33.5387 2
      vertex 4.6 33.7713 2
    endloop
  endfacet
  facet normal -0.946939 0.321413 0
    outer loop
      vertex -0.0909624 31.8282 2
      vertex 0.0435848 32.2246 6
      vertex 0.0435848 32.2246 2
    endloop
  endfacet
  facet normal -0.946939 0.321413 0
    outer loop
      vertex 0.0435848 32.2246 6
      vertex -0.0909624 31.8282 2
      vertex -0.0909624 31.8282 6
    endloop
  endfacet
  facet normal -0.896867 0.442301 0
    outer loop
      vertex 0.0435848 32.2246 2
      vertex 0.228718 32.6 6
      vertex 0.228718 32.6 2
    endloop
  endfacet
  facet normal -0.896867 0.442301 0
    outer loop
      vertex 0.228718 32.6 6
      vertex 0.0435848 32.2246 2
      vertex 0.0435848 32.2246 6
    endloop
  endfacet
  facet normal -0.555648 0.831418 0
    outer loop
      vertex 1.4 33.7713 2
      vertex 1.05196 33.5387 6
      vertex 1.4 33.7713 6
    endloop
  endfacet
  facet normal -0.555648 0.831418 0
    outer loop
      vertex 1.05196 33.5387 6
      vertex 1.4 33.7713 2
      vertex 1.05196 33.5387 2
    endloop
  endfacet
  facet normal -0.194949 0.980813 0
    outer loop
      vertex 2.58232 34.1726 2
      vertex 2.17178 34.091 6
      vertex 2.58232 34.1726 6
    endloop
  endfacet
  facet normal -0.194949 0.980813 0
    outer loop
      vertex 2.17178 34.091 6
      vertex 2.58232 34.1726 2
      vertex 2.17178 34.091 2
    endloop
  endfacet
  facet normal 0.194949 -0.980813 0
    outer loop
      vertex 3.41768 27.8274 2
      vertex 3.82822 27.909 6
      vertex 3.41768 27.8274 6
    endloop
  endfacet
  facet normal 0.194949 -0.980813 0
    outer loop
      vertex 3.82822 27.909 6
      vertex 3.41768 27.8274 2
      vertex 3.82822 27.909 2
    endloop
  endfacet
  facet normal 0.946937 0.321419 0
    outer loop
      vertex 6.09096 31.8282 6
      vertex 5.95641 32.2246 2
      vertex 5.95641 32.2246 6
    endloop
  endfacet
  facet normal 0.946937 0.321419 0
    outer loop
      vertex 5.95641 32.2246 2
      vertex 6.09096 31.8282 6
      vertex 6.09096 31.8282 2
    endloop
  endfacet
  facet normal 0.751833 0.659353 0
    outer loop
      vertex 5.53873 32.948 6
      vertex 5.26274 33.2627 2
      vertex 5.26274 33.2627 6
    endloop
  endfacet
  facet normal 0.751833 0.659353 0
    outer loop
      vertex 5.26274 33.2627 2
      vertex 5.53873 32.948 6
      vertex 5.53873 32.948 2
    endloop
  endfacet
  facet normal 0.194949 0.980813 -0
    outer loop
      vertex 3.82822 34.091 2
      vertex 3.41768 34.1726 6
      vertex 3.82822 34.091 6
    endloop
  endfacet
  facet normal 0.194949 0.980813 0
    outer loop
      vertex 3.41768 34.1726 6
      vertex 3.82822 34.091 2
      vertex 3.41768 34.1726 2
    endloop
  endfacet
  facet normal 0.0654598 0.997855 -0
    outer loop
      vertex 3.41768 34.1726 2
      vertex 3 34.2 6
      vertex 3.41768 34.1726 6
    endloop
  endfacet
  facet normal 0.0654598 0.997855 0
    outer loop
      vertex 3 34.2 6
      vertex 3.41768 34.1726 2
      vertex 3 34.2 2
    endloop
  endfacet
  facet normal -0.997859 0.0654019 0
    outer loop
      vertex -0.2 31 2
      vertex -0.172623 31.4177 6
      vertex -0.172623 31.4177 2
    endloop
  endfacet
  facet normal -0.997859 0.0654019 0
    outer loop
      vertex -0.172623 31.4177 6
      vertex -0.2 31 2
      vertex -0.2 31 6
    endloop
  endfacet
  facet normal -0.997859 -0.0654019 0
    outer loop
      vertex -0.172623 30.5823 2
      vertex -0.2 31 6
      vertex -0.2 31 2
    endloop
  endfacet
  facet normal -0.997859 -0.0654019 0
    outer loop
      vertex -0.2 31 6
      vertex -0.172623 30.5823 2
      vertex -0.172623 30.5823 6
    endloop
  endfacet
  facet normal -0.321548 0.946893 0
    outer loop
      vertex 2.17178 34.091 2
      vertex 1.77541 33.9564 6
      vertex 2.17178 34.091 6
    endloop
  endfacet
  facet normal -0.321548 0.946893 0
    outer loop
      vertex 1.77541 33.9564 6
      vertex 2.17178 34.091 2
      vertex 1.77541 33.9564 2
    endloop
  endfacet
  facet normal 0.831443 -0.55561 0
    outer loop
      vertex 5.53873 29.052 6
      vertex 5.77128 29.4 2
      vertex 5.77128 29.4 6
    endloop
  endfacet
  facet normal 0.831443 -0.55561 0
    outer loop
      vertex 5.77128 29.4 2
      vertex 5.53873 29.052 6
      vertex 5.53873 29.052 2
    endloop
  endfacet
  facet normal 0.980782 -0.195105 0
    outer loop
      vertex 6.09096 30.1718 6
      vertex 6.17262 30.5823 2
      vertex 6.17262 30.5823 6
    endloop
  endfacet
  facet normal 0.980782 -0.195105 0
    outer loop
      vertex 6.17262 30.5823 2
      vertex 6.09096 30.1718 6
      vertex 6.09096 30.1718 2
    endloop
  endfacet
  facet normal -0.321548 -0.946893 0
    outer loop
      vertex 1.77541 28.0436 2
      vertex 2.17178 27.909 6
      vertex 1.77541 28.0436 6
    endloop
  endfacet
  facet normal -0.321548 -0.946893 -0
    outer loop
      vertex 2.17178 27.909 6
      vertex 1.77541 28.0436 2
      vertex 2.17178 27.909 2
    endloop
  endfacet
  facet normal -0.831443 -0.55561 0
    outer loop
      vertex 0.461268 29.052 2
      vertex 0.228718 29.4 6
      vertex 0.228718 29.4 2
    endloop
  endfacet
  facet normal -0.831443 -0.55561 0
    outer loop
      vertex 0.228718 29.4 6
      vertex 0.461268 29.052 2
      vertex 0.461268 29.052 6
    endloop
  endfacet
  facet normal 0.555648 -0.831418 0
    outer loop
      vertex 4.6 28.2287 2
      vertex 4.94804 28.4613 6
      vertex 4.6 28.2287 6
    endloop
  endfacet
  facet normal 0.555648 -0.831418 0
    outer loop
      vertex 4.94804 28.4613 6
      vertex 4.6 28.2287 2
      vertex 4.94804 28.4613 2
    endloop
  endfacet
  facet normal 0.442228 -0.896903 0
    outer loop
      vertex 4.22459 28.0436 2
      vertex 4.6 28.2287 6
      vertex 4.22459 28.0436 6
    endloop
  endfacet
  facet normal 0.442228 -0.896903 0
    outer loop
      vertex 4.6 28.2287 6
      vertex 4.22459 28.0436 2
      vertex 4.6 28.2287 2
    endloop
  endfacet
  facet normal 0.442228 0.896903 -0
    outer loop
      vertex 4.6 33.7713 2
      vertex 4.22459 33.9564 6
      vertex 4.6 33.7713 6
    endloop
  endfacet
  facet normal 0.442228 0.896903 0
    outer loop
      vertex 4.22459 33.9564 6
      vertex 4.6 33.7713 2
      vertex 4.22459 33.9564 2
    endloop
  endfacet
  facet normal -0.831443 0.55561 0
    outer loop
      vertex 0.228718 32.6 2
      vertex 0.461268 32.948 6
      vertex 0.461268 32.948 2
    endloop
  endfacet
  facet normal -0.831443 0.55561 0
    outer loop
      vertex 0.461268 32.948 6
      vertex 0.228718 32.6 2
      vertex 0.228718 32.6 6
    endloop
  endfacet
  facet normal 0 0 1
    outer loop
      vertex 6.17262 31.4177 6
      vertex 6.17262 30.5823 6
      vertex 6.2 31 6
    endloop
  endfacet
  facet normal 0 0 1
    outer loop
      vertex 6.09096 31.8282 6
      vertex 6.17262 30.5823 6
      vertex 6.17262 31.4177 6
    endloop
  endfacet
  facet normal 0 0 1
    outer loop
      vertex 6.09096 31.8282 6
      vertex 6.09096 30.1718 6
      vertex 6.17262 30.5823 6
    endloop
  endfacet
  facet normal 0 0 1
    outer loop
      vertex 5.95641 32.2246 6
      vertex 6.09096 30.1718 6
      vertex 6.09096 31.8282 6
    endloop
  endfacet
  facet normal 0 0 1
    outer loop
      vertex 5.95641 32.2246 6
      vertex 5.95641 29.7754 6
      vertex 6.09096 30.1718 6
    endloop
  endfacet
  facet normal 0 0 1
    outer loop
      vertex 5.77128 32.6 6
      vertex 5.95641 29.7754 6
      vertex 5.95641 32.2246 6
    endloop
  endfacet
  facet normal 0 0 1
    outer loop
      vertex 5.77128 32.6 6
      vertex 5.77128 29.4 6
      vertex 5.95641 29.7754 6
    endloop
  endfacet
  facet normal 0 0 1
    outer loop
      vertex 5.53873 32.948 6
      vertex 5.77128 29.4 6
      vertex 5.77128 32.6 6
    endloop
  endfacet
  facet normal 0 0 1
    outer loop
      vertex 5.53873 32.948 6
      vertex 5.53873 29.052 6
      vertex 5.77128 29.4 6
    endloop
  endfacet
  facet normal 0 0 1
    outer loop
      vertex 5.26274 33.2627 6
      vertex 5.53873 29.052 6
      vertex 5.53873 32.948 6
    endloop
  endfacet
  facet normal 0 0 1
    outer loop
      vertex 5.26274 33.2627 6
      vertex 5.26274 28.7373 6
      vertex 5.53873 29.052 6
    endloop
  endfacet
  facet normal 0 0 1
    outer loop
      vertex 4.94804 33.5387 6
      vertex 5.26274 28.7373 6
      vertex 5.26274 33.2627 6
    endloop
  endfacet
  facet normal 0 0 1
    outer loop
      vertex 4.94804 33.5387 6
      vertex 4.94804 28.4613 6
      vertex 5.26274 28.7373 6
    endloop
  endfacet
  facet normal 0 0 1
    outer loop
      vertex 4.6 33.7713 6
      vertex 4.94804 28.4613 6
      vertex 4.94804 33.5387 6
    endloop
  endfacet
  facet normal 0 0 1
    outer loop
      vertex 4.6 33.7713 6
      vertex 4.6 28.2287 6
      vertex 4.94804 28.4613 6
    endloop
  endfacet
  facet normal 0 0 1
    outer loop
      vertex 4.22459 33.9564 6
      vertex 4.6 28.2287 6
      vertex 4.6 33.7713 6
    endloop
  endfacet
  facet normal 0 0 1
    outer loop
      vertex 4.22459 33.9564 6
      vertex 4.22459 28.0436 6
      vertex 4.6 28.2287 6
    endloop
  endfacet
  facet normal 0 0 1
    outer loop
      vertex 3.82822 34.091 6
      vertex 4.22459 28.0436 6
      vertex 4.22459 33.9564 6
    endloop
  endfacet
  facet normal 0 0 1
    outer loop
      vertex 3.82822 34.091 6
      vertex 3.82822 27.909 6
      vertex 4.22459 28.0436 6
    endloop
  endfacet
  facet normal 0 0 1
    outer loop
      vertex 3.41768 34.1726 6
      vertex 3.82822 27.909 6
      vertex 3.82822 34.091 6
    endloop
  endfacet
  facet normal 0 0 1
    outer loop
      vertex 3.41768 34.1726 6
      vertex 3.41768 27.8274 6
      vertex 3.82822 27.909 6
    endloop
  endfacet
  facet normal 0 0 1
    outer loop
      vertex 3 34.2 6
      vertex 3.41768 27.8274 6
      vertex 3.41768 34.1726 6
    endloop
  endfacet
  facet normal 0 0 1
    outer loop
      vertex 3 34.2 6
      vertex 3 27.8 6
      vertex 3.41768 27.8274 6
    endloop
  endfacet
  facet normal -0 0 1
    outer loop
      vertex 2.58232 34.1726 6
      vertex 3 27.8 6
      vertex 3 34.2 6
    endloop
  endfacet
  facet normal 0 0 1
    outer loop
      vertex 2.58232 34.1726 6
      vertex 2.58232 27.8274 6
      vertex 3 27.8 6
    endloop
  endfacet
  facet normal -0 0 1
    outer loop
      vertex 2.17178 34.091 6
      vertex 2.58232 27.8274 6
      vertex 2.58232 34.1726 6
    endloop
  endfacet
  facet normal 0 0 1
    outer loop
      vertex 2.17178 34.091 6
      vertex 2.17178 27.909 6
      vertex 2.58232 27.8274 6
    endloop
  endfacet
  facet normal -0 0 1
    outer loop
      vertex 1.77541 33.9564 6
      vertex 2.17178 27.909 6
      vertex 2.17178 34.091 6
    endloop
  endfacet
  facet normal 0 0 1
    outer loop
      vertex 1.77541 33.9564 6
      vertex 1.77541 28.0436 6
      vertex 2.17178 27.909 6
    endloop
  endfacet
  facet normal -0 0 1
    outer loop
      vertex 1.4 33.7713 6
      vertex 1.77541 28.0436 6
      vertex 1.77541 33.9564 6
    endloop
  endfacet
  facet normal 0 0 1
    outer loop
      vertex 1.4 33.7713 6
      vertex 1.4 28.2287 6
      vertex 1.77541 28.0436 6
    endloop
  endfacet
  facet normal -0 0 1
    outer loop
      vertex 1.05196 33.5387 6
      vertex 1.4 28.2287 6
      vertex 1.4 33.7713 6
    endloop
  endfacet
  facet normal 0 0 1
    outer loop
      vertex 1.05196 33.5387 6
      vertex 1.05196 28.4613 6
      vertex 1.4 28.2287 6
    endloop
  endfacet
  facet normal -0 0 1
    outer loop
      vertex 0.737258 33.2627 6
      vertex 1.05196 28.4613 6
      vertex 1.05196 33.5387 6
    endloop
  endfacet
  facet normal 0 0 1
    outer loop
      vertex 0.737258 33.2627 6
      vertex 0.737258 28.7373 6
      vertex 1.05196 28.4613 6
    endloop
  endfacet
  facet normal -0 0 1
    outer loop
      vertex 0.461268 32.948 6
      vertex 0.737258 28.7373 6
      vertex 0.737258 33.2627 6
    endloop
  endfacet
  facet normal 0 0 1
    outer loop
      vertex 0.461268 32.948 6
      vertex 0.461268 29.052 6
      vertex 0.737258 28.7373 6
    endloop
  endfacet
  facet normal -0 0 1
    outer loop
      vertex 0.228718 32.6 6
      vertex 0.461268 29.052 6
      vertex 0.461268 32.948 6
    endloop
  endfacet
  facet normal 0 0 1
    outer loop
      vertex 0.228718 32.6 6
      vertex 0.228718 29.4 6
      vertex 0.461268 29.052 6
    endloop
  endfacet
  facet normal -0 0 1
    outer loop
      vertex 0.0435848 32.2246 6
      vertex 0.228718 29.4 6
      vertex 0.228718 32.6 6
    endloop
  endfacet
  facet normal 0 0 1
    outer loop
      vertex 0.0435848 32.2246 6
      vertex 0.0435848 29.7754 6
      vertex 0.228718 29.4 6
    endloop
  endfacet
  facet normal -0 0 1
    outer loop
      vertex -0.0909624 31.8282 6
      vertex 0.0435848 29.7754 6
      vertex 0.0435848 32.2246 6
    endloop
  endfacet
  facet normal 0 0 1
    outer loop
      vertex -0.0909624 31.8282 6
      vertex -0.0909624 30.1718 6
      vertex 0.0435848 29.7754 6
    endloop
  endfacet
  facet normal -0 0 1
    outer loop
      vertex -0.172623 31.4177 6
      vertex -0.0909624 30.1718 6
      vertex -0.0909624 31.8282 6
    endloop
  endfacet
  facet normal 0 0 1
    outer loop
      vertex -0.172623 31.4177 6
      vertex -0.172623 30.5823 6
      vertex -0.0909624 30.1718 6
    endloop
  endfacet
  facet normal 0 -0 1
    outer loop
      vertex -0.172623 30.5823 6
      vertex -0.172623 31.4177 6
      vertex -0.2 31 6
    endloop
  endfacet
  facet normal -0.980782 0.195107 0
    outer loop
      vertex -0.172623 31.4177 2
      vertex -0.0909624 31.8282 6
      vertex -0.0909624 31.8282 2
    endloop
  endfacet
  facet normal -0.980782 0.195107 0
    outer loop
      vertex -0.0909624 31.8282 6
      vertex -0.172623 31.4177 2
      vertex -0.172623 31.4177 6
    endloop
  endfacet
  facet normal -0.659364 0.751824 0
    outer loop
      vertex 1.05196 33.5387 2
      vertex 0.737258 33.2627 6
      vertex 1.05196 33.5387 6
    endloop
  endfacet
  facet normal -0.659364 0.751824 0
    outer loop
      vertex 0.737258 33.2627 6
      vertex 1.05196 33.5387 2
      vertex 0.737258 33.2627 2
    endloop
  endfacet
  facet normal 0.946937 -0.321419 0
    outer loop
      vertex 5.95641 29.7754 6
      vertex 6.09096 30.1718 2
      vertex 6.09096 30.1718 6
    endloop
  endfacet
  facet normal 0.946937 -0.321419 0
    outer loop
      vertex 6.09096 30.1718 2
      vertex 5.95641 29.7754 6
      vertex 5.95641 29.7754 2
    endloop
  endfacet
  facet normal 0.89687 -0.442295 0
    outer loop
      vertex 5.77128 29.4 6
      vertex 5.95641 29.7754 2
      vertex 5.95641 29.7754 6
    endloop
  endfacet
  facet normal 0.89687 -0.442295 0
    outer loop
      vertex 5.95641 29.7754 2
      vertex 5.77128 29.4 6
      vertex 5.77128 29.4 2
    endloop
  endfacet
  facet normal 0.997859 -0.0654091 0
    outer loop
      vertex 6.17262 30.5823 6
      vertex 6.2 31 2
      vertex 6.2 31 6
    endloop
  endfacet
  facet normal 0.997859 -0.0654091 0
    outer loop
      vertex 6.2 31 2
      vertex 6.17262 30.5823 6
      vertex 6.17262 30.5823 2
    endloop
  endfacet
  facet normal -0.194949 -0.980813 0
    outer loop
      vertex 2.17178 27.909 2
      vertex 2.58232 27.8274 6
      vertex 2.17178 27.909 6
    endloop
  endfacet
  facet normal -0.194949 -0.980813 -0
    outer loop
      vertex 2.58232 27.8274 6
      vertex 2.17178 27.909 2
      vertex 2.58232 27.8274 2
    endloop
  endfacet
  facet normal -0.555648 -0.831418 0
    outer loop
      vertex 1.05196 28.4613 2
      vertex 1.4 28.2287 6
      vertex 1.05196 28.4613 6
    endloop
  endfacet
  facet normal -0.555648 -0.831418 -0
    outer loop
      vertex 1.4 28.2287 6
      vertex 1.05196 28.4613 2
      vertex 1.4 28.2287 2
    endloop
  endfacet
  facet normal -0.896867 -0.442301 0
    outer loop
      vertex 0.228718 29.4 2
      vertex 0.0435848 29.7754 6
      vertex 0.0435848 29.7754 2
    endloop
  endfacet
  facet normal -0.896867 -0.442301 0
    outer loop
      vertex 0.0435848 29.7754 6
      vertex 0.228718 29.4 2
      vertex 0.228718 29.4 6
    endloop
  endfacet
  facet normal -0.980782 -0.195107 0
    outer loop
      vertex -0.0909624 30.1718 2
      vertex -0.172623 30.5823 6
      vertex -0.172623 30.5823 2
    endloop
  endfacet
  facet normal -0.980782 -0.195107 0
    outer loop
      vertex -0.172623 30.5823 6
      vertex -0.0909624 30.1718 2
      vertex -0.0909624 30.1718 6
    endloop
  endfacet
  facet normal 0.659367 -0.751821 0
    outer loop
      vertex 4.94804 28.4613 2
      vertex 5.26274 28.7373 6
      vertex 4.94804 28.4613 6
    endloop
  endfacet
  facet normal 0.659367 -0.751821 0
    outer loop
      vertex 5.26274 28.7373 6
      vertex 4.94804 28.4613 2
      vertex 5.26274 28.7373 2
    endloop
  endfacet
  facet normal 0.321548 -0.946893 0
    outer loop
      vertex 3.82822 27.909 2
      vertex 4.22459 28.0436 6
      vertex 3.82822 27.909 6
    endloop
  endfacet
  facet normal 0.321548 -0.946893 0
    outer loop
      vertex 4.22459 28.0436 6
      vertex 3.82822 27.909 2
      vertex 4.22459 28.0436 2
    endloop
  endfacet
  facet normal -0.442228 -0.896903 0
    outer loop
      vertex 1.4 28.2287 2
      vertex 1.77541 28.0436 6
      vertex 1.4 28.2287 6
    endloop
  endfacet
  facet normal -0.442228 -0.896903 -0
    outer loop
      vertex 1.77541 28.0436 6
      vertex 1.4 28.2287 2
      vertex 1.77541 28.0436 2
    endloop
  endfacet
  facet normal -0.659364 -0.751824 0
    outer loop
      vertex 0.737258 28.7373 2
      vertex 1.05196 28.4613 6
      vertex 0.737258 28.7373 6
    endloop
  endfacet
  facet normal -0.659364 -0.751824 -0
    outer loop
      vertex 1.05196 28.4613 6
      vertex 0.737258 28.7373 2
      vertex 1.05196 28.4613 2
    endloop
  endfacet
  facet normal -0.751833 -0.659353 0
    outer loop
      vertex 0.737258 28.7373 2
      vertex 0.461268 29.052 6
      vertex 0.461268 29.052 2
    endloop
  endfacet
  facet normal -0.751833 -0.659353 0
    outer loop
      vertex 0.461268 29.052 6
      vertex 0.737258 28.7373 2
      vertex 0.737258 28.7373 6
    endloop
  endfacet
  facet normal -0.946939 -0.321413 0
    outer loop
      vertex 0.0435848 29.7754 2
      vertex -0.0909624 30.1718 6
      vertex -0.0909624 30.1718 2
    endloop
  endfacet
  facet normal -0.946939 -0.321413 0
    outer loop
      vertex -0.0909624 30.1718 6
      vertex 0.0435848 29.7754 2
      vertex 0.0435848 29.7754 6
    endloop
  endfacet
  facet normal 0.751833 -0.659353 0
    outer loop
      vertex 5.26274 28.7373 6
      vertex 5.53873 29.052 2
      vertex 5.53873 29.052 6
    endloop
  endfacet
  facet normal 0.751833 -0.659353 0
    outer loop
      vertex 5.53873 29.052 2
      vertex 5.26274 28.7373 6
      vertex 5.26274 28.7373 2
    endloop
  endfacet
  facet normal -0.0654598 -0.997855 0
    outer loop
      vertex 2.58232 27.8274 2
      vertex 3 27.8 6
      vertex 2.58232 27.8274 6
    endloop
  endfacet
  facet normal -0.0654598 -0.997855 -0
    outer loop
      vertex 3 27.8 6
      vertex 2.58232 27.8274 2
      vertex 3 27.8 2
    endloop
  endfacet
  facet normal -0.997872 -0.0652086 0
    outer loop
      vertex 59.25 4.55 1.9
      vertex 59.2355 4.77189 6
      vertex 59.2355 4.77189 1.9
    endloop
  endfacet
  facet normal -0.997872 -0.0652086 0
    outer loop
      vertex 59.2355 4.77189 6
      vertex 59.25 4.55 1.9
      vertex 59.25 4.55 6
    endloop
  endfacet
  facet normal 0.997872 0.0652057 0
    outer loop
      vertex 55.8645 4.3281 6
      vertex 55.85 4.55 1.9
      vertex 55.85 4.55 6
    endloop
  endfacet
  facet normal 0.997872 0.0652057 0
    outer loop
      vertex 55.85 4.55 1.9
      vertex 55.8645 4.3281 6
      vertex 55.8645 4.3281 1.9
    endloop
  endfacet
  facet normal 0.0653848 -0.99786 0
    outer loop
      vertex 57.3281 6.23546 1.9
      vertex 57.55 6.25 6
      vertex 57.3281 6.23546 6
    endloop
  endfacet
  facet normal 0.0653848 -0.99786 0
    outer loop
      vertex 57.55 6.25 6
      vertex 57.3281 6.23546 1.9
      vertex 57.55 6.25 1.9
    endloop
  endfacet
  facet normal -0.659319 -0.751863 0
    outer loop
      vertex 58.5849 5.8987 1.9
      vertex 58.7521 5.75208 6
      vertex 58.5849 5.8987 6
    endloop
  endfacet
  facet normal -0.659319 -0.751863 -0
    outer loop
      vertex 58.7521 5.75208 6
      vertex 58.5849 5.8987 1.9
      vertex 58.7521 5.75208 1.9
    endloop
  endfacet
  facet normal 0.751888 -0.659291 0
    outer loop
      vertex 56.2013 5.58489 6
      vertex 56.3479 5.75208 1.9
      vertex 56.3479 5.75208 6
    endloop
  endfacet
  facet normal 0.751888 -0.659291 0
    outer loop
      vertex 56.3479 5.75208 1.9
      vertex 56.2013 5.58489 6
      vertex 56.2013 5.58489 1.9
    endloop
  endfacet
  facet normal 0.442349 -0.896843 0
    outer loop
      vertex 56.7 6.02224 1.9
      vertex 56.8994 6.12059 6
      vertex 56.7 6.02224 6
    endloop
  endfacet
  facet normal 0.442349 -0.896843 0
    outer loop
      vertex 56.8994 6.12059 6
      vertex 56.7 6.02224 1.9
      vertex 56.8994 6.12059 1.9
    endloop
  endfacet
  facet normal 0.946901 0.321525 0
    outer loop
      vertex 55.9794 3.89944 6
      vertex 55.9079 4.11001 1.9
      vertex 55.9079 4.11001 6
    endloop
  endfacet
  facet normal 0.946901 0.321525 0
    outer loop
      vertex 55.9079 4.11001 1.9
      vertex 55.9794 3.89944 6
      vertex 55.9794 3.89944 1.9
    endloop
  endfacet
  facet normal -0.896789 -0.442459 0
    outer loop
      vertex 59.1206 5.20056 1.9
      vertex 59.0222 5.4 6
      vertex 59.0222 5.4 1.9
    endloop
  endfacet
  facet normal -0.896789 -0.442459 0
    outer loop
      vertex 59.0222 5.4 6
      vertex 59.1206 5.20056 1.9
      vertex 59.1206 5.20056 6
    endloop
  endfacet
  facet normal -0.98077 -0.195165 0
    outer loop
      vertex 59.2355 4.77189 1.9
      vertex 59.1921 4.98999 6
      vertex 59.1921 4.98999 1.9
    endloop
  endfacet
  facet normal -0.98077 -0.195165 0
    outer loop
      vertex 59.1921 4.98999 6
      vertex 59.2355 4.77189 1.9
      vertex 59.2355 4.77189 6
    endloop
  endfacet
  facet normal -0.321403 -0.946943 0
    outer loop
      vertex 57.99 6.19207 1.9
      vertex 58.2006 6.12059 6
      vertex 57.99 6.19207 6
    endloop
  endfacet
  facet normal -0.321403 -0.946943 -0
    outer loop
      vertex 58.2006 6.12059 6
      vertex 57.99 6.19207 1.9
      vertex 58.2006 6.12059 1.9
    endloop
  endfacet
  facet normal -0.442349 -0.896843 0
    outer loop
      vertex 58.2006 6.12059 1.9
      vertex 58.4 6.02224 6
      vertex 58.2006 6.12059 6
    endloop
  endfacet
  facet normal -0.442349 -0.896843 -0
    outer loop
      vertex 58.4 6.02224 6
      vertex 58.2006 6.12059 1.9
      vertex 58.4 6.02224 1.9
    endloop
  endfacet
  facet normal 0.896789 -0.442459 0
    outer loop
      vertex 55.9794 5.20056 6
      vertex 56.0778 5.4 1.9
      vertex 56.0778 5.4 6
    endloop
  endfacet
  facet normal 0.896789 -0.442459 0
    outer loop
      vertex 56.0778 5.4 1.9
      vertex 55.9794 5.20056 6
      vertex 55.9794 5.20056 1.9
    endloop
  endfacet
  facet normal 0.831552 -0.555447 0
    outer loop
      vertex 56.0778 5.4 6
      vertex 56.2013 5.58489 1.9
      vertex 56.2013 5.58489 6
    endloop
  endfacet
  facet normal 0.831552 -0.555447 0
    outer loop
      vertex 56.2013 5.58489 1.9
      vertex 56.0778 5.4 6
      vertex 56.0778 5.4 1.9
    endloop
  endfacet
  facet normal 0.98077 -0.195165 0
    outer loop
      vertex 55.8645 4.77189 6
      vertex 55.9079 4.98999 1.9
      vertex 55.9079 4.98999 6
    endloop
  endfacet
  facet normal 0.98077 -0.195165 0
    outer loop
      vertex 55.9079 4.98999 1.9
      vertex 55.8645 4.77189 6
      vertex 55.8645 4.77189 1.9
    endloop
  endfacet
  facet normal 0.659319 -0.751863 0
    outer loop
      vertex 56.3479 5.75208 1.9
      vertex 56.5151 5.8987 6
      vertex 56.3479 5.75208 6
    endloop
  endfacet
  facet normal 0.659319 -0.751863 0
    outer loop
      vertex 56.5151 5.8987 6
      vertex 56.3479 5.75208 1.9
      vertex 56.5151 5.8987 1.9
    endloop
  endfacet
  facet normal 0.195122 -0.980779 0
    outer loop
      vertex 57.11 6.19207 1.9
      vertex 57.3281 6.23546 6
      vertex 57.11 6.19207 6
    endloop
  endfacet
  facet normal 0.195122 -0.980779 0
    outer loop
      vertex 57.3281 6.23546 6
      vertex 57.11 6.19207 1.9
      vertex 57.3281 6.23546 1.9
    endloop
  endfacet
  facet normal -0.321363 0.946956 0
    outer loop
      vertex 58.2006 2.9794 1.9
      vertex 57.99 2.90793 6
      vertex 58.2006 2.9794 6
    endloop
  endfacet
  facet normal -0.321363 0.946956 0
    outer loop
      vertex 57.99 2.90793 6
      vertex 58.2006 2.9794 1.9
      vertex 57.99 2.90793 1.9
    endloop
  endfacet
  facet normal -0.195122 0.980779 0
    outer loop
      vertex 57.99 2.90793 1.9
      vertex 57.7719 2.86454 6
      vertex 57.99 2.90793 6
    endloop
  endfacet
  facet normal -0.195122 0.980779 0
    outer loop
      vertex 57.7719 2.86454 6
      vertex 57.99 2.90793 1.9
      vertex 57.7719 2.86454 1.9
    endloop
  endfacet
  facet normal -0.896789 0.442459 0
    outer loop
      vertex 59.0222 3.7 1.9
      vertex 59.1206 3.89944 6
      vertex 59.1206 3.89944 1.9
    endloop
  endfacet
  facet normal -0.896789 0.442459 0
    outer loop
      vertex 59.1206 3.89944 6
      vertex 59.0222 3.7 1.9
      vertex 59.0222 3.7 6
    endloop
  endfacet
  facet normal 0.555551 0.831483 -0
    outer loop
      vertex 56.7 3.07776 1.9
      vertex 56.5151 3.2013 6
      vertex 56.7 3.07776 6
    endloop
  endfacet
  facet normal 0.555551 0.831483 0
    outer loop
      vertex 56.5151 3.2013 6
      vertex 56.7 3.07776 1.9
      vertex 56.5151 3.2013 1.9
    endloop
  endfacet
  facet normal 0.195122 0.980779 -0
    outer loop
      vertex 57.3281 2.86454 1.9
      vertex 57.11 2.90793 6
      vertex 57.3281 2.86454 6
    endloop
  endfacet
  facet normal 0.195122 0.980779 0
    outer loop
      vertex 57.11 2.90793 6
      vertex 57.3281 2.86454 1.9
      vertex 57.11 2.90793 1.9
    endloop
  endfacet
  facet normal 0.659319 0.751863 -0
    outer loop
      vertex 56.5151 3.2013 1.9
      vertex 56.3479 3.34792 6
      vertex 56.5151 3.2013 6
    endloop
  endfacet
  facet normal 0.659319 0.751863 0
    outer loop
      vertex 56.3479 3.34792 6
      vertex 56.5151 3.2013 1.9
      vertex 56.3479 3.34792 1.9
    endloop
  endfacet
  facet normal 0.980769 0.195173 0
    outer loop
      vertex 55.9079 4.11001 6
      vertex 55.8645 4.3281 1.9
      vertex 55.8645 4.3281 6
    endloop
  endfacet
  facet normal 0.980769 0.195173 0
    outer loop
      vertex 55.8645 4.3281 1.9
      vertex 55.9079 4.11001 6
      vertex 55.9079 4.11001 1.9
    endloop
  endfacet
  facet normal -0.946901 -0.321525 0
    outer loop
      vertex 59.1921 4.98999 1.9
      vertex 59.1206 5.20056 6
      vertex 59.1206 5.20056 1.9
    endloop
  endfacet
  facet normal -0.946901 -0.321525 0
    outer loop
      vertex 59.1206 5.20056 6
      vertex 59.1921 4.98999 1.9
      vertex 59.1921 4.98999 6
    endloop
  endfacet
  facet normal -0.751888 -0.659291 0
    outer loop
      vertex 58.8987 5.58489 1.9
      vertex 58.7521 5.75208 6
      vertex 58.7521 5.75208 1.9
    endloop
  endfacet
  facet normal -0.751888 -0.659291 0
    outer loop
      vertex 58.7521 5.75208 6
      vertex 58.8987 5.58489 1.9
      vertex 58.8987 5.58489 6
    endloop
  endfacet
  facet normal -0.831552 -0.555447 0
    outer loop
      vertex 59.0222 5.4 1.9
      vertex 58.8987 5.58489 6
      vertex 58.8987 5.58489 1.9
    endloop
  endfacet
  facet normal -0.831552 -0.555447 0
    outer loop
      vertex 58.8987 5.58489 6
      vertex 59.0222 5.4 1.9
      vertex 59.0222 5.4 6
    endloop
  endfacet
  facet normal -0.0653848 -0.99786 0
    outer loop
      vertex 57.55 6.25 1.9
      vertex 57.7719 6.23546 6
      vertex 57.55 6.25 6
    endloop
  endfacet
  facet normal -0.0653848 -0.99786 -0
    outer loop
      vertex 57.7719 6.23546 6
      vertex 57.55 6.25 1.9
      vertex 57.7719 6.23546 1.9
    endloop
  endfacet
  facet normal -0.555551 -0.831483 0
    outer loop
      vertex 58.4 6.02224 1.9
      vertex 58.5849 5.8987 6
      vertex 58.4 6.02224 6
    endloop
  endfacet
  facet normal -0.555551 -0.831483 -0
    outer loop
      vertex 58.5849 5.8987 6
      vertex 58.4 6.02224 1.9
      vertex 58.5849 5.8987 1.9
    endloop
  endfacet
  facet normal 0.946901 -0.321525 0
    outer loop
      vertex 55.9079 4.98999 6
      vertex 55.9794 5.20056 1.9
      vertex 55.9794 5.20056 6
    endloop
  endfacet
  facet normal 0.946901 -0.321525 0
    outer loop
      vertex 55.9794 5.20056 1.9
      vertex 55.9079 4.98999 6
      vertex 55.9079 4.98999 1.9
    endloop
  endfacet
  facet normal 0.997872 -0.0652086 0
    outer loop
      vertex 55.85 4.55 6
      vertex 55.8645 4.77189 1.9
      vertex 55.8645 4.77189 6
    endloop
  endfacet
  facet normal 0.997872 -0.0652086 0
    outer loop
      vertex 55.8645 4.77189 1.9
      vertex 55.85 4.55 6
      vertex 55.85 4.55 1.9
    endloop
  endfacet
  facet normal -0.555551 0.831483 0
    outer loop
      vertex 58.5849 3.2013 1.9
      vertex 58.4 3.07776 6
      vertex 58.5849 3.2013 6
    endloop
  endfacet
  facet normal -0.555551 0.831483 0
    outer loop
      vertex 58.4 3.07776 6
      vertex 58.5849 3.2013 1.9
      vertex 58.4 3.07776 1.9
    endloop
  endfacet
  facet normal -0.751888 0.659291 0
    outer loop
      vertex 58.7521 3.34792 1.9
      vertex 58.8987 3.51511 6
      vertex 58.8987 3.51511 1.9
    endloop
  endfacet
  facet normal -0.751888 0.659291 0
    outer loop
      vertex 58.8987 3.51511 6
      vertex 58.7521 3.34792 1.9
      vertex 58.7521 3.34792 6
    endloop
  endfacet
  facet normal -0.659319 0.751863 0
    outer loop
      vertex 58.7521 3.34792 1.9
      vertex 58.5849 3.2013 6
      vertex 58.7521 3.34792 6
    endloop
  endfacet
  facet normal -0.659319 0.751863 0
    outer loop
      vertex 58.5849 3.2013 6
      vertex 58.7521 3.34792 1.9
      vertex 58.5849 3.2013 1.9
    endloop
  endfacet
  facet normal -0.946901 0.321525 0
    outer loop
      vertex 59.1206 3.89944 1.9
      vertex 59.1921 4.11001 6
      vertex 59.1921 4.11001 1.9
    endloop
  endfacet
  facet normal -0.946901 0.321525 0
    outer loop
      vertex 59.1921 4.11001 6
      vertex 59.1206 3.89944 1.9
      vertex 59.1206 3.89944 6
    endloop
  endfacet
  facet normal -0.831552 0.555447 0
    outer loop
      vertex 58.8987 3.51511 1.9
      vertex 59.0222 3.7 6
      vertex 59.0222 3.7 1.9
    endloop
  endfacet
  facet normal -0.831552 0.555447 0
    outer loop
      vertex 59.0222 3.7 6
      vertex 58.8987 3.51511 1.9
      vertex 58.8987 3.51511 6
    endloop
  endfacet
  facet normal 0.442386 0.896825 -0
    outer loop
      vertex 56.8994 2.9794 1.9
      vertex 56.7 3.07776 6
      vertex 56.8994 2.9794 6
    endloop
  endfacet
  facet normal 0.442386 0.896825 0
    outer loop
      vertex 56.7 3.07776 6
      vertex 56.8994 2.9794 1.9
      vertex 56.7 3.07776 1.9
    endloop
  endfacet
  facet normal 0.321363 0.946956 -0
    outer loop
      vertex 57.11 2.90793 1.9
      vertex 56.8994 2.9794 6
      vertex 57.11 2.90793 6
    endloop
  endfacet
  facet normal 0.321363 0.946956 0
    outer loop
      vertex 56.8994 2.9794 6
      vertex 57.11 2.90793 1.9
      vertex 56.8994 2.9794 1.9
    endloop
  endfacet
  facet normal 0.0653848 0.99786 -0
    outer loop
      vertex 57.55 2.85 1.9
      vertex 57.3281 2.86454 6
      vertex 57.55 2.85 6
    endloop
  endfacet
  facet normal 0.0653848 0.99786 0
    outer loop
      vertex 57.3281 2.86454 6
      vertex 57.55 2.85 1.9
      vertex 57.3281 2.86454 1.9
    endloop
  endfacet
  facet normal 0.831552 0.555447 0
    outer loop
      vertex 56.2013 3.51511 6
      vertex 56.0778 3.7 1.9
      vertex 56.0778 3.7 6
    endloop
  endfacet
  facet normal 0.831552 0.555447 0
    outer loop
      vertex 56.0778 3.7 1.9
      vertex 56.2013 3.51511 6
      vertex 56.2013 3.51511 1.9
    endloop
  endfacet
  facet normal -0.195122 -0.980779 0
    outer loop
      vertex 57.7719 6.23546 1.9
      vertex 57.99 6.19207 6
      vertex 57.7719 6.23546 6
    endloop
  endfacet
  facet normal -0.195122 -0.980779 -0
    outer loop
      vertex 57.99 6.19207 6
      vertex 57.7719 6.23546 1.9
      vertex 57.99 6.19207 1.9
    endloop
  endfacet
  facet normal 0.555551 -0.831483 0
    outer loop
      vertex 56.5151 5.8987 1.9
      vertex 56.7 6.02224 6
      vertex 56.5151 5.8987 6
    endloop
  endfacet
  facet normal 0.555551 -0.831483 0
    outer loop
      vertex 56.7 6.02224 6
      vertex 56.5151 5.8987 1.9
      vertex 56.7 6.02224 1.9
    endloop
  endfacet
  facet normal 0.321403 -0.946943 0
    outer loop
      vertex 56.8994 6.12059 1.9
      vertex 57.11 6.19207 6
      vertex 56.8994 6.12059 6
    endloop
  endfacet
  facet normal 0.321403 -0.946943 0
    outer loop
      vertex 57.11 6.19207 6
      vertex 56.8994 6.12059 1.9
      vertex 57.11 6.19207 1.9
    endloop
  endfacet
  facet normal -0.442386 0.896825 0
    outer loop
      vertex 58.4 3.07776 1.9
      vertex 58.2006 2.9794 6
      vertex 58.4 3.07776 6
    endloop
  endfacet
  facet normal -0.442386 0.896825 0
    outer loop
      vertex 58.2006 2.9794 6
      vertex 58.4 3.07776 1.9
      vertex 58.2006 2.9794 1.9
    endloop
  endfacet
  facet normal -0.980769 0.195173 0
    outer loop
      vertex 59.1921 4.11001 1.9
      vertex 59.2355 4.3281 6
      vertex 59.2355 4.3281 1.9
    endloop
  endfacet
  facet normal -0.980769 0.195173 0
    outer loop
      vertex 59.2355 4.3281 6
      vertex 59.1921 4.11001 1.9
      vertex 59.1921 4.11001 6
    endloop
  endfacet
  facet normal -0.0653848 0.99786 0
    outer loop
      vertex 57.7719 2.86454 1.9
      vertex 57.55 2.85 6
      vertex 57.7719 2.86454 6
    endloop
  endfacet
  facet normal -0.0653848 0.99786 0
    outer loop
      vertex 57.55 2.85 6
      vertex 57.7719 2.86454 1.9
      vertex 57.55 2.85 1.9
    endloop
  endfacet
  facet normal 0.751888 0.659291 0
    outer loop
      vertex 56.3479 3.34792 6
      vertex 56.2013 3.51511 1.9
      vertex 56.2013 3.51511 6
    endloop
  endfacet
  facet normal 0.751888 0.659291 0
    outer loop
      vertex 56.2013 3.51511 1.9
      vertex 56.3479 3.34792 6
      vertex 56.3479 3.34792 1.9
    endloop
  endfacet
  facet normal 0.896789 0.442459 0
    outer loop
      vertex 56.0778 3.7 6
      vertex 55.9794 3.89944 1.9
      vertex 55.9794 3.89944 6
    endloop
  endfacet
  facet normal 0.896789 0.442459 0
    outer loop
      vertex 55.9794 3.89944 1.9
      vertex 56.0778 3.7 6
      vertex 56.0778 3.7 1.9
    endloop
  endfacet
  facet normal -0.997872 0.0652057 0
    outer loop
      vertex 59.2355 4.3281 1.9
      vertex 59.25 4.55 6
      vertex 59.25 4.55 1.9
    endloop
  endfacet
  facet normal -0.997872 0.0652057 0
    outer loop
      vertex 59.25 4.55 6
      vertex 59.2355 4.3281 1.9
      vertex 59.2355 4.3281 6
    endloop
  endfacet
  facet normal -0.55561 -0.831443 0
    outer loop
      vertex 59.15 7.32128 0
      vertex 59.498 7.08873 1.9
      vertex 59.15 7.32128 1.9
    endloop
  endfacet
  facet normal -0.55561 -0.831443 -0
    outer loop
      vertex 59.498 7.08873 1.9
      vertex 59.15 7.32128 0
      vertex 59.498 7.08873 0
    endloop
  endfacet
  facet normal -0.980813 0.194949 0
    outer loop
      vertex 60.641 3.72178 0
      vertex 60.7226 4.13232 1.9
      vertex 60.7226 4.13232 0
    endloop
  endfacet
  facet normal -0.980813 0.194949 0
    outer loop
      vertex 60.7226 4.13232 1.9
      vertex 60.641 3.72178 0
      vertex 60.641 3.72178 1.9
    endloop
  endfacet
  facet normal 0.195105 0.980782 -0
    outer loop
      vertex 57.1323 1.37738 0
      vertex 56.7218 1.45904 1.9
      vertex 57.1323 1.37738 1.9
    endloop
  endfacet
  facet normal 0.195105 0.980782 0
    outer loop
      vertex 56.7218 1.45904 1.9
      vertex 57.1323 1.37738 0
      vertex 56.7218 1.45904 0
    endloop
  endfacet
  facet normal 0.442295 -0.89687 0
    outer loop
      vertex 55.95 7.32128 0
      vertex 56.3254 7.50641 1.9
      vertex 55.95 7.32128 1.9
    endloop
  endfacet
  facet normal 0.442295 -0.89687 0
    outer loop
      vertex 56.3254 7.50641 1.9
      vertex 55.95 7.32128 0
      vertex 56.3254 7.50641 0
    endloop
  endfacet
  facet normal 0.946893 -0.321548 0
    outer loop
      vertex 54.459 5.37822 1.9
      vertex 54.5936 5.77459 0
      vertex 54.5936 5.77459 1.9
    endloop
  endfacet
  facet normal 0.946893 -0.321548 0
    outer loop
      vertex 54.5936 5.77459 0
      vertex 54.459 5.37822 1.9
      vertex 54.459 5.37822 0
    endloop
  endfacet
  facet normal 0.321419 0.946937 -0
    outer loop
      vertex 56.7218 1.45904 0
      vertex 56.3254 1.59359 1.9
      vertex 56.7218 1.45904 1.9
    endloop
  endfacet
  facet normal 0.321419 0.946937 0
    outer loop
      vertex 56.3254 1.59359 1.9
      vertex 56.7218 1.45904 0
      vertex 56.3254 1.59359 0
    endloop
  endfacet
  facet normal -0.896903 -0.442228 0
    outer loop
      vertex 60.5064 5.77459 0
      vertex 60.3213 6.15 1.9
      vertex 60.3213 6.15 0
    endloop
  endfacet
  facet normal -0.896903 -0.442228 0
    outer loop
      vertex 60.3213 6.15 1.9
      vertex 60.5064 5.77459 0
      vertex 60.5064 5.77459 1.9
    endloop
  endfacet
  facet normal -0.831418 -0.555648 0
    outer loop
      vertex 60.3213 6.15 0
      vertex 60.0887 6.49804 1.9
      vertex 60.0887 6.49804 0
    endloop
  endfacet
  facet normal -0.831418 -0.555648 0
    outer loop
      vertex 60.0887 6.49804 1.9
      vertex 60.3213 6.15 0
      vertex 60.3213 6.15 1.9
    endloop
  endfacet
  facet normal -0.659353 -0.751833 0
    outer loop
      vertex 59.498 7.08873 0
      vertex 59.8127 6.81274 1.9
      vertex 59.498 7.08873 1.9
    endloop
  endfacet
  facet normal -0.659353 -0.751833 -0
    outer loop
      vertex 59.8127 6.81274 1.9
      vertex 59.498 7.08873 0
      vertex 59.8127 6.81274 0
    endloop
  endfacet
  facet normal -0.321419 -0.946937 0
    outer loop
      vertex 58.3782 7.64096 0
      vertex 58.7746 7.50641 1.9
      vertex 58.3782 7.64096 1.9
    endloop
  endfacet
  facet normal -0.321419 -0.946937 -0
    outer loop
      vertex 58.7746 7.50641 1.9
      vertex 58.3782 7.64096 0
      vertex 58.7746 7.50641 0
    endloop
  endfacet
  facet normal 0.0654091 -0.997859 0
    outer loop
      vertex 57.1323 7.72262 0
      vertex 57.55 7.75 1.9
      vertex 57.1323 7.72262 1.9
    endloop
  endfacet
  facet normal 0.0654091 -0.997859 0
    outer loop
      vertex 57.55 7.75 1.9
      vertex 57.1323 7.72262 0
      vertex 57.55 7.75 0
    endloop
  endfacet
  facet normal 0.997855 -0.0654598 0
    outer loop
      vertex 54.35 4.55 1.9
      vertex 54.3774 4.96768 0
      vertex 54.3774 4.96768 1.9
    endloop
  endfacet
  facet normal 0.997855 -0.0654598 0
    outer loop
      vertex 54.3774 4.96768 0
      vertex 54.35 4.55 1.9
      vertex 54.35 4.55 0
    endloop
  endfacet
  facet normal 0.831418 -0.555648 0
    outer loop
      vertex 54.7787 6.15 1.9
      vertex 55.0113 6.49804 0
      vertex 55.0113 6.49804 1.9
    endloop
  endfacet
  facet normal 0.831418 -0.555648 0
    outer loop
      vertex 55.0113 6.49804 0
      vertex 54.7787 6.15 1.9
      vertex 54.7787 6.15 0
    endloop
  endfacet
  facet normal 0.55561 -0.831443 0
    outer loop
      vertex 55.602 7.08873 0
      vertex 55.95 7.32128 1.9
      vertex 55.602 7.08873 1.9
    endloop
  endfacet
  facet normal 0.55561 -0.831443 0
    outer loop
      vertex 55.95 7.32128 1.9
      vertex 55.602 7.08873 0
      vertex 55.95 7.32128 0
    endloop
  endfacet
  facet normal 0.321419 -0.946937 0
    outer loop
      vertex 56.3254 7.50641 0
      vertex 56.7218 7.64096 1.9
      vertex 56.3254 7.50641 1.9
    endloop
  endfacet
  facet normal 0.321419 -0.946937 0
    outer loop
      vertex 56.7218 7.64096 1.9
      vertex 56.3254 7.50641 0
      vertex 56.7218 7.64096 0
    endloop
  endfacet
  facet normal -0.997855 -0.0654598 0
    outer loop
      vertex 60.75 4.55 0
      vertex 60.7226 4.96768 1.9
      vertex 60.7226 4.96768 0
    endloop
  endfacet
  facet normal -0.997855 -0.0654598 0
    outer loop
      vertex 60.7226 4.96768 1.9
      vertex 60.75 4.55 0
      vertex 60.75 4.55 1.9
    endloop
  endfacet
  facet normal -0.831418 0.555648 0
    outer loop
      vertex 60.0887 2.60196 0
      vertex 60.3213 2.95 1.9
      vertex 60.3213 2.95 0
    endloop
  endfacet
  facet normal -0.831418 0.555648 0
    outer loop
      vertex 60.3213 2.95 1.9
      vertex 60.0887 2.60196 0
      vertex 60.0887 2.60196 1.9
    endloop
  endfacet
  facet normal -0.946893 0.321548 0
    outer loop
      vertex 60.5064 3.32541 0
      vertex 60.641 3.72178 1.9
      vertex 60.641 3.72178 0
    endloop
  endfacet
  facet normal -0.946893 0.321548 0
    outer loop
      vertex 60.641 3.72178 1.9
      vertex 60.5064 3.32541 0
      vertex 60.5064 3.32541 1.9
    endloop
  endfacet
  facet normal -0.442295 0.89687 0
    outer loop
      vertex 59.15 1.77872 0
      vertex 58.7746 1.59359 1.9
      vertex 59.15 1.77872 1.9
    endloop
  endfacet
  facet normal -0.442295 0.89687 0
    outer loop
      vertex 58.7746 1.59359 1.9
      vertex 59.15 1.77872 0
      vertex 58.7746 1.59359 0
    endloop
  endfacet
  facet normal -0.55561 0.831443 0
    outer loop
      vertex 59.498 2.01127 0
      vertex 59.15 1.77872 1.9
      vertex 59.498 2.01127 1.9
    endloop
  endfacet
  facet normal -0.55561 0.831443 0
    outer loop
      vertex 59.15 1.77872 1.9
      vertex 59.498 2.01127 0
      vertex 59.15 1.77872 0
    endloop
  endfacet
  facet normal 0.0654091 0.997859 -0
    outer loop
      vertex 57.55 1.35 0
      vertex 57.1323 1.37738 1.9
      vertex 57.55 1.35 1.9
    endloop
  endfacet
  facet normal 0.0654091 0.997859 0
    outer loop
      vertex 57.1323 1.37738 1.9
      vertex 57.55 1.35 0
      vertex 57.1323 1.37738 0
    endloop
  endfacet
  facet normal 0.55561 0.831443 -0
    outer loop
      vertex 55.95 1.77872 0
      vertex 55.602 2.01127 1.9
      vertex 55.95 1.77872 1.9
    endloop
  endfacet
  facet normal 0.55561 0.831443 0
    outer loop
      vertex 55.602 2.01127 1.9
      vertex 55.95 1.77872 0
      vertex 55.602 2.01127 0
    endloop
  endfacet
  facet normal 0.831418 0.555648 0
    outer loop
      vertex 55.0113 2.60196 1.9
      vertex 54.7787 2.95 0
      vertex 54.7787 2.95 1.9
    endloop
  endfacet
  facet normal 0.831418 0.555648 0
    outer loop
      vertex 54.7787 2.95 0
      vertex 55.0113 2.60196 1.9
      vertex 55.0113 2.60196 0
    endloop
  endfacet
  facet normal -0.980813 -0.194949 0
    outer loop
      vertex 60.7226 4.96768 0
      vertex 60.641 5.37822 1.9
      vertex 60.641 5.37822 0
    endloop
  endfacet
  facet normal -0.980813 -0.194949 0
    outer loop
      vertex 60.641 5.37822 1.9
      vertex 60.7226 4.96768 0
      vertex 60.7226 4.96768 1.9
    endloop
  endfacet
  facet normal -0.946893 -0.321548 0
    outer loop
      vertex 60.641 5.37822 0
      vertex 60.5064 5.77459 1.9
      vertex 60.5064 5.77459 0
    endloop
  endfacet
  facet normal -0.946893 -0.321548 0
    outer loop
      vertex 60.5064 5.77459 1.9
      vertex 60.641 5.37822 0
      vertex 60.641 5.37822 1.9
    endloop
  endfacet
  facet normal -0.751821 -0.659367 0
    outer loop
      vertex 60.0887 6.49804 0
      vertex 59.8127 6.81274 1.9
      vertex 59.8127 6.81274 0
    endloop
  endfacet
  facet normal -0.751821 -0.659367 0
    outer loop
      vertex 59.8127 6.81274 1.9
      vertex 60.0887 6.49804 0
      vertex 60.0887 6.49804 1.9
    endloop
  endfacet
  facet normal -0.442295 -0.89687 0
    outer loop
      vertex 58.7746 7.50641 0
      vertex 59.15 7.32128 1.9
      vertex 58.7746 7.50641 1.9
    endloop
  endfacet
  facet normal -0.442295 -0.89687 -0
    outer loop
      vertex 59.15 7.32128 1.9
      vertex 58.7746 7.50641 0
      vertex 59.15 7.32128 0
    endloop
  endfacet
  facet normal -0.195105 -0.980782 0
    outer loop
      vertex 57.9677 7.72262 0
      vertex 58.3782 7.64096 1.9
      vertex 57.9677 7.72262 1.9
    endloop
  endfacet
  facet normal -0.195105 -0.980782 -0
    outer loop
      vertex 58.3782 7.64096 1.9
      vertex 57.9677 7.72262 0
      vertex 58.3782 7.64096 0
    endloop
  endfacet
  facet normal -0.0654091 -0.997859 0
    outer loop
      vertex 57.55 7.75 0
      vertex 57.9677 7.72262 1.9
      vertex 57.55 7.75 1.9
    endloop
  endfacet
  facet normal -0.0654091 -0.997859 -0
    outer loop
      vertex 57.9677 7.72262 1.9
      vertex 57.55 7.75 0
      vertex 57.9677 7.72262 0
    endloop
  endfacet
  facet normal 0 0 -1
    outer loop
      vertex 59.25 4.55 1.9
      vertex 60.75 4.55 1.9
      vertex 60.7226 4.13232 1.9
    endloop
  endfacet
  facet normal 0 0 -1
    outer loop
      vertex 59.2355 4.3281 1.9
      vertex 60.7226 4.13232 1.9
      vertex 60.641 3.72178 1.9
    endloop
  endfacet
  facet normal 0 0 -1
    outer loop
      vertex 60.75 4.55 1.9
      vertex 59.25 4.55 1.9
      vertex 60.7226 4.96768 1.9
    endloop
  endfacet
  facet normal 0 0 -1
    outer loop
      vertex 59.1921 4.11001 1.9
      vertex 60.641 3.72178 1.9
      vertex 60.5064 3.32541 1.9
    endloop
  endfacet
  facet normal 0 0 -1
    outer loop
      vertex 59.2355 4.77189 1.9
      vertex 60.7226 4.96768 1.9
      vertex 59.25 4.55 1.9
    endloop
  endfacet
  facet normal 0 0 -1
    outer loop
      vertex 59.1206 3.89944 1.9
      vertex 60.5064 3.32541 1.9
      vertex 60.3213 2.95 1.9
    endloop
  endfacet
  facet normal -0 0 -1
    outer loop
      vertex 60.7226 4.96768 1.9
      vertex 59.2355 4.77189 1.9
      vertex 60.641 5.37822 1.9
    endloop
  endfacet
  facet normal 0 0 -1
    outer loop
      vertex 59.0222 3.7 1.9
      vertex 60.3213 2.95 1.9
      vertex 60.0887 2.60196 1.9
    endloop
  endfacet
  facet normal 0 0 -1
    outer loop
      vertex 59.1921 4.98999 1.9
      vertex 60.641 5.37822 1.9
      vertex 59.2355 4.77189 1.9
    endloop
  endfacet
  facet normal 0 0 -1
    outer loop
      vertex 58.8987 3.51511 1.9
      vertex 60.0887 2.60196 1.9
      vertex 59.8127 2.28726 1.9
    endloop
  endfacet
  facet normal -0 0 -1
    outer loop
      vertex 60.641 5.37822 1.9
      vertex 59.1921 4.98999 1.9
      vertex 60.5064 5.77459 1.9
    endloop
  endfacet
  facet normal 0 0 -1
    outer loop
      vertex 58.7521 3.34792 1.9
      vertex 59.8127 2.28726 1.9
      vertex 59.498 2.01127 1.9
    endloop
  endfacet
  facet normal 0 0 -1
    outer loop
      vertex 59.1206 5.20056 1.9
      vertex 60.5064 5.77459 1.9
      vertex 59.1921 4.98999 1.9
    endloop
  endfacet
  facet normal -0 0 -1
    outer loop
      vertex 60.5064 5.77459 1.9
      vertex 59.1206 5.20056 1.9
      vertex 60.3213 6.15 1.9
    endloop
  endfacet
  facet normal 0 0 -1
    outer loop
      vertex 60.7226 4.13232 1.9
      vertex 59.2355 4.3281 1.9
      vertex 59.25 4.55 1.9
    endloop
  endfacet
  facet normal 0 0 -1
    outer loop
      vertex 60.641 3.72178 1.9
      vertex 59.1921 4.11001 1.9
      vertex 59.2355 4.3281 1.9
    endloop
  endfacet
  facet normal 0 0 -1
    outer loop
      vertex 58.5849 3.2013 1.9
      vertex 59.498 2.01127 1.9
      vertex 59.15 1.77872 1.9
    endloop
  endfacet
  facet normal 0 0 -1
    outer loop
      vertex 60.5064 3.32541 1.9
      vertex 59.1206 3.89944 1.9
      vertex 59.1921 4.11001 1.9
    endloop
  endfacet
  facet normal 0 0 -1
    outer loop
      vertex 60.3213 2.95 1.9
      vertex 59.0222 3.7 1.9
      vertex 59.1206 3.89944 1.9
    endloop
  endfacet
  facet normal 0 0 -1
    outer loop
      vertex 60.0887 2.60196 1.9
      vertex 58.8987 3.51511 1.9
      vertex 59.0222 3.7 1.9
    endloop
  endfacet
  facet normal 0 0 -1
    outer loop
      vertex 58.4 3.07776 1.9
      vertex 59.15 1.77872 1.9
      vertex 58.7746 1.59359 1.9
    endloop
  endfacet
  facet normal 0 0 -1
    outer loop
      vertex 59.8127 2.28726 1.9
      vertex 58.7521 3.34792 1.9
      vertex 58.8987 3.51511 1.9
    endloop
  endfacet
  facet normal 0 0 -1
    outer loop
      vertex 59.498 2.01127 1.9
      vertex 58.5849 3.2013 1.9
      vertex 58.7521 3.34792 1.9
    endloop
  endfacet
  facet normal 0 0 -1
    outer loop
      vertex 59.15 1.77872 1.9
      vertex 58.4 3.07776 1.9
      vertex 58.5849 3.2013 1.9
    endloop
  endfacet
  facet normal 0 0 -1
    outer loop
      vertex 58.2006 2.9794 1.9
      vertex 58.7746 1.59359 1.9
      vertex 58.3782 1.45904 1.9
    endloop
  endfacet
  facet normal 0 0 -1
    outer loop
      vertex 58.7746 1.59359 1.9
      vertex 58.2006 2.9794 1.9
      vertex 58.4 3.07776 1.9
    endloop
  endfacet
  facet normal 0 0 -1
    outer loop
      vertex 58.3782 1.45904 1.9
      vertex 57.99 2.90793 1.9
      vertex 58.2006 2.9794 1.9
    endloop
  endfacet
  facet normal 0 0 -1
    outer loop
      vertex 57.9677 1.37738 1.9
      vertex 57.99 2.90793 1.9
      vertex 58.3782 1.45904 1.9
    endloop
  endfacet
  facet normal 0 0 -1
    outer loop
      vertex 57.9677 1.37738 1.9
      vertex 57.7719 2.86454 1.9
      vertex 57.99 2.90793 1.9
    endloop
  endfacet
  facet normal 0 0 -1
    outer loop
      vertex 57.55 1.35 1.9
      vertex 57.7719 2.86454 1.9
      vertex 57.9677 1.37738 1.9
    endloop
  endfacet
  facet normal 0 0 -1
    outer loop
      vertex 57.55 1.35 1.9
      vertex 57.55 2.85 1.9
      vertex 57.7719 2.86454 1.9
    endloop
  endfacet
  facet normal 0 0 -1
    outer loop
      vertex 57.55 1.35 1.9
      vertex 57.3281 2.86454 1.9
      vertex 57.55 2.85 1.9
    endloop
  endfacet
  facet normal 0 0 -1
    outer loop
      vertex 57.1323 1.37738 1.9
      vertex 57.3281 2.86454 1.9
      vertex 57.55 1.35 1.9
    endloop
  endfacet
  facet normal 0 0 -1
    outer loop
      vertex 57.1323 1.37738 1.9
      vertex 57.11 2.90793 1.9
      vertex 57.3281 2.86454 1.9
    endloop
  endfacet
  facet normal 0 0 -1
    outer loop
      vertex 56.7218 1.45904 1.9
      vertex 57.11 2.90793 1.9
      vertex 57.1323 1.37738 1.9
    endloop
  endfacet
  facet normal -0 0 -1
    outer loop
      vertex 57.11 2.90793 1.9
      vertex 56.7218 1.45904 1.9
      vertex 56.8994 2.9794 1.9
    endloop
  endfacet
  facet normal 0 0 -1
    outer loop
      vertex 56.3254 1.59359 1.9
      vertex 56.8994 2.9794 1.9
      vertex 56.7218 1.45904 1.9
    endloop
  endfacet
  facet normal -0 0 -1
    outer loop
      vertex 56.8994 2.9794 1.9
      vertex 56.3254 1.59359 1.9
      vertex 56.7 3.07776 1.9
    endloop
  endfacet
  facet normal 0 0 -1
    outer loop
      vertex 55.95 1.77872 1.9
      vertex 56.7 3.07776 1.9
      vertex 56.3254 1.59359 1.9
    endloop
  endfacet
  facet normal -0 0 -1
    outer loop
      vertex 56.7 3.07776 1.9
      vertex 55.95 1.77872 1.9
      vertex 56.5151 3.2013 1.9
    endloop
  endfacet
  facet normal 0 0 -1
    outer loop
      vertex 55.602 2.01127 1.9
      vertex 56.5151 3.2013 1.9
      vertex 55.95 1.77872 1.9
    endloop
  endfacet
  facet normal -0 0 -1
    outer loop
      vertex 56.5151 3.2013 1.9
      vertex 55.602 2.01127 1.9
      vertex 56.3479 3.34792 1.9
    endloop
  endfacet
  facet normal 0 0 -1
    outer loop
      vertex 55.2873 2.28726 1.9
      vertex 56.3479 3.34792 1.9
      vertex 55.602 2.01127 1.9
    endloop
  endfacet
  facet normal -0 0 -1
    outer loop
      vertex 56.3479 3.34792 1.9
      vertex 55.2873 2.28726 1.9
      vertex 56.2013 3.51511 1.9
    endloop
  endfacet
  facet normal 0 0 -1
    outer loop
      vertex 55.0113 2.60196 1.9
      vertex 56.2013 3.51511 1.9
      vertex 55.2873 2.28726 1.9
    endloop
  endfacet
  facet normal -0 0 -1
    outer loop
      vertex 56.2013 3.51511 1.9
      vertex 55.0113 2.60196 1.9
      vertex 56.0778 3.7 1.9
    endloop
  endfacet
  facet normal 0 0 -1
    outer loop
      vertex 54.7787 2.95 1.9
      vertex 56.0778 3.7 1.9
      vertex 55.0113 2.60196 1.9
    endloop
  endfacet
  facet normal -0 0 -1
    outer loop
      vertex 56.0778 3.7 1.9
      vertex 54.7787 2.95 1.9
      vertex 55.9794 3.89944 1.9
    endloop
  endfacet
  facet normal 0 0 -1
    outer loop
      vertex 59.0222 5.4 1.9
      vertex 60.3213 6.15 1.9
      vertex 59.1206 5.20056 1.9
    endloop
  endfacet
  facet normal -0 0 -1
    outer loop
      vertex 60.3213 6.15 1.9
      vertex 59.0222 5.4 1.9
      vertex 60.0887 6.49804 1.9
    endloop
  endfacet
  facet normal 0 0 -1
    outer loop
      vertex 58.8987 5.58489 1.9
      vertex 60.0887 6.49804 1.9
      vertex 59.0222 5.4 1.9
    endloop
  endfacet
  facet normal -0 0 -1
    outer loop
      vertex 60.0887 6.49804 1.9
      vertex 58.8987 5.58489 1.9
      vertex 59.8127 6.81274 1.9
    endloop
  endfacet
  facet normal 0 0 -1
    outer loop
      vertex 58.7521 5.75208 1.9
      vertex 59.8127 6.81274 1.9
      vertex 58.8987 5.58489 1.9
    endloop
  endfacet
  facet normal -0 0 -1
    outer loop
      vertex 59.8127 6.81274 1.9
      vertex 58.7521 5.75208 1.9
      vertex 59.498 7.08873 1.9
    endloop
  endfacet
  facet normal 0 0 -1
    outer loop
      vertex 58.5849 5.8987 1.9
      vertex 59.498 7.08873 1.9
      vertex 58.7521 5.75208 1.9
    endloop
  endfacet
  facet normal -0 0 -1
    outer loop
      vertex 59.498 7.08873 1.9
      vertex 58.5849 5.8987 1.9
      vertex 59.15 7.32128 1.9
    endloop
  endfacet
  facet normal 0 0 -1
    outer loop
      vertex 58.4 6.02224 1.9
      vertex 59.15 7.32128 1.9
      vertex 58.5849 5.8987 1.9
    endloop
  endfacet
  facet normal -0 0 -1
    outer loop
      vertex 59.15 7.32128 1.9
      vertex 58.4 6.02224 1.9
      vertex 58.7746 7.50641 1.9
    endloop
  endfacet
  facet normal 0 0 -1
    outer loop
      vertex 58.2006 6.12059 1.9
      vertex 58.7746 7.50641 1.9
      vertex 58.4 6.02224 1.9
    endloop
  endfacet
  facet normal -0 0 -1
    outer loop
      vertex 58.7746 7.50641 1.9
      vertex 58.2006 6.12059 1.9
      vertex 58.3782 7.64096 1.9
    endloop
  endfacet
  facet normal 0 0 -1
    outer loop
      vertex 57.99 6.19207 1.9
      vertex 58.3782 7.64096 1.9
      vertex 58.2006 6.12059 1.9
    endloop
  endfacet
  facet normal 0 0 -1
    outer loop
      vertex 57.99 6.19207 1.9
      vertex 57.9677 7.72262 1.9
      vertex 58.3782 7.64096 1.9
    endloop
  endfacet
  facet normal 0 0 -1
    outer loop
      vertex 57.7719 6.23546 1.9
      vertex 57.9677 7.72262 1.9
      vertex 57.99 6.19207 1.9
    endloop
  endfacet
  facet normal 0 0 -1
    outer loop
      vertex 57.55 6.25 1.9
      vertex 57.9677 7.72262 1.9
      vertex 57.7719 6.23546 1.9
    endloop
  endfacet
  facet normal 0 0 -1
    outer loop
      vertex 57.55 6.25 1.9
      vertex 57.55 7.75 1.9
      vertex 57.9677 7.72262 1.9
    endloop
  endfacet
  facet normal 0 0 -1
    outer loop
      vertex 57.3281 6.23546 1.9
      vertex 57.55 7.75 1.9
      vertex 57.55 6.25 1.9
    endloop
  endfacet
  facet normal 0 0 -1
    outer loop
      vertex 57.3281 6.23546 1.9
      vertex 57.1323 7.72262 1.9
      vertex 57.55 7.75 1.9
    endloop
  endfacet
  facet normal 0 0 -1
    outer loop
      vertex 57.11 6.19207 1.9
      vertex 57.1323 7.72262 1.9
      vertex 57.3281 6.23546 1.9
    endloop
  endfacet
  facet normal 0 0 -1
    outer loop
      vertex 56.7218 7.64096 1.9
      vertex 57.11 6.19207 1.9
      vertex 56.8994 6.12059 1.9
    endloop
  endfacet
  facet normal 0 0 -1
    outer loop
      vertex 57.11 6.19207 1.9
      vertex 56.7218 7.64096 1.9
      vertex 57.1323 7.72262 1.9
    endloop
  endfacet
  facet normal 0 0 -1
    outer loop
      vertex 56.3254 7.50641 1.9
      vertex 56.8994 6.12059 1.9
      vertex 56.7 6.02224 1.9
    endloop
  endfacet
  facet normal 0 0 -1
    outer loop
      vertex 55.95 7.32128 1.9
      vertex 56.7 6.02224 1.9
      vertex 56.5151 5.8987 1.9
    endloop
  endfacet
  facet normal 0 0 -1
    outer loop
      vertex 55.602 7.08873 1.9
      vertex 56.5151 5.8987 1.9
      vertex 56.3479 5.75208 1.9
    endloop
  endfacet
  facet normal 0 0 -1
    outer loop
      vertex 56.8994 6.12059 1.9
      vertex 56.3254 7.50641 1.9
      vertex 56.7218 7.64096 1.9
    endloop
  endfacet
  facet normal 0 0 -1
    outer loop
      vertex 55.2873 6.81274 1.9
      vertex 56.3479 5.75208 1.9
      vertex 56.2013 5.58489 1.9
    endloop
  endfacet
  facet normal 0 0 -1
    outer loop
      vertex 55.0113 6.49804 1.9
      vertex 56.2013 5.58489 1.9
      vertex 56.0778 5.4 1.9
    endloop
  endfacet
  facet normal 0 0 -1
    outer loop
      vertex 54.7787 6.15 1.9
      vertex 56.0778 5.4 1.9
      vertex 55.9794 5.20056 1.9
    endloop
  endfacet
  facet normal 0 0 -1
    outer loop
      vertex 56.7 6.02224 1.9
      vertex 55.95 7.32128 1.9
      vertex 56.3254 7.50641 1.9
    endloop
  endfacet
  facet normal 0 0 -1
    outer loop
      vertex 54.5936 5.77459 1.9
      vertex 55.9794 5.20056 1.9
      vertex 55.9079 4.98999 1.9
    endloop
  endfacet
  facet normal 0 0 -1
    outer loop
      vertex 54.459 5.37822 1.9
      vertex 55.9079 4.98999 1.9
      vertex 55.8645 4.77189 1.9
    endloop
  endfacet
  facet normal 0 0 -1
    outer loop
      vertex 54.3774 4.96768 1.9
      vertex 55.8645 4.77189 1.9
      vertex 55.85 4.55 1.9
    endloop
  endfacet
  facet normal 0 0 -1
    outer loop
      vertex 54.5936 3.32541 1.9
      vertex 55.9794 3.89944 1.9
      vertex 54.7787 2.95 1.9
    endloop
  endfacet
  facet normal 0 0 -1
    outer loop
      vertex 56.5151 5.8987 1.9
      vertex 55.602 7.08873 1.9
      vertex 55.95 7.32128 1.9
    endloop
  endfacet
  facet normal -0 0 -1
    outer loop
      vertex 55.9794 3.89944 1.9
      vertex 54.5936 3.32541 1.9
      vertex 55.9079 4.11001 1.9
    endloop
  endfacet
  facet normal 0 0 -1
    outer loop
      vertex 56.3479 5.75208 1.9
      vertex 55.2873 6.81274 1.9
      vertex 55.602 7.08873 1.9
    endloop
  endfacet
  facet normal 0 0 -1
    outer loop
      vertex 54.459 3.72178 1.9
      vertex 55.9079 4.11001 1.9
      vertex 54.5936 3.32541 1.9
    endloop
  endfacet
  facet normal 0 0 -1
    outer loop
      vertex 56.2013 5.58489 1.9
      vertex 55.0113 6.49804 1.9
      vertex 55.2873 6.81274 1.9
    endloop
  endfacet
  facet normal -0 0 -1
    outer loop
      vertex 55.9079 4.11001 1.9
      vertex 54.459 3.72178 1.9
      vertex 55.8645 4.3281 1.9
    endloop
  endfacet
  facet normal 0 0 -1
    outer loop
      vertex 56.0778 5.4 1.9
      vertex 54.7787 6.15 1.9
      vertex 55.0113 6.49804 1.9
    endloop
  endfacet
  facet normal 0 0 -1
    outer loop
      vertex 54.3774 4.13232 1.9
      vertex 55.8645 4.3281 1.9
      vertex 54.459 3.72178 1.9
    endloop
  endfacet
  facet normal 0 0 -1
    outer loop
      vertex 55.9794 5.20056 1.9
      vertex 54.5936 5.77459 1.9
      vertex 54.7787 6.15 1.9
    endloop
  endfacet
  facet normal -0 0 -1
    outer loop
      vertex 55.8645 4.3281 1.9
      vertex 54.3774 4.13232 1.9
      vertex 55.85 4.55 1.9
    endloop
  endfacet
  facet normal 0 0 -1
    outer loop
      vertex 55.9079 4.98999 1.9
      vertex 54.459 5.37822 1.9
      vertex 54.5936 5.77459 1.9
    endloop
  endfacet
  facet normal 0 0 -1
    outer loop
      vertex 54.35 4.55 1.9
      vertex 55.85 4.55 1.9
      vertex 54.3774 4.13232 1.9
    endloop
  endfacet
  facet normal 0 0 -1
    outer loop
      vertex 55.8645 4.77189 1.9
      vertex 54.3774 4.96768 1.9
      vertex 54.459 5.37822 1.9
    endloop
  endfacet
  facet normal 0 0 -1
    outer loop
      vertex 55.85 4.55 1.9
      vertex 54.35 4.55 1.9
      vertex 54.3774 4.96768 1.9
    endloop
  endfacet
  facet normal 0.980813 -0.194949 0
    outer loop
      vertex 54.3774 4.96768 1.9
      vertex 54.459 5.37822 0
      vertex 54.459 5.37822 1.9
    endloop
  endfacet
  facet normal 0.980813 -0.194949 0
    outer loop
      vertex 54.459 5.37822 0
      vertex 54.3774 4.96768 1.9
      vertex 54.3774 4.96768 0
    endloop
  endfacet
  facet normal 0.896903 -0.442228 0
    outer loop
      vertex 54.5936 5.77459 1.9
      vertex 54.7787 6.15 0
      vertex 54.7787 6.15 1.9
    endloop
  endfacet
  facet normal 0.896903 -0.442228 0
    outer loop
      vertex 54.7787 6.15 0
      vertex 54.5936 5.77459 1.9
      vertex 54.5936 5.77459 0
    endloop
  endfacet
  facet normal 0.195105 -0.980782 0
    outer loop
      vertex 56.7218 7.64096 0
      vertex 57.1323 7.72262 1.9
      vertex 56.7218 7.64096 1.9
    endloop
  endfacet
  facet normal 0.195105 -0.980782 0
    outer loop
      vertex 57.1323 7.72262 1.9
      vertex 56.7218 7.64096 0
      vertex 57.1323 7.72262 0
    endloop
  endfacet
  facet normal 0.659353 -0.751833 0
    outer loop
      vertex 55.2873 6.81274 0
      vertex 55.602 7.08873 1.9
      vertex 55.2873 6.81274 1.9
    endloop
  endfacet
  facet normal 0.659353 -0.751833 0
    outer loop
      vertex 55.602 7.08873 1.9
      vertex 55.2873 6.81274 0
      vertex 55.602 7.08873 0
    endloop
  endfacet
  facet normal 0.751821 -0.659367 0
    outer loop
      vertex 55.0113 6.49804 1.9
      vertex 55.2873 6.81274 0
      vertex 55.2873 6.81274 1.9
    endloop
  endfacet
  facet normal 0.751821 -0.659367 0
    outer loop
      vertex 55.2873 6.81274 0
      vertex 55.0113 6.49804 1.9
      vertex 55.0113 6.49804 0
    endloop
  endfacet
  facet normal -0.195105 0.980782 0
    outer loop
      vertex 58.3782 1.45904 0
      vertex 57.9677 1.37738 1.9
      vertex 58.3782 1.45904 1.9
    endloop
  endfacet
  facet normal -0.195105 0.980782 0
    outer loop
      vertex 57.9677 1.37738 1.9
      vertex 58.3782 1.45904 0
      vertex 57.9677 1.37738 0
    endloop
  endfacet
  facet normal -0.659353 0.751833 0
    outer loop
      vertex 59.8127 2.28726 0
      vertex 59.498 2.01127 1.9
      vertex 59.8127 2.28726 1.9
    endloop
  endfacet
  facet normal -0.659353 0.751833 0
    outer loop
      vertex 59.498 2.01127 1.9
      vertex 59.8127 2.28726 0
      vertex 59.498 2.01127 0
    endloop
  endfacet
  facet normal 0.442295 0.89687 -0
    outer loop
      vertex 56.3254 1.59359 0
      vertex 55.95 1.77872 1.9
      vertex 56.3254 1.59359 1.9
    endloop
  endfacet
  facet normal 0.442295 0.89687 0
    outer loop
      vertex 55.95 1.77872 1.9
      vertex 56.3254 1.59359 0
      vertex 55.95 1.77872 0
    endloop
  endfacet
  facet normal 0.896903 0.442228 0
    outer loop
      vertex 54.7787 2.95 1.9
      vertex 54.5936 3.32541 0
      vertex 54.5936 3.32541 1.9
    endloop
  endfacet
  facet normal 0.896903 0.442228 0
    outer loop
      vertex 54.5936 3.32541 0
      vertex 54.7787 2.95 1.9
      vertex 54.7787 2.95 0
    endloop
  endfacet
  facet normal 0.980813 0.194949 0
    outer loop
      vertex 54.459 3.72178 1.9
      vertex 54.3774 4.13232 0
      vertex 54.3774 4.13232 1.9
    endloop
  endfacet
  facet normal 0.980813 0.194949 0
    outer loop
      vertex 54.3774 4.13232 0
      vertex 54.459 3.72178 1.9
      vertex 54.459 3.72178 0
    endloop
  endfacet
  facet normal 0.751821 0.659367 0
    outer loop
      vertex 55.2873 2.28726 1.9
      vertex 55.0113 2.60196 0
      vertex 55.0113 2.60196 1.9
    endloop
  endfacet
  facet normal 0.751821 0.659367 0
    outer loop
      vertex 55.0113 2.60196 0
      vertex 55.2873 2.28726 1.9
      vertex 55.2873 2.28726 0
    endloop
  endfacet
  facet normal 0.997855 0.0654598 0
    outer loop
      vertex 54.3774 4.13232 1.9
      vertex 54.35 4.55 0
      vertex 54.35 4.55 1.9
    endloop
  endfacet
  facet normal 0.997855 0.0654598 0
    outer loop
      vertex 54.35 4.55 0
      vertex 54.3774 4.13232 1.9
      vertex 54.3774 4.13232 0
    endloop
  endfacet
  facet normal -0.997855 0.0654598 0
    outer loop
      vertex 60.7226 4.13232 0
      vertex 60.75 4.55 1.9
      vertex 60.75 4.55 0
    endloop
  endfacet
  facet normal -0.997855 0.0654598 0
    outer loop
      vertex 60.75 4.55 1.9
      vertex 60.7226 4.13232 0
      vertex 60.7226 4.13232 1.9
    endloop
  endfacet
  facet normal -0.896903 0.442228 0
    outer loop
      vertex 60.3213 2.95 0
      vertex 60.5064 3.32541 1.9
      vertex 60.5064 3.32541 0
    endloop
  endfacet
  facet normal -0.896903 0.442228 0
    outer loop
      vertex 60.5064 3.32541 1.9
      vertex 60.3213 2.95 0
      vertex 60.3213 2.95 1.9
    endloop
  endfacet
  facet normal -0.321419 0.946937 0
    outer loop
      vertex 58.7746 1.59359 0
      vertex 58.3782 1.45904 1.9
      vertex 58.7746 1.59359 1.9
    endloop
  endfacet
  facet normal -0.321419 0.946937 0
    outer loop
      vertex 58.3782 1.45904 1.9
      vertex 58.7746 1.59359 0
      vertex 58.3782 1.45904 0
    endloop
  endfacet
  facet normal -0.751821 0.659367 0
    outer loop
      vertex 59.8127 2.28726 0
      vertex 60.0887 2.60196 1.9
      vertex 60.0887 2.60196 0
    endloop
  endfacet
  facet normal -0.751821 0.659367 0
    outer loop
      vertex 60.0887 2.60196 1.9
      vertex 59.8127 2.28726 0
      vertex 59.8127 2.28726 1.9
    endloop
  endfacet
  facet normal -0.0654091 0.997859 0
    outer loop
      vertex 57.9677 1.37738 0
      vertex 57.55 1.35 1.9
      vertex 57.9677 1.37738 1.9
    endloop
  endfacet
  facet normal -0.0654091 0.997859 0
    outer loop
      vertex 57.55 1.35 1.9
      vertex 57.9677 1.37738 0
      vertex 57.55 1.35 0
    endloop
  endfacet
  facet normal 0.946893 0.321548 0
    outer loop
      vertex 54.5936 3.32541 1.9
      vertex 54.459 3.72178 0
      vertex 54.459 3.72178 1.9
    endloop
  endfacet
  facet normal 0.946893 0.321548 0
    outer loop
      vertex 54.459 3.72178 0
      vertex 54.5936 3.32541 1.9
      vertex 54.5936 3.32541 0
    endloop
  endfacet
  facet normal 0.659353 0.751833 -0
    outer loop
      vertex 55.602 2.01127 0
      vertex 55.2873 2.28726 1.9
      vertex 55.602 2.01127 1.9
    endloop
  endfacet
  facet normal 0.659353 0.751833 0
    outer loop
      vertex 55.2873 2.28726 1.9
      vertex 55.602 2.01127 0
      vertex 55.2873 2.28726 0
    endloop
  endfacet
  facet normal -0.555426 -0.831566 0
    outer loop
      vertex 58.4 31.6222 1.9
      vertex 58.5849 31.4987 6
      vertex 58.4 31.6222 6
    endloop
  endfacet
  facet normal -0.555426 -0.831566 -0
    outer loop
      vertex 58.5849 31.4987 6
      vertex 58.4 31.6222 1.9
      vertex 58.5849 31.4987 1.9
    endloop
  endfacet
  facet normal 0.98077 -0.195165 0
    outer loop
      vertex 55.8645 30.3719 6
      vertex 55.9079 30.59 1.9
      vertex 55.9079 30.59 6
    endloop
  endfacet
  facet normal 0.98077 -0.195165 0
    outer loop
      vertex 55.9079 30.59 1.9
      vertex 55.8645 30.3719 6
      vertex 55.8645 30.3719 1.9
    endloop
  endfacet
  facet normal 0.195165 0.98077 -0
    outer loop
      vertex 57.3281 28.4645 1.9
      vertex 57.11 28.5079 6
      vertex 57.3281 28.4645 6
    endloop
  endfacet
  facet normal 0.195165 0.98077 0
    outer loop
      vertex 57.11 28.5079 6
      vertex 57.3281 28.4645 1.9
      vertex 57.11 28.5079 1.9
    endloop
  endfacet
  facet normal 0.44253 -0.896754 0
    outer loop
      vertex 56.7 31.6222 1.9
      vertex 56.8994 31.7206 6
      vertex 56.7 31.6222 6
    endloop
  endfacet
  facet normal 0.44253 -0.896754 0
    outer loop
      vertex 56.8994 31.7206 6
      vertex 56.7 31.6222 1.9
      vertex 56.8994 31.7206 1.9
    endloop
  endfacet
  facet normal 0.946915 -0.321484 0
    outer loop
      vertex 55.9079 30.59 6
      vertex 55.9794 30.8006 1.9
      vertex 55.9794 30.8006 6
    endloop
  endfacet
  facet normal 0.946915 -0.321484 0
    outer loop
      vertex 55.9794 30.8006 1.9
      vertex 55.9079 30.59 6
      vertex 55.9079 30.59 1.9
    endloop
  endfacet
  facet normal -0.896754 -0.44253 0
    outer loop
      vertex 59.1206 30.8006 1.9
      vertex 59.0222 31 6
      vertex 59.0222 31 1.9
    endloop
  endfacet
  facet normal -0.896754 -0.44253 0
    outer loop
      vertex 59.0222 31 6
      vertex 59.1206 30.8006 1.9
      vertex 59.1206 30.8006 6
    endloop
  endfacet
  facet normal -0.98077 -0.195165 0
    outer loop
      vertex 59.2355 30.3719 1.9
      vertex 59.1921 30.59 6
      vertex 59.1921 30.59 1.9
    endloop
  endfacet
  facet normal -0.98077 -0.195165 0
    outer loop
      vertex 59.1921 30.59 6
      vertex 59.2355 30.3719 1.9
      vertex 59.2355 30.3719 6
    endloop
  endfacet
  facet normal -0.831566 -0.555426 0
    outer loop
      vertex 59.0222 31 1.9
      vertex 58.8987 31.1849 6
      vertex 58.8987 31.1849 1.9
    endloop
  endfacet
  facet normal -0.831566 -0.555426 0
    outer loop
      vertex 58.8987 31.1849 6
      vertex 59.0222 31 1.9
      vertex 59.0222 31 6
    endloop
  endfacet
  facet normal -0.659268 -0.751908 0
    outer loop
      vertex 58.5849 31.4987 1.9
      vertex 58.7521 31.3521 6
      vertex 58.5849 31.4987 6
    endloop
  endfacet
  facet normal -0.659268 -0.751908 -0
    outer loop
      vertex 58.7521 31.3521 6
      vertex 58.5849 31.4987 1.9
      vertex 58.7521 31.3521 1.9
    endloop
  endfacet
  facet normal -0.321484 -0.946915 0
    outer loop
      vertex 57.99 31.7921 1.9
      vertex 58.2006 31.7206 6
      vertex 57.99 31.7921 6
    endloop
  endfacet
  facet normal -0.321484 -0.946915 -0
    outer loop
      vertex 58.2006 31.7206 6
      vertex 57.99 31.7921 1.9
      vertex 58.2006 31.7206 1.9
    endloop
  endfacet
  facet normal -0.195165 -0.98077 0
    outer loop
      vertex 57.7719 31.8355 1.9
      vertex 57.99 31.7921 6
      vertex 57.7719 31.8355 6
    endloop
  endfacet
  facet normal -0.195165 -0.98077 -0
    outer loop
      vertex 57.99 31.7921 6
      vertex 57.7719 31.8355 1.9
      vertex 57.99 31.7921 1.9
    endloop
  endfacet
  facet normal -0.0652057 -0.997872 0
    outer loop
      vertex 57.55 31.85 1.9
      vertex 57.7719 31.8355 6
      vertex 57.55 31.85 6
    endloop
  endfacet
  facet normal -0.0652057 -0.997872 -0
    outer loop
      vertex 57.7719 31.8355 6
      vertex 57.55 31.85 1.9
      vertex 57.7719 31.8355 1.9
    endloop
  endfacet
  facet normal 0.997872 -0.0652057 0
    outer loop
      vertex 55.85 30.15 6
      vertex 55.8645 30.3719 1.9
      vertex 55.8645 30.3719 6
    endloop
  endfacet
  facet normal 0.997872 -0.0652057 0
    outer loop
      vertex 55.8645 30.3719 1.9
      vertex 55.85 30.15 6
      vertex 55.85 30.15 1.9
    endloop
  endfacet
  facet normal 0.831566 -0.555426 0
    outer loop
      vertex 56.0778 31 6
      vertex 56.2013 31.1849 1.9
      vertex 56.2013 31.1849 6
    endloop
  endfacet
  facet normal 0.831566 -0.555426 0
    outer loop
      vertex 56.2013 31.1849 1.9
      vertex 56.0778 31 6
      vertex 56.0778 31 1.9
    endloop
  endfacet
  facet normal 0.195165 -0.98077 0
    outer loop
      vertex 57.11 31.7921 1.9
      vertex 57.3281 31.8355 6
      vertex 57.11 31.7921 6
    endloop
  endfacet
  facet normal 0.195165 -0.98077 0
    outer loop
      vertex 57.3281 31.8355 6
      vertex 57.11 31.7921 1.9
      vertex 57.3281 31.8355 1.9
    endloop
  endfacet
  facet normal 0.751908 -0.659268 0
    outer loop
      vertex 56.2013 31.1849 6
      vertex 56.3479 31.3521 1.9
      vertex 56.3479 31.3521 6
    endloop
  endfacet
  facet normal 0.751908 -0.659268 0
    outer loop
      vertex 56.3479 31.3521 1.9
      vertex 56.2013 31.1849 6
      vertex 56.2013 31.1849 1.9
    endloop
  endfacet
  facet normal -0.997872 -0.0652057 0
    outer loop
      vertex 59.25 30.15 1.9
      vertex 59.2355 30.3719 6
      vertex 59.2355 30.3719 1.9
    endloop
  endfacet
  facet normal -0.997872 -0.0652057 0
    outer loop
      vertex 59.2355 30.3719 6
      vertex 59.25 30.15 1.9
      vertex 59.25 30.15 6
    endloop
  endfacet
  facet normal -0.44253 0.896754 0
    outer loop
      vertex 58.4 28.6778 1.9
      vertex 58.2006 28.5794 6
      vertex 58.4 28.6778 6
    endloop
  endfacet
  facet normal -0.44253 0.896754 0
    outer loop
      vertex 58.2006 28.5794 6
      vertex 58.4 28.6778 1.9
      vertex 58.2006 28.5794 1.9
    endloop
  endfacet
  facet normal -0.831566 0.555426 0
    outer loop
      vertex 58.8987 29.1151 1.9
      vertex 59.0222 29.3 6
      vertex 59.0222 29.3 1.9
    endloop
  endfacet
  facet normal -0.831566 0.555426 0
    outer loop
      vertex 59.0222 29.3 6
      vertex 58.8987 29.1151 1.9
      vertex 58.8987 29.1151 6
    endloop
  endfacet
  facet normal 0.0652057 0.997872 -0
    outer loop
      vertex 57.55 28.45 1.9
      vertex 57.3281 28.4645 6
      vertex 57.55 28.45 6
    endloop
  endfacet
  facet normal 0.0652057 0.997872 0
    outer loop
      vertex 57.3281 28.4645 6
      vertex 57.55 28.45 1.9
      vertex 57.3281 28.4645 1.9
    endloop
  endfacet
  facet normal 0.555426 0.831566 -0
    outer loop
      vertex 56.7 28.6778 1.9
      vertex 56.5151 28.8013 6
      vertex 56.7 28.6778 6
    endloop
  endfacet
  facet normal 0.555426 0.831566 0
    outer loop
      vertex 56.5151 28.8013 6
      vertex 56.7 28.6778 1.9
      vertex 56.5151 28.8013 1.9
    endloop
  endfacet
  facet normal 0.98077 0.195165 0
    outer loop
      vertex 55.9079 29.71 6
      vertex 55.8645 29.9281 1.9
      vertex 55.8645 29.9281 6
    endloop
  endfacet
  facet normal 0.98077 0.195165 0
    outer loop
      vertex 55.8645 29.9281 1.9
      vertex 55.9079 29.71 6
      vertex 55.9079 29.71 1.9
    endloop
  endfacet
  facet normal -0.946915 -0.321484 0
    outer loop
      vertex 59.1921 30.59 1.9
      vertex 59.1206 30.8006 6
      vertex 59.1206 30.8006 1.9
    endloop
  endfacet
  facet normal -0.946915 -0.321484 0
    outer loop
      vertex 59.1206 30.8006 6
      vertex 59.1921 30.59 1.9
      vertex 59.1921 30.59 6
    endloop
  endfacet
  facet normal -0.751908 -0.659268 0
    outer loop
      vertex 58.8987 31.1849 1.9
      vertex 58.7521 31.3521 6
      vertex 58.7521 31.3521 1.9
    endloop
  endfacet
  facet normal -0.751908 -0.659268 0
    outer loop
      vertex 58.7521 31.3521 6
      vertex 58.8987 31.1849 1.9
      vertex 58.8987 31.1849 6
    endloop
  endfacet
  facet normal 0.0652057 -0.997872 0
    outer loop
      vertex 57.3281 31.8355 1.9
      vertex 57.55 31.85 6
      vertex 57.3281 31.8355 6
    endloop
  endfacet
  facet normal 0.0652057 -0.997872 0
    outer loop
      vertex 57.55 31.85 6
      vertex 57.3281 31.8355 1.9
      vertex 57.55 31.85 1.9
    endloop
  endfacet
  facet normal -0.44253 -0.896754 0
    outer loop
      vertex 58.2006 31.7206 1.9
      vertex 58.4 31.6222 6
      vertex 58.2006 31.7206 6
    endloop
  endfacet
  facet normal -0.44253 -0.896754 -0
    outer loop
      vertex 58.4 31.6222 6
      vertex 58.2006 31.7206 1.9
      vertex 58.4 31.6222 1.9
    endloop
  endfacet
  facet normal 0.896754 -0.44253 0
    outer loop
      vertex 55.9794 30.8006 6
      vertex 56.0778 31 1.9
      vertex 56.0778 31 6
    endloop
  endfacet
  facet normal 0.896754 -0.44253 0
    outer loop
      vertex 56.0778 31 1.9
      vertex 55.9794 30.8006 6
      vertex 55.9794 30.8006 1.9
    endloop
  endfacet
  facet normal 0.321484 -0.946915 0
    outer loop
      vertex 56.8994 31.7206 1.9
      vertex 57.11 31.7921 6
      vertex 56.8994 31.7206 6
    endloop
  endfacet
  facet normal 0.321484 -0.946915 0
    outer loop
      vertex 57.11 31.7921 6
      vertex 56.8994 31.7206 1.9
      vertex 57.11 31.7921 1.9
    endloop
  endfacet
  facet normal 0.659268 -0.751908 0
    outer loop
      vertex 56.3479 31.3521 1.9
      vertex 56.5151 31.4987 6
      vertex 56.3479 31.3521 6
    endloop
  endfacet
  facet normal 0.659268 -0.751908 0
    outer loop
      vertex 56.5151 31.4987 6
      vertex 56.3479 31.3521 1.9
      vertex 56.5151 31.4987 1.9
    endloop
  endfacet
  facet normal 0.555426 -0.831566 0
    outer loop
      vertex 56.5151 31.4987 1.9
      vertex 56.7 31.6222 6
      vertex 56.5151 31.4987 6
    endloop
  endfacet
  facet normal 0.555426 -0.831566 0
    outer loop
      vertex 56.7 31.6222 6
      vertex 56.5151 31.4987 1.9
      vertex 56.7 31.6222 1.9
    endloop
  endfacet
  facet normal -0.98077 0.195165 0
    outer loop
      vertex 59.1921 29.71 1.9
      vertex 59.2355 29.9281 6
      vertex 59.2355 29.9281 1.9
    endloop
  endfacet
  facet normal -0.98077 0.195165 0
    outer loop
      vertex 59.2355 29.9281 6
      vertex 59.1921 29.71 1.9
      vertex 59.1921 29.71 6
    endloop
  endfacet
  facet normal -0.195165 0.98077 0
    outer loop
      vertex 57.99 28.5079 1.9
      vertex 57.7719 28.4645 6
      vertex 57.99 28.5079 6
    endloop
  endfacet
  facet normal -0.195165 0.98077 0
    outer loop
      vertex 57.7719 28.4645 6
      vertex 57.99 28.5079 1.9
      vertex 57.7719 28.4645 1.9
    endloop
  endfacet
  facet normal -0.751908 0.659268 0
    outer loop
      vertex 58.7521 28.9479 1.9
      vertex 58.8987 29.1151 6
      vertex 58.8987 29.1151 1.9
    endloop
  endfacet
  facet normal -0.751908 0.659268 0
    outer loop
      vertex 58.8987 29.1151 6
      vertex 58.7521 28.9479 1.9
      vertex 58.7521 28.9479 6
    endloop
  endfacet
  facet normal -0.555426 0.831566 0
    outer loop
      vertex 58.5849 28.8013 1.9
      vertex 58.4 28.6778 6
      vertex 58.5849 28.8013 6
    endloop
  endfacet
  facet normal -0.555426 0.831566 0
    outer loop
      vertex 58.4 28.6778 6
      vertex 58.5849 28.8013 1.9
      vertex 58.4 28.6778 1.9
    endloop
  endfacet
  facet normal -0.946915 0.321484 0
    outer loop
      vertex 59.1206 29.4994 1.9
      vertex 59.1921 29.71 6
      vertex 59.1921 29.71 1.9
    endloop
  endfacet
  facet normal -0.946915 0.321484 0
    outer loop
      vertex 59.1921 29.71 6
      vertex 59.1206 29.4994 1.9
      vertex 59.1206 29.4994 6
    endloop
  endfacet
  facet normal -0.0652057 0.997872 0
    outer loop
      vertex 57.7719 28.4645 1.9
      vertex 57.55 28.45 6
      vertex 57.7719 28.4645 6
    endloop
  endfacet
  facet normal -0.0652057 0.997872 0
    outer loop
      vertex 57.55 28.45 6
      vertex 57.7719 28.4645 1.9
      vertex 57.55 28.45 1.9
    endloop
  endfacet
  facet normal 0.321484 0.946915 -0
    outer loop
      vertex 57.11 28.5079 1.9
      vertex 56.8994 28.5794 6
      vertex 57.11 28.5079 6
    endloop
  endfacet
  facet normal 0.321484 0.946915 0
    outer loop
      vertex 56.8994 28.5794 6
      vertex 57.11 28.5079 1.9
      vertex 56.8994 28.5794 1.9
    endloop
  endfacet
  facet normal 0.946915 0.321484 0
    outer loop
      vertex 55.9794 29.4994 6
      vertex 55.9079 29.71 1.9
      vertex 55.9079 29.71 6
    endloop
  endfacet
  facet normal 0.946915 0.321484 0
    outer loop
      vertex 55.9079 29.71 1.9
      vertex 55.9794 29.4994 6
      vertex 55.9794 29.4994 1.9
    endloop
  endfacet
  facet normal 0.659268 0.751908 -0
    outer loop
      vertex 56.5151 28.8013 1.9
      vertex 56.3479 28.9479 6
      vertex 56.5151 28.8013 6
    endloop
  endfacet
  facet normal 0.659268 0.751908 0
    outer loop
      vertex 56.3479 28.9479 6
      vertex 56.5151 28.8013 1.9
      vertex 56.3479 28.9479 1.9
    endloop
  endfacet
  facet normal 0.831566 0.555426 0
    outer loop
      vertex 56.2013 29.1151 6
      vertex 56.0778 29.3 1.9
      vertex 56.0778 29.3 6
    endloop
  endfacet
  facet normal 0.831566 0.555426 0
    outer loop
      vertex 56.0778 29.3 1.9
      vertex 56.2013 29.1151 6
      vertex 56.2013 29.1151 1.9
    endloop
  endfacet
  facet normal 0.997872 0.0652057 0
    outer loop
      vertex 55.8645 29.9281 6
      vertex 55.85 30.15 1.9
      vertex 55.85 30.15 6
    endloop
  endfacet
  facet normal 0.997872 0.0652057 0
    outer loop
      vertex 55.85 30.15 1.9
      vertex 55.8645 29.9281 6
      vertex 55.8645 29.9281 1.9
    endloop
  endfacet
  facet normal -0.997872 0.0652057 0
    outer loop
      vertex 59.2355 29.9281 1.9
      vertex 59.25 30.15 6
      vertex 59.25 30.15 1.9
    endloop
  endfacet
  facet normal -0.997872 0.0652057 0
    outer loop
      vertex 59.25 30.15 6
      vertex 59.2355 29.9281 1.9
      vertex 59.2355 29.9281 6
    endloop
  endfacet
  facet normal -0.321484 0.946915 0
    outer loop
      vertex 58.2006 28.5794 1.9
      vertex 57.99 28.5079 6
      vertex 58.2006 28.5794 6
    endloop
  endfacet
  facet normal -0.321484 0.946915 0
    outer loop
      vertex 57.99 28.5079 6
      vertex 58.2006 28.5794 1.9
      vertex 57.99 28.5079 1.9
    endloop
  endfacet
  facet normal -0.659268 0.751908 0
    outer loop
      vertex 58.7521 28.9479 1.9
      vertex 58.5849 28.8013 6
      vertex 58.7521 28.9479 6
    endloop
  endfacet
  facet normal -0.659268 0.751908 0
    outer loop
      vertex 58.5849 28.8013 6
      vertex 58.7521 28.9479 1.9
      vertex 58.5849 28.8013 1.9
    endloop
  endfacet
  facet normal -0.896754 0.44253 0
    outer loop
      vertex 59.0222 29.3 1.9
      vertex 59.1206 29.4994 6
      vertex 59.1206 29.4994 1.9
    endloop
  endfacet
  facet normal -0.896754 0.44253 0
    outer loop
      vertex 59.1206 29.4994 6
      vertex 59.0222 29.3 1.9
      vertex 59.0222 29.3 6
    endloop
  endfacet
  facet normal 0.44253 0.896754 -0
    outer loop
      vertex 56.8994 28.5794 1.9
      vertex 56.7 28.6778 6
      vertex 56.8994 28.5794 6
    endloop
  endfacet
  facet normal 0.44253 0.896754 0
    outer loop
      vertex 56.7 28.6778 6
      vertex 56.8994 28.5794 1.9
      vertex 56.7 28.6778 1.9
    endloop
  endfacet
  facet normal 0.896754 0.44253 0
    outer loop
      vertex 56.0778 29.3 6
      vertex 55.9794 29.4994 1.9
      vertex 55.9794 29.4994 6
    endloop
  endfacet
  facet normal 0.896754 0.44253 0
    outer loop
      vertex 55.9794 29.4994 1.9
      vertex 56.0778 29.3 6
      vertex 56.0778 29.3 1.9
    endloop
  endfacet
  facet normal 0.751908 0.659268 0
    outer loop
      vertex 56.3479 28.9479 6
      vertex 56.2013 29.1151 1.9
      vertex 56.2013 29.1151 6
    endloop
  endfacet
  facet normal 0.751908 0.659268 0
    outer loop
      vertex 56.2013 29.1151 1.9
      vertex 56.3479 28.9479 6
      vertex 56.3479 28.9479 1.9
    endloop
  endfacet
  facet normal -0.997855 -0.0654566 0
    outer loop
      vertex 60.75 30.15 0
      vertex 60.7226 30.5677 1.9
      vertex 60.7226 30.5677 0
    endloop
  endfacet
  facet normal -0.997855 -0.0654566 0
    outer loop
      vertex 60.7226 30.5677 1.9
      vertex 60.75 30.15 0
      vertex 60.75 30.15 1.9
    endloop
  endfacet
  facet normal 0.0654566 -0.997855 0
    outer loop
      vertex 57.1323 33.3226 0
      vertex 57.55 33.35 1.9
      vertex 57.1323 33.3226 1.9
    endloop
  endfacet
  facet normal 0.0654566 -0.997855 0
    outer loop
      vertex 57.55 33.35 1.9
      vertex 57.1323 33.3226 0
      vertex 57.55 33.35 0
    endloop
  endfacet
  facet normal -0.659367 -0.751821 0
    outer loop
      vertex 59.498 32.6887 0
      vertex 59.8127 32.4127 1.9
      vertex 59.498 32.6887 1.9
    endloop
  endfacet
  facet normal -0.659367 -0.751821 -0
    outer loop
      vertex 59.8127 32.4127 1.9
      vertex 59.498 32.6887 0
      vertex 59.8127 32.4127 0
    endloop
  endfacet
  facet normal 0.751821 -0.659367 0
    outer loop
      vertex 55.0113 32.098 1.9
      vertex 55.2873 32.4127 0
      vertex 55.2873 32.4127 1.9
    endloop
  endfacet
  facet normal 0.751821 -0.659367 0
    outer loop
      vertex 55.2873 32.4127 0
      vertex 55.0113 32.098 1.9
      vertex 55.0113 32.098 0
    endloop
  endfacet
  facet normal 0.442237 -0.896898 0
    outer loop
      vertex 55.95 32.9213 0
      vertex 56.3254 33.1064 1.9
      vertex 55.95 32.9213 1.9
    endloop
  endfacet
  facet normal 0.442237 -0.896898 0
    outer loop
      vertex 56.3254 33.1064 1.9
      vertex 55.95 32.9213 0
      vertex 56.3254 33.1064 0
    endloop
  endfacet
  facet normal 0.659367 0.751821 -0
    outer loop
      vertex 55.602 27.6113 0
      vertex 55.2873 27.8873 1.9
      vertex 55.602 27.6113 1.9
    endloop
  endfacet
  facet normal 0.659367 0.751821 0
    outer loop
      vertex 55.2873 27.8873 1.9
      vertex 55.602 27.6113 0
      vertex 55.2873 27.8873 0
    endloop
  endfacet
  facet normal -0.946901 -0.321526 0
    outer loop
      vertex 60.641 30.9782 0
      vertex 60.5064 31.3746 1.9
      vertex 60.5064 31.3746 0
    endloop
  endfacet
  facet normal -0.946901 -0.321526 0
    outer loop
      vertex 60.5064 31.3746 1.9
      vertex 60.641 30.9782 0
      vertex 60.641 30.9782 1.9
    endloop
  endfacet
  facet normal -0.98081 -0.194967 0
    outer loop
      vertex 60.7226 30.5677 0
      vertex 60.641 30.9782 1.9
      vertex 60.641 30.9782 0
    endloop
  endfacet
  facet normal -0.98081 -0.194967 0
    outer loop
      vertex 60.641 30.9782 1.9
      vertex 60.7226 30.5677 0
      vertex 60.7226 30.5677 1.9
    endloop
  endfacet
  facet normal -0.321526 -0.946901 0
    outer loop
      vertex 58.3782 33.241 0
      vertex 58.7746 33.1064 1.9
      vertex 58.3782 33.241 1.9
    endloop
  endfacet
  facet normal -0.321526 -0.946901 -0
    outer loop
      vertex 58.7746 33.1064 1.9
      vertex 58.3782 33.241 0
      vertex 58.7746 33.1064 0
    endloop
  endfacet
  facet normal -0.194967 -0.98081 0
    outer loop
      vertex 57.9677 33.3226 0
      vertex 58.3782 33.241 1.9
      vertex 57.9677 33.3226 1.9
    endloop
  endfacet
  facet normal -0.194967 -0.98081 -0
    outer loop
      vertex 58.3782 33.241 1.9
      vertex 57.9677 33.3226 0
      vertex 58.3782 33.241 0
    endloop
  endfacet
  facet normal -0.555692 -0.831388 0
    outer loop
      vertex 59.15 32.9213 0
      vertex 59.498 32.6887 1.9
      vertex 59.15 32.9213 1.9
    endloop
  endfacet
  facet normal -0.555692 -0.831388 -0
    outer loop
      vertex 59.498 32.6887 1.9
      vertex 59.15 32.9213 0
      vertex 59.498 32.6887 0
    endloop
  endfacet
  facet normal 0.896898 -0.442237 0
    outer loop
      vertex 54.5936 31.3746 1.9
      vertex 54.7787 31.75 0
      vertex 54.7787 31.75 1.9
    endloop
  endfacet
  facet normal 0.896898 -0.442237 0
    outer loop
      vertex 54.7787 31.75 0
      vertex 54.5936 31.3746 1.9
      vertex 54.5936 31.3746 0
    endloop
  endfacet
  facet normal 0.831388 -0.555692 0
    outer loop
      vertex 54.7787 31.75 1.9
      vertex 55.0113 32.098 0
      vertex 55.0113 32.098 1.9
    endloop
  endfacet
  facet normal 0.831388 -0.555692 0
    outer loop
      vertex 55.0113 32.098 0
      vertex 54.7787 31.75 1.9
      vertex 54.7787 31.75 0
    endloop
  endfacet
  facet normal 0.98081 -0.194967 0
    outer loop
      vertex 54.3774 30.5677 1.9
      vertex 54.459 30.9782 0
      vertex 54.459 30.9782 1.9
    endloop
  endfacet
  facet normal 0.98081 -0.194967 0
    outer loop
      vertex 54.459 30.9782 0
      vertex 54.3774 30.5677 1.9
      vertex 54.3774 30.5677 0
    endloop
  endfacet
  facet normal 0.997855 0.0654566 0
    outer loop
      vertex 54.3774 29.7323 1.9
      vertex 54.35 30.15 0
      vertex 54.35 30.15 1.9
    endloop
  endfacet
  facet normal 0.997855 0.0654566 0
    outer loop
      vertex 54.35 30.15 0
      vertex 54.3774 29.7323 1.9
      vertex 54.3774 29.7323 0
    endloop
  endfacet
  facet normal 0.659367 -0.751821 0
    outer loop
      vertex 55.2873 32.4127 0
      vertex 55.602 32.6887 1.9
      vertex 55.2873 32.4127 1.9
    endloop
  endfacet
  facet normal 0.659367 -0.751821 0
    outer loop
      vertex 55.602 32.6887 1.9
      vertex 55.2873 32.4127 0
      vertex 55.602 32.6887 0
    endloop
  endfacet
  facet normal 0.194967 -0.98081 0
    outer loop
      vertex 56.7218 33.241 0
      vertex 57.1323 33.3226 1.9
      vertex 56.7218 33.241 1.9
    endloop
  endfacet
  facet normal 0.194967 -0.98081 0
    outer loop
      vertex 57.1323 33.3226 1.9
      vertex 56.7218 33.241 0
      vertex 57.1323 33.3226 0
    endloop
  endfacet
  facet normal -0.831388 0.555692 0
    outer loop
      vertex 60.0887 28.202 0
      vertex 60.3213 28.55 1.9
      vertex 60.3213 28.55 0
    endloop
  endfacet
  facet normal -0.831388 0.555692 0
    outer loop
      vertex 60.3213 28.55 1.9
      vertex 60.0887 28.202 0
      vertex 60.0887 28.202 1.9
    endloop
  endfacet
  facet normal 0.555692 0.831388 -0
    outer loop
      vertex 55.95 27.3787 0
      vertex 55.602 27.6113 1.9
      vertex 55.95 27.3787 1.9
    endloop
  endfacet
  facet normal 0.555692 0.831388 0
    outer loop
      vertex 55.602 27.6113 1.9
      vertex 55.95 27.3787 0
      vertex 55.602 27.6113 0
    endloop
  endfacet
  facet normal 0.194967 0.98081 -0
    outer loop
      vertex 57.1323 26.9774 0
      vertex 56.7218 27.059 1.9
      vertex 57.1323 26.9774 1.9
    endloop
  endfacet
  facet normal 0.194967 0.98081 0
    outer loop
      vertex 56.7218 27.059 1.9
      vertex 57.1323 26.9774 0
      vertex 56.7218 27.059 0
    endloop
  endfacet
  facet normal 0.98081 0.194967 0
    outer loop
      vertex 54.459 29.3218 1.9
      vertex 54.3774 29.7323 0
      vertex 54.3774 29.7323 1.9
    endloop
  endfacet
  facet normal 0.98081 0.194967 0
    outer loop
      vertex 54.3774 29.7323 0
      vertex 54.459 29.3218 1.9
      vertex 54.459 29.3218 0
    endloop
  endfacet
  facet normal -0.896898 -0.442237 0
    outer loop
      vertex 60.5064 31.3746 0
      vertex 60.3213 31.75 1.9
      vertex 60.3213 31.75 0
    endloop
  endfacet
  facet normal -0.896898 -0.442237 0
    outer loop
      vertex 60.3213 31.75 1.9
      vertex 60.5064 31.3746 0
      vertex 60.5064 31.3746 1.9
    endloop
  endfacet
  facet normal -0.831388 -0.555692 0
    outer loop
      vertex 60.3213 31.75 0
      vertex 60.0887 32.098 1.9
      vertex 60.0887 32.098 0
    endloop
  endfacet
  facet normal -0.831388 -0.555692 0
    outer loop
      vertex 60.0887 32.098 1.9
      vertex 60.3213 31.75 0
      vertex 60.3213 31.75 1.9
    endloop
  endfacet
  facet normal -0.751821 -0.659367 0
    outer loop
      vertex 60.0887 32.098 0
      vertex 59.8127 32.4127 1.9
      vertex 59.8127 32.4127 0
    endloop
  endfacet
  facet normal -0.751821 -0.659367 0
    outer loop
      vertex 59.8127 32.4127 1.9
      vertex 60.0887 32.098 0
      vertex 60.0887 32.098 1.9
    endloop
  endfacet
  facet normal -0.0654566 -0.997855 0
    outer loop
      vertex 57.55 33.35 0
      vertex 57.9677 33.3226 1.9
      vertex 57.55 33.35 1.9
    endloop
  endfacet
  facet normal -0.0654566 -0.997855 -0
    outer loop
      vertex 57.9677 33.3226 1.9
      vertex 57.55 33.35 0
      vertex 57.9677 33.3226 0
    endloop
  endfacet
  facet normal 0.946901 -0.321526 0
    outer loop
      vertex 54.459 30.9782 1.9
      vertex 54.5936 31.3746 0
      vertex 54.5936 31.3746 1.9
    endloop
  endfacet
  facet normal 0.946901 -0.321526 0
    outer loop
      vertex 54.5936 31.3746 0
      vertex 54.459 30.9782 1.9
      vertex 54.459 30.9782 0
    endloop
  endfacet
  facet normal 0.997855 -0.0654566 0
    outer loop
      vertex 54.35 30.15 1.9
      vertex 54.3774 30.5677 0
      vertex 54.3774 30.5677 1.9
    endloop
  endfacet
  facet normal 0.997855 -0.0654566 0
    outer loop
      vertex 54.3774 30.5677 0
      vertex 54.35 30.15 1.9
      vertex 54.35 30.15 0
    endloop
  endfacet
  facet normal 0.555692 -0.831388 0
    outer loop
      vertex 55.602 32.6887 0
      vertex 55.95 32.9213 1.9
      vertex 55.602 32.6887 1.9
    endloop
  endfacet
  facet normal 0.555692 -0.831388 0
    outer loop
      vertex 55.95 32.9213 1.9
      vertex 55.602 32.6887 0
      vertex 55.95 32.9213 0
    endloop
  endfacet
  facet normal 0.321526 -0.946901 0
    outer loop
      vertex 56.3254 33.1064 0
      vertex 56.7218 33.241 1.9
      vertex 56.3254 33.1064 1.9
    endloop
  endfacet
  facet normal 0.321526 -0.946901 0
    outer loop
      vertex 56.7218 33.241 1.9
      vertex 56.3254 33.1064 0
      vertex 56.7218 33.241 0
    endloop
  endfacet
  facet normal -0.442237 0.896898 0
    outer loop
      vertex 59.15 27.3787 0
      vertex 58.7746 27.1936 1.9
      vertex 59.15 27.3787 1.9
    endloop
  endfacet
  facet normal -0.442237 0.896898 0
    outer loop
      vertex 58.7746 27.1936 1.9
      vertex 59.15 27.3787 0
      vertex 58.7746 27.1936 0
    endloop
  endfacet
  facet normal -0.194967 0.98081 0
    outer loop
      vertex 58.3782 27.059 0
      vertex 57.9677 26.9774 1.9
      vertex 58.3782 27.059 1.9
    endloop
  endfacet
  facet normal -0.194967 0.98081 0
    outer loop
      vertex 57.9677 26.9774 1.9
      vertex 58.3782 27.059 0
      vertex 57.9677 26.9774 0
    endloop
  endfacet
  facet normal -0.321526 0.946901 0
    outer loop
      vertex 58.7746 27.1936 0
      vertex 58.3782 27.059 1.9
      vertex 58.7746 27.1936 1.9
    endloop
  endfacet
  facet normal -0.321526 0.946901 0
    outer loop
      vertex 58.3782 27.059 1.9
      vertex 58.7746 27.1936 0
      vertex 58.3782 27.059 0
    endloop
  endfacet
  facet normal -0.555692 0.831388 0
    outer loop
      vertex 59.498 27.6113 0
      vertex 59.15 27.3787 1.9
      vertex 59.498 27.6113 1.9
    endloop
  endfacet
  facet normal -0.555692 0.831388 0
    outer loop
      vertex 59.15 27.3787 1.9
      vertex 59.498 27.6113 0
      vertex 59.15 27.3787 0
    endloop
  endfacet
  facet normal -0.751821 0.659367 0
    outer loop
      vertex 59.8127 27.8873 0
      vertex 60.0887 28.202 1.9
      vertex 60.0887 28.202 0
    endloop
  endfacet
  facet normal -0.751821 0.659367 0
    outer loop
      vertex 60.0887 28.202 1.9
      vertex 59.8127 27.8873 0
      vertex 59.8127 27.8873 1.9
    endloop
  endfacet
  facet normal -0.946901 0.321526 0
    outer loop
      vertex 60.5064 28.9254 0
      vertex 60.641 29.3218 1.9
      vertex 60.641 29.3218 0
    endloop
  endfacet
  facet normal -0.946901 0.321526 0
    outer loop
      vertex 60.641 29.3218 1.9
      vertex 60.5064 28.9254 0
      vertex 60.5064 28.9254 1.9
    endloop
  endfacet
  facet normal -0.997855 0.0654566 0
    outer loop
      vertex 60.7226 29.7323 0
      vertex 60.75 30.15 1.9
      vertex 60.75 30.15 0
    endloop
  endfacet
  facet normal -0.997855 0.0654566 0
    outer loop
      vertex 60.75 30.15 1.9
      vertex 60.7226 29.7323 0
      vertex 60.7226 29.7323 1.9
    endloop
  endfacet
  facet normal 0.0654566 0.997855 -0
    outer loop
      vertex 57.55 26.95 0
      vertex 57.1323 26.9774 1.9
      vertex 57.55 26.95 1.9
    endloop
  endfacet
  facet normal 0.0654566 0.997855 0
    outer loop
      vertex 57.1323 26.9774 1.9
      vertex 57.55 26.95 0
      vertex 57.1323 26.9774 0
    endloop
  endfacet
  facet normal 0.442237 0.896898 -0
    outer loop
      vertex 56.3254 27.1936 0
      vertex 55.95 27.3787 1.9
      vertex 56.3254 27.1936 1.9
    endloop
  endfacet
  facet normal 0.442237 0.896898 0
    outer loop
      vertex 55.95 27.3787 1.9
      vertex 56.3254 27.1936 0
      vertex 55.95 27.3787 0
    endloop
  endfacet
  facet normal -0.0654566 0.997855 0
    outer loop
      vertex 57.9677 26.9774 0
      vertex 57.55 26.95 1.9
      vertex 57.9677 26.9774 1.9
    endloop
  endfacet
  facet normal -0.0654566 0.997855 0
    outer loop
      vertex 57.55 26.95 1.9
      vertex 57.9677 26.9774 0
      vertex 57.55 26.95 0
    endloop
  endfacet
  facet normal 0.831388 0.555692 0
    outer loop
      vertex 55.0113 28.202 1.9
      vertex 54.7787 28.55 0
      vertex 54.7787 28.55 1.9
    endloop
  endfacet
  facet normal 0.831388 0.555692 0
    outer loop
      vertex 54.7787 28.55 0
      vertex 55.0113 28.202 1.9
      vertex 55.0113 28.202 0
    endloop
  endfacet
  facet normal 0.946901 0.321526 0
    outer loop
      vertex 54.5936 28.9254 1.9
      vertex 54.459 29.3218 0
      vertex 54.459 29.3218 1.9
    endloop
  endfacet
  facet normal 0.946901 0.321526 0
    outer loop
      vertex 54.459 29.3218 0
      vertex 54.5936 28.9254 1.9
      vertex 54.5936 28.9254 0
    endloop
  endfacet
  facet normal -0.442237 -0.896898 0
    outer loop
      vertex 58.7746 33.1064 0
      vertex 59.15 32.9213 1.9
      vertex 58.7746 33.1064 1.9
    endloop
  endfacet
  facet normal -0.442237 -0.896898 -0
    outer loop
      vertex 59.15 32.9213 1.9
      vertex 58.7746 33.1064 0
      vertex 59.15 32.9213 0
    endloop
  endfacet
  facet normal 0 0 -1
    outer loop
      vertex 59.25 30.15 1.9
      vertex 60.75 30.15 1.9
      vertex 60.7226 29.7323 1.9
    endloop
  endfacet
  facet normal 0 0 -1
    outer loop
      vertex 59.2355 29.9281 1.9
      vertex 60.7226 29.7323 1.9
      vertex 60.641 29.3218 1.9
    endloop
  endfacet
  facet normal 0 0 -1
    outer loop
      vertex 60.75 30.15 1.9
      vertex 59.25 30.15 1.9
      vertex 60.7226 30.5677 1.9
    endloop
  endfacet
  facet normal 0 0 -1
    outer loop
      vertex 59.1921 29.71 1.9
      vertex 60.641 29.3218 1.9
      vertex 60.5064 28.9254 1.9
    endloop
  endfacet
  facet normal 0 0 -1
    outer loop
      vertex 59.2355 30.3719 1.9
      vertex 60.7226 30.5677 1.9
      vertex 59.25 30.15 1.9
    endloop
  endfacet
  facet normal 0 0 -1
    outer loop
      vertex 59.1206 29.4994 1.9
      vertex 60.5064 28.9254 1.9
      vertex 60.3213 28.55 1.9
    endloop
  endfacet
  facet normal -0 0 -1
    outer loop
      vertex 60.7226 30.5677 1.9
      vertex 59.2355 30.3719 1.9
      vertex 60.641 30.9782 1.9
    endloop
  endfacet
  facet normal 0 0 -1
    outer loop
      vertex 59.0222 29.3 1.9
      vertex 60.3213 28.55 1.9
      vertex 60.0887 28.202 1.9
    endloop
  endfacet
  facet normal 0 0 -1
    outer loop
      vertex 59.1921 30.59 1.9
      vertex 60.641 30.9782 1.9
      vertex 59.2355 30.3719 1.9
    endloop
  endfacet
  facet normal 0 0 -1
    outer loop
      vertex 58.8987 29.1151 1.9
      vertex 60.0887 28.202 1.9
      vertex 59.8127 27.8873 1.9
    endloop
  endfacet
  facet normal -0 0 -1
    outer loop
      vertex 60.641 30.9782 1.9
      vertex 59.1921 30.59 1.9
      vertex 60.5064 31.3746 1.9
    endloop
  endfacet
  facet normal 0 0 -1
    outer loop
      vertex 58.7521 28.9479 1.9
      vertex 59.8127 27.8873 1.9
      vertex 59.498 27.6113 1.9
    endloop
  endfacet
  facet normal 0 0 -1
    outer loop
      vertex 59.1206 30.8006 1.9
      vertex 60.5064 31.3746 1.9
      vertex 59.1921 30.59 1.9
    endloop
  endfacet
  facet normal -0 0 -1
    outer loop
      vertex 60.5064 31.3746 1.9
      vertex 59.1206 30.8006 1.9
      vertex 60.3213 31.75 1.9
    endloop
  endfacet
  facet normal 0 0 -1
    outer loop
      vertex 60.7226 29.7323 1.9
      vertex 59.2355 29.9281 1.9
      vertex 59.25 30.15 1.9
    endloop
  endfacet
  facet normal 0 0 -1
    outer loop
      vertex 60.641 29.3218 1.9
      vertex 59.1921 29.71 1.9
      vertex 59.2355 29.9281 1.9
    endloop
  endfacet
  facet normal 0 0 -1
    outer loop
      vertex 58.5849 28.8013 1.9
      vertex 59.498 27.6113 1.9
      vertex 59.15 27.3787 1.9
    endloop
  endfacet
  facet normal 0 0 -1
    outer loop
      vertex 60.5064 28.9254 1.9
      vertex 59.1206 29.4994 1.9
      vertex 59.1921 29.71 1.9
    endloop
  endfacet
  facet normal 0 0 -1
    outer loop
      vertex 60.3213 28.55 1.9
      vertex 59.0222 29.3 1.9
      vertex 59.1206 29.4994 1.9
    endloop
  endfacet
  facet normal 0 0 -1
    outer loop
      vertex 60.0887 28.202 1.9
      vertex 58.8987 29.1151 1.9
      vertex 59.0222 29.3 1.9
    endloop
  endfacet
  facet normal 0 0 -1
    outer loop
      vertex 58.4 28.6778 1.9
      vertex 59.15 27.3787 1.9
      vertex 58.7746 27.1936 1.9
    endloop
  endfacet
  facet normal 0 0 -1
    outer loop
      vertex 59.8127 27.8873 1.9
      vertex 58.7521 28.9479 1.9
      vertex 58.8987 29.1151 1.9
    endloop
  endfacet
  facet normal 0 0 -1
    outer loop
      vertex 59.498 27.6113 1.9
      vertex 58.5849 28.8013 1.9
      vertex 58.7521 28.9479 1.9
    endloop
  endfacet
  facet normal 0 0 -1
    outer loop
      vertex 59.15 27.3787 1.9
      vertex 58.4 28.6778 1.9
      vertex 58.5849 28.8013 1.9
    endloop
  endfacet
  facet normal 0 0 -1
    outer loop
      vertex 58.2006 28.5794 1.9
      vertex 58.7746 27.1936 1.9
      vertex 58.3782 27.059 1.9
    endloop
  endfacet
  facet normal 0 0 -1
    outer loop
      vertex 58.7746 27.1936 1.9
      vertex 58.2006 28.5794 1.9
      vertex 58.4 28.6778 1.9
    endloop
  endfacet
  facet normal 0 0 -1
    outer loop
      vertex 58.3782 27.059 1.9
      vertex 57.99 28.5079 1.9
      vertex 58.2006 28.5794 1.9
    endloop
  endfacet
  facet normal 0 0 -1
    outer loop
      vertex 57.9677 26.9774 1.9
      vertex 57.99 28.5079 1.9
      vertex 58.3782 27.059 1.9
    endloop
  endfacet
  facet normal 0 0 -1
    outer loop
      vertex 57.9677 26.9774 1.9
      vertex 57.7719 28.4645 1.9
      vertex 57.99 28.5079 1.9
    endloop
  endfacet
  facet normal 0 0 -1
    outer loop
      vertex 57.55 26.95 1.9
      vertex 57.7719 28.4645 1.9
      vertex 57.9677 26.9774 1.9
    endloop
  endfacet
  facet normal 0 0 -1
    outer loop
      vertex 57.55 26.95 1.9
      vertex 57.55 28.45 1.9
      vertex 57.7719 28.4645 1.9
    endloop
  endfacet
  facet normal 0 0 -1
    outer loop
      vertex 57.55 26.95 1.9
      vertex 57.3281 28.4645 1.9
      vertex 57.55 28.45 1.9
    endloop
  endfacet
  facet normal 0 0 -1
    outer loop
      vertex 57.1323 26.9774 1.9
      vertex 57.3281 28.4645 1.9
      vertex 57.55 26.95 1.9
    endloop
  endfacet
  facet normal 0 0 -1
    outer loop
      vertex 57.1323 26.9774 1.9
      vertex 57.11 28.5079 1.9
      vertex 57.3281 28.4645 1.9
    endloop
  endfacet
  facet normal 0 0 -1
    outer loop
      vertex 56.7218 27.059 1.9
      vertex 57.11 28.5079 1.9
      vertex 57.1323 26.9774 1.9
    endloop
  endfacet
  facet normal -0 0 -1
    outer loop
      vertex 57.11 28.5079 1.9
      vertex 56.7218 27.059 1.9
      vertex 56.8994 28.5794 1.9
    endloop
  endfacet
  facet normal 0 0 -1
    outer loop
      vertex 56.3254 27.1936 1.9
      vertex 56.8994 28.5794 1.9
      vertex 56.7218 27.059 1.9
    endloop
  endfacet
  facet normal -0 0 -1
    outer loop
      vertex 56.8994 28.5794 1.9
      vertex 56.3254 27.1936 1.9
      vertex 56.7 28.6778 1.9
    endloop
  endfacet
  facet normal 0 0 -1
    outer loop
      vertex 55.95 27.3787 1.9
      vertex 56.7 28.6778 1.9
      vertex 56.3254 27.1936 1.9
    endloop
  endfacet
  facet normal -0 0 -1
    outer loop
      vertex 56.7 28.6778 1.9
      vertex 55.95 27.3787 1.9
      vertex 56.5151 28.8013 1.9
    endloop
  endfacet
  facet normal 0 0 -1
    outer loop
      vertex 55.602 27.6113 1.9
      vertex 56.5151 28.8013 1.9
      vertex 55.95 27.3787 1.9
    endloop
  endfacet
  facet normal -0 0 -1
    outer loop
      vertex 56.5151 28.8013 1.9
      vertex 55.602 27.6113 1.9
      vertex 56.3479 28.9479 1.9
    endloop
  endfacet
  facet normal 0 0 -1
    outer loop
      vertex 55.2873 27.8873 1.9
      vertex 56.3479 28.9479 1.9
      vertex 55.602 27.6113 1.9
    endloop
  endfacet
  facet normal -0 0 -1
    outer loop
      vertex 56.3479 28.9479 1.9
      vertex 55.2873 27.8873 1.9
      vertex 56.2013 29.1151 1.9
    endloop
  endfacet
  facet normal 0 0 -1
    outer loop
      vertex 55.0113 28.202 1.9
      vertex 56.2013 29.1151 1.9
      vertex 55.2873 27.8873 1.9
    endloop
  endfacet
  facet normal -0 0 -1
    outer loop
      vertex 56.2013 29.1151 1.9
      vertex 55.0113 28.202 1.9
      vertex 56.0778 29.3 1.9
    endloop
  endfacet
  facet normal 0 0 -1
    outer loop
      vertex 54.7787 28.55 1.9
      vertex 56.0778 29.3 1.9
      vertex 55.0113 28.202 1.9
    endloop
  endfacet
  facet normal -0 0 -1
    outer loop
      vertex 56.0778 29.3 1.9
      vertex 54.7787 28.55 1.9
      vertex 55.9794 29.4994 1.9
    endloop
  endfacet
  facet normal 0 0 -1
    outer loop
      vertex 59.0222 31 1.9
      vertex 60.3213 31.75 1.9
      vertex 59.1206 30.8006 1.9
    endloop
  endfacet
  facet normal -0 0 -1
    outer loop
      vertex 60.3213 31.75 1.9
      vertex 59.0222 31 1.9
      vertex 60.0887 32.098 1.9
    endloop
  endfacet
  facet normal 0 0 -1
    outer loop
      vertex 58.8987 31.1849 1.9
      vertex 60.0887 32.098 1.9
      vertex 59.0222 31 1.9
    endloop
  endfacet
  facet normal -0 0 -1
    outer loop
      vertex 60.0887 32.098 1.9
      vertex 58.8987 31.1849 1.9
      vertex 59.8127 32.4127 1.9
    endloop
  endfacet
  facet normal 0 0 -1
    outer loop
      vertex 58.7521 31.3521 1.9
      vertex 59.8127 32.4127 1.9
      vertex 58.8987 31.1849 1.9
    endloop
  endfacet
  facet normal -0 0 -1
    outer loop
      vertex 59.8127 32.4127 1.9
      vertex 58.7521 31.3521 1.9
      vertex 59.498 32.6887 1.9
    endloop
  endfacet
  facet normal 0 0 -1
    outer loop
      vertex 58.5849 31.4987 1.9
      vertex 59.498 32.6887 1.9
      vertex 58.7521 31.3521 1.9
    endloop
  endfacet
  facet normal -0 0 -1
    outer loop
      vertex 59.498 32.6887 1.9
      vertex 58.5849 31.4987 1.9
      vertex 59.15 32.9213 1.9
    endloop
  endfacet
  facet normal 0 0 -1
    outer loop
      vertex 58.4 31.6222 1.9
      vertex 59.15 32.9213 1.9
      vertex 58.5849 31.4987 1.9
    endloop
  endfacet
  facet normal -0 0 -1
    outer loop
      vertex 59.15 32.9213 1.9
      vertex 58.4 31.6222 1.9
      vertex 58.7746 33.1064 1.9
    endloop
  endfacet
  facet normal 0 0 -1
    outer loop
      vertex 58.2006 31.7206 1.9
      vertex 58.7746 33.1064 1.9
      vertex 58.4 31.6222 1.9
    endloop
  endfacet
  facet normal -0 0 -1
    outer loop
      vertex 58.7746 33.1064 1.9
      vertex 58.2006 31.7206 1.9
      vertex 58.3782 33.241 1.9
    endloop
  endfacet
  facet normal 0 0 -1
    outer loop
      vertex 57.99 31.7921 1.9
      vertex 58.3782 33.241 1.9
      vertex 58.2006 31.7206 1.9
    endloop
  endfacet
  facet normal 0 0 -1
    outer loop
      vertex 57.99 31.7921 1.9
      vertex 57.9677 33.3226 1.9
      vertex 58.3782 33.241 1.9
    endloop
  endfacet
  facet normal 0 0 -1
    outer loop
      vertex 57.7719 31.8355 1.9
      vertex 57.9677 33.3226 1.9
      vertex 57.99 31.7921 1.9
    endloop
  endfacet
  facet normal 0 0 -1
    outer loop
      vertex 57.55 31.85 1.9
      vertex 57.9677 33.3226 1.9
      vertex 57.7719 31.8355 1.9
    endloop
  endfacet
  facet normal 0 0 -1
    outer loop
      vertex 57.55 31.85 1.9
      vertex 57.55 33.35 1.9
      vertex 57.9677 33.3226 1.9
    endloop
  endfacet
  facet normal 0 0 -1
    outer loop
      vertex 57.3281 31.8355 1.9
      vertex 57.55 33.35 1.9
      vertex 57.55 31.85 1.9
    endloop
  endfacet
  facet normal 0 0 -1
    outer loop
      vertex 57.3281 31.8355 1.9
      vertex 57.1323 33.3226 1.9
      vertex 57.55 33.35 1.9
    endloop
  endfacet
  facet normal 0 0 -1
    outer loop
      vertex 57.11 31.7921 1.9
      vertex 57.1323 33.3226 1.9
      vertex 57.3281 31.8355 1.9
    endloop
  endfacet
  facet normal 0 0 -1
    outer loop
      vertex 56.7218 33.241 1.9
      vertex 57.11 31.7921 1.9
      vertex 56.8994 31.7206 1.9
    endloop
  endfacet
  facet normal 0 0 -1
    outer loop
      vertex 57.11 31.7921 1.9
      vertex 56.7218 33.241 1.9
      vertex 57.1323 33.3226 1.9
    endloop
  endfacet
  facet normal 0 0 -1
    outer loop
      vertex 56.3254 33.1064 1.9
      vertex 56.8994 31.7206 1.9
      vertex 56.7 31.6222 1.9
    endloop
  endfacet
  facet normal 0 0 -1
    outer loop
      vertex 55.95 32.9213 1.9
      vertex 56.7 31.6222 1.9
      vertex 56.5151 31.4987 1.9
    endloop
  endfacet
  facet normal 0 0 -1
    outer loop
      vertex 55.602 32.6887 1.9
      vertex 56.5151 31.4987 1.9
      vertex 56.3479 31.3521 1.9
    endloop
  endfacet
  facet normal 0 0 -1
    outer loop
      vertex 56.8994 31.7206 1.9
      vertex 56.3254 33.1064 1.9
      vertex 56.7218 33.241 1.9
    endloop
  endfacet
  facet normal 0 0 -1
    outer loop
      vertex 55.2873 32.4127 1.9
      vertex 56.3479 31.3521 1.9
      vertex 56.2013 31.1849 1.9
    endloop
  endfacet
  facet normal 0 0 -1
    outer loop
      vertex 55.0113 32.098 1.9
      vertex 56.2013 31.1849 1.9
      vertex 56.0778 31 1.9
    endloop
  endfacet
  facet normal 0 0 -1
    outer loop
      vertex 54.7787 31.75 1.9
      vertex 56.0778 31 1.9
      vertex 55.9794 30.8006 1.9
    endloop
  endfacet
  facet normal 0 0 -1
    outer loop
      vertex 56.7 31.6222 1.9
      vertex 55.95 32.9213 1.9
      vertex 56.3254 33.1064 1.9
    endloop
  endfacet
  facet normal 0 0 -1
    outer loop
      vertex 54.5936 31.3746 1.9
      vertex 55.9794 30.8006 1.9
      vertex 55.9079 30.59 1.9
    endloop
  endfacet
  facet normal 0 0 -1
    outer loop
      vertex 54.459 30.9782 1.9
      vertex 55.9079 30.59 1.9
      vertex 55.8645 30.3719 1.9
    endloop
  endfacet
  facet normal 0 0 -1
    outer loop
      vertex 54.3774 30.5677 1.9
      vertex 55.8645 30.3719 1.9
      vertex 55.85 30.15 1.9
    endloop
  endfacet
  facet normal 0 0 -1
    outer loop
      vertex 54.5936 28.9254 1.9
      vertex 55.9794 29.4994 1.9
      vertex 54.7787 28.55 1.9
    endloop
  endfacet
  facet normal 0 0 -1
    outer loop
      vertex 56.5151 31.4987 1.9
      vertex 55.602 32.6887 1.9
      vertex 55.95 32.9213 1.9
    endloop
  endfacet
  facet normal -0 0 -1
    outer loop
      vertex 55.9794 29.4994 1.9
      vertex 54.5936 28.9254 1.9
      vertex 55.9079 29.71 1.9
    endloop
  endfacet
  facet normal 0 0 -1
    outer loop
      vertex 56.3479 31.3521 1.9
      vertex 55.2873 32.4127 1.9
      vertex 55.602 32.6887 1.9
    endloop
  endfacet
  facet normal 0 0 -1
    outer loop
      vertex 54.459 29.3218 1.9
      vertex 55.9079 29.71 1.9
      vertex 54.5936 28.9254 1.9
    endloop
  endfacet
  facet normal 0 0 -1
    outer loop
      vertex 56.2013 31.1849 1.9
      vertex 55.0113 32.098 1.9
      vertex 55.2873 32.4127 1.9
    endloop
  endfacet
  facet normal -0 0 -1
    outer loop
      vertex 55.9079 29.71 1.9
      vertex 54.459 29.3218 1.9
      vertex 55.8645 29.9281 1.9
    endloop
  endfacet
  facet normal 0 0 -1
    outer loop
      vertex 56.0778 31 1.9
      vertex 54.7787 31.75 1.9
      vertex 55.0113 32.098 1.9
    endloop
  endfacet
  facet normal 0 0 -1
    outer loop
      vertex 54.3774 29.7323 1.9
      vertex 55.8645 29.9281 1.9
      vertex 54.459 29.3218 1.9
    endloop
  endfacet
  facet normal 0 0 -1
    outer loop
      vertex 55.9794 30.8006 1.9
      vertex 54.5936 31.3746 1.9
      vertex 54.7787 31.75 1.9
    endloop
  endfacet
  facet normal -0 0 -1
    outer loop
      vertex 55.8645 29.9281 1.9
      vertex 54.3774 29.7323 1.9
      vertex 55.85 30.15 1.9
    endloop
  endfacet
  facet normal 0 0 -1
    outer loop
      vertex 55.9079 30.59 1.9
      vertex 54.459 30.9782 1.9
      vertex 54.5936 31.3746 1.9
    endloop
  endfacet
  facet normal 0 0 -1
    outer loop
      vertex 54.35 30.15 1.9
      vertex 55.85 30.15 1.9
      vertex 54.3774 29.7323 1.9
    endloop
  endfacet
  facet normal 0 0 -1
    outer loop
      vertex 55.8645 30.3719 1.9
      vertex 54.3774 30.5677 1.9
      vertex 54.459 30.9782 1.9
    endloop
  endfacet
  facet normal 0 0 -1
    outer loop
      vertex 55.85 30.15 1.9
      vertex 54.35 30.15 1.9
      vertex 54.3774 30.5677 1.9
    endloop
  endfacet
  facet normal -0.659367 0.751821 0
    outer loop
      vertex 59.8127 27.8873 0
      vertex 59.498 27.6113 1.9
      vertex 59.8127 27.8873 1.9
    endloop
  endfacet
  facet normal -0.659367 0.751821 0
    outer loop
      vertex 59.498 27.6113 1.9
      vertex 59.8127 27.8873 0
      vertex 59.498 27.6113 0
    endloop
  endfacet
  facet normal -0.98081 0.194967 0
    outer loop
      vertex 60.641 29.3218 0
      vertex 60.7226 29.7323 1.9
      vertex 60.7226 29.7323 0
    endloop
  endfacet
  facet normal -0.98081 0.194967 0
    outer loop
      vertex 60.7226 29.7323 1.9
      vertex 60.641 29.3218 0
      vertex 60.641 29.3218 1.9
    endloop
  endfacet
  facet normal -0.896898 0.442237 0
    outer loop
      vertex 60.3213 28.55 0
      vertex 60.5064 28.9254 1.9
      vertex 60.5064 28.9254 0
    endloop
  endfacet
  facet normal -0.896898 0.442237 0
    outer loop
      vertex 60.5064 28.9254 1.9
      vertex 60.3213 28.55 0
      vertex 60.3213 28.55 1.9
    endloop
  endfacet
  facet normal 0.321526 0.946901 -0
    outer loop
      vertex 56.7218 27.059 0
      vertex 56.3254 27.1936 1.9
      vertex 56.7218 27.059 1.9
    endloop
  endfacet
  facet normal 0.321526 0.946901 0
    outer loop
      vertex 56.3254 27.1936 1.9
      vertex 56.7218 27.059 0
      vertex 56.3254 27.1936 0
    endloop
  endfacet
  facet normal 0.751821 0.659367 0
    outer loop
      vertex 55.2873 27.8873 1.9
      vertex 55.0113 28.202 0
      vertex 55.0113 28.202 1.9
    endloop
  endfacet
  facet normal 0.751821 0.659367 0
    outer loop
      vertex 55.0113 28.202 0
      vertex 55.2873 27.8873 1.9
      vertex 55.2873 27.8873 0
    endloop
  endfacet
  facet normal 0.896898 0.442237 0
    outer loop
      vertex 54.7787 28.55 1.9
      vertex 54.5936 28.9254 0
      vertex 54.5936 28.9254 1.9
    endloop
  endfacet
  facet normal 0.896898 0.442237 0
    outer loop
      vertex 54.5936 28.9254 0
      vertex 54.7787 28.55 1.9
      vertex 54.7787 28.55 0
    endloop
  endfacet
  facet normal -0.555551 -0.831483 0
    outer loop
      vertex -2.35 -1.92776 1.9
      vertex -2.1651 -2.0513 6
      vertex -2.35 -1.92776 6
    endloop
  endfacet
  facet normal -0.555551 -0.831483 -0
    outer loop
      vertex -2.1651 -2.0513 6
      vertex -2.35 -1.92776 1.9
      vertex -2.1651 -2.0513 1.9
    endloop
  endfacet
  facet normal -0.980779 0.195122 0
    outer loop
      vertex -1.55793 -3.83999 1.9
      vertex -1.51454 -3.62189 6
      vertex -1.51454 -3.62189 1.9
    endloop
  endfacet
  facet normal -0.980779 0.195122 0
    outer loop
      vertex -1.51454 -3.62189 6
      vertex -1.55793 -3.83999 1.9
      vertex -1.55793 -3.83999 6
    endloop
  endfacet
  facet normal 0.195122 0.980779 -0
    outer loop
      vertex -3.42189 -5.08546 1.9
      vertex -3.63999 -5.04207 6
      vertex -3.42189 -5.08546 6
    endloop
  endfacet
  facet normal 0.195122 0.980779 0
    outer loop
      vertex -3.63999 -5.04207 6
      vertex -3.42189 -5.08546 1.9
      vertex -3.63999 -5.04207 1.9
    endloop
  endfacet
  facet normal 0.442314 -0.89686 0
    outer loop
      vertex -4.05 -1.92776 1.9
      vertex -3.85056 -1.8294 6
      vertex -4.05 -1.92776 6
    endloop
  endfacet
  facet normal 0.442314 -0.89686 0
    outer loop
      vertex -3.85056 -1.8294 6
      vertex -4.05 -1.92776 1.9
      vertex -3.85056 -1.8294 1.9
    endloop
  endfacet
  facet normal 0.946929 -0.321444 0
    outer loop
      vertex -4.84207 -2.96001 6
      vertex -4.77059 -2.74944 1.9
      vertex -4.77059 -2.74944 6
    endloop
  endfacet
  facet normal 0.946929 -0.321444 0
    outer loop
      vertex -4.77059 -2.74944 1.9
      vertex -4.84207 -2.96001 6
      vertex -4.84207 -2.96001 1.9
    endloop
  endfacet
  facet normal -0.751844 0.659342 0
    outer loop
      vertex -1.99792 -4.60208 1.9
      vertex -1.8513 -4.43489 6
      vertex -1.8513 -4.43489 1.9
    endloop
  endfacet
  facet normal -0.751844 0.659342 0
    outer loop
      vertex -1.8513 -4.43489 6
      vertex -1.99792 -4.60208 1.9
      vertex -1.99792 -4.60208 6
    endloop
  endfacet
  facet normal 0.321444 0.946929 -0
    outer loop
      vertex -3.63999 -5.04207 1.9
      vertex -3.85056 -4.97059 6
      vertex -3.63999 -5.04207 6
    endloop
  endfacet
  facet normal 0.321444 0.946929 0
    outer loop
      vertex -3.85056 -4.97059 6
      vertex -3.63999 -5.04207 1.9
      vertex -3.85056 -4.97059 1.9
    endloop
  endfacet
  facet normal -0.89686 -0.442314 0
    outer loop
      vertex -1.6294 -2.74944 1.9
      vertex -1.72776 -2.55 6
      vertex -1.72776 -2.55 1.9
    endloop
  endfacet
  facet normal -0.89686 -0.442314 0
    outer loop
      vertex -1.72776 -2.55 6
      vertex -1.6294 -2.74944 1.9
      vertex -1.6294 -2.74944 6
    endloop
  endfacet
  facet normal -0.980779 -0.195122 0
    outer loop
      vertex -1.51454 -3.17811 1.9
      vertex -1.55793 -2.96001 6
      vertex -1.55793 -2.96001 1.9
    endloop
  endfacet
  facet normal -0.980779 -0.195122 0
    outer loop
      vertex -1.55793 -2.96001 6
      vertex -1.51454 -3.17811 1.9
      vertex -1.51454 -3.17811 6
    endloop
  endfacet
  facet normal -0.831483 -0.555551 0
    outer loop
      vertex -1.72776 -2.55 1.9
      vertex -1.8513 -2.3651 6
      vertex -1.8513 -2.3651 1.9
    endloop
  endfacet
  facet normal -0.831483 -0.555551 0
    outer loop
      vertex -1.8513 -2.3651 6
      vertex -1.72776 -2.55 1.9
      vertex -1.72776 -2.55 6
    endloop
  endfacet
  facet normal -0.659364 -0.751824 0
    outer loop
      vertex -2.1651 -2.0513 1.9
      vertex -1.99792 -2.19792 6
      vertex -2.1651 -2.0513 6
    endloop
  endfacet
  facet normal -0.659364 -0.751824 -0
    outer loop
      vertex -1.99792 -2.19792 6
      vertex -2.1651 -2.0513 1.9
      vertex -1.99792 -2.19792 1.9
    endloop
  endfacet
  facet normal -0.321404 -0.946942 0
    outer loop
      vertex -2.76001 -1.75793 1.9
      vertex -2.54944 -1.8294 6
      vertex -2.76001 -1.75793 6
    endloop
  endfacet
  facet normal -0.321404 -0.946942 -0
    outer loop
      vertex -2.54944 -1.8294 6
      vertex -2.76001 -1.75793 1.9
      vertex -2.54944 -1.8294 1.9
    endloop
  endfacet
  facet normal -0.19513 -0.980777 0
    outer loop
      vertex -2.9781 -1.71454 1.9
      vertex -2.76001 -1.75793 6
      vertex -2.9781 -1.71454 6
    endloop
  endfacet
  facet normal -0.19513 -0.980777 -0
    outer loop
      vertex -2.76001 -1.75793 6
      vertex -2.9781 -1.71454 1.9
      vertex -2.76001 -1.75793 1.9
    endloop
  endfacet
  facet normal -0.0653848 -0.99786 0
    outer loop
      vertex -3.2 -1.7 1.9
      vertex -2.9781 -1.71454 6
      vertex -3.2 -1.7 6
    endloop
  endfacet
  facet normal -0.0653848 -0.99786 -0
    outer loop
      vertex -2.9781 -1.71454 6
      vertex -3.2 -1.7 1.9
      vertex -2.9781 -1.71454 1.9
    endloop
  endfacet
  facet normal 0.99786 -0.0653877 0
    outer loop
      vertex -4.9 -3.4 6
      vertex -4.88546 -3.17811 1.9
      vertex -4.88546 -3.17811 6
    endloop
  endfacet
  facet normal 0.99786 -0.0653877 0
    outer loop
      vertex -4.88546 -3.17811 1.9
      vertex -4.9 -3.4 6
      vertex -4.9 -3.4 1.9
    endloop
  endfacet
  facet normal 0.831483 -0.555551 0
    outer loop
      vertex -4.67224 -2.55 6
      vertex -4.5487 -2.3651 1.9
      vertex -4.5487 -2.3651 6
    endloop
  endfacet
  facet normal 0.831483 -0.555551 0
    outer loop
      vertex -4.5487 -2.3651 1.9
      vertex -4.67224 -2.55 6
      vertex -4.67224 -2.55 1.9
    endloop
  endfacet
  facet normal 0.321404 -0.946942 0
    outer loop
      vertex -3.85056 -1.8294 1.9
      vertex -3.63999 -1.75793 6
      vertex -3.85056 -1.8294 6
    endloop
  endfacet
  facet normal 0.321404 -0.946942 0
    outer loop
      vertex -3.63999 -1.75793 6
      vertex -3.85056 -1.8294 1.9
      vertex -3.63999 -1.75793 1.9
    endloop
  endfacet
  facet normal 0.751824 -0.659364 0
    outer loop
      vertex -4.5487 -2.3651 6
      vertex -4.40208 -2.19792 1.9
      vertex -4.40208 -2.19792 6
    endloop
  endfacet
  facet normal 0.751824 -0.659364 0
    outer loop
      vertex -4.40208 -2.19792 1.9
      vertex -4.5487 -2.3651 6
      vertex -4.5487 -2.3651 1.9
    endloop
  endfacet
  facet normal -0.99786 -0.0653877 0
    outer loop
      vertex -1.5 -3.4 1.9
      vertex -1.51454 -3.17811 6
      vertex -1.51454 -3.17811 1.9
    endloop
  endfacet
  facet normal -0.99786 -0.0653877 0
    outer loop
      vertex -1.51454 -3.17811 6
      vertex -1.5 -3.4 1.9
      vertex -1.5 -3.4 6
    endloop
  endfacet
  facet normal -0.19513 0.980777 0
    outer loop
      vertex -2.76001 -5.04207 1.9
      vertex -2.9781 -5.08546 6
      vertex -2.76001 -5.04207 6
    endloop
  endfacet
  facet normal -0.19513 0.980777 0
    outer loop
      vertex -2.9781 -5.08546 6
      vertex -2.76001 -5.04207 1.9
      vertex -2.9781 -5.08546 1.9
    endloop
  endfacet
  facet normal -0.946942 0.321404 0
    outer loop
      vertex -1.6294 -4.05056 1.9
      vertex -1.55793 -3.83999 6
      vertex -1.55793 -3.83999 1.9
    endloop
  endfacet
  facet normal -0.946942 0.321404 0
    outer loop
      vertex -1.55793 -3.83999 6
      vertex -1.6294 -4.05056 1.9
      vertex -1.6294 -4.05056 6
    endloop
  endfacet
  facet normal 0.0653877 0.99786 -0
    outer loop
      vertex -3.2 -5.1 1.9
      vertex -3.42189 -5.08546 6
      vertex -3.2 -5.1 6
    endloop
  endfacet
  facet normal 0.0653877 0.99786 0
    outer loop
      vertex -3.42189 -5.08546 6
      vertex -3.2 -5.1 1.9
      vertex -3.42189 -5.08546 1.9
    endloop
  endfacet
  facet normal 0.555572 0.831469 -0
    outer loop
      vertex -4.05 -4.87224 1.9
      vertex -4.23489 -4.7487 6
      vertex -4.05 -4.87224 6
    endloop
  endfacet
  facet normal 0.555572 0.831469 0
    outer loop
      vertex -4.23489 -4.7487 6
      vertex -4.05 -4.87224 1.9
      vertex -4.23489 -4.7487 1.9
    endloop
  endfacet
  facet normal 0.980779 0.195122 0
    outer loop
      vertex -4.84207 -3.83999 6
      vertex -4.88546 -3.62189 1.9
      vertex -4.88546 -3.62189 6
    endloop
  endfacet
  facet normal 0.980779 0.195122 0
    outer loop
      vertex -4.88546 -3.62189 1.9
      vertex -4.84207 -3.83999 6
      vertex -4.84207 -3.83999 1.9
    endloop
  endfacet
  facet normal 0.659342 0.751844 -0
    outer loop
      vertex -4.23489 -4.7487 1.9
      vertex -4.40208 -4.60208 6
      vertex -4.23489 -4.7487 6
    endloop
  endfacet
  facet normal 0.659342 0.751844 0
    outer loop
      vertex -4.40208 -4.60208 6
      vertex -4.23489 -4.7487 1.9
      vertex -4.40208 -4.60208 1.9
    endloop
  endfacet
  facet normal -0.946942 -0.321404 0
    outer loop
      vertex -1.55793 -2.96001 1.9
      vertex -1.6294 -2.74944 6
      vertex -1.6294 -2.74944 1.9
    endloop
  endfacet
  facet normal -0.946942 -0.321404 0
    outer loop
      vertex -1.6294 -2.74944 6
      vertex -1.55793 -2.96001 1.9
      vertex -1.55793 -2.96001 6
    endloop
  endfacet
  facet normal -0.751824 -0.659364 0
    outer loop
      vertex -1.8513 -2.3651 1.9
      vertex -1.99792 -2.19792 6
      vertex -1.99792 -2.19792 1.9
    endloop
  endfacet
  facet normal -0.751824 -0.659364 0
    outer loop
      vertex -1.99792 -2.19792 6
      vertex -1.8513 -2.3651 1.9
      vertex -1.8513 -2.3651 6
    endloop
  endfacet
  facet normal -0.442314 -0.89686 0
    outer loop
      vertex -2.54944 -1.8294 1.9
      vertex -2.35 -1.92776 6
      vertex -2.54944 -1.8294 6
    endloop
  endfacet
  facet normal -0.442314 -0.89686 -0
    outer loop
      vertex -2.35 -1.92776 6
      vertex -2.54944 -1.8294 1.9
      vertex -2.35 -1.92776 1.9
    endloop
  endfacet
  facet normal 0.0653877 -0.99786 0
    outer loop
      vertex -3.42189 -1.71454 1.9
      vertex -3.2 -1.7 6
      vertex -3.42189 -1.71454 6
    endloop
  endfacet
  facet normal 0.0653877 -0.99786 0
    outer loop
      vertex -3.2 -1.7 6
      vertex -3.42189 -1.71454 1.9
      vertex -3.2 -1.7 1.9
    endloop
  endfacet
  facet normal 0.99786 0.0653877 0
    outer loop
      vertex -4.88546 -3.62189 6
      vertex -4.9 -3.4 1.9
      vertex -4.9 -3.4 6
    endloop
  endfacet
  facet normal 0.99786 0.0653877 0
    outer loop
      vertex -4.9 -3.4 1.9
      vertex -4.88546 -3.62189 6
      vertex -4.88546 -3.62189 1.9
    endloop
  endfacet
  facet normal 0.980779 -0.195122 0
    outer loop
      vertex -4.88546 -3.17811 6
      vertex -4.84207 -2.96001 1.9
      vertex -4.84207 -2.96001 6
    endloop
  endfacet
  facet normal 0.980779 -0.195122 0
    outer loop
      vertex -4.84207 -2.96001 1.9
      vertex -4.88546 -3.17811 6
      vertex -4.88546 -3.17811 1.9
    endloop
  endfacet
  facet normal 0.896878 -0.442278 0
    outer loop
      vertex -4.77059 -2.74944 6
      vertex -4.67224 -2.55 1.9
      vertex -4.67224 -2.55 6
    endloop
  endfacet
  facet normal 0.896878 -0.442278 0
    outer loop
      vertex -4.67224 -2.55 1.9
      vertex -4.77059 -2.74944 6
      vertex -4.77059 -2.74944 1.9
    endloop
  endfacet
  facet normal 0.195122 -0.980779 0
    outer loop
      vertex -3.63999 -1.75793 1.9
      vertex -3.42189 -1.71454 6
      vertex -3.63999 -1.75793 6
    endloop
  endfacet
  facet normal 0.195122 -0.980779 0
    outer loop
      vertex -3.42189 -1.71454 6
      vertex -3.63999 -1.75793 1.9
      vertex -3.42189 -1.71454 1.9
    endloop
  endfacet
  facet normal 0.659342 -0.751844 0
    outer loop
      vertex -4.40208 -2.19792 1.9
      vertex -4.23489 -2.0513 6
      vertex -4.40208 -2.19792 6
    endloop
  endfacet
  facet normal 0.659342 -0.751844 0
    outer loop
      vertex -4.23489 -2.0513 6
      vertex -4.40208 -2.19792 1.9
      vertex -4.23489 -2.0513 1.9
    endloop
  endfacet
  facet normal 0.555572 -0.831469 0
    outer loop
      vertex -4.23489 -2.0513 1.9
      vertex -4.05 -1.92776 6
      vertex -4.23489 -2.0513 6
    endloop
  endfacet
  facet normal 0.555572 -0.831469 0
    outer loop
      vertex -4.05 -1.92776 6
      vertex -4.23489 -2.0513 1.9
      vertex -4.05 -1.92776 1.9
    endloop
  endfacet
  facet normal -0.831469 0.555572 0
    outer loop
      vertex -1.8513 -4.43489 1.9
      vertex -1.72776 -4.25 6
      vertex -1.72776 -4.25 1.9
    endloop
  endfacet
  facet normal -0.831469 0.555572 0
    outer loop
      vertex -1.72776 -4.25 6
      vertex -1.8513 -4.43489 1.9
      vertex -1.8513 -4.43489 6
    endloop
  endfacet
  facet normal -0.89686 0.442314 0
    outer loop
      vertex -1.72776 -4.25 1.9
      vertex -1.6294 -4.05056 6
      vertex -1.6294 -4.05056 1.9
    endloop
  endfacet
  facet normal -0.89686 0.442314 0
    outer loop
      vertex -1.6294 -4.05056 6
      vertex -1.72776 -4.25 1.9
      vertex -1.72776 -4.25 6
    endloop
  endfacet
  facet normal -0.321444 0.946929 0
    outer loop
      vertex -2.54944 -4.97059 1.9
      vertex -2.76001 -5.04207 6
      vertex -2.54944 -4.97059 6
    endloop
  endfacet
  facet normal -0.321444 0.946929 0
    outer loop
      vertex -2.76001 -5.04207 6
      vertex -2.54944 -4.97059 1.9
      vertex -2.76001 -5.04207 1.9
    endloop
  endfacet
  facet normal -0.555551 0.831483 0
    outer loop
      vertex -2.1651 -4.7487 1.9
      vertex -2.35 -4.87224 6
      vertex -2.1651 -4.7487 6
    endloop
  endfacet
  facet normal -0.555551 0.831483 0
    outer loop
      vertex -2.35 -4.87224 6
      vertex -2.1651 -4.7487 1.9
      vertex -2.35 -4.87224 1.9
    endloop
  endfacet
  facet normal 0.442278 0.896878 -0
    outer loop
      vertex -3.85056 -4.97059 1.9
      vertex -4.05 -4.87224 6
      vertex -3.85056 -4.97059 6
    endloop
  endfacet
  facet normal 0.442278 0.896878 0
    outer loop
      vertex -4.05 -4.87224 6
      vertex -3.85056 -4.97059 1.9
      vertex -4.05 -4.87224 1.9
    endloop
  endfacet
  facet normal 0.946929 0.321444 0
    outer loop
      vertex -4.77059 -4.05056 6
      vertex -4.84207 -3.83999 1.9
      vertex -4.84207 -3.83999 6
    endloop
  endfacet
  facet normal 0.946929 0.321444 0
    outer loop
      vertex -4.84207 -3.83999 1.9
      vertex -4.77059 -4.05056 6
      vertex -4.77059 -4.05056 1.9
    endloop
  endfacet
  facet normal 0.831469 0.555572 0
    outer loop
      vertex -4.5487 -4.43489 6
      vertex -4.67224 -4.25 1.9
      vertex -4.67224 -4.25 6
    endloop
  endfacet
  facet normal 0.831469 0.555572 0
    outer loop
      vertex -4.67224 -4.25 1.9
      vertex -4.5487 -4.43489 6
      vertex -4.5487 -4.43489 1.9
    endloop
  endfacet
  facet normal -0.99786 0.0653877 0
    outer loop
      vertex -1.51454 -3.62189 1.9
      vertex -1.5 -3.4 6
      vertex -1.5 -3.4 1.9
    endloop
  endfacet
  facet normal -0.99786 0.0653877 0
    outer loop
      vertex -1.5 -3.4 6
      vertex -1.51454 -3.62189 1.9
      vertex -1.51454 -3.62189 6
    endloop
  endfacet
  facet normal -0.442278 0.896878 0
    outer loop
      vertex -2.35 -4.87224 1.9
      vertex -2.54944 -4.97059 6
      vertex -2.35 -4.87224 6
    endloop
  endfacet
  facet normal -0.442278 0.896878 0
    outer loop
      vertex -2.54944 -4.97059 6
      vertex -2.35 -4.87224 1.9
      vertex -2.54944 -4.97059 1.9
    endloop
  endfacet
  facet normal -0.659364 0.751824 0
    outer loop
      vertex -1.99792 -4.60208 1.9
      vertex -2.1651 -4.7487 6
      vertex -1.99792 -4.60208 6
    endloop
  endfacet
  facet normal -0.659364 0.751824 0
    outer loop
      vertex -2.1651 -4.7487 6
      vertex -1.99792 -4.60208 1.9
      vertex -2.1651 -4.7487 1.9
    endloop
  endfacet
  facet normal -0.0653848 0.99786 0
    outer loop
      vertex -2.9781 -5.08546 1.9
      vertex -3.2 -5.1 6
      vertex -2.9781 -5.08546 6
    endloop
  endfacet
  facet normal -0.0653848 0.99786 0
    outer loop
      vertex -3.2 -5.1 6
      vertex -2.9781 -5.08546 1.9
      vertex -3.2 -5.1 1.9
    endloop
  endfacet
  facet normal 0.896878 0.442278 0
    outer loop
      vertex -4.67224 -4.25 6
      vertex -4.77059 -4.05056 1.9
      vertex -4.77059 -4.05056 6
    endloop
  endfacet
  facet normal 0.896878 0.442278 0
    outer loop
      vertex -4.77059 -4.05056 1.9
      vertex -4.67224 -4.25 6
      vertex -4.67224 -4.25 1.9
    endloop
  endfacet
  facet normal 0.751844 0.659342 0
    outer loop
      vertex -4.40208 -4.60208 6
      vertex -4.5487 -4.43489 1.9
      vertex -4.5487 -4.43489 6
    endloop
  endfacet
  facet normal 0.751844 0.659342 0
    outer loop
      vertex -4.5487 -4.43489 1.9
      vertex -4.40208 -4.60208 6
      vertex -4.40208 -4.60208 1.9
    endloop
  endfacet
  facet normal -0.997859 -0.0654031 0
    outer loop
      vertex 0 -3.4 0
      vertex -0.0273762 -2.98232 1.9
      vertex -0.0273762 -2.98232 0
    endloop
  endfacet
  facet normal -0.997859 -0.0654031 0
    outer loop
      vertex -0.0273762 -2.98232 1.9
      vertex 0 -3.4 0
      vertex 0 -3.4 1.9
    endloop
  endfacet
  facet normal 0.997858 -0.0654122 0
    outer loop
      vertex -6.4 -3.4 1.9
      vertex -6.37262 -2.98232 0
      vertex -6.37262 -2.98232 1.9
    endloop
  endfacet
  facet normal 0.997858 -0.0654122 0
    outer loop
      vertex -6.37262 -2.98232 0
      vertex -6.4 -3.4 1.9
      vertex -6.4 -3.4 0
    endloop
  endfacet
  facet normal 0.0654027 -0.997859 0
    outer loop
      vertex -3.61768 -0.227376 0
      vertex -3.2 -0.2 1.9
      vertex -3.61768 -0.227376 1.9
    endloop
  endfacet
  facet normal 0.0654027 -0.997859 0
    outer loop
      vertex -3.2 -0.2 1.9
      vertex -3.61768 -0.227376 0
      vertex -3.2 -0.2 0
    endloop
  endfacet
  facet normal -0.659352 -0.751834 0
    outer loop
      vertex -1.25196 -0.861269 0
      vertex -0.937258 -1.13726 1.9
      vertex -1.25196 -0.861269 1.9
    endloop
  endfacet
  facet normal -0.659352 -0.751834 -0
    outer loop
      vertex -0.937258 -1.13726 1.9
      vertex -1.25196 -0.861269 0
      vertex -0.937258 -1.13726 0
    endloop
  endfacet
  facet normal 0.659355 -0.751832 0
    outer loop
      vertex -5.46274 -1.13726 0
      vertex -5.14804 -0.861269 1.9
      vertex -5.46274 -1.13726 1.9
    endloop
  endfacet
  facet normal 0.659355 -0.751832 0
    outer loop
      vertex -5.14804 -0.861269 1.9
      vertex -5.46274 -1.13726 0
      vertex -5.14804 -0.861269 0
    endloop
  endfacet
  facet normal 0.442291 -0.896872 0
    outer loop
      vertex -4.8 -0.628718 0
      vertex -4.42459 -0.443585 1.9
      vertex -4.8 -0.628718 1.9
    endloop
  endfacet
  facet normal 0.442291 -0.896872 0
    outer loop
      vertex -4.42459 -0.443585 1.9
      vertex -4.8 -0.628718 0
      vertex -4.42459 -0.443585 0
    endloop
  endfacet
  facet normal -0.896871 -0.442293 0
    outer loop
      vertex -0.243585 -2.17541 0
      vertex -0.428719 -1.8 1.9
      vertex -0.428719 -1.8 0
    endloop
  endfacet
  facet normal -0.896871 -0.442293 0
    outer loop
      vertex -0.428719 -1.8 1.9
      vertex -0.243585 -2.17541 0
      vertex -0.243585 -2.17541 1.9
    endloop
  endfacet
  facet normal -0.980786 -0.195086 0
    outer loop
      vertex -0.0273762 -2.98232 0
      vertex -0.109036 -2.57178 1.9
      vertex -0.109036 -2.57178 0
    endloop
  endfacet
  facet normal -0.980786 -0.195086 0
    outer loop
      vertex -0.109036 -2.57178 1.9
      vertex -0.0273762 -2.98232 0
      vertex -0.0273762 -2.98232 1.9
    endloop
  endfacet
  facet normal -0.321436 -0.946931 0
    outer loop
      vertex -2.37178 -0.309037 0
      vertex -1.97541 -0.443585 1.9
      vertex -2.37178 -0.309037 1.9
    endloop
  endfacet
  facet normal -0.321436 -0.946931 -0
    outer loop
      vertex -1.97541 -0.443585 1.9
      vertex -2.37178 -0.309037 0
      vertex -1.97541 -0.443585 0
    endloop
  endfacet
  facet normal -0.195089 -0.980786 0
    outer loop
      vertex -2.78232 -0.227376 0
      vertex -2.37178 -0.309037 1.9
      vertex -2.78232 -0.227376 1.9
    endloop
  endfacet
  facet normal -0.195089 -0.980786 -0
    outer loop
      vertex -2.37178 -0.309037 1.9
      vertex -2.78232 -0.227376 0
      vertex -2.37178 -0.309037 0
    endloop
  endfacet
  facet normal -0.555567 -0.831472 0
    outer loop
      vertex -1.6 -0.628718 0
      vertex -1.25196 -0.861269 1.9
      vertex -1.6 -0.628718 1.9
    endloop
  endfacet
  facet normal -0.555567 -0.831472 -0
    outer loop
      vertex -1.25196 -0.861269 1.9
      vertex -1.6 -0.628718 0
      vertex -1.25196 -0.861269 0
    endloop
  endfacet
  facet normal 0.896874 -0.442285 0
    outer loop
      vertex -6.15641 -2.17541 1.9
      vertex -5.97128 -1.8 0
      vertex -5.97128 -1.8 1.9
    endloop
  endfacet
  facet normal 0.896874 -0.442285 0
    outer loop
      vertex -5.97128 -1.8 0
      vertex -6.15641 -2.17541 1.9
      vertex -6.15641 -2.17541 0
    endloop
  endfacet
  facet normal 0.831473 -0.555565 0
    outer loop
      vertex -5.97128 -1.8 1.9
      vertex -5.73873 -1.45196 0
      vertex -5.73873 -1.45196 1.9
    endloop
  endfacet
  facet normal 0.831473 -0.555565 0
    outer loop
      vertex -5.73873 -1.45196 0
      vertex -5.97128 -1.8 1.9
      vertex -5.97128 -1.8 0
    endloop
  endfacet
  facet normal 0.980786 -0.195087 0
    outer loop
      vertex -6.37262 -2.98232 1.9
      vertex -6.29096 -2.57178 0
      vertex -6.29096 -2.57178 1.9
    endloop
  endfacet
  facet normal 0.980786 -0.195087 0
    outer loop
      vertex -6.29096 -2.57178 0
      vertex -6.37262 -2.98232 1.9
      vertex -6.37262 -2.98232 0
    endloop
  endfacet
  facet normal 0.555567 -0.831472 0
    outer loop
      vertex -5.14804 -0.861269 0
      vertex -4.8 -0.628718 1.9
      vertex -5.14804 -0.861269 1.9
    endloop
  endfacet
  facet normal 0.555567 -0.831472 0
    outer loop
      vertex -4.8 -0.628718 1.9
      vertex -5.14804 -0.861269 0
      vertex -4.8 -0.628718 0
    endloop
  endfacet
  facet normal 0.195089 -0.980786 0
    outer loop
      vertex -4.02822 -0.309037 0
      vertex -3.61768 -0.227376 1.9
      vertex -4.02822 -0.309037 1.9
    endloop
  endfacet
  facet normal 0.195089 -0.980786 0
    outer loop
      vertex -3.61768 -0.227376 1.9
      vertex -4.02822 -0.309037 0
      vertex -3.61768 -0.227376 0
    endloop
  endfacet
  facet normal 0.195087 0.980786 -0
    outer loop
      vertex -3.61768 -6.57262 0
      vertex -4.02822 -6.49096 1.9
      vertex -3.61768 -6.57262 1.9
    endloop
  endfacet
  facet normal 0.195087 0.980786 0
    outer loop
      vertex -4.02822 -6.49096 1.9
      vertex -3.61768 -6.57262 0
      vertex -4.02822 -6.49096 0
    endloop
  endfacet
  facet normal -0.195087 0.980786 0
    outer loop
      vertex -2.37178 -6.49096 0
      vertex -2.78232 -6.57262 1.9
      vertex -2.37178 -6.49096 1.9
    endloop
  endfacet
  facet normal -0.195087 0.980786 0
    outer loop
      vertex -2.78232 -6.57262 1.9
      vertex -2.37178 -6.49096 0
      vertex -2.78232 -6.57262 0
    endloop
  endfacet
  facet normal -0.94693 -0.321438 0
    outer loop
      vertex -0.109036 -2.57178 0
      vertex -0.243585 -2.17541 1.9
      vertex -0.243585 -2.17541 0
    endloop
  endfacet
  facet normal -0.94693 -0.321438 0
    outer loop
      vertex -0.243585 -2.17541 1.9
      vertex -0.109036 -2.57178 0
      vertex -0.109036 -2.57178 1.9
    endloop
  endfacet
  facet normal -0.751834 -0.659352 0
    outer loop
      vertex -0.661269 -1.45196 0
      vertex -0.937258 -1.13726 1.9
      vertex -0.937258 -1.13726 0
    endloop
  endfacet
  facet normal -0.751834 -0.659352 0
    outer loop
      vertex -0.937258 -1.13726 1.9
      vertex -0.661269 -1.45196 0
      vertex -0.661269 -1.45196 1.9
    endloop
  endfacet
  facet normal -0.831473 -0.555565 0
    outer loop
      vertex -0.428719 -1.8 0
      vertex -0.661269 -1.45196 1.9
      vertex -0.661269 -1.45196 0
    endloop
  endfacet
  facet normal -0.831473 -0.555565 0
    outer loop
      vertex -0.661269 -1.45196 1.9
      vertex -0.428719 -1.8 0
      vertex -0.428719 -1.8 1.9
    endloop
  endfacet
  facet normal -0.0654027 -0.997859 0
    outer loop
      vertex -3.2 -0.2 0
      vertex -2.78232 -0.227376 1.9
      vertex -3.2 -0.2 1.9
    endloop
  endfacet
  facet normal -0.0654027 -0.997859 -0
    outer loop
      vertex -2.78232 -0.227376 1.9
      vertex -3.2 -0.2 0
      vertex -2.78232 -0.227376 0
    endloop
  endfacet
  facet normal 0 0 -1
    outer loop
      vertex -1.5 -3.4 1.9
      vertex 0 -3.4 1.9
      vertex -0.0273762 -3.81768 1.9
    endloop
  endfacet
  facet normal 0 0 -1
    outer loop
      vertex -1.51454 -3.62189 1.9
      vertex -0.0273762 -3.81768 1.9
      vertex -0.109036 -4.22822 1.9
    endloop
  endfacet
  facet normal 0 0 -1
    outer loop
      vertex 0 -3.4 1.9
      vertex -1.5 -3.4 1.9
      vertex -0.0273762 -2.98232 1.9
    endloop
  endfacet
  facet normal 0 0 -1
    outer loop
      vertex -1.55793 -3.83999 1.9
      vertex -0.109036 -4.22822 1.9
      vertex -0.243585 -4.62459 1.9
    endloop
  endfacet
  facet normal 0 0 -1
    outer loop
      vertex -1.51454 -3.17811 1.9
      vertex -0.0273762 -2.98232 1.9
      vertex -1.5 -3.4 1.9
    endloop
  endfacet
  facet normal 0 0 -1
    outer loop
      vertex -1.6294 -4.05056 1.9
      vertex -0.243585 -4.62459 1.9
      vertex -0.428719 -5 1.9
    endloop
  endfacet
  facet normal -0 0 -1
    outer loop
      vertex -0.0273762 -2.98232 1.9
      vertex -1.51454 -3.17811 1.9
      vertex -0.109036 -2.57178 1.9
    endloop
  endfacet
  facet normal 0 0 -1
    outer loop
      vertex -1.72776 -4.25 1.9
      vertex -0.428719 -5 1.9
      vertex -0.661269 -5.34804 1.9
    endloop
  endfacet
  facet normal 0 0 -1
    outer loop
      vertex -1.55793 -2.96001 1.9
      vertex -0.109036 -2.57178 1.9
      vertex -1.51454 -3.17811 1.9
    endloop
  endfacet
  facet normal 0 0 -1
    outer loop
      vertex -1.8513 -4.43489 1.9
      vertex -0.661269 -5.34804 1.9
      vertex -0.937258 -5.66274 1.9
    endloop
  endfacet
  facet normal -0 0 -1
    outer loop
      vertex -0.109036 -2.57178 1.9
      vertex -1.55793 -2.96001 1.9
      vertex -0.243585 -2.17541 1.9
    endloop
  endfacet
  facet normal 0 0 -1
    outer loop
      vertex -1.99792 -4.60208 1.9
      vertex -0.937258 -5.66274 1.9
      vertex -1.25196 -5.93873 1.9
    endloop
  endfacet
  facet normal 0 0 -1
    outer loop
      vertex -1.6294 -2.74944 1.9
      vertex -0.243585 -2.17541 1.9
      vertex -1.55793 -2.96001 1.9
    endloop
  endfacet
  facet normal -0 0 -1
    outer loop
      vertex -0.243585 -2.17541 1.9
      vertex -1.6294 -2.74944 1.9
      vertex -0.428719 -1.8 1.9
    endloop
  endfacet
  facet normal 0 0 -1
    outer loop
      vertex -0.0273762 -3.81768 1.9
      vertex -1.51454 -3.62189 1.9
      vertex -1.5 -3.4 1.9
    endloop
  endfacet
  facet normal 0 0 -1
    outer loop
      vertex -0.109036 -4.22822 1.9
      vertex -1.55793 -3.83999 1.9
      vertex -1.51454 -3.62189 1.9
    endloop
  endfacet
  facet normal 0 0 -1
    outer loop
      vertex -2.1651 -4.7487 1.9
      vertex -1.25196 -5.93873 1.9
      vertex -1.6 -6.17128 1.9
    endloop
  endfacet
  facet normal 0 0 -1
    outer loop
      vertex -0.243585 -4.62459 1.9
      vertex -1.6294 -4.05056 1.9
      vertex -1.55793 -3.83999 1.9
    endloop
  endfacet
  facet normal 0 0 -1
    outer loop
      vertex -0.428719 -5 1.9
      vertex -1.72776 -4.25 1.9
      vertex -1.6294 -4.05056 1.9
    endloop
  endfacet
  facet normal 0 0 -1
    outer loop
      vertex -0.661269 -5.34804 1.9
      vertex -1.8513 -4.43489 1.9
      vertex -1.72776 -4.25 1.9
    endloop
  endfacet
  facet normal 0 0 -1
    outer loop
      vertex -2.35 -4.87224 1.9
      vertex -1.6 -6.17128 1.9
      vertex -1.97541 -6.35641 1.9
    endloop
  endfacet
  facet normal 0 0 -1
    outer loop
      vertex -0.937258 -5.66274 1.9
      vertex -1.99792 -4.60208 1.9
      vertex -1.8513 -4.43489 1.9
    endloop
  endfacet
  facet normal 0 0 -1
    outer loop
      vertex -1.25196 -5.93873 1.9
      vertex -2.1651 -4.7487 1.9
      vertex -1.99792 -4.60208 1.9
    endloop
  endfacet
  facet normal 0 0 -1
    outer loop
      vertex -1.6 -6.17128 1.9
      vertex -2.35 -4.87224 1.9
      vertex -2.1651 -4.7487 1.9
    endloop
  endfacet
  facet normal 0 0 -1
    outer loop
      vertex -2.54944 -4.97059 1.9
      vertex -1.97541 -6.35641 1.9
      vertex -2.37178 -6.49096 1.9
    endloop
  endfacet
  facet normal 0 0 -1
    outer loop
      vertex -1.97541 -6.35641 1.9
      vertex -2.54944 -4.97059 1.9
      vertex -2.35 -4.87224 1.9
    endloop
  endfacet
  facet normal 0 0 -1
    outer loop
      vertex -2.37178 -6.49096 1.9
      vertex -2.76001 -5.04207 1.9
      vertex -2.54944 -4.97059 1.9
    endloop
  endfacet
  facet normal 0 0 -1
    outer loop
      vertex -2.78232 -6.57262 1.9
      vertex -2.76001 -5.04207 1.9
      vertex -2.37178 -6.49096 1.9
    endloop
  endfacet
  facet normal 0 0 -1
    outer loop
      vertex -2.78232 -6.57262 1.9
      vertex -2.9781 -5.08546 1.9
      vertex -2.76001 -5.04207 1.9
    endloop
  endfacet
  facet normal 0 0 -1
    outer loop
      vertex -3.2 -6.6 1.9
      vertex -2.9781 -5.08546 1.9
      vertex -2.78232 -6.57262 1.9
    endloop
  endfacet
  facet normal 0 0 -1
    outer loop
      vertex -3.2 -6.6 1.9
      vertex -3.2 -5.1 1.9
      vertex -2.9781 -5.08546 1.9
    endloop
  endfacet
  facet normal 0 0 -1
    outer loop
      vertex -3.2 -6.6 1.9
      vertex -3.42189 -5.08546 1.9
      vertex -3.2 -5.1 1.9
    endloop
  endfacet
  facet normal 0 0 -1
    outer loop
      vertex -3.61768 -6.57262 1.9
      vertex -3.42189 -5.08546 1.9
      vertex -3.2 -6.6 1.9
    endloop
  endfacet
  facet normal 0 0 -1
    outer loop
      vertex -3.61768 -6.57262 1.9
      vertex -3.63999 -5.04207 1.9
      vertex -3.42189 -5.08546 1.9
    endloop
  endfacet
  facet normal 0 0 -1
    outer loop
      vertex -4.02822 -6.49096 1.9
      vertex -3.63999 -5.04207 1.9
      vertex -3.61768 -6.57262 1.9
    endloop
  endfacet
  facet normal -0 0 -1
    outer loop
      vertex -3.63999 -5.04207 1.9
      vertex -4.02822 -6.49096 1.9
      vertex -3.85056 -4.97059 1.9
    endloop
  endfacet
  facet normal 0 0 -1
    outer loop
      vertex -4.42459 -6.35641 1.9
      vertex -3.85056 -4.97059 1.9
      vertex -4.02822 -6.49096 1.9
    endloop
  endfacet
  facet normal -0 0 -1
    outer loop
      vertex -3.85056 -4.97059 1.9
      vertex -4.42459 -6.35641 1.9
      vertex -4.05 -4.87224 1.9
    endloop
  endfacet
  facet normal 0 0 -1
    outer loop
      vertex -4.8 -6.17128 1.9
      vertex -4.05 -4.87224 1.9
      vertex -4.42459 -6.35641 1.9
    endloop
  endfacet
  facet normal -0 0 -1
    outer loop
      vertex -4.05 -4.87224 1.9
      vertex -4.8 -6.17128 1.9
      vertex -4.23489 -4.7487 1.9
    endloop
  endfacet
  facet normal 0 0 -1
    outer loop
      vertex -5.14804 -5.93873 1.9
      vertex -4.23489 -4.7487 1.9
      vertex -4.8 -6.17128 1.9
    endloop
  endfacet
  facet normal -0 0 -1
    outer loop
      vertex -4.23489 -4.7487 1.9
      vertex -5.14804 -5.93873 1.9
      vertex -4.40208 -4.60208 1.9
    endloop
  endfacet
  facet normal 0 0 -1
    outer loop
      vertex -5.46274 -5.66274 1.9
      vertex -4.40208 -4.60208 1.9
      vertex -5.14804 -5.93873 1.9
    endloop
  endfacet
  facet normal -0 0 -1
    outer loop
      vertex -4.40208 -4.60208 1.9
      vertex -5.46274 -5.66274 1.9
      vertex -4.5487 -4.43489 1.9
    endloop
  endfacet
  facet normal 0 0 -1
    outer loop
      vertex -5.73873 -5.34804 1.9
      vertex -4.5487 -4.43489 1.9
      vertex -5.46274 -5.66274 1.9
    endloop
  endfacet
  facet normal -0 0 -1
    outer loop
      vertex -4.5487 -4.43489 1.9
      vertex -5.73873 -5.34804 1.9
      vertex -4.67224 -4.25 1.9
    endloop
  endfacet
  facet normal 0 0 -1
    outer loop
      vertex -5.97128 -5 1.9
      vertex -4.67224 -4.25 1.9
      vertex -5.73873 -5.34804 1.9
    endloop
  endfacet
  facet normal -0 0 -1
    outer loop
      vertex -4.67224 -4.25 1.9
      vertex -5.97128 -5 1.9
      vertex -4.77059 -4.05056 1.9
    endloop
  endfacet
  facet normal 0 0 -1
    outer loop
      vertex -1.72776 -2.55 1.9
      vertex -0.428719 -1.8 1.9
      vertex -1.6294 -2.74944 1.9
    endloop
  endfacet
  facet normal -0 0 -1
    outer loop
      vertex -0.428719 -1.8 1.9
      vertex -1.72776 -2.55 1.9
      vertex -0.661269 -1.45196 1.9
    endloop
  endfacet
  facet normal 0 0 -1
    outer loop
      vertex -1.8513 -2.3651 1.9
      vertex -0.661269 -1.45196 1.9
      vertex -1.72776 -2.55 1.9
    endloop
  endfacet
  facet normal -0 0 -1
    outer loop
      vertex -0.661269 -1.45196 1.9
      vertex -1.8513 -2.3651 1.9
      vertex -0.937258 -1.13726 1.9
    endloop
  endfacet
  facet normal 0 0 -1
    outer loop
      vertex -1.99792 -2.19792 1.9
      vertex -0.937258 -1.13726 1.9
      vertex -1.8513 -2.3651 1.9
    endloop
  endfacet
  facet normal -0 0 -1
    outer loop
      vertex -0.937258 -1.13726 1.9
      vertex -1.99792 -2.19792 1.9
      vertex -1.25196 -0.861269 1.9
    endloop
  endfacet
  facet normal 0 0 -1
    outer loop
      vertex -2.1651 -2.0513 1.9
      vertex -1.25196 -0.861269 1.9
      vertex -1.99792 -2.19792 1.9
    endloop
  endfacet
  facet normal -0 0 -1
    outer loop
      vertex -1.25196 -0.861269 1.9
      vertex -2.1651 -2.0513 1.9
      vertex -1.6 -0.628718 1.9
    endloop
  endfacet
  facet normal 0 0 -1
    outer loop
      vertex -2.35 -1.92776 1.9
      vertex -1.6 -0.628718 1.9
      vertex -2.1651 -2.0513 1.9
    endloop
  endfacet
  facet normal -0 0 -1
    outer loop
      vertex -1.6 -0.628718 1.9
      vertex -2.35 -1.92776 1.9
      vertex -1.97541 -0.443585 1.9
    endloop
  endfacet
  facet normal 0 0 -1
    outer loop
      vertex -2.54944 -1.8294 1.9
      vertex -1.97541 -0.443585 1.9
      vertex -2.35 -1.92776 1.9
    endloop
  endfacet
  facet normal -0 0 -1
    outer loop
      vertex -1.97541 -0.443585 1.9
      vertex -2.54944 -1.8294 1.9
      vertex -2.37178 -0.309037 1.9
    endloop
  endfacet
  facet normal 0 0 -1
    outer loop
      vertex -2.76001 -1.75793 1.9
      vertex -2.37178 -0.309037 1.9
      vertex -2.54944 -1.8294 1.9
    endloop
  endfacet
  facet normal 0 0 -1
    outer loop
      vertex -2.76001 -1.75793 1.9
      vertex -2.78232 -0.227376 1.9
      vertex -2.37178 -0.309037 1.9
    endloop
  endfacet
  facet normal 0 0 -1
    outer loop
      vertex -2.9781 -1.71454 1.9
      vertex -2.78232 -0.227376 1.9
      vertex -2.76001 -1.75793 1.9
    endloop
  endfacet
  facet normal 0 0 -1
    outer loop
      vertex -3.2 -1.7 1.9
      vertex -2.78232 -0.227376 1.9
      vertex -2.9781 -1.71454 1.9
    endloop
  endfacet
  facet normal 0 0 -1
    outer loop
      vertex -3.2 -1.7 1.9
      vertex -3.2 -0.2 1.9
      vertex -2.78232 -0.227376 1.9
    endloop
  endfacet
  facet normal 0 0 -1
    outer loop
      vertex -3.42189 -1.71454 1.9
      vertex -3.2 -0.2 1.9
      vertex -3.2 -1.7 1.9
    endloop
  endfacet
  facet normal 0 0 -1
    outer loop
      vertex -3.42189 -1.71454 1.9
      vertex -3.61768 -0.227376 1.9
      vertex -3.2 -0.2 1.9
    endloop
  endfacet
  facet normal 0 0 -1
    outer loop
      vertex -3.63999 -1.75793 1.9
      vertex -3.61768 -0.227376 1.9
      vertex -3.42189 -1.71454 1.9
    endloop
  endfacet
  facet normal 0 0 -1
    outer loop
      vertex -4.02822 -0.309037 1.9
      vertex -3.63999 -1.75793 1.9
      vertex -3.85056 -1.8294 1.9
    endloop
  endfacet
  facet normal 0 0 -1
    outer loop
      vertex -3.63999 -1.75793 1.9
      vertex -4.02822 -0.309037 1.9
      vertex -3.61768 -0.227376 1.9
    endloop
  endfacet
  facet normal 0 0 -1
    outer loop
      vertex -4.42459 -0.443585 1.9
      vertex -3.85056 -1.8294 1.9
      vertex -4.05 -1.92776 1.9
    endloop
  endfacet
  facet normal 0 0 -1
    outer loop
      vertex -4.8 -0.628718 1.9
      vertex -4.05 -1.92776 1.9
      vertex -4.23489 -2.0513 1.9
    endloop
  endfacet
  facet normal 0 0 -1
    outer loop
      vertex -5.14804 -0.861269 1.9
      vertex -4.23489 -2.0513 1.9
      vertex -4.40208 -2.19792 1.9
    endloop
  endfacet
  facet normal 0 0 -1
    outer loop
      vertex -3.85056 -1.8294 1.9
      vertex -4.42459 -0.443585 1.9
      vertex -4.02822 -0.309037 1.9
    endloop
  endfacet
  facet normal 0 0 -1
    outer loop
      vertex -5.46274 -1.13726 1.9
      vertex -4.40208 -2.19792 1.9
      vertex -4.5487 -2.3651 1.9
    endloop
  endfacet
  facet normal 0 0 -1
    outer loop
      vertex -5.73873 -1.45196 1.9
      vertex -4.5487 -2.3651 1.9
      vertex -4.67224 -2.55 1.9
    endloop
  endfacet
  facet normal 0 0 -1
    outer loop
      vertex -5.97128 -1.8 1.9
      vertex -4.67224 -2.55 1.9
      vertex -4.77059 -2.74944 1.9
    endloop
  endfacet
  facet normal 0 0 -1
    outer loop
      vertex -4.05 -1.92776 1.9
      vertex -4.8 -0.628718 1.9
      vertex -4.42459 -0.443585 1.9
    endloop
  endfacet
  facet normal 0 0 -1
    outer loop
      vertex -6.15641 -2.17541 1.9
      vertex -4.77059 -2.74944 1.9
      vertex -4.84207 -2.96001 1.9
    endloop
  endfacet
  facet normal 0 0 -1
    outer loop
      vertex -6.29096 -2.57178 1.9
      vertex -4.84207 -2.96001 1.9
      vertex -4.88546 -3.17811 1.9
    endloop
  endfacet
  facet normal 0 0 -1
    outer loop
      vertex -6.37262 -2.98232 1.9
      vertex -4.88546 -3.17811 1.9
      vertex -4.9 -3.4 1.9
    endloop
  endfacet
  facet normal 0 0 -1
    outer loop
      vertex -6.15641 -4.62459 1.9
      vertex -4.77059 -4.05056 1.9
      vertex -5.97128 -5 1.9
    endloop
  endfacet
  facet normal 0 0 -1
    outer loop
      vertex -4.23489 -2.0513 1.9
      vertex -5.14804 -0.861269 1.9
      vertex -4.8 -0.628718 1.9
    endloop
  endfacet
  facet normal -0 0 -1
    outer loop
      vertex -4.77059 -4.05056 1.9
      vertex -6.15641 -4.62459 1.9
      vertex -4.84207 -3.83999 1.9
    endloop
  endfacet
  facet normal 0 0 -1
    outer loop
      vertex -4.40208 -2.19792 1.9
      vertex -5.46274 -1.13726 1.9
      vertex -5.14804 -0.861269 1.9
    endloop
  endfacet
  facet normal 0 0 -1
    outer loop
      vertex -6.29096 -4.22822 1.9
      vertex -4.84207 -3.83999 1.9
      vertex -6.15641 -4.62459 1.9
    endloop
  endfacet
  facet normal 0 0 -1
    outer loop
      vertex -4.5487 -2.3651 1.9
      vertex -5.73873 -1.45196 1.9
      vertex -5.46274 -1.13726 1.9
    endloop
  endfacet
  facet normal -0 0 -1
    outer loop
      vertex -4.84207 -3.83999 1.9
      vertex -6.29096 -4.22822 1.9
      vertex -4.88546 -3.62189 1.9
    endloop
  endfacet
  facet normal 0 0 -1
    outer loop
      vertex -4.67224 -2.55 1.9
      vertex -5.97128 -1.8 1.9
      vertex -5.73873 -1.45196 1.9
    endloop
  endfacet
  facet normal 0 0 -1
    outer loop
      vertex -6.37262 -3.81768 1.9
      vertex -4.88546 -3.62189 1.9
      vertex -6.29096 -4.22822 1.9
    endloop
  endfacet
  facet normal 0 0 -1
    outer loop
      vertex -4.77059 -2.74944 1.9
      vertex -6.15641 -2.17541 1.9
      vertex -5.97128 -1.8 1.9
    endloop
  endfacet
  facet normal -0 0 -1
    outer loop
      vertex -4.88546 -3.62189 1.9
      vertex -6.37262 -3.81768 1.9
      vertex -4.9 -3.4 1.9
    endloop
  endfacet
  facet normal 0 0 -1
    outer loop
      vertex -4.84207 -2.96001 1.9
      vertex -6.29096 -2.57178 1.9
      vertex -6.15641 -2.17541 1.9
    endloop
  endfacet
  facet normal 0 0 -1
    outer loop
      vertex -6.4 -3.4 1.9
      vertex -4.9 -3.4 1.9
      vertex -6.37262 -3.81768 1.9
    endloop
  endfacet
  facet normal 0 0 -1
    outer loop
      vertex -4.88546 -3.17811 1.9
      vertex -6.37262 -2.98232 1.9
      vertex -6.29096 -2.57178 1.9
    endloop
  endfacet
  facet normal 0 0 -1
    outer loop
      vertex -4.9 -3.4 1.9
      vertex -6.4 -3.4 1.9
      vertex -6.37262 -2.98232 1.9
    endloop
  endfacet
  facet normal 0.321436 -0.946931 0
    outer loop
      vertex -4.42459 -0.443585 0
      vertex -4.02822 -0.309037 1.9
      vertex -4.42459 -0.443585 1.9
    endloop
  endfacet
  facet normal 0.321436 -0.946931 0
    outer loop
      vertex -4.02822 -0.309037 1.9
      vertex -4.42459 -0.443585 0
      vertex -4.02822 -0.309037 0
    endloop
  endfacet
  facet normal -0.997859 0.0654031 0
    outer loop
      vertex -0.0273762 -3.81768 0
      vertex 0 -3.4 1.9
      vertex 0 -3.4 0
    endloop
  endfacet
  facet normal -0.997859 0.0654031 0
    outer loop
      vertex 0 -3.4 1.9
      vertex -0.0273762 -3.81768 0
      vertex -0.0273762 -3.81768 1.9
    endloop
  endfacet
  facet normal -0.980786 0.195086 0
    outer loop
      vertex -0.109036 -4.22822 0
      vertex -0.0273762 -3.81768 1.9
      vertex -0.0273762 -3.81768 0
    endloop
  endfacet
  facet normal -0.980786 0.195086 0
    outer loop
      vertex -0.0273762 -3.81768 1.9
      vertex -0.109036 -4.22822 0
      vertex -0.109036 -4.22822 1.9
    endloop
  endfacet
  facet normal 0.0654122 0.997858 -0
    outer loop
      vertex -3.2 -6.6 0
      vertex -3.61768 -6.57262 1.9
      vertex -3.2 -6.6 1.9
    endloop
  endfacet
  facet normal 0.0654122 0.997858 0
    outer loop
      vertex -3.61768 -6.57262 1.9
      vertex -3.2 -6.6 0
      vertex -3.61768 -6.57262 0
    endloop
  endfacet
  facet normal 0.896874 0.442285 0
    outer loop
      vertex -5.97128 -5 1.9
      vertex -6.15641 -4.62459 0
      vertex -6.15641 -4.62459 1.9
    endloop
  endfacet
  facet normal 0.896874 0.442285 0
    outer loop
      vertex -6.15641 -4.62459 0
      vertex -5.97128 -5 1.9
      vertex -5.97128 -5 0
    endloop
  endfacet
  facet normal 0.997858 0.0654122 0
    outer loop
      vertex -6.37262 -3.81768 1.9
      vertex -6.4 -3.4 0
      vertex -6.4 -3.4 1.9
    endloop
  endfacet
  facet normal 0.997858 0.0654122 0
    outer loop
      vertex -6.4 -3.4 0
      vertex -6.37262 -3.81768 1.9
      vertex -6.37262 -3.81768 0
    endloop
  endfacet
  facet normal 0.94693 0.321441 0
    outer loop
      vertex -6.15641 -4.62459 1.9
      vertex -6.29096 -4.22822 0
      vertex -6.29096 -4.22822 1.9
    endloop
  endfacet
  facet normal 0.94693 0.321441 0
    outer loop
      vertex -6.29096 -4.22822 0
      vertex -6.15641 -4.62459 1.9
      vertex -6.15641 -4.62459 0
    endloop
  endfacet
  facet normal -0.442285 0.896874 0
    outer loop
      vertex -1.6 -6.17128 0
      vertex -1.97541 -6.35641 1.9
      vertex -1.6 -6.17128 1.9
    endloop
  endfacet
  facet normal -0.442285 0.896874 0
    outer loop
      vertex -1.97541 -6.35641 1.9
      vertex -1.6 -6.17128 0
      vertex -1.97541 -6.35641 0
    endloop
  endfacet
  facet normal -0.321441 0.94693 0
    outer loop
      vertex -1.97541 -6.35641 0
      vertex -2.37178 -6.49096 1.9
      vertex -1.97541 -6.35641 1.9
    endloop
  endfacet
  facet normal -0.321441 0.94693 0
    outer loop
      vertex -2.37178 -6.49096 1.9
      vertex -1.97541 -6.35641 0
      vertex -2.37178 -6.49096 0
    endloop
  endfacet
  facet normal -0.442291 -0.896872 0
    outer loop
      vertex -1.97541 -0.443585 0
      vertex -1.6 -0.628718 1.9
      vertex -1.97541 -0.443585 1.9
    endloop
  endfacet
  facet normal -0.442291 -0.896872 -0
    outer loop
      vertex -1.6 -0.628718 1.9
      vertex -1.97541 -0.443585 0
      vertex -1.6 -0.628718 0
    endloop
  endfacet
  facet normal 0.751833 -0.659353 0
    outer loop
      vertex -5.73873 -1.45196 1.9
      vertex -5.46274 -1.13726 0
      vertex -5.46274 -1.13726 1.9
    endloop
  endfacet
  facet normal 0.751833 -0.659353 0
    outer loop
      vertex -5.46274 -1.13726 0
      vertex -5.73873 -1.45196 1.9
      vertex -5.73873 -1.45196 0
    endloop
  endfacet
  facet normal 0.94693 -0.321441 0
    outer loop
      vertex -6.29096 -2.57178 1.9
      vertex -6.15641 -2.17541 0
      vertex -6.15641 -2.17541 1.9
    endloop
  endfacet
  facet normal 0.94693 -0.321441 0
    outer loop
      vertex -6.15641 -2.17541 0
      vertex -6.29096 -2.57178 1.9
      vertex -6.29096 -2.57178 0
    endloop
  endfacet
  facet normal -0.94693 0.321438 0
    outer loop
      vertex -0.243585 -4.62459 0
      vertex -0.109036 -4.22822 1.9
      vertex -0.109036 -4.22822 0
    endloop
  endfacet
  facet normal -0.94693 0.321438 0
    outer loop
      vertex -0.109036 -4.22822 1.9
      vertex -0.243585 -4.62459 0
      vertex -0.243585 -4.62459 1.9
    endloop
  endfacet
  facet normal -0.831473 0.555565 0
    outer loop
      vertex -0.661269 -5.34804 0
      vertex -0.428719 -5 1.9
      vertex -0.428719 -5 0
    endloop
  endfacet
  facet normal -0.831473 0.555565 0
    outer loop
      vertex -0.428719 -5 1.9
      vertex -0.661269 -5.34804 0
      vertex -0.661269 -5.34804 1.9
    endloop
  endfacet
  facet normal -0.555565 0.831473 0
    outer loop
      vertex -1.25196 -5.93873 0
      vertex -1.6 -6.17128 1.9
      vertex -1.25196 -5.93873 1.9
    endloop
  endfacet
  facet normal -0.555565 0.831473 0
    outer loop
      vertex -1.6 -6.17128 1.9
      vertex -1.25196 -5.93873 0
      vertex -1.6 -6.17128 0
    endloop
  endfacet
  facet normal -0.751834 0.659352 0
    outer loop
      vertex -0.937258 -5.66274 0
      vertex -0.661269 -5.34804 1.9
      vertex -0.661269 -5.34804 0
    endloop
  endfacet
  facet normal -0.751834 0.659352 0
    outer loop
      vertex -0.661269 -5.34804 1.9
      vertex -0.937258 -5.66274 0
      vertex -0.937258 -5.66274 1.9
    endloop
  endfacet
  facet normal -0.896871 0.442293 0
    outer loop
      vertex -0.428719 -5 0
      vertex -0.243585 -4.62459 1.9
      vertex -0.243585 -4.62459 0
    endloop
  endfacet
  facet normal -0.896871 0.442293 0
    outer loop
      vertex -0.243585 -4.62459 1.9
      vertex -0.428719 -5 0
      vertex -0.428719 -5 1.9
    endloop
  endfacet
  facet normal 0.321441 0.94693 -0
    outer loop
      vertex -4.02822 -6.49096 0
      vertex -4.42459 -6.35641 1.9
      vertex -4.02822 -6.49096 1.9
    endloop
  endfacet
  facet normal 0.321441 0.94693 0
    outer loop
      vertex -4.42459 -6.35641 1.9
      vertex -4.02822 -6.49096 0
      vertex -4.42459 -6.35641 0
    endloop
  endfacet
  facet normal 0.980786 0.195087 0
    outer loop
      vertex -6.29096 -4.22822 1.9
      vertex -6.37262 -3.81768 0
      vertex -6.37262 -3.81768 1.9
    endloop
  endfacet
  facet normal 0.980786 0.195087 0
    outer loop
      vertex -6.37262 -3.81768 0
      vertex -6.29096 -4.22822 1.9
      vertex -6.29096 -4.22822 0
    endloop
  endfacet
  facet normal -0.659351 0.751835 0
    outer loop
      vertex -0.937258 -5.66274 0
      vertex -1.25196 -5.93873 1.9
      vertex -0.937258 -5.66274 1.9
    endloop
  endfacet
  facet normal -0.659351 0.751835 0
    outer loop
      vertex -1.25196 -5.93873 1.9
      vertex -0.937258 -5.66274 0
      vertex -1.25196 -5.93873 0
    endloop
  endfacet
  facet normal -0.0654122 0.997858 0
    outer loop
      vertex -2.78232 -6.57262 0
      vertex -3.2 -6.6 1.9
      vertex -2.78232 -6.57262 1.9
    endloop
  endfacet
  facet normal -0.0654122 0.997858 0
    outer loop
      vertex -3.2 -6.6 1.9
      vertex -2.78232 -6.57262 0
      vertex -3.2 -6.6 0
    endloop
  endfacet
  facet normal 0.555565 0.831473 -0
    outer loop
      vertex -4.8 -6.17128 0
      vertex -5.14804 -5.93873 1.9
      vertex -4.8 -6.17128 1.9
    endloop
  endfacet
  facet normal 0.555565 0.831473 0
    outer loop
      vertex -5.14804 -5.93873 1.9
      vertex -4.8 -6.17128 0
      vertex -5.14804 -5.93873 0
    endloop
  endfacet
  facet normal 0.751833 0.659353 0
    outer loop
      vertex -5.46274 -5.66274 1.9
      vertex -5.73873 -5.34804 0
      vertex -5.73873 -5.34804 1.9
    endloop
  endfacet
  facet normal 0.751833 0.659353 0
    outer loop
      vertex -5.73873 -5.34804 0
      vertex -5.46274 -5.66274 1.9
      vertex -5.46274 -5.66274 0
    endloop
  endfacet
  facet normal 0.831473 0.555565 0
    outer loop
      vertex -5.73873 -5.34804 1.9
      vertex -5.97128 -5 0
      vertex -5.97128 -5 1.9
    endloop
  endfacet
  facet normal 0.831473 0.555565 0
    outer loop
      vertex -5.97128 -5 0
      vertex -5.73873 -5.34804 1.9
      vertex -5.73873 -5.34804 0
    endloop
  endfacet
  facet normal 0.442285 0.896874 -0
    outer loop
      vertex -4.42459 -6.35641 0
      vertex -4.8 -6.17128 1.9
      vertex -4.42459 -6.35641 1.9
    endloop
  endfacet
  facet normal 0.442285 0.896874 0
    outer loop
      vertex -4.8 -6.17128 1.9
      vertex -4.42459 -6.35641 0
      vertex -4.8 -6.17128 0
    endloop
  endfacet
  facet normal 0.659353 0.751833 -0
    outer loop
      vertex -5.14804 -5.93873 0
      vertex -5.46274 -5.66274 1.9
      vertex -5.14804 -5.93873 1.9
    endloop
  endfacet
  facet normal 0.659353 0.751833 0
    outer loop
      vertex -5.46274 -5.66274 1.9
      vertex -5.14804 -5.93873 0
      vertex -5.46274 -5.66274 0
    endloop
  endfacet
  facet normal -0.555426 -0.831566 0
    outer loop
      vertex -2.35 36.6722 1.9
      vertex -2.1651 36.5487 6
      vertex -2.35 36.6722 6
    endloop
  endfacet
  facet normal -0.555426 -0.831566 -0
    outer loop
      vertex -2.1651 36.5487 6
      vertex -2.35 36.6722 1.9
      vertex -2.1651 36.5487 1.9
    endloop
  endfacet
  facet normal 0.980779 -0.195122 0
    outer loop
      vertex -4.88546 35.4219 6
      vertex -4.84207 35.64 1.9
      vertex -4.84207 35.64 6
    endloop
  endfacet
  facet normal 0.980779 -0.195122 0
    outer loop
      vertex -4.84207 35.64 1.9
      vertex -4.88546 35.4219 6
      vertex -4.88546 35.4219 1.9
    endloop
  endfacet
  facet normal 0.442459 -0.896789 0
    outer loop
      vertex -4.05 36.6722 1.9
      vertex -3.85056 36.7706 6
      vertex -4.05 36.6722 6
    endloop
  endfacet
  facet normal 0.442459 -0.896789 0
    outer loop
      vertex -3.85056 36.7706 6
      vertex -4.05 36.6722 1.9
      vertex -3.85056 36.7706 1.9
    endloop
  endfacet
  facet normal 0.946943 -0.321403 0
    outer loop
      vertex -4.84207 35.64 6
      vertex -4.77059 35.8506 1.9
      vertex -4.77059 35.8506 6
    endloop
  endfacet
  facet normal 0.946943 -0.321403 0
    outer loop
      vertex -4.77059 35.8506 1.9
      vertex -4.84207 35.64 6
      vertex -4.84207 35.64 1.9
    endloop
  endfacet
  facet normal -0.896825 -0.442386 0
    outer loop
      vertex -1.6294 35.8506 1.9
      vertex -1.72776 36.05 6
      vertex -1.72776 36.05 1.9
    endloop
  endfacet
  facet normal -0.896825 -0.442386 0
    outer loop
      vertex -1.72776 36.05 6
      vertex -1.6294 35.8506 1.9
      vertex -1.6294 35.8506 6
    endloop
  endfacet
  facet normal -0.980779 -0.195122 0
    outer loop
      vertex -1.51454 35.4219 1.9
      vertex -1.55793 35.64 6
      vertex -1.55793 35.64 1.9
    endloop
  endfacet
  facet normal -0.980779 -0.195122 0
    outer loop
      vertex -1.55793 35.64 6
      vertex -1.51454 35.4219 1.9
      vertex -1.51454 35.4219 6
    endloop
  endfacet
  facet normal -0.831483 -0.555551 0
    outer loop
      vertex -1.72776 36.05 1.9
      vertex -1.8513 36.2349 6
      vertex -1.8513 36.2349 1.9
    endloop
  endfacet
  facet normal -0.831483 -0.555551 0
    outer loop
      vertex -1.8513 36.2349 6
      vertex -1.72776 36.05 1.9
      vertex -1.72776 36.05 6
    endloop
  endfacet
  facet normal -0.659313 -0.751869 0
    outer loop
      vertex -2.1651 36.5487 1.9
      vertex -1.99792 36.4021 6
      vertex -2.1651 36.5487 6
    endloop
  endfacet
  facet normal -0.659313 -0.751869 -0
    outer loop
      vertex -1.99792 36.4021 6
      vertex -2.1651 36.5487 1.9
      vertex -1.99792 36.4021 1.9
    endloop
  endfacet
  facet normal -0.321525 -0.946901 0
    outer loop
      vertex -2.76001 36.8421 1.9
      vertex -2.54944 36.7706 6
      vertex -2.76001 36.8421 6
    endloop
  endfacet
  facet normal -0.321525 -0.946901 -0
    outer loop
      vertex -2.54944 36.7706 6
      vertex -2.76001 36.8421 1.9
      vertex -2.54944 36.7706 1.9
    endloop
  endfacet
  facet normal -0.0652057 -0.997872 0
    outer loop
      vertex -3.2 36.9 1.9
      vertex -2.9781 36.8855 6
      vertex -3.2 36.9 6
    endloop
  endfacet
  facet normal -0.0652057 -0.997872 -0
    outer loop
      vertex -2.9781 36.8855 6
      vertex -3.2 36.9 1.9
      vertex -2.9781 36.8855 1.9
    endloop
  endfacet
  facet normal 0.99786 -0.0653848 0
    outer loop
      vertex -4.9 35.2 6
      vertex -4.88546 35.4219 1.9
      vertex -4.88546 35.4219 6
    endloop
  endfacet
  facet normal 0.99786 -0.0653848 0
    outer loop
      vertex -4.88546 35.4219 1.9
      vertex -4.9 35.2 6
      vertex -4.9 35.2 1.9
    endloop
  endfacet
  facet normal 0.831483 -0.555551 0
    outer loop
      vertex -4.67224 36.05 6
      vertex -4.5487 36.2349 1.9
      vertex -4.5487 36.2349 6
    endloop
  endfacet
  facet normal 0.831483 -0.555551 0
    outer loop
      vertex -4.5487 36.2349 1.9
      vertex -4.67224 36.05 6
      vertex -4.67224 36.05 1.9
    endloop
  endfacet
  facet normal 0.195165 -0.98077 0
    outer loop
      vertex -3.63999 36.8421 1.9
      vertex -3.42189 36.8855 6
      vertex -3.63999 36.8421 6
    endloop
  endfacet
  facet normal 0.195165 -0.98077 0
    outer loop
      vertex -3.42189 36.8855 6
      vertex -3.63999 36.8421 1.9
      vertex -3.42189 36.8855 1.9
    endloop
  endfacet
  facet normal 0.751863 -0.659319 0
    outer loop
      vertex -4.5487 36.2349 6
      vertex -4.40208 36.4021 1.9
      vertex -4.40208 36.4021 6
    endloop
  endfacet
  facet normal 0.751863 -0.659319 0
    outer loop
      vertex -4.40208 36.4021 1.9
      vertex -4.5487 36.2349 6
      vertex -4.5487 36.2349 1.9
    endloop
  endfacet
  facet normal -0.99786 -0.0653848 0
    outer loop
      vertex -1.5 35.2 1.9
      vertex -1.51454 35.4219 6
      vertex -1.51454 35.4219 1.9
    endloop
  endfacet
  facet normal -0.99786 -0.0653848 0
    outer loop
      vertex -1.51454 35.4219 6
      vertex -1.5 35.2 1.9
      vertex -1.5 35.2 6
    endloop
  endfacet
  facet normal -0.195173 0.980769 0
    outer loop
      vertex -2.76001 33.5579 1.9
      vertex -2.9781 33.5145 6
      vertex -2.76001 33.5579 6
    endloop
  endfacet
  facet normal -0.195173 0.980769 0
    outer loop
      vertex -2.9781 33.5145 6
      vertex -2.76001 33.5579 1.9
      vertex -2.9781 33.5145 1.9
    endloop
  endfacet
  facet normal -0.831483 0.555551 0
    outer loop
      vertex -1.8513 34.1651 1.9
      vertex -1.72776 34.35 6
      vertex -1.72776 34.35 1.9
    endloop
  endfacet
  facet normal -0.831483 0.555551 0
    outer loop
      vertex -1.72776 34.35 6
      vertex -1.8513 34.1651 1.9
      vertex -1.8513 34.1651 6
    endloop
  endfacet
  facet normal -0.0652057 0.997872 0
    outer loop
      vertex -2.9781 33.5145 1.9
      vertex -3.2 33.5 6
      vertex -2.9781 33.5145 6
    endloop
  endfacet
  facet normal -0.0652057 0.997872 0
    outer loop
      vertex -3.2 33.5 6
      vertex -2.9781 33.5145 1.9
      vertex -3.2 33.5 1.9
    endloop
  endfacet
  facet normal 0.555447 0.831552 -0
    outer loop
      vertex -4.05 33.7278 1.9
      vertex -4.23489 33.8513 6
      vertex -4.05 33.7278 6
    endloop
  endfacet
  facet normal 0.555447 0.831552 0
    outer loop
      vertex -4.23489 33.8513 6
      vertex -4.05 33.7278 1.9
      vertex -4.23489 33.8513 1.9
    endloop
  endfacet
  facet normal 0.980779 0.195122 0
    outer loop
      vertex -4.84207 34.76 6
      vertex -4.88546 34.9781 1.9
      vertex -4.88546 34.9781 6
    endloop
  endfacet
  facet normal 0.980779 0.195122 0
    outer loop
      vertex -4.88546 34.9781 1.9
      vertex -4.84207 34.76 6
      vertex -4.84207 34.76 1.9
    endloop
  endfacet
  facet normal -0.946956 -0.321363 0
    outer loop
      vertex -1.55793 35.64 1.9
      vertex -1.6294 35.8506 6
      vertex -1.6294 35.8506 1.9
    endloop
  endfacet
  facet normal -0.946956 -0.321363 0
    outer loop
      vertex -1.6294 35.8506 6
      vertex -1.55793 35.64 1.9
      vertex -1.55793 35.64 6
    endloop
  endfacet
  facet normal -0.751863 -0.659319 0
    outer loop
      vertex -1.8513 36.2349 1.9
      vertex -1.99792 36.4021 6
      vertex -1.99792 36.4021 1.9
    endloop
  endfacet
  facet normal -0.751863 -0.659319 0
    outer loop
      vertex -1.99792 36.4021 6
      vertex -1.8513 36.2349 1.9
      vertex -1.8513 36.2349 6
    endloop
  endfacet
  facet normal 0.0652086 -0.997872 0
    outer loop
      vertex -3.42189 36.8855 1.9
      vertex -3.2 36.9 6
      vertex -3.42189 36.8855 6
    endloop
  endfacet
  facet normal 0.0652086 -0.997872 0
    outer loop
      vertex -3.2 36.9 6
      vertex -3.42189 36.8855 1.9
      vertex -3.2 36.9 1.9
    endloop
  endfacet
  facet normal -0.442459 -0.896789 0
    outer loop
      vertex -2.54944 36.7706 1.9
      vertex -2.35 36.6722 6
      vertex -2.54944 36.7706 6
    endloop
  endfacet
  facet normal -0.442459 -0.896789 -0
    outer loop
      vertex -2.35 36.6722 6
      vertex -2.54944 36.7706 1.9
      vertex -2.35 36.6722 1.9
    endloop
  endfacet
  facet normal -0.195173 -0.980769 0
    outer loop
      vertex -2.9781 36.8855 1.9
      vertex -2.76001 36.8421 6
      vertex -2.9781 36.8855 6
    endloop
  endfacet
  facet normal -0.195173 -0.980769 -0
    outer loop
      vertex -2.76001 36.8421 6
      vertex -2.9781 36.8855 1.9
      vertex -2.76001 36.8421 1.9
    endloop
  endfacet
  facet normal 0.896843 -0.442349 0
    outer loop
      vertex -4.77059 35.8506 6
      vertex -4.67224 36.05 1.9
      vertex -4.67224 36.05 6
    endloop
  endfacet
  facet normal 0.896843 -0.442349 0
    outer loop
      vertex -4.67224 36.05 1.9
      vertex -4.77059 35.8506 6
      vertex -4.77059 35.8506 1.9
    endloop
  endfacet
  facet normal 0.321525 -0.946901 0
    outer loop
      vertex -3.85056 36.7706 1.9
      vertex -3.63999 36.8421 6
      vertex -3.85056 36.7706 6
    endloop
  endfacet
  facet normal 0.321525 -0.946901 0
    outer loop
      vertex -3.63999 36.8421 6
      vertex -3.85056 36.7706 1.9
      vertex -3.63999 36.8421 1.9
    endloop
  endfacet
  facet normal 0.659291 -0.751888 0
    outer loop
      vertex -4.40208 36.4021 1.9
      vertex -4.23489 36.5487 6
      vertex -4.40208 36.4021 6
    endloop
  endfacet
  facet normal 0.659291 -0.751888 0
    outer loop
      vertex -4.23489 36.5487 6
      vertex -4.40208 36.4021 1.9
      vertex -4.23489 36.5487 1.9
    endloop
  endfacet
  facet normal 0.555447 -0.831552 0
    outer loop
      vertex -4.23489 36.5487 1.9
      vertex -4.05 36.6722 6
      vertex -4.23489 36.5487 6
    endloop
  endfacet
  facet normal 0.555447 -0.831552 0
    outer loop
      vertex -4.05 36.6722 6
      vertex -4.23489 36.5487 1.9
      vertex -4.05 36.6722 1.9
    endloop
  endfacet
  facet normal -0.980779 0.195122 0
    outer loop
      vertex -1.55793 34.76 1.9
      vertex -1.51454 34.9781 6
      vertex -1.51454 34.9781 1.9
    endloop
  endfacet
  facet normal -0.980779 0.195122 0
    outer loop
      vertex -1.51454 34.9781 6
      vertex -1.55793 34.76 1.9
      vertex -1.55793 34.76 6
    endloop
  endfacet
  facet normal -0.321525 0.946901 0
    outer loop
      vertex -2.54944 33.6294 1.9
      vertex -2.76001 33.5579 6
      vertex -2.54944 33.6294 6
    endloop
  endfacet
  facet normal -0.321525 0.946901 0
    outer loop
      vertex -2.76001 33.5579 6
      vertex -2.54944 33.6294 1.9
      vertex -2.76001 33.5579 1.9
    endloop
  endfacet
  facet normal -0.751863 0.659319 0
    outer loop
      vertex -1.99792 33.9979 1.9
      vertex -1.8513 34.1651 6
      vertex -1.8513 34.1651 1.9
    endloop
  endfacet
  facet normal -0.751863 0.659319 0
    outer loop
      vertex -1.8513 34.1651 6
      vertex -1.99792 33.9979 1.9
      vertex -1.99792 33.9979 6
    endloop
  endfacet
  facet normal -0.555426 0.831566 0
    outer loop
      vertex -2.1651 33.8513 1.9
      vertex -2.35 33.7278 6
      vertex -2.1651 33.8513 6
    endloop
  endfacet
  facet normal -0.555426 0.831566 0
    outer loop
      vertex -2.35 33.7278 6
      vertex -2.1651 33.8513 1.9
      vertex -2.35 33.7278 1.9
    endloop
  endfacet
  facet normal -0.946956 0.321363 0
    outer loop
      vertex -1.6294 34.5494 1.9
      vertex -1.55793 34.76 6
      vertex -1.55793 34.76 1.9
    endloop
  endfacet
  facet normal -0.946956 0.321363 0
    outer loop
      vertex -1.55793 34.76 6
      vertex -1.6294 34.5494 1.9
      vertex -1.6294 34.5494 6
    endloop
  endfacet
  facet normal 0.195165 0.98077 -0
    outer loop
      vertex -3.42189 33.5145 1.9
      vertex -3.63999 33.5579 6
      vertex -3.42189 33.5145 6
    endloop
  endfacet
  facet normal 0.195165 0.98077 0
    outer loop
      vertex -3.63999 33.5579 6
      vertex -3.42189 33.5145 1.9
      vertex -3.63999 33.5579 1.9
    endloop
  endfacet
  facet normal 0.321525 0.946901 -0
    outer loop
      vertex -3.63999 33.5579 1.9
      vertex -3.85056 33.6294 6
      vertex -3.63999 33.5579 6
    endloop
  endfacet
  facet normal 0.321525 0.946901 0
    outer loop
      vertex -3.85056 33.6294 6
      vertex -3.63999 33.5579 1.9
      vertex -3.85056 33.6294 1.9
    endloop
  endfacet
  facet normal 0.946943 0.321403 0
    outer loop
      vertex -4.77059 34.5494 6
      vertex -4.84207 34.76 1.9
      vertex -4.84207 34.76 6
    endloop
  endfacet
  facet normal 0.946943 0.321403 0
    outer loop
      vertex -4.84207 34.76 1.9
      vertex -4.77059 34.5494 6
      vertex -4.77059 34.5494 1.9
    endloop
  endfacet
  facet normal 0.659291 0.751888 -0
    outer loop
      vertex -4.23489 33.8513 1.9
      vertex -4.40208 33.9979 6
      vertex -4.23489 33.8513 6
    endloop
  endfacet
  facet normal 0.659291 0.751888 0
    outer loop
      vertex -4.40208 33.9979 6
      vertex -4.23489 33.8513 1.9
      vertex -4.40208 33.9979 1.9
    endloop
  endfacet
  facet normal 0.831483 0.555551 0
    outer loop
      vertex -4.5487 34.1651 6
      vertex -4.67224 34.35 1.9
      vertex -4.67224 34.35 6
    endloop
  endfacet
  facet normal 0.831483 0.555551 0
    outer loop
      vertex -4.67224 34.35 1.9
      vertex -4.5487 34.1651 6
      vertex -4.5487 34.1651 1.9
    endloop
  endfacet
  facet normal 0.99786 0.0653848 0
    outer loop
      vertex -4.88546 34.9781 6
      vertex -4.9 35.2 1.9
      vertex -4.9 35.2 6
    endloop
  endfacet
  facet normal 0.99786 0.0653848 0
    outer loop
      vertex -4.9 35.2 1.9
      vertex -4.88546 34.9781 6
      vertex -4.88546 34.9781 1.9
    endloop
  endfacet
  facet normal -0.99786 0.0653848 0
    outer loop
      vertex -1.51454 34.9781 1.9
      vertex -1.5 35.2 6
      vertex -1.5 35.2 1.9
    endloop
  endfacet
  facet normal -0.99786 0.0653848 0
    outer loop
      vertex -1.5 35.2 6
      vertex -1.51454 34.9781 1.9
      vertex -1.51454 34.9781 6
    endloop
  endfacet
  facet normal -0.442459 0.896789 0
    outer loop
      vertex -2.35 33.7278 1.9
      vertex -2.54944 33.6294 6
      vertex -2.35 33.7278 6
    endloop
  endfacet
  facet normal -0.442459 0.896789 0
    outer loop
      vertex -2.54944 33.6294 6
      vertex -2.35 33.7278 1.9
      vertex -2.54944 33.6294 1.9
    endloop
  endfacet
  facet normal -0.659313 0.751869 0
    outer loop
      vertex -1.99792 33.9979 1.9
      vertex -2.1651 33.8513 6
      vertex -1.99792 33.9979 6
    endloop
  endfacet
  facet normal -0.659313 0.751869 0
    outer loop
      vertex -2.1651 33.8513 6
      vertex -1.99792 33.9979 1.9
      vertex -2.1651 33.8513 1.9
    endloop
  endfacet
  facet normal -0.896825 0.442386 0
    outer loop
      vertex -1.72776 34.35 1.9
      vertex -1.6294 34.5494 6
      vertex -1.6294 34.5494 1.9
    endloop
  endfacet
  facet normal -0.896825 0.442386 0
    outer loop
      vertex -1.6294 34.5494 6
      vertex -1.72776 34.35 1.9
      vertex -1.72776 34.35 6
    endloop
  endfacet
  facet normal 0.0652086 0.997872 -0
    outer loop
      vertex -3.2 33.5 1.9
      vertex -3.42189 33.5145 6
      vertex -3.2 33.5 6
    endloop
  endfacet
  facet normal 0.0652086 0.997872 0
    outer loop
      vertex -3.42189 33.5145 6
      vertex -3.2 33.5 1.9
      vertex -3.42189 33.5145 1.9
    endloop
  endfacet
  facet normal 0.442459 0.896789 -0
    outer loop
      vertex -3.85056 33.6294 1.9
      vertex -4.05 33.7278 6
      vertex -3.85056 33.6294 6
    endloop
  endfacet
  facet normal 0.442459 0.896789 0
    outer loop
      vertex -4.05 33.7278 6
      vertex -3.85056 33.6294 1.9
      vertex -4.05 33.7278 1.9
    endloop
  endfacet
  facet normal 0.896843 0.442349 0
    outer loop
      vertex -4.67224 34.35 6
      vertex -4.77059 34.5494 1.9
      vertex -4.77059 34.5494 6
    endloop
  endfacet
  facet normal 0.896843 0.442349 0
    outer loop
      vertex -4.77059 34.5494 1.9
      vertex -4.67224 34.35 6
      vertex -4.67224 34.35 1.9
    endloop
  endfacet
  facet normal 0.751863 0.659319 0
    outer loop
      vertex -4.40208 33.9979 6
      vertex -4.5487 34.1651 1.9
      vertex -4.5487 34.1651 6
    endloop
  endfacet
  facet normal 0.751863 0.659319 0
    outer loop
      vertex -4.5487 34.1651 1.9
      vertex -4.40208 33.9979 6
      vertex -4.40208 33.9979 1.9
    endloop
  endfacet
  facet normal -0.997859 -0.0654 0
    outer loop
      vertex 0 35.2 0
      vertex -0.0273762 35.6177 1.9
      vertex -0.0273762 35.6177 0
    endloop
  endfacet
  facet normal -0.997859 -0.0654 0
    outer loop
      vertex -0.0273762 35.6177 1.9
      vertex 0 35.2 0
      vertex 0 35.2 1.9
    endloop
  endfacet
  facet normal 0.0654598 -0.997855 0
    outer loop
      vertex -3.61768 38.3726 0
      vertex -3.2 38.4 1.9
      vertex -3.61768 38.3726 1.9
    endloop
  endfacet
  facet normal 0.0654598 -0.997855 0
    outer loop
      vertex -3.2 38.4 1.9
      vertex -3.61768 38.3726 0
      vertex -3.2 38.4 0
    endloop
  endfacet
  facet normal -0.0654598 0.997855 0
    outer loop
      vertex -2.78232 32.0274 0
      vertex -3.2 32 1.9
      vertex -2.78232 32.0274 1.9
    endloop
  endfacet
  facet normal -0.0654598 0.997855 0
    outer loop
      vertex -3.2 32 1.9
      vertex -2.78232 32.0274 0
      vertex -3.2 32 0
    endloop
  endfacet
  facet normal 0.659367 0.751821 -0
    outer loop
      vertex -5.14804 32.6613 0
      vertex -5.46274 32.9373 1.9
      vertex -5.14804 32.6613 1.9
    endloop
  endfacet
  facet normal 0.659367 0.751821 0
    outer loop
      vertex -5.46274 32.9373 1.9
      vertex -5.14804 32.6613 0
      vertex -5.46274 32.9373 0
    endloop
  endfacet
  facet normal -0.659364 -0.751824 0
    outer loop
      vertex -1.25196 37.7387 0
      vertex -0.937258 37.4627 1.9
      vertex -1.25196 37.7387 1.9
    endloop
  endfacet
  facet normal -0.659364 -0.751824 -0
    outer loop
      vertex -0.937258 37.4627 1.9
      vertex -1.25196 37.7387 0
      vertex -0.937258 37.4627 0
    endloop
  endfacet
  facet normal 0.751833 -0.659353 0
    outer loop
      vertex -5.73873 37.148 1.9
      vertex -5.46274 37.4627 0
      vertex -5.46274 37.4627 1.9
    endloop
  endfacet
  facet normal 0.751833 -0.659353 0
    outer loop
      vertex -5.46274 37.4627 0
      vertex -5.73873 37.148 1.9
      vertex -5.73873 37.148 0
    endloop
  endfacet
  facet normal 0.442228 -0.896903 0
    outer loop
      vertex -4.8 37.9713 0
      vertex -4.42459 38.1564 1.9
      vertex -4.8 37.9713 1.9
    endloop
  endfacet
  facet normal 0.442228 -0.896903 0
    outer loop
      vertex -4.42459 38.1564 1.9
      vertex -4.8 37.9713 0
      vertex -4.42459 38.1564 0
    endloop
  endfacet
  facet normal -0.896866 -0.442303 0
    outer loop
      vertex -0.243585 36.4246 0
      vertex -0.428719 36.8 1.9
      vertex -0.428719 36.8 0
    endloop
  endfacet
  facet normal -0.896866 -0.442303 0
    outer loop
      vertex -0.428719 36.8 1.9
      vertex -0.243585 36.4246 0
      vertex -0.243585 36.4246 1.9
    endloop
  endfacet
  facet normal -0.831443 -0.55561 0
    outer loop
      vertex -0.428719 36.8 0
      vertex -0.661269 37.148 1.9
      vertex -0.661269 37.148 0
    endloop
  endfacet
  facet normal -0.831443 -0.55561 0
    outer loop
      vertex -0.661269 37.148 1.9
      vertex -0.428719 36.8 0
      vertex -0.428719 36.8 1.9
    endloop
  endfacet
  facet normal -0.321548 -0.946893 0
    outer loop
      vertex -2.37178 38.291 0
      vertex -1.97541 38.1564 1.9
      vertex -2.37178 38.291 1.9
    endloop
  endfacet
  facet normal -0.321548 -0.946893 -0
    outer loop
      vertex -1.97541 38.1564 1.9
      vertex -2.37178 38.291 0
      vertex -1.97541 38.1564 0
    endloop
  endfacet
  facet normal -0.194949 -0.980813 0
    outer loop
      vertex -2.78232 38.3726 0
      vertex -2.37178 38.291 1.9
      vertex -2.78232 38.3726 1.9
    endloop
  endfacet
  facet normal -0.194949 -0.980813 -0
    outer loop
      vertex -2.37178 38.291 1.9
      vertex -2.78232 38.3726 0
      vertex -2.37178 38.291 0
    endloop
  endfacet
  facet normal -0.555648 -0.831418 0
    outer loop
      vertex -1.6 37.9713 0
      vertex -1.25196 37.7387 1.9
      vertex -1.6 37.9713 1.9
    endloop
  endfacet
  facet normal -0.555648 -0.831418 -0
    outer loop
      vertex -1.25196 37.7387 1.9
      vertex -1.6 37.9713 0
      vertex -1.25196 37.7387 0
    endloop
  endfacet
  facet normal 0.946937 -0.321419 0
    outer loop
      vertex -6.29096 36.0282 1.9
      vertex -6.15641 36.4246 0
      vertex -6.15641 36.4246 1.9
    endloop
  endfacet
  facet normal 0.946937 -0.321419 0
    outer loop
      vertex -6.15641 36.4246 0
      vertex -6.29096 36.0282 1.9
      vertex -6.29096 36.0282 0
    endloop
  endfacet
  facet normal 0.831443 -0.55561 0
    outer loop
      vertex -5.97128 36.8 1.9
      vertex -5.73873 37.148 0
      vertex -5.73873 37.148 1.9
    endloop
  endfacet
  facet normal 0.831443 -0.55561 0
    outer loop
      vertex -5.73873 37.148 0
      vertex -5.97128 36.8 1.9
      vertex -5.97128 36.8 0
    endloop
  endfacet
  facet normal 0.980782 -0.195105 0
    outer loop
      vertex -6.37262 35.6177 1.9
      vertex -6.29096 36.0282 0
      vertex -6.29096 36.0282 1.9
    endloop
  endfacet
  facet normal 0.980782 -0.195105 0
    outer loop
      vertex -6.29096 36.0282 0
      vertex -6.37262 35.6177 1.9
      vertex -6.37262 35.6177 0
    endloop
  endfacet
  facet normal 0.555648 -0.831418 0
    outer loop
      vertex -5.14804 37.7387 0
      vertex -4.8 37.9713 1.9
      vertex -5.14804 37.7387 1.9
    endloop
  endfacet
  facet normal 0.555648 -0.831418 0
    outer loop
      vertex -4.8 37.9713 1.9
      vertex -5.14804 37.7387 0
      vertex -4.8 37.9713 0
    endloop
  endfacet
  facet normal 0.321548 -0.946893 0
    outer loop
      vertex -4.42459 38.1564 0
      vertex -4.02822 38.291 1.9
      vertex -4.42459 38.1564 1.9
    endloop
  endfacet
  facet normal 0.321548 -0.946893 0
    outer loop
      vertex -4.02822 38.291 1.9
      vertex -4.42459 38.1564 0
      vertex -4.02822 38.291 0
    endloop
  endfacet
  facet normal -0.980782 0.195105 0
    outer loop
      vertex -0.109036 34.3718 0
      vertex -0.0273762 34.7823 1.9
      vertex -0.0273762 34.7823 0
    endloop
  endfacet
  facet normal -0.980782 0.195105 0
    outer loop
      vertex -0.0273762 34.7823 1.9
      vertex -0.109036 34.3718 0
      vertex -0.109036 34.3718 1.9
    endloop
  endfacet
  facet normal 0.194949 0.980813 -0
    outer loop
      vertex -3.61768 32.0274 0
      vertex -4.02822 32.109 1.9
      vertex -3.61768 32.0274 1.9
    endloop
  endfacet
  facet normal 0.194949 0.980813 0
    outer loop
      vertex -4.02822 32.109 1.9
      vertex -3.61768 32.0274 0
      vertex -4.02822 32.109 0
    endloop
  endfacet
  facet normal 0.831443 0.55561 0
    outer loop
      vertex -5.73873 33.252 1.9
      vertex -5.97128 33.6 0
      vertex -5.97128 33.6 1.9
    endloop
  endfacet
  facet normal 0.831443 0.55561 0
    outer loop
      vertex -5.97128 33.6 0
      vertex -5.73873 33.252 1.9
      vertex -5.73873 33.252 0
    endloop
  endfacet
  facet normal -0.946938 -0.321417 0
    outer loop
      vertex -0.109036 36.0282 0
      vertex -0.243585 36.4246 1.9
      vertex -0.243585 36.4246 0
    endloop
  endfacet
  facet normal -0.946938 -0.321417 0
    outer loop
      vertex -0.243585 36.4246 1.9
      vertex -0.109036 36.0282 0
      vertex -0.109036 36.0282 1.9
    endloop
  endfacet
  facet normal -0.980782 -0.195105 0
    outer loop
      vertex -0.0273762 35.6177 0
      vertex -0.109036 36.0282 1.9
      vertex -0.109036 36.0282 0
    endloop
  endfacet
  facet normal -0.980782 -0.195105 0
    outer loop
      vertex -0.109036 36.0282 1.9
      vertex -0.0273762 35.6177 0
      vertex -0.0273762 35.6177 1.9
    endloop
  endfacet
  facet normal -0.751834 -0.659352 0
    outer loop
      vertex -0.661269 37.148 0
      vertex -0.937258 37.4627 1.9
      vertex -0.937258 37.4627 0
    endloop
  endfacet
  facet normal -0.751834 -0.659352 0
    outer loop
      vertex -0.937258 37.4627 1.9
      vertex -0.661269 37.148 0
      vertex -0.661269 37.148 1.9
    endloop
  endfacet
  facet normal -0.0654598 -0.997855 0
    outer loop
      vertex -3.2 38.4 0
      vertex -2.78232 38.3726 1.9
      vertex -3.2 38.4 1.9
    endloop
  endfacet
  facet normal -0.0654598 -0.997855 -0
    outer loop
      vertex -2.78232 38.3726 1.9
      vertex -3.2 38.4 0
      vertex -2.78232 38.3726 0
    endloop
  endfacet
  facet normal -0.442228 -0.896903 0
    outer loop
      vertex -1.97541 38.1564 0
      vertex -1.6 37.9713 1.9
      vertex -1.97541 38.1564 1.9
    endloop
  endfacet
  facet normal -0.442228 -0.896903 -0
    outer loop
      vertex -1.6 37.9713 1.9
      vertex -1.97541 38.1564 0
      vertex -1.6 37.9713 0
    endloop
  endfacet
  facet normal 0.89687 -0.442295 0
    outer loop
      vertex -6.15641 36.4246 1.9
      vertex -5.97128 36.8 0
      vertex -5.97128 36.8 1.9
    endloop
  endfacet
  facet normal 0.89687 -0.442295 0
    outer loop
      vertex -5.97128 36.8 0
      vertex -6.15641 36.4246 1.9
      vertex -6.15641 36.4246 0
    endloop
  endfacet
  facet normal 0.997859 -0.0654091 0
    outer loop
      vertex -6.4 35.2 1.9
      vertex -6.37262 35.6177 0
      vertex -6.37262 35.6177 1.9
    endloop
  endfacet
  facet normal 0.997859 -0.0654091 0
    outer loop
      vertex -6.37262 35.6177 0
      vertex -6.4 35.2 1.9
      vertex -6.4 35.2 0
    endloop
  endfacet
  facet normal 0 0 -1
    outer loop
      vertex -1.5 35.2 1.9
      vertex 0 35.2 1.9
      vertex -0.0273762 34.7823 1.9
    endloop
  endfacet
  facet normal 0 0 -1
    outer loop
      vertex -1.51454 34.9781 1.9
      vertex -0.0273762 34.7823 1.9
      vertex -0.109036 34.3718 1.9
    endloop
  endfacet
  facet normal 0 0 -1
    outer loop
      vertex 0 35.2 1.9
      vertex -1.5 35.2 1.9
      vertex -0.0273762 35.6177 1.9
    endloop
  endfacet
  facet normal 0 0 -1
    outer loop
      vertex -1.55793 34.76 1.9
      vertex -0.109036 34.3718 1.9
      vertex -0.243585 33.9754 1.9
    endloop
  endfacet
  facet normal 0 0 -1
    outer loop
      vertex -1.51454 35.4219 1.9
      vertex -0.0273762 35.6177 1.9
      vertex -1.5 35.2 1.9
    endloop
  endfacet
  facet normal 0 0 -1
    outer loop
      vertex -1.6294 34.5494 1.9
      vertex -0.243585 33.9754 1.9
      vertex -0.428719 33.6 1.9
    endloop
  endfacet
  facet normal -0 0 -1
    outer loop
      vertex -0.0273762 35.6177 1.9
      vertex -1.51454 35.4219 1.9
      vertex -0.109036 36.0282 1.9
    endloop
  endfacet
  facet normal 0 0 -1
    outer loop
      vertex -1.72776 34.35 1.9
      vertex -0.428719 33.6 1.9
      vertex -0.661269 33.252 1.9
    endloop
  endfacet
  facet normal 0 0 -1
    outer loop
      vertex -1.55793 35.64 1.9
      vertex -0.109036 36.0282 1.9
      vertex -1.51454 35.4219 1.9
    endloop
  endfacet
  facet normal 0 0 -1
    outer loop
      vertex -1.8513 34.1651 1.9
      vertex -0.661269 33.252 1.9
      vertex -0.937258 32.9373 1.9
    endloop
  endfacet
  facet normal -0 0 -1
    outer loop
      vertex -0.109036 36.0282 1.9
      vertex -1.55793 35.64 1.9
      vertex -0.243585 36.4246 1.9
    endloop
  endfacet
  facet normal 0 0 -1
    outer loop
      vertex -1.99792 33.9979 1.9
      vertex -0.937258 32.9373 1.9
      vertex -1.25196 32.6613 1.9
    endloop
  endfacet
  facet normal 0 0 -1
    outer loop
      vertex -1.6294 35.8506 1.9
      vertex -0.243585 36.4246 1.9
      vertex -1.55793 35.64 1.9
    endloop
  endfacet
  facet normal -0 0 -1
    outer loop
      vertex -0.243585 36.4246 1.9
      vertex -1.6294 35.8506 1.9
      vertex -0.428719 36.8 1.9
    endloop
  endfacet
  facet normal 0 0 -1
    outer loop
      vertex -0.0273762 34.7823 1.9
      vertex -1.51454 34.9781 1.9
      vertex -1.5 35.2 1.9
    endloop
  endfacet
  facet normal 0 0 -1
    outer loop
      vertex -0.109036 34.3718 1.9
      vertex -1.55793 34.76 1.9
      vertex -1.51454 34.9781 1.9
    endloop
  endfacet
  facet normal 0 0 -1
    outer loop
      vertex -2.1651 33.8513 1.9
      vertex -1.25196 32.6613 1.9
      vertex -1.6 32.4287 1.9
    endloop
  endfacet
  facet normal 0 0 -1
    outer loop
      vertex -0.243585 33.9754 1.9
      vertex -1.6294 34.5494 1.9
      vertex -1.55793 34.76 1.9
    endloop
  endfacet
  facet normal 0 0 -1
    outer loop
      vertex -0.428719 33.6 1.9
      vertex -1.72776 34.35 1.9
      vertex -1.6294 34.5494 1.9
    endloop
  endfacet
  facet normal 0 0 -1
    outer loop
      vertex -0.661269 33.252 1.9
      vertex -1.8513 34.1651 1.9
      vertex -1.72776 34.35 1.9
    endloop
  endfacet
  facet normal 0 0 -1
    outer loop
      vertex -2.35 33.7278 1.9
      vertex -1.6 32.4287 1.9
      vertex -1.97541 32.2436 1.9
    endloop
  endfacet
  facet normal 0 0 -1
    outer loop
      vertex -0.937258 32.9373 1.9
      vertex -1.99792 33.9979 1.9
      vertex -1.8513 34.1651 1.9
    endloop
  endfacet
  facet normal 0 0 -1
    outer loop
      vertex -1.25196 32.6613 1.9
      vertex -2.1651 33.8513 1.9
      vertex -1.99792 33.9979 1.9
    endloop
  endfacet
  facet normal 0 0 -1
    outer loop
      vertex -1.6 32.4287 1.9
      vertex -2.35 33.7278 1.9
      vertex -2.1651 33.8513 1.9
    endloop
  endfacet
  facet normal 0 0 -1
    outer loop
      vertex -2.54944 33.6294 1.9
      vertex -1.97541 32.2436 1.9
      vertex -2.37178 32.109 1.9
    endloop
  endfacet
  facet normal 0 0 -1
    outer loop
      vertex -1.97541 32.2436 1.9
      vertex -2.54944 33.6294 1.9
      vertex -2.35 33.7278 1.9
    endloop
  endfacet
  facet normal 0 0 -1
    outer loop
      vertex -2.37178 32.109 1.9
      vertex -2.76001 33.5579 1.9
      vertex -2.54944 33.6294 1.9
    endloop
  endfacet
  facet normal 0 0 -1
    outer loop
      vertex -2.78232 32.0274 1.9
      vertex -2.76001 33.5579 1.9
      vertex -2.37178 32.109 1.9
    endloop
  endfacet
  facet normal 0 0 -1
    outer loop
      vertex -2.78232 32.0274 1.9
      vertex -2.9781 33.5145 1.9
      vertex -2.76001 33.5579 1.9
    endloop
  endfacet
  facet normal 0 0 -1
    outer loop
      vertex -3.2 32 1.9
      vertex -2.9781 33.5145 1.9
      vertex -2.78232 32.0274 1.9
    endloop
  endfacet
  facet normal 0 0 -1
    outer loop
      vertex -3.2 32 1.9
      vertex -3.2 33.5 1.9
      vertex -2.9781 33.5145 1.9
    endloop
  endfacet
  facet normal 0 0 -1
    outer loop
      vertex -3.2 32 1.9
      vertex -3.42189 33.5145 1.9
      vertex -3.2 33.5 1.9
    endloop
  endfacet
  facet normal 0 0 -1
    outer loop
      vertex -3.61768 32.0274 1.9
      vertex -3.42189 33.5145 1.9
      vertex -3.2 32 1.9
    endloop
  endfacet
  facet normal 0 0 -1
    outer loop
      vertex -3.61768 32.0274 1.9
      vertex -3.63999 33.5579 1.9
      vertex -3.42189 33.5145 1.9
    endloop
  endfacet
  facet normal 0 0 -1
    outer loop
      vertex -4.02822 32.109 1.9
      vertex -3.63999 33.5579 1.9
      vertex -3.61768 32.0274 1.9
    endloop
  endfacet
  facet normal -0 0 -1
    outer loop
      vertex -3.63999 33.5579 1.9
      vertex -4.02822 32.109 1.9
      vertex -3.85056 33.6294 1.9
    endloop
  endfacet
  facet normal 0 0 -1
    outer loop
      vertex -4.42459 32.2436 1.9
      vertex -3.85056 33.6294 1.9
      vertex -4.02822 32.109 1.9
    endloop
  endfacet
  facet normal -0 0 -1
    outer loop
      vertex -3.85056 33.6294 1.9
      vertex -4.42459 32.2436 1.9
      vertex -4.05 33.7278 1.9
    endloop
  endfacet
  facet normal 0 0 -1
    outer loop
      vertex -4.8 32.4287 1.9
      vertex -4.05 33.7278 1.9
      vertex -4.42459 32.2436 1.9
    endloop
  endfacet
  facet normal -0 0 -1
    outer loop
      vertex -4.05 33.7278 1.9
      vertex -4.8 32.4287 1.9
      vertex -4.23489 33.8513 1.9
    endloop
  endfacet
  facet normal 0 0 -1
    outer loop
      vertex -5.14804 32.6613 1.9
      vertex -4.23489 33.8513 1.9
      vertex -4.8 32.4287 1.9
    endloop
  endfacet
  facet normal -0 0 -1
    outer loop
      vertex -4.23489 33.8513 1.9
      vertex -5.14804 32.6613 1.9
      vertex -4.40208 33.9979 1.9
    endloop
  endfacet
  facet normal 0 0 -1
    outer loop
      vertex -5.46274 32.9373 1.9
      vertex -4.40208 33.9979 1.9
      vertex -5.14804 32.6613 1.9
    endloop
  endfacet
  facet normal -0 0 -1
    outer loop
      vertex -4.40208 33.9979 1.9
      vertex -5.46274 32.9373 1.9
      vertex -4.5487 34.1651 1.9
    endloop
  endfacet
  facet normal 0 0 -1
    outer loop
      vertex -5.73873 33.252 1.9
      vertex -4.5487 34.1651 1.9
      vertex -5.46274 32.9373 1.9
    endloop
  endfacet
  facet normal -0 0 -1
    outer loop
      vertex -4.5487 34.1651 1.9
      vertex -5.73873 33.252 1.9
      vertex -4.67224 34.35 1.9
    endloop
  endfacet
  facet normal 0 0 -1
    outer loop
      vertex -5.97128 33.6 1.9
      vertex -4.67224 34.35 1.9
      vertex -5.73873 33.252 1.9
    endloop
  endfacet
  facet normal -0 0 -1
    outer loop
      vertex -4.67224 34.35 1.9
      vertex -5.97128 33.6 1.9
      vertex -4.77059 34.5494 1.9
    endloop
  endfacet
  facet normal 0 0 -1
    outer loop
      vertex -1.72776 36.05 1.9
      vertex -0.428719 36.8 1.9
      vertex -1.6294 35.8506 1.9
    endloop
  endfacet
  facet normal -0 0 -1
    outer loop
      vertex -0.428719 36.8 1.9
      vertex -1.72776 36.05 1.9
      vertex -0.661269 37.148 1.9
    endloop
  endfacet
  facet normal 0 0 -1
    outer loop
      vertex -1.8513 36.2349 1.9
      vertex -0.661269 37.148 1.9
      vertex -1.72776 36.05 1.9
    endloop
  endfacet
  facet normal -0 0 -1
    outer loop
      vertex -0.661269 37.148 1.9
      vertex -1.8513 36.2349 1.9
      vertex -0.937258 37.4627 1.9
    endloop
  endfacet
  facet normal 0 0 -1
    outer loop
      vertex -1.99792 36.4021 1.9
      vertex -0.937258 37.4627 1.9
      vertex -1.8513 36.2349 1.9
    endloop
  endfacet
  facet normal -0 0 -1
    outer loop
      vertex -0.937258 37.4627 1.9
      vertex -1.99792 36.4021 1.9
      vertex -1.25196 37.7387 1.9
    endloop
  endfacet
  facet normal 0 0 -1
    outer loop
      vertex -2.1651 36.5487 1.9
      vertex -1.25196 37.7387 1.9
      vertex -1.99792 36.4021 1.9
    endloop
  endfacet
  facet normal -0 0 -1
    outer loop
      vertex -1.25196 37.7387 1.9
      vertex -2.1651 36.5487 1.9
      vertex -1.6 37.9713 1.9
    endloop
  endfacet
  facet normal 0 0 -1
    outer loop
      vertex -2.35 36.6722 1.9
      vertex -1.6 37.9713 1.9
      vertex -2.1651 36.5487 1.9
    endloop
  endfacet
  facet normal -0 0 -1
    outer loop
      vertex -1.6 37.9713 1.9
      vertex -2.35 36.6722 1.9
      vertex -1.97541 38.1564 1.9
    endloop
  endfacet
  facet normal 0 0 -1
    outer loop
      vertex -2.54944 36.7706 1.9
      vertex -1.97541 38.1564 1.9
      vertex -2.35 36.6722 1.9
    endloop
  endfacet
  facet normal -0 0 -1
    outer loop
      vertex -1.97541 38.1564 1.9
      vertex -2.54944 36.7706 1.9
      vertex -2.37178 38.291 1.9
    endloop
  endfacet
  facet normal 0 0 -1
    outer loop
      vertex -2.76001 36.8421 1.9
      vertex -2.37178 38.291 1.9
      vertex -2.54944 36.7706 1.9
    endloop
  endfacet
  facet normal 0 0 -1
    outer loop
      vertex -2.76001 36.8421 1.9
      vertex -2.78232 38.3726 1.9
      vertex -2.37178 38.291 1.9
    endloop
  endfacet
  facet normal 0 0 -1
    outer loop
      vertex -2.9781 36.8855 1.9
      vertex -2.78232 38.3726 1.9
      vertex -2.76001 36.8421 1.9
    endloop
  endfacet
  facet normal 0 0 -1
    outer loop
      vertex -3.2 36.9 1.9
      vertex -2.78232 38.3726 1.9
      vertex -2.9781 36.8855 1.9
    endloop
  endfacet
  facet normal 0 0 -1
    outer loop
      vertex -3.2 36.9 1.9
      vertex -3.2 38.4 1.9
      vertex -2.78232 38.3726 1.9
    endloop
  endfacet
  facet normal 0 0 -1
    outer loop
      vertex -3.42189 36.8855 1.9
      vertex -3.2 38.4 1.9
      vertex -3.2 36.9 1.9
    endloop
  endfacet
  facet normal 0 0 -1
    outer loop
      vertex -3.42189 36.8855 1.9
      vertex -3.61768 38.3726 1.9
      vertex -3.2 38.4 1.9
    endloop
  endfacet
  facet normal 0 0 -1
    outer loop
      vertex -3.63999 36.8421 1.9
      vertex -3.61768 38.3726 1.9
      vertex -3.42189 36.8855 1.9
    endloop
  endfacet
  facet normal 0 0 -1
    outer loop
      vertex -4.02822 38.291 1.9
      vertex -3.63999 36.8421 1.9
      vertex -3.85056 36.7706 1.9
    endloop
  endfacet
  facet normal 0 0 -1
    outer loop
      vertex -3.63999 36.8421 1.9
      vertex -4.02822 38.291 1.9
      vertex -3.61768 38.3726 1.9
    endloop
  endfacet
  facet normal 0 0 -1
    outer loop
      vertex -4.42459 38.1564 1.9
      vertex -3.85056 36.7706 1.9
      vertex -4.05 36.6722 1.9
    endloop
  endfacet
  facet normal 0 0 -1
    outer loop
      vertex -4.8 37.9713 1.9
      vertex -4.05 36.6722 1.9
      vertex -4.23489 36.5487 1.9
    endloop
  endfacet
  facet normal 0 0 -1
    outer loop
      vertex -5.14804 37.7387 1.9
      vertex -4.23489 36.5487 1.9
      vertex -4.40208 36.4021 1.9
    endloop
  endfacet
  facet normal 0 0 -1
    outer loop
      vertex -3.85056 36.7706 1.9
      vertex -4.42459 38.1564 1.9
      vertex -4.02822 38.291 1.9
    endloop
  endfacet
  facet normal 0 0 -1
    outer loop
      vertex -5.46274 37.4627 1.9
      vertex -4.40208 36.4021 1.9
      vertex -4.5487 36.2349 1.9
    endloop
  endfacet
  facet normal 0 0 -1
    outer loop
      vertex -5.73873 37.148 1.9
      vertex -4.5487 36.2349 1.9
      vertex -4.67224 36.05 1.9
    endloop
  endfacet
  facet normal 0 0 -1
    outer loop
      vertex -5.97128 36.8 1.9
      vertex -4.67224 36.05 1.9
      vertex -4.77059 35.8506 1.9
    endloop
  endfacet
  facet normal 0 0 -1
    outer loop
      vertex -4.05 36.6722 1.9
      vertex -4.8 37.9713 1.9
      vertex -4.42459 38.1564 1.9
    endloop
  endfacet
  facet normal 0 0 -1
    outer loop
      vertex -6.15641 36.4246 1.9
      vertex -4.77059 35.8506 1.9
      vertex -4.84207 35.64 1.9
    endloop
  endfacet
  facet normal 0 0 -1
    outer loop
      vertex -6.29096 36.0282 1.9
      vertex -4.84207 35.64 1.9
      vertex -4.88546 35.4219 1.9
    endloop
  endfacet
  facet normal 0 0 -1
    outer loop
      vertex -6.37262 35.6177 1.9
      vertex -4.88546 35.4219 1.9
      vertex -4.9 35.2 1.9
    endloop
  endfacet
  facet normal 0 0 -1
    outer loop
      vertex -6.15641 33.9754 1.9
      vertex -4.77059 34.5494 1.9
      vertex -5.97128 33.6 1.9
    endloop
  endfacet
  facet normal 0 0 -1
    outer loop
      vertex -4.23489 36.5487 1.9
      vertex -5.14804 37.7387 1.9
      vertex -4.8 37.9713 1.9
    endloop
  endfacet
  facet normal -0 0 -1
    outer loop
      vertex -4.77059 34.5494 1.9
      vertex -6.15641 33.9754 1.9
      vertex -4.84207 34.76 1.9
    endloop
  endfacet
  facet normal 0 0 -1
    outer loop
      vertex -4.40208 36.4021 1.9
      vertex -5.46274 37.4627 1.9
      vertex -5.14804 37.7387 1.9
    endloop
  endfacet
  facet normal 0 0 -1
    outer loop
      vertex -6.29096 34.3718 1.9
      vertex -4.84207 34.76 1.9
      vertex -6.15641 33.9754 1.9
    endloop
  endfacet
  facet normal 0 0 -1
    outer loop
      vertex -4.5487 36.2349 1.9
      vertex -5.73873 37.148 1.9
      vertex -5.46274 37.4627 1.9
    endloop
  endfacet
  facet normal -0 0 -1
    outer loop
      vertex -4.84207 34.76 1.9
      vertex -6.29096 34.3718 1.9
      vertex -4.88546 34.9781 1.9
    endloop
  endfacet
  facet normal 0 0 -1
    outer loop
      vertex -4.67224 36.05 1.9
      vertex -5.97128 36.8 1.9
      vertex -5.73873 37.148 1.9
    endloop
  endfacet
  facet normal 0 0 -1
    outer loop
      vertex -6.37262 34.7823 1.9
      vertex -4.88546 34.9781 1.9
      vertex -6.29096 34.3718 1.9
    endloop
  endfacet
  facet normal 0 0 -1
    outer loop
      vertex -4.77059 35.8506 1.9
      vertex -6.15641 36.4246 1.9
      vertex -5.97128 36.8 1.9
    endloop
  endfacet
  facet normal -0 0 -1
    outer loop
      vertex -4.88546 34.9781 1.9
      vertex -6.37262 34.7823 1.9
      vertex -4.9 35.2 1.9
    endloop
  endfacet
  facet normal 0 0 -1
    outer loop
      vertex -4.84207 35.64 1.9
      vertex -6.29096 36.0282 1.9
      vertex -6.15641 36.4246 1.9
    endloop
  endfacet
  facet normal 0 0 -1
    outer loop
      vertex -6.4 35.2 1.9
      vertex -4.9 35.2 1.9
      vertex -6.37262 34.7823 1.9
    endloop
  endfacet
  facet normal 0 0 -1
    outer loop
      vertex -4.88546 35.4219 1.9
      vertex -6.37262 35.6177 1.9
      vertex -6.29096 36.0282 1.9
    endloop
  endfacet
  facet normal 0 0 -1
    outer loop
      vertex -4.9 35.2 1.9
      vertex -6.4 35.2 1.9
      vertex -6.37262 35.6177 1.9
    endloop
  endfacet
  facet normal 0.659367 -0.751821 0
    outer loop
      vertex -5.46274 37.4627 0
      vertex -5.14804 37.7387 1.9
      vertex -5.46274 37.4627 1.9
    endloop
  endfacet
  facet normal 0.659367 -0.751821 0
    outer loop
      vertex -5.14804 37.7387 1.9
      vertex -5.46274 37.4627 0
      vertex -5.14804 37.7387 0
    endloop
  endfacet
  facet normal 0.194949 -0.980813 0
    outer loop
      vertex -4.02822 38.291 0
      vertex -3.61768 38.3726 1.9
      vertex -4.02822 38.291 1.9
    endloop
  endfacet
  facet normal 0.194949 -0.980813 0
    outer loop
      vertex -3.61768 38.3726 1.9
      vertex -4.02822 38.291 0
      vertex -3.61768 38.3726 0
    endloop
  endfacet
  facet normal -0.997859 0.0654 0
    outer loop
      vertex -0.0273762 34.7823 0
      vertex 0 35.2 1.9
      vertex 0 35.2 0
    endloop
  endfacet
  facet normal -0.997859 0.0654 0
    outer loop
      vertex 0 35.2 1.9
      vertex -0.0273762 34.7823 0
      vertex -0.0273762 34.7823 1.9
    endloop
  endfacet
  facet normal -0.194949 0.980813 0
    outer loop
      vertex -2.37178 32.109 0
      vertex -2.78232 32.0274 1.9
      vertex -2.37178 32.109 1.9
    endloop
  endfacet
  facet normal -0.194949 0.980813 0
    outer loop
      vertex -2.78232 32.0274 1.9
      vertex -2.37178 32.109 0
      vertex -2.78232 32.0274 0
    endloop
  endfacet
  facet normal -0.442228 0.896903 0
    outer loop
      vertex -1.6 32.4287 0
      vertex -1.97541 32.2436 1.9
      vertex -1.6 32.4287 1.9
    endloop
  endfacet
  facet normal -0.442228 0.896903 0
    outer loop
      vertex -1.97541 32.2436 1.9
      vertex -1.6 32.4287 0
      vertex -1.97541 32.2436 0
    endloop
  endfacet
  facet normal -0.751834 0.659352 0
    outer loop
      vertex -0.937258 32.9373 0
      vertex -0.661269 33.252 1.9
      vertex -0.661269 33.252 0
    endloop
  endfacet
  facet normal -0.751834 0.659352 0
    outer loop
      vertex -0.661269 33.252 1.9
      vertex -0.937258 32.9373 0
      vertex -0.937258 32.9373 1.9
    endloop
  endfacet
  facet normal -0.555648 0.831418 0
    outer loop
      vertex -1.25196 32.6613 0
      vertex -1.6 32.4287 1.9
      vertex -1.25196 32.6613 1.9
    endloop
  endfacet
  facet normal -0.555648 0.831418 0
    outer loop
      vertex -1.6 32.4287 1.9
      vertex -1.25196 32.6613 0
      vertex -1.6 32.4287 0
    endloop
  endfacet
  facet normal -0.831443 0.55561 0
    outer loop
      vertex -0.661269 33.252 0
      vertex -0.428719 33.6 1.9
      vertex -0.428719 33.6 0
    endloop
  endfacet
  facet normal -0.831443 0.55561 0
    outer loop
      vertex -0.428719 33.6 1.9
      vertex -0.661269 33.252 0
      vertex -0.661269 33.252 1.9
    endloop
  endfacet
  facet normal -0.946938 0.321417 0
    outer loop
      vertex -0.243585 33.9754 0
      vertex -0.109036 34.3718 1.9
      vertex -0.109036 34.3718 0
    endloop
  endfacet
  facet normal -0.946938 0.321417 0
    outer loop
      vertex -0.109036 34.3718 1.9
      vertex -0.243585 33.9754 0
      vertex -0.243585 33.9754 1.9
    endloop
  endfacet
  facet normal 0.555648 0.831418 -0
    outer loop
      vertex -4.8 32.4287 0
      vertex -5.14804 32.6613 1.9
      vertex -4.8 32.4287 1.9
    endloop
  endfacet
  facet normal 0.555648 0.831418 0
    outer loop
      vertex -5.14804 32.6613 1.9
      vertex -4.8 32.4287 0
      vertex -5.14804 32.6613 0
    endloop
  endfacet
  facet normal 0.321548 0.946893 -0
    outer loop
      vertex -4.02822 32.109 0
      vertex -4.42459 32.2436 1.9
      vertex -4.02822 32.109 1.9
    endloop
  endfacet
  facet normal 0.321548 0.946893 0
    outer loop
      vertex -4.42459 32.2436 1.9
      vertex -4.02822 32.109 0
      vertex -4.42459 32.2436 0
    endloop
  endfacet
  facet normal 0.0654598 0.997855 -0
    outer loop
      vertex -3.2 32 0
      vertex -3.61768 32.0274 1.9
      vertex -3.2 32 1.9
    endloop
  endfacet
  facet normal 0.0654598 0.997855 0
    outer loop
      vertex -3.61768 32.0274 1.9
      vertex -3.2 32 0
      vertex -3.61768 32.0274 0
    endloop
  endfacet
  facet normal 0.751833 0.659353 0
    outer loop
      vertex -5.46274 32.9373 1.9
      vertex -5.73873 33.252 0
      vertex -5.73873 33.252 1.9
    endloop
  endfacet
  facet normal 0.751833 0.659353 0
    outer loop
      vertex -5.73873 33.252 0
      vertex -5.46274 32.9373 1.9
      vertex -5.46274 32.9373 0
    endloop
  endfacet
  facet normal 0.89687 0.442295 0
    outer loop
      vertex -5.97128 33.6 1.9
      vertex -6.15641 33.9754 0
      vertex -6.15641 33.9754 1.9
    endloop
  endfacet
  facet normal 0.89687 0.442295 0
    outer loop
      vertex -6.15641 33.9754 0
      vertex -5.97128 33.6 1.9
      vertex -5.97128 33.6 0
    endloop
  endfacet
  facet normal 0.980782 0.195105 0
    outer loop
      vertex -6.29096 34.3718 1.9
      vertex -6.37262 34.7823 0
      vertex -6.37262 34.7823 1.9
    endloop
  endfacet
  facet normal 0.980782 0.195105 0
    outer loop
      vertex -6.37262 34.7823 0
      vertex -6.29096 34.3718 1.9
      vertex -6.29096 34.3718 0
    endloop
  endfacet
  facet normal 0.997859 0.0654091 0
    outer loop
      vertex -6.37262 34.7823 1.9
      vertex -6.4 35.2 0
      vertex -6.4 35.2 1.9
    endloop
  endfacet
  facet normal 0.997859 0.0654091 0
    outer loop
      vertex -6.4 35.2 0
      vertex -6.37262 34.7823 1.9
      vertex -6.37262 34.7823 0
    endloop
  endfacet
  facet normal -0.321548 0.946893 0
    outer loop
      vertex -1.97541 32.2436 0
      vertex -2.37178 32.109 1.9
      vertex -1.97541 32.2436 1.9
    endloop
  endfacet
  facet normal -0.321548 0.946893 0
    outer loop
      vertex -2.37178 32.109 1.9
      vertex -1.97541 32.2436 0
      vertex -2.37178 32.109 0
    endloop
  endfacet
  facet normal -0.659364 0.751824 0
    outer loop
      vertex -0.937258 32.9373 0
      vertex -1.25196 32.6613 1.9
      vertex -0.937258 32.9373 1.9
    endloop
  endfacet
  facet normal -0.659364 0.751824 0
    outer loop
      vertex -1.25196 32.6613 1.9
      vertex -0.937258 32.9373 0
      vertex -1.25196 32.6613 0
    endloop
  endfacet
  facet normal -0.896866 0.442303 0
    outer loop
      vertex -0.428719 33.6 0
      vertex -0.243585 33.9754 1.9
      vertex -0.243585 33.9754 0
    endloop
  endfacet
  facet normal -0.896866 0.442303 0
    outer loop
      vertex -0.243585 33.9754 1.9
      vertex -0.428719 33.6 0
      vertex -0.428719 33.6 1.9
    endloop
  endfacet
  facet normal 0.442228 0.896903 -0
    outer loop
      vertex -4.42459 32.2436 0
      vertex -4.8 32.4287 1.9
      vertex -4.42459 32.2436 1.9
    endloop
  endfacet
  facet normal 0.442228 0.896903 0
    outer loop
      vertex -4.8 32.4287 1.9
      vertex -4.42459 32.2436 0
      vertex -4.8 32.4287 0
    endloop
  endfacet
  facet normal 0.946937 0.321419 0
    outer loop
      vertex -6.15641 33.9754 1.9
      vertex -6.29096 34.3718 0
      vertex -6.29096 34.3718 1.9
    endloop
  endfacet
  facet normal 0.946937 0.321419 0
    outer loop
      vertex -6.29096 34.3718 0
      vertex -6.15641 33.9754 1.9
      vertex -6.15641 33.9754 0
    endloop
  endfacet
endsolid OpenSCAD_Model
